# NekoBucketHat - Roblox UGC rigid accessory
# Units: studs, +Y up, avatar faces -Z. Origin = the attachment point.
# Triangles: 3820
mtllib NekoBucketHat.mtl
o NekoBucketHat
v 0.000000 0.259329 0.110193
v -0.019135 0.259329 0.108519
v -0.037688 0.259329 0.103548
v -0.055097 0.259329 0.095430
v -0.070831 0.259329 0.084413
v -0.084413 0.259329 0.070831
v -0.095430 0.259329 0.055097
v -0.103548 0.259329 0.037688
v -0.108519 0.259329 0.019135
v -0.110193 0.259329 0.000000
v -0.108519 0.259329 -0.019135
v -0.103548 0.259329 -0.037688
v -0.095430 0.259329 -0.055097
v -0.084413 0.259329 -0.070831
v -0.070831 0.259329 -0.084413
v -0.055097 0.259329 -0.095430
v -0.037688 0.259329 -0.103548
v -0.019135 0.259329 -0.108519
v -0.000000 0.259329 -0.110193
v 0.019135 0.259329 -0.108519
v 0.037688 0.259329 -0.103548
v 0.055097 0.259329 -0.095430
v 0.070831 0.259329 -0.084413
v 0.084413 0.259329 -0.070831
v 0.095430 0.259329 -0.055097
v 0.103548 0.259329 -0.037688
v 0.108519 0.259329 -0.019135
v 0.110193 0.259329 -0.000000
v 0.108519 0.259329 0.019135
v 0.103548 0.259329 0.037688
v 0.095430 0.259329 0.055097
v 0.084413 0.259329 0.070831
v 0.070831 0.259329 0.084413
v 0.055097 0.259329 0.095430
v 0.037688 0.259329 0.103548
v 0.019135 0.259329 0.108519
v 0.000000 0.256657 0.220387
v -0.038270 0.256657 0.217038
v -0.075377 0.256657 0.207096
v -0.110193 0.256657 0.190860
v -0.141662 0.256657 0.168826
v -0.168826 0.256657 0.141662
v -0.190860 0.256657 0.110193
v -0.207096 0.256657 0.075377
v -0.217038 0.256657 0.038270
v -0.220387 0.256657 0.000000
v -0.217038 0.256657 -0.038270
v -0.207096 0.256657 -0.075377
v -0.190860 0.256657 -0.110193
v -0.168826 0.256657 -0.141662
v -0.141662 0.256657 -0.168826
v -0.110193 0.256657 -0.190860
v -0.075377 0.256657 -0.207096
v -0.038270 0.256657 -0.217038
v -0.000000 0.256657 -0.220387
v 0.038270 0.256657 -0.217038
v 0.075377 0.256657 -0.207096
v 0.110193 0.256657 -0.190860
v 0.141662 0.256657 -0.168826
v 0.168826 0.256657 -0.141662
v 0.190860 0.256657 -0.110193
v 0.207096 0.256657 -0.075377
v 0.217038 0.256657 -0.038270
v 0.220387 0.256657 -0.000000
v 0.217038 0.256657 0.038270
v 0.207096 0.256657 0.075377
v 0.190860 0.256657 0.110193
v 0.168826 0.256657 0.141662
v 0.141662 0.256657 0.168826
v 0.110193 0.256657 0.190860
v 0.075377 0.256657 0.207096
v 0.038270 0.256657 0.217038
v 0.000000 0.252906 0.330523
v -0.057395 0.252906 0.325502
v -0.113046 0.252906 0.310590
v -0.165262 0.252906 0.286241
v -0.212456 0.252906 0.253195
v -0.253195 0.252906 0.212456
v -0.286241 0.252906 0.165262
v -0.310590 0.252906 0.113046
v -0.325502 0.252906 0.057395
v -0.330523 0.252906 0.000000
v -0.325502 0.252906 -0.057395
v -0.310590 0.252906 -0.113046
v -0.286241 0.252906 -0.165262
v -0.253195 0.252906 -0.212456
v -0.212456 0.252906 -0.253195
v -0.165262 0.252906 -0.286241
v -0.113046 0.252906 -0.310590
v -0.057395 0.252906 -0.325502
v -0.000000 0.252906 -0.330523
v 0.057395 0.252906 -0.325502
v 0.113046 0.252906 -0.310590
v 0.165262 0.252906 -0.286241
v 0.212456 0.252906 -0.253195
v 0.253195 0.252906 -0.212456
v 0.286241 0.252906 -0.165262
v 0.310590 0.252906 -0.113046
v 0.325502 0.252906 -0.057395
v 0.330523 0.252906 -0.000000
v 0.325502 0.252906 0.057395
v 0.310590 0.252906 0.113046
v 0.286241 0.252906 0.165262
v 0.253195 0.252906 0.212456
v 0.212456 0.252906 0.253195
v 0.165262 0.252906 0.286241
v 0.113046 0.252906 0.310590
v 0.057395 0.252906 0.325502
v 0.000000 0.237983 0.413353
v -0.071778 0.237983 0.407073
v -0.141375 0.237983 0.388425
v -0.206676 0.237983 0.357974
v -0.265698 0.237983 0.316647
v -0.316647 0.237983 0.265698
v -0.357974 0.237983 0.206676
v -0.388425 0.237983 0.141375
v -0.407073 0.237983 0.071778
v -0.413353 0.237983 0.000000
v -0.407073 0.237983 -0.071778
v -0.388425 0.237983 -0.141375
v -0.357974 0.237983 -0.206676
v -0.316647 0.237983 -0.265698
v -0.265698 0.237983 -0.316647
v -0.206676 0.237983 -0.357974
v -0.141375 0.237983 -0.388425
v -0.071778 0.237983 -0.407073
v -0.000000 0.237983 -0.413353
v 0.071778 0.237983 -0.407073
v 0.141375 0.237983 -0.388425
v 0.206676 0.237983 -0.357974
v 0.265698 0.237983 -0.316647
v 0.316647 0.237983 -0.265698
v 0.357974 0.237983 -0.206676
v 0.388425 0.237983 -0.141375
v 0.407073 0.237983 -0.071778
v 0.413353 0.237983 -0.000000
v 0.407073 0.237983 0.071778
v 0.388425 0.237983 0.141375
v 0.357974 0.237983 0.206676
v 0.316647 0.237983 0.265698
v 0.265698 0.237983 0.316647
v 0.206676 0.237983 0.357974
v 0.141375 0.237983 0.388425
v 0.071778 0.237983 0.407073
v 0.000000 0.222097 0.496024
v -0.086134 0.222097 0.488488
v -0.169650 0.222097 0.466110
v -0.248012 0.222097 0.429569
v -0.318838 0.222097 0.379976
v -0.379976 0.222097 0.318838
v -0.429569 0.222097 0.248012
v -0.466110 0.222097 0.169650
v -0.488488 0.222097 0.086134
v -0.496024 0.222097 0.000000
v -0.488488 0.222097 -0.086134
v -0.466110 0.222097 -0.169650
v -0.429569 0.222097 -0.248012
v -0.379976 0.222097 -0.318838
v -0.318838 0.222097 -0.379976
v -0.248012 0.222097 -0.429569
v -0.169650 0.222097 -0.466110
v -0.086134 0.222097 -0.488488
v -0.000000 0.222097 -0.496024
v 0.086134 0.222097 -0.488488
v 0.169650 0.222097 -0.466110
v 0.248012 0.222097 -0.429569
v 0.318838 0.222097 -0.379976
v 0.379976 0.222097 -0.318838
v 0.429569 0.222097 -0.248012
v 0.466110 0.222097 -0.169650
v 0.488488 0.222097 -0.086134
v 0.496024 0.222097 -0.000000
v 0.488488 0.222097 0.086134
v 0.466110 0.222097 0.169650
v 0.429569 0.222097 0.248012
v 0.379976 0.222097 0.318838
v 0.318838 0.222097 0.379976
v 0.248012 0.222097 0.429569
v 0.169650 0.222097 0.466110
v 0.086134 0.222097 0.488488
v 0.000000 0.189489 0.571803
v -0.099293 0.189489 0.563116
v -0.195568 0.189489 0.537319
v -0.285901 0.189489 0.495196
v -0.367548 0.189489 0.438026
v -0.438026 0.189489 0.367548
v -0.495196 0.189489 0.285901
v -0.537319 0.189489 0.195568
v -0.563116 0.189489 0.099293
v -0.571803 0.189489 0.000000
v -0.563116 0.189489 -0.099293
v -0.537319 0.189489 -0.195568
v -0.495196 0.189489 -0.285901
v -0.438026 0.189489 -0.367548
v -0.367548 0.189489 -0.438026
v -0.285901 0.189489 -0.495196
v -0.195568 0.189489 -0.537319
v -0.099293 0.189489 -0.563116
v -0.000000 0.189489 -0.571803
v 0.099293 0.189489 -0.563116
v 0.195568 0.189489 -0.537319
v 0.285901 0.189489 -0.495196
v 0.367548 0.189489 -0.438026
v 0.438026 0.189489 -0.367548
v 0.495196 0.189489 -0.285901
v 0.537319 0.189489 -0.195568
v 0.563116 0.189489 -0.099293
v 0.571803 0.189489 -0.000000
v 0.563116 0.189489 0.099293
v 0.537319 0.189489 0.195568
v 0.495196 0.189489 0.285901
v 0.438026 0.189489 0.367548
v 0.367548 0.189489 0.438026
v 0.285901 0.189489 0.495196
v 0.195568 0.189489 0.537319
v 0.099293 0.189489 0.563116
v 0.000000 0.096887 0.607157
v -0.105432 0.096887 0.597932
v -0.207660 0.096887 0.570541
v -0.303578 0.096887 0.525813
v -0.390273 0.096887 0.465109
v -0.465109 0.096887 0.390273
v -0.525813 0.096887 0.303578
v -0.570541 0.096887 0.207660
v -0.597932 0.096887 0.105432
v -0.607157 0.096887 0.000000
v -0.597932 0.096887 -0.105432
v -0.570541 0.096887 -0.207660
v -0.525813 0.096887 -0.303578
v -0.465109 0.096887 -0.390273
v -0.390273 0.096887 -0.465109
v -0.303578 0.096887 -0.525813
v -0.207660 0.096887 -0.570541
v -0.105432 0.096887 -0.597932
v -0.000000 0.096887 -0.607157
v 0.105432 0.096887 -0.597932
v 0.207660 0.096887 -0.570541
v 0.303578 0.096887 -0.525813
v 0.390273 0.096887 -0.465109
v 0.465109 0.096887 -0.390273
v 0.525813 0.096887 -0.303578
v 0.570541 0.096887 -0.207660
v 0.597932 0.096887 -0.105432
v 0.607157 0.096887 -0.000000
v 0.597932 0.096887 0.105432
v 0.570541 0.096887 0.207660
v 0.525813 0.096887 0.303578
v 0.465109 0.096887 0.390273
v 0.390273 0.096887 0.465109
v 0.303578 0.096887 0.525813
v 0.207660 0.096887 0.570541
v 0.105432 0.096887 0.597932
v 0.000000 -0.001976 0.627417
v -0.108950 -0.001976 0.617885
v -0.214589 -0.001976 0.589579
v -0.313709 -0.001976 0.543359
v -0.403296 -0.001976 0.480630
v -0.480630 -0.001976 0.403296
v -0.543359 -0.001976 0.313709
v -0.589579 -0.001976 0.214589
v -0.617885 -0.001976 0.108950
v -0.627417 -0.001976 0.000000
v -0.617885 -0.001976 -0.108950
v -0.589579 -0.001976 -0.214589
v -0.543359 -0.001976 -0.313709
v -0.480630 -0.001976 -0.403296
v -0.403296 -0.001976 -0.480630
v -0.313709 -0.001976 -0.543359
v -0.214589 -0.001976 -0.589579
v -0.108950 -0.001976 -0.617885
v -0.000000 -0.001976 -0.627417
v 0.108950 -0.001976 -0.617885
v 0.214589 -0.001976 -0.589579
v 0.313709 -0.001976 -0.543359
v 0.403296 -0.001976 -0.480630
v 0.480630 -0.001976 -0.403296
v 0.543359 -0.001976 -0.313709
v 0.589579 -0.001976 -0.214589
v 0.617885 -0.001976 -0.108950
v 0.627417 -0.001976 -0.000000
v 0.617885 -0.001976 0.108950
v 0.589579 -0.001976 0.214589
v 0.543359 -0.001976 0.313709
v 0.480630 -0.001976 0.403296
v 0.403296 -0.001976 0.480630
v 0.313709 -0.001976 0.543359
v 0.214589 -0.001976 0.589579
v 0.108950 -0.001976 0.617885
v 0.000000 -0.100839 0.647678
v -0.112468 -0.100839 0.637838
v -0.221519 -0.100839 0.608618
v -0.323839 -0.100839 0.560906
v -0.416319 -0.100839 0.496150
v -0.496150 -0.100839 0.416319
v -0.560906 -0.100839 0.323839
v -0.608618 -0.100839 0.221519
v -0.637838 -0.100839 0.112468
v -0.647678 -0.100839 0.000000
v -0.637838 -0.100839 -0.112468
v -0.608618 -0.100839 -0.221519
v -0.560906 -0.100839 -0.323839
v -0.496150 -0.100839 -0.416319
v -0.416319 -0.100839 -0.496150
v -0.323839 -0.100839 -0.560906
v -0.221519 -0.100839 -0.608618
v -0.112468 -0.100839 -0.637838
v -0.000000 -0.100839 -0.647678
v 0.112468 -0.100839 -0.637838
v 0.221519 -0.100839 -0.608618
v 0.323839 -0.100839 -0.560906
v 0.416319 -0.100839 -0.496150
v 0.496150 -0.100839 -0.416319
v 0.560906 -0.100839 -0.323839
v 0.608618 -0.100839 -0.221519
v 0.637838 -0.100839 -0.112468
v 0.647678 -0.100839 -0.000000
v 0.637838 -0.100839 0.112468
v 0.608618 -0.100839 0.221519
v 0.560906 -0.100839 0.323839
v 0.496150 -0.100839 0.416319
v 0.416319 -0.100839 0.496150
v 0.323839 -0.100839 0.560906
v 0.221519 -0.100839 0.608618
v 0.112468 -0.100839 0.637838
v 0.000000 -0.199291 0.668972
v -0.116166 -0.199291 0.658809
v -0.228802 -0.199291 0.628628
v -0.334486 -0.199291 0.579347
v -0.430007 -0.199291 0.512462
v -0.512462 -0.199291 0.430007
v -0.579347 -0.199291 0.334486
v -0.628628 -0.199291 0.228802
v -0.658809 -0.199291 0.116166
v -0.668972 -0.199291 0.000000
v -0.658809 -0.199291 -0.116166
v -0.628628 -0.199291 -0.228802
v -0.579347 -0.199291 -0.334486
v -0.512462 -0.199291 -0.430007
v -0.430007 -0.199291 -0.512462
v -0.334486 -0.199291 -0.579347
v -0.228802 -0.199291 -0.628628
v -0.116166 -0.199291 -0.658809
v -0.000000 -0.199291 -0.668972
v 0.116166 -0.199291 -0.658809
v 0.228802 -0.199291 -0.628628
v 0.334486 -0.199291 -0.579347
v 0.430007 -0.199291 -0.512462
v 0.512462 -0.199291 -0.430007
v 0.579347 -0.199291 -0.334486
v 0.628628 -0.199291 -0.228802
v 0.658809 -0.199291 -0.116166
v 0.668972 -0.199291 -0.000000
v 0.658809 -0.199291 0.116166
v 0.628628 -0.199291 0.228802
v 0.579347 -0.199291 0.334486
v 0.512462 -0.199291 0.430007
v 0.430007 -0.199291 0.512462
v 0.334486 -0.199291 0.579347
v 0.228802 -0.199291 0.628628
v 0.116166 -0.199291 0.658809
v 0.000000 -0.208017 0.686891
v -0.119277 -0.208017 0.676455
v -0.234930 -0.208017 0.645466
v -0.343445 -0.208017 0.594865
v -0.441525 -0.208017 0.526189
v -0.526189 -0.208017 0.441525
v -0.594865 -0.208017 0.343445
v -0.645466 -0.208017 0.234930
v -0.676455 -0.208017 0.119277
v -0.686891 -0.208017 0.000000
v -0.676455 -0.208017 -0.119277
v -0.645466 -0.208017 -0.234930
v -0.594865 -0.208017 -0.343445
v -0.526189 -0.208017 -0.441525
v -0.441525 -0.208017 -0.526189
v -0.343445 -0.208017 -0.594865
v -0.234930 -0.208017 -0.645466
v -0.119277 -0.208017 -0.676455
v -0.000000 -0.208017 -0.686891
v 0.119277 -0.208017 -0.676455
v 0.234930 -0.208017 -0.645466
v 0.343445 -0.208017 -0.594865
v 0.441525 -0.208017 -0.526189
v 0.526189 -0.208017 -0.441525
v 0.594865 -0.208017 -0.343445
v 0.645466 -0.208017 -0.234930
v 0.676455 -0.208017 -0.119277
v 0.686891 -0.208017 -0.000000
v 0.676455 -0.208017 0.119277
v 0.645466 -0.208017 0.234930
v 0.594865 -0.208017 0.343445
v 0.526189 -0.208017 0.441525
v 0.441525 -0.208017 0.526189
v 0.343445 -0.208017 0.594865
v 0.234930 -0.208017 0.645466
v 0.119277 -0.208017 0.676455
v 0.000000 -0.259722 0.693021
v -0.120342 -0.259722 0.682493
v -0.237027 -0.259722 0.651227
v -0.346511 -0.259722 0.600174
v -0.445465 -0.259722 0.530885
v -0.530885 -0.259722 0.445465
v -0.600174 -0.259722 0.346511
v -0.651227 -0.259722 0.237027
v -0.682493 -0.259722 0.120342
v -0.693021 -0.259722 0.000000
v -0.682493 -0.259722 -0.120342
v -0.651227 -0.259722 -0.237027
v -0.600174 -0.259722 -0.346511
v -0.530885 -0.259722 -0.445465
v -0.445465 -0.259722 -0.530885
v -0.346511 -0.259722 -0.600174
v -0.237027 -0.259722 -0.651227
v -0.120342 -0.259722 -0.682493
v -0.000000 -0.259722 -0.693021
v 0.120342 -0.259722 -0.682493
v 0.237027 -0.259722 -0.651227
v 0.346511 -0.259722 -0.600174
v 0.445465 -0.259722 -0.530885
v 0.530885 -0.259722 -0.445465
v 0.600174 -0.259722 -0.346511
v 0.651227 -0.259722 -0.237027
v 0.682493 -0.259722 -0.120342
v 0.693021 -0.259722 -0.000000
v 0.682493 -0.259722 0.120342
v 0.651227 -0.259722 0.237027
v 0.600174 -0.259722 0.346511
v 0.530885 -0.259722 0.445465
v 0.445465 -0.259722 0.530885
v 0.346511 -0.259722 0.600174
v 0.237027 -0.259722 0.651227
v 0.120342 -0.259722 0.682493
v 0.000000 -0.311694 0.696995
v -0.121032 -0.311694 0.686406
v -0.238386 -0.311694 0.654961
v -0.348497 -0.311694 0.603615
v -0.448020 -0.311694 0.533929
v -0.533929 -0.311694 0.448020
v -0.603615 -0.311694 0.348497
v -0.654961 -0.311694 0.238386
v -0.686406 -0.311694 0.121032
v -0.696995 -0.311694 0.000000
v -0.686406 -0.311694 -0.121032
v -0.654961 -0.311694 -0.238386
v -0.603615 -0.311694 -0.348497
v -0.533929 -0.311694 -0.448020
v -0.448020 -0.311694 -0.533929
v -0.348497 -0.311694 -0.603615
v -0.238386 -0.311694 -0.654961
v -0.121032 -0.311694 -0.686406
v -0.000000 -0.311694 -0.696995
v 0.121032 -0.311694 -0.686406
v 0.238386 -0.311694 -0.654961
v 0.348497 -0.311694 -0.603615
v 0.448020 -0.311694 -0.533929
v 0.533929 -0.311694 -0.448020
v 0.603615 -0.311694 -0.348497
v 0.654961 -0.311694 -0.238386
v 0.686406 -0.311694 -0.121032
v 0.696995 -0.311694 -0.000000
v 0.686406 -0.311694 0.121032
v 0.654961 -0.311694 0.238386
v 0.603615 -0.311694 0.348497
v 0.533929 -0.311694 0.448020
v 0.448020 -0.311694 0.533929
v 0.348497 -0.311694 0.603615
v 0.238386 -0.311694 0.654961
v 0.121032 -0.311694 0.686406
v 0.000000 -0.322197 0.689438
v -0.119720 -0.322197 0.678964
v -0.235802 -0.322197 0.647860
v -0.344719 -0.322197 0.597071
v -0.443162 -0.322197 0.528140
v -0.528140 -0.322197 0.443162
v -0.597071 -0.322197 0.344719
v -0.647860 -0.322197 0.235802
v -0.678964 -0.322197 0.119720
v -0.689438 -0.322197 0.000000
v -0.678964 -0.322197 -0.119720
v -0.647860 -0.322197 -0.235802
v -0.597071 -0.322197 -0.344719
v -0.528140 -0.322197 -0.443162
v -0.443162 -0.322197 -0.528140
v -0.344719 -0.322197 -0.597071
v -0.235802 -0.322197 -0.647860
v -0.119720 -0.322197 -0.678964
v -0.000000 -0.322197 -0.689438
v 0.119720 -0.322197 -0.678964
v 0.235802 -0.322197 -0.647860
v 0.344719 -0.322197 -0.597071
v 0.443162 -0.322197 -0.528140
v 0.528140 -0.322197 -0.443162
v 0.597071 -0.322197 -0.344719
v 0.647860 -0.322197 -0.235802
v 0.678964 -0.322197 -0.119720
v 0.689438 -0.322197 -0.000000
v 0.678964 -0.322197 0.119720
v 0.647860 -0.322197 0.235802
v 0.597071 -0.322197 0.344719
v 0.528140 -0.322197 0.443162
v 0.443162 -0.322197 0.528140
v 0.344719 -0.322197 0.597071
v 0.235802 -0.322197 0.647860
v 0.119720 -0.322197 0.678964
v 0.000000 -0.337943 0.704112
v -0.122268 -0.337943 0.693415
v -0.240820 -0.337943 0.661648
v -0.352056 -0.337943 0.609779
v -0.452594 -0.337943 0.539381
v -0.539381 -0.337943 0.452594
v -0.609779 -0.337943 0.352056
v -0.661648 -0.337943 0.240820
v -0.693415 -0.337943 0.122268
v -0.704112 -0.337943 0.000000
v -0.693415 -0.337943 -0.122268
v -0.661648 -0.337943 -0.240820
v -0.609779 -0.337943 -0.352056
v -0.539381 -0.337943 -0.452594
v -0.452594 -0.337943 -0.539381
v -0.352056 -0.337943 -0.609779
v -0.240820 -0.337943 -0.661648
v -0.122268 -0.337943 -0.693415
v -0.000000 -0.337943 -0.704112
v 0.122268 -0.337943 -0.693415
v 0.240820 -0.337943 -0.661648
v 0.352056 -0.337943 -0.609779
v 0.452594 -0.337943 -0.539381
v 0.539381 -0.337943 -0.452594
v 0.609779 -0.337943 -0.352056
v 0.661648 -0.337943 -0.240820
v 0.693415 -0.337943 -0.122268
v 0.704112 -0.337943 -0.000000
v 0.693415 -0.337943 0.122268
v 0.661648 -0.337943 0.240820
v 0.609779 -0.337943 0.352056
v 0.539381 -0.337943 0.452594
v 0.452594 -0.337943 0.539381
v 0.352056 -0.337943 0.609779
v 0.240820 -0.337943 0.661648
v 0.122268 -0.337943 0.693415
v 0.000000 -0.364691 0.750042
v -0.130243 -0.364691 0.738647
v -0.256529 -0.364691 0.704809
v -0.375021 -0.364691 0.649555
v -0.482118 -0.364691 0.574565
v -0.574565 -0.364691 0.482118
v -0.649555 -0.364691 0.375021
v -0.704809 -0.364691 0.256529
v -0.738647 -0.364691 0.130243
v -0.750042 -0.364691 0.000000
v -0.738647 -0.364691 -0.130243
v -0.704809 -0.364691 -0.256529
v -0.649555 -0.364691 -0.375021
v -0.574565 -0.364691 -0.482118
v -0.482118 -0.364691 -0.574565
v -0.375021 -0.364691 -0.649555
v -0.256529 -0.364691 -0.704809
v -0.130243 -0.364691 -0.738647
v -0.000000 -0.364691 -0.750042
v 0.130243 -0.364691 -0.738647
v 0.256529 -0.364691 -0.704809
v 0.375021 -0.364691 -0.649555
v 0.482118 -0.364691 -0.574565
v 0.574565 -0.364691 -0.482118
v 0.649555 -0.364691 -0.375021
v 0.704809 -0.364691 -0.256529
v 0.738647 -0.364691 -0.130243
v 0.750042 -0.364691 -0.000000
v 0.738647 -0.364691 0.130243
v 0.704809 -0.364691 0.256529
v 0.649555 -0.364691 0.375021
v 0.574565 -0.364691 0.482118
v 0.482118 -0.364691 0.574565
v 0.375021 -0.364691 0.649555
v 0.256529 -0.364691 0.704809
v 0.130243 -0.364691 0.738647
v 0.000000 -0.391350 0.796028
v -0.138229 -0.391350 0.783935
v -0.272258 -0.391350 0.748022
v -0.398014 -0.391350 0.689381
v -0.511677 -0.391350 0.609793
v -0.609793 -0.391350 0.511677
v -0.689381 -0.391350 0.398014
v -0.748022 -0.391350 0.272258
v -0.783935 -0.391350 0.138229
v -0.796028 -0.391350 0.000000
v -0.783935 -0.391350 -0.138229
v -0.748022 -0.391350 -0.272258
v -0.689381 -0.391350 -0.398014
v -0.609793 -0.391350 -0.511677
v -0.511677 -0.391350 -0.609793
v -0.398014 -0.391350 -0.689381
v -0.272258 -0.391350 -0.748022
v -0.138229 -0.391350 -0.783935
v -0.000000 -0.391350 -0.796028
v 0.138229 -0.391350 -0.783935
v 0.272258 -0.391350 -0.748022
v 0.398014 -0.391350 -0.689381
v 0.511677 -0.391350 -0.609793
v 0.609793 -0.391350 -0.511677
v 0.689381 -0.391350 -0.398014
v 0.748022 -0.391350 -0.272258
v 0.783935 -0.391350 -0.138229
v 0.796028 -0.391350 -0.000000
v 0.783935 -0.391350 0.138229
v 0.748022 -0.391350 0.272258
v 0.689381 -0.391350 0.398014
v 0.609793 -0.391350 0.511677
v 0.511677 -0.391350 0.609793
v 0.398014 -0.391350 0.689381
v 0.272258 -0.391350 0.748022
v 0.138229 -0.391350 0.783935
v 0.000000 -0.417991 0.842024
v -0.146216 -0.417991 0.829232
v -0.287989 -0.417991 0.791244
v -0.421012 -0.417991 0.729214
v -0.541243 -0.417991 0.645028
v -0.645028 -0.417991 0.541243
v -0.729214 -0.417991 0.421012
v -0.791244 -0.417991 0.287989
v -0.829232 -0.417991 0.146216
v -0.842024 -0.417991 0.000000
v -0.829232 -0.417991 -0.146216
v -0.791244 -0.417991 -0.287989
v -0.729214 -0.417991 -0.421012
v -0.645028 -0.417991 -0.541243
v -0.541243 -0.417991 -0.645028
v -0.421012 -0.417991 -0.729214
v -0.287989 -0.417991 -0.791244
v -0.146216 -0.417991 -0.829232
v -0.000000 -0.417991 -0.842024
v 0.146216 -0.417991 -0.829232
v 0.287989 -0.417991 -0.791244
v 0.421012 -0.417991 -0.729214
v 0.541243 -0.417991 -0.645028
v 0.645028 -0.417991 -0.541243
v 0.729214 -0.417991 -0.421012
v 0.791244 -0.417991 -0.287989
v 0.829232 -0.417991 -0.146216
v 0.842024 -0.417991 -0.000000
v 0.829232 -0.417991 0.146216
v 0.791244 -0.417991 0.287989
v 0.729214 -0.417991 0.421012
v 0.645028 -0.417991 0.541243
v 0.541243 -0.417991 0.645028
v 0.421012 -0.417991 0.729214
v 0.287989 -0.417991 0.791244
v 0.146216 -0.417991 0.829232
v 0.000000 -0.424682 0.857274
v -0.148864 -0.424682 0.844250
v -0.293205 -0.424682 0.805574
v -0.428637 -0.424682 0.742421
v -0.551045 -0.424682 0.656710
v -0.656710 -0.424682 0.551045
v -0.742421 -0.424682 0.428637
v -0.805574 -0.424682 0.293205
v -0.844250 -0.424682 0.148864
v -0.857274 -0.424682 0.000000
v -0.844250 -0.424682 -0.148864
v -0.805574 -0.424682 -0.293205
v -0.742421 -0.424682 -0.428637
v -0.656710 -0.424682 -0.551045
v -0.551045 -0.424682 -0.656710
v -0.428637 -0.424682 -0.742421
v -0.293205 -0.424682 -0.805574
v -0.148864 -0.424682 -0.844250
v -0.000000 -0.424682 -0.857274
v 0.148864 -0.424682 -0.844250
v 0.293205 -0.424682 -0.805574
v 0.428637 -0.424682 -0.742421
v 0.551045 -0.424682 -0.656710
v 0.656710 -0.424682 -0.551045
v 0.742421 -0.424682 -0.428637
v 0.805574 -0.424682 -0.293205
v 0.844250 -0.424682 -0.148864
v 0.857274 -0.424682 -0.000000
v 0.844250 -0.424682 0.148864
v 0.805574 -0.424682 0.293205
v 0.742421 -0.424682 0.428637
v 0.656710 -0.424682 0.551045
v 0.551045 -0.424682 0.656710
v 0.428637 -0.424682 0.742421
v 0.293205 -0.424682 0.805574
v 0.148864 -0.424682 0.844250
v 0.000000 -0.434280 0.870363
v -0.151137 -0.434280 0.857141
v -0.297682 -0.434280 0.817874
v -0.435182 -0.434280 0.753757
v -0.559459 -0.434280 0.666737
v -0.666737 -0.434280 0.559459
v -0.753757 -0.434280 0.435182
v -0.817874 -0.434280 0.297682
v -0.857141 -0.434280 0.151137
v -0.870363 -0.434280 0.000000
v -0.857141 -0.434280 -0.151137
v -0.817874 -0.434280 -0.297682
v -0.753757 -0.434280 -0.435182
v -0.666737 -0.434280 -0.559459
v -0.559459 -0.434280 -0.666737
v -0.435182 -0.434280 -0.753757
v -0.297682 -0.434280 -0.817874
v -0.151137 -0.434280 -0.857141
v -0.000000 -0.434280 -0.870363
v 0.151137 -0.434280 -0.857141
v 0.297682 -0.434280 -0.817874
v 0.435182 -0.434280 -0.753757
v 0.559459 -0.434280 -0.666737
v 0.666737 -0.434280 -0.559459
v 0.753757 -0.434280 -0.435182
v 0.817874 -0.434280 -0.297682
v 0.857141 -0.434280 -0.151137
v 0.870363 -0.434280 -0.000000
v 0.857141 -0.434280 0.151137
v 0.817874 -0.434280 0.297682
v 0.753757 -0.434280 0.435182
v 0.666737 -0.434280 0.559459
v 0.559459 -0.434280 0.666737
v 0.435182 -0.434280 0.753757
v 0.297682 -0.434280 0.817874
v 0.151137 -0.434280 0.857141
v 0.000000 -0.448909 0.871182
v -0.151279 -0.448909 0.857947
v -0.297962 -0.448909 0.818643
v -0.435591 -0.448909 0.754466
v -0.559985 -0.448909 0.667364
v -0.667364 -0.448909 0.559985
v -0.754466 -0.448909 0.435591
v -0.818643 -0.448909 0.297962
v -0.857947 -0.448909 0.151279
v -0.871182 -0.448909 0.000000
v -0.857947 -0.448909 -0.151279
v -0.818643 -0.448909 -0.297962
v -0.754466 -0.448909 -0.435591
v -0.667364 -0.448909 -0.559985
v -0.559985 -0.448909 -0.667364
v -0.435591 -0.448909 -0.754466
v -0.297962 -0.448909 -0.818643
v -0.151279 -0.448909 -0.857947
v -0.000000 -0.448909 -0.871182
v 0.151279 -0.448909 -0.857947
v 0.297962 -0.448909 -0.818643
v 0.435591 -0.448909 -0.754466
v 0.559985 -0.448909 -0.667364
v 0.667364 -0.448909 -0.559985
v 0.754466 -0.448909 -0.435591
v 0.818643 -0.448909 -0.297962
v 0.857947 -0.448909 -0.151279
v 0.871182 -0.448909 -0.000000
v 0.857947 -0.448909 0.151279
v 0.818643 -0.448909 0.297962
v 0.754466 -0.448909 0.435591
v 0.667364 -0.448909 0.559985
v 0.559985 -0.448909 0.667364
v 0.435591 -0.448909 0.754466
v 0.297962 -0.448909 0.818643
v 0.151279 -0.448909 0.857947
v 0.000000 -0.461134 0.863564
v -0.149956 -0.461134 0.850444
v -0.295356 -0.461134 0.811484
v -0.431782 -0.461134 0.747868
v -0.555088 -0.461134 0.661528
v -0.661528 -0.461134 0.555088
v -0.747868 -0.461134 0.431782
v -0.811484 -0.461134 0.295356
v -0.850444 -0.461134 0.149956
v -0.863564 -0.461134 0.000000
v -0.850444 -0.461134 -0.149956
v -0.811484 -0.461134 -0.295356
v -0.747868 -0.461134 -0.431782
v -0.661528 -0.461134 -0.555088
v -0.555088 -0.461134 -0.661528
v -0.431782 -0.461134 -0.747868
v -0.295356 -0.461134 -0.811484
v -0.149956 -0.461134 -0.850444
v -0.000000 -0.461134 -0.863564
v 0.149956 -0.461134 -0.850444
v 0.295356 -0.461134 -0.811484
v 0.431782 -0.461134 -0.747868
v 0.555088 -0.461134 -0.661528
v 0.661528 -0.461134 -0.555088
v 0.747868 -0.461134 -0.431782
v 0.811484 -0.461134 -0.295356
v 0.850444 -0.461134 -0.149956
v 0.863564 -0.461134 -0.000000
v 0.850444 -0.461134 0.149956
v 0.811484 -0.461134 0.295356
v 0.747868 -0.461134 0.431782
v 0.661528 -0.461134 0.555088
v 0.555088 -0.461134 0.661528
v 0.431782 -0.461134 0.747868
v 0.295356 -0.461134 0.811484
v 0.149956 -0.461134 0.850444
v 0.000000 -0.451351 0.820948
v -0.142556 -0.451351 0.808476
v -0.280781 -0.451351 0.771439
v -0.410474 -0.451351 0.710962
v -0.527695 -0.451351 0.628883
v -0.628883 -0.451351 0.527695
v -0.710962 -0.451351 0.410474
v -0.771439 -0.451351 0.280781
v -0.808476 -0.451351 0.142556
v -0.820948 -0.451351 0.000000
v -0.808476 -0.451351 -0.142556
v -0.771439 -0.451351 -0.280781
v -0.710962 -0.451351 -0.410474
v -0.628883 -0.451351 -0.527695
v -0.527695 -0.451351 -0.628883
v -0.410474 -0.451351 -0.710962
v -0.280781 -0.451351 -0.771439
v -0.142556 -0.451351 -0.808476
v -0.000000 -0.451351 -0.820948
v 0.142556 -0.451351 -0.808476
v 0.280781 -0.451351 -0.771439
v 0.410474 -0.451351 -0.710962
v 0.527695 -0.451351 -0.628883
v 0.628883 -0.451351 -0.527695
v 0.710962 -0.451351 -0.410474
v 0.771439 -0.451351 -0.280781
v 0.808476 -0.451351 -0.142556
v 0.820948 -0.451351 -0.000000
v 0.808476 -0.451351 0.142556
v 0.771439 -0.451351 0.280781
v 0.710962 -0.451351 0.410474
v 0.628883 -0.451351 0.527695
v 0.527695 -0.451351 0.628883
v 0.410474 -0.451351 0.710962
v 0.280781 -0.451351 0.771439
v 0.142556 -0.451351 0.808476
v 0.000000 -0.415923 0.763354
v -0.132555 -0.415923 0.751757
v -0.261082 -0.415923 0.717318
v -0.381677 -0.415923 0.661084
v -0.490675 -0.415923 0.584763
v -0.584763 -0.415923 0.490675
v -0.661084 -0.415923 0.381677
v -0.717318 -0.415923 0.261082
v -0.751757 -0.415923 0.132555
v -0.763354 -0.415923 0.000000
v -0.751757 -0.415923 -0.132555
v -0.717318 -0.415923 -0.261082
v -0.661084 -0.415923 -0.381677
v -0.584763 -0.415923 -0.490675
v -0.490675 -0.415923 -0.584763
v -0.381677 -0.415923 -0.661084
v -0.261082 -0.415923 -0.717318
v -0.132555 -0.415923 -0.751757
v -0.000000 -0.415923 -0.763354
v 0.132555 -0.415923 -0.751757
v 0.261082 -0.415923 -0.717318
v 0.381677 -0.415923 -0.661084
v 0.490675 -0.415923 -0.584763
v 0.584763 -0.415923 -0.490675
v 0.661084 -0.415923 -0.381677
v 0.717318 -0.415923 -0.261082
v 0.751757 -0.415923 -0.132555
v 0.763354 -0.415923 -0.000000
v 0.751757 -0.415923 0.132555
v 0.717318 -0.415923 0.261082
v 0.661084 -0.415923 0.381677
v 0.584763 -0.415923 0.490675
v 0.490675 -0.415923 0.584763
v 0.381677 -0.415923 0.661084
v 0.261082 -0.415923 0.717318
v 0.132555 -0.415923 0.751757
v 0.000000 -0.380447 0.705787
v -0.122559 -0.380447 0.695064
v -0.241393 -0.380447 0.663223
v -0.352893 -0.380447 0.611229
v -0.453671 -0.380447 0.540664
v -0.540664 -0.380447 0.453671
v -0.611229 -0.380447 0.352893
v -0.663223 -0.380447 0.241393
v -0.695064 -0.380447 0.122559
v -0.705787 -0.380447 0.000000
v -0.695064 -0.380447 -0.122559
v -0.663223 -0.380447 -0.241393
v -0.611229 -0.380447 -0.352893
v -0.540664 -0.380447 -0.453671
v -0.453671 -0.380447 -0.540664
v -0.352893 -0.380447 -0.611229
v -0.241393 -0.380447 -0.663223
v -0.122559 -0.380447 -0.695064
v -0.000000 -0.380447 -0.705787
v 0.122559 -0.380447 -0.695064
v 0.241393 -0.380447 -0.663223
v 0.352893 -0.380447 -0.611229
v 0.453671 -0.380447 -0.540664
v 0.540664 -0.380447 -0.453671
v 0.611229 -0.380447 -0.352893
v 0.663223 -0.380447 -0.241393
v 0.695064 -0.380447 -0.122559
v 0.705787 -0.380447 -0.000000
v 0.695064 -0.380447 0.122559
v 0.663223 -0.380447 0.241393
v 0.611229 -0.380447 0.352893
v 0.540664 -0.380447 0.453671
v 0.453671 -0.380447 0.540664
v 0.352893 -0.380447 0.611229
v 0.241393 -0.380447 0.663223
v 0.122559 -0.380447 0.695064
v 0.000000 -0.343829 0.649175
v -0.112728 -0.343829 0.639313
v -0.222031 -0.343829 0.610025
v -0.324588 -0.343829 0.562202
v -0.417282 -0.343829 0.497297
v -0.497297 -0.343829 0.417282
v -0.562202 -0.343829 0.324588
v -0.610025 -0.343829 0.222031
v -0.639313 -0.343829 0.112728
v -0.649175 -0.343829 0.000000
v -0.639313 -0.343829 -0.112728
v -0.610025 -0.343829 -0.222031
v -0.562202 -0.343829 -0.324588
v -0.497297 -0.343829 -0.417282
v -0.417282 -0.343829 -0.497297
v -0.324588 -0.343829 -0.562202
v -0.222031 -0.343829 -0.610025
v -0.112728 -0.343829 -0.639313
v -0.000000 -0.343829 -0.649175
v 0.112728 -0.343829 -0.639313
v 0.222031 -0.343829 -0.610025
v 0.324588 -0.343829 -0.562202
v 0.417282 -0.343829 -0.497297
v 0.497297 -0.343829 -0.417282
v 0.562202 -0.343829 -0.324588
v 0.610025 -0.343829 -0.222031
v 0.639313 -0.343829 -0.112728
v 0.649175 -0.343829 -0.000000
v 0.639313 -0.343829 0.112728
v 0.610025 -0.343829 0.222031
v 0.562202 -0.343829 0.324588
v 0.497297 -0.343829 0.417282
v 0.417282 -0.343829 0.497297
v 0.324588 -0.343829 0.562202
v 0.222031 -0.343829 0.610025
v 0.112728 -0.343829 0.639313
v 0.000000 -0.087061 0.602467
v -0.104617 -0.087061 0.593314
v -0.206056 -0.087061 0.566134
v -0.301233 -0.087061 0.521752
v -0.387258 -0.087061 0.461516
v -0.461516 -0.087061 0.387258
v -0.521752 -0.087061 0.301233
v -0.566134 -0.087061 0.206056
v -0.593314 -0.087061 0.104617
v -0.602467 -0.087061 0.000000
v -0.593314 -0.087061 -0.104617
v -0.566134 -0.087061 -0.206056
v -0.521752 -0.087061 -0.301233
v -0.461516 -0.087061 -0.387258
v -0.387258 -0.087061 -0.461516
v -0.301233 -0.087061 -0.521752
v -0.206056 -0.087061 -0.566134
v -0.104617 -0.087061 -0.593314
v -0.000000 -0.087061 -0.602467
v 0.104617 -0.087061 -0.593314
v 0.206056 -0.087061 -0.566134
v 0.301233 -0.087061 -0.521752
v 0.387258 -0.087061 -0.461516
v 0.461516 -0.087061 -0.387258
v 0.521752 -0.087061 -0.301233
v 0.566134 -0.087061 -0.206056
v 0.593314 -0.087061 -0.104617
v 0.602467 -0.087061 -0.000000
v 0.593314 -0.087061 0.104617
v 0.566134 -0.087061 0.206056
v 0.521752 -0.087061 0.301233
v 0.461516 -0.087061 0.387258
v 0.387258 -0.087061 0.461516
v 0.301233 -0.087061 0.521752
v 0.206056 -0.087061 0.566134
v 0.104617 -0.087061 0.593314
v 0.000000 0.164264 0.542545
v -0.094212 0.164264 0.534302
v -0.185561 0.164264 0.509825
v -0.271272 0.164264 0.469858
v -0.348741 0.164264 0.415613
v -0.415613 0.164264 0.348741
v -0.469858 0.164264 0.271272
v -0.509825 0.164264 0.185561
v -0.534302 0.164264 0.094212
v -0.542545 0.164264 0.000000
v -0.534302 0.164264 -0.094212
v -0.509825 0.164264 -0.185561
v -0.469858 0.164264 -0.271272
v -0.415613 0.164264 -0.348741
v -0.348741 0.164264 -0.415613
v -0.271272 0.164264 -0.469858
v -0.185561 0.164264 -0.509825
v -0.094212 0.164264 -0.534302
v -0.000000 0.164264 -0.542545
v 0.094212 0.164264 -0.534302
v 0.185561 0.164264 -0.509825
v 0.271272 0.164264 -0.469858
v 0.348741 0.164264 -0.415613
v 0.415613 0.164264 -0.348741
v 0.469858 0.164264 -0.271272
v 0.509825 0.164264 -0.185561
v 0.534302 0.164264 -0.094212
v 0.542545 0.164264 -0.000000
v 0.534302 0.164264 0.094212
v 0.509825 0.164264 0.185561
v 0.469858 0.164264 0.271272
v 0.415613 0.164264 0.348741
v 0.348741 0.164264 0.415613
v 0.271272 0.164264 0.469858
v 0.185561 0.164264 0.509825
v 0.094212 0.164264 0.534302
v 0.000000 0.198755 0.423607
v -0.073559 0.198755 0.417171
v -0.144882 0.198755 0.398060
v -0.211803 0.198755 0.366854
v -0.272289 0.198755 0.324502
v -0.324502 0.198755 0.272289
v -0.366854 0.198755 0.211803
v -0.398060 0.198755 0.144882
v -0.417171 0.198755 0.073559
v -0.423607 0.198755 0.000000
v -0.417171 0.198755 -0.073559
v -0.398060 0.198755 -0.144882
v -0.366854 0.198755 -0.211803
v -0.324502 0.198755 -0.272289
v -0.272289 0.198755 -0.324502
v -0.211803 0.198755 -0.366854
v -0.144882 0.198755 -0.398060
v -0.073559 0.198755 -0.417171
v -0.000000 0.198755 -0.423607
v 0.073559 0.198755 -0.417171
v 0.144882 0.198755 -0.398060
v 0.211803 0.198755 -0.366854
v 0.272289 0.198755 -0.324502
v 0.324502 0.198755 -0.272289
v 0.366854 0.198755 -0.211803
v 0.398060 0.198755 -0.144882
v 0.417171 0.198755 -0.073559
v 0.423607 0.198755 -0.000000
v 0.417171 0.198755 0.073559
v 0.398060 0.198755 0.144882
v 0.366854 0.198755 0.211803
v 0.324502 0.198755 0.272289
v 0.272289 0.198755 0.324502
v 0.211803 0.198755 0.366854
v 0.144882 0.198755 0.398060
v 0.073559 0.198755 0.417171
v 0.000000 0.219403 0.299479
v -0.052004 0.219403 0.294929
v -0.102428 0.219403 0.281418
v -0.149739 0.219403 0.259356
v -0.192501 0.219403 0.229414
v -0.229414 0.219403 0.192501
v -0.259356 0.219403 0.149739
v -0.281418 0.219403 0.102428
v -0.294929 0.219403 0.052004
v -0.299479 0.219403 0.000000
v -0.294929 0.219403 -0.052004
v -0.281418 0.219403 -0.102428
v -0.259356 0.219403 -0.149739
v -0.229414 0.219403 -0.192501
v -0.192501 0.219403 -0.229414
v -0.149739 0.219403 -0.259356
v -0.102428 0.219403 -0.281418
v -0.052004 0.219403 -0.294929
v -0.000000 0.219403 -0.299479
v 0.052004 0.219403 -0.294929
v 0.102428 0.219403 -0.281418
v 0.149739 0.219403 -0.259356
v 0.192501 0.219403 -0.229414
v 0.229414 0.219403 -0.192501
v 0.259356 0.219403 -0.149739
v 0.281418 0.219403 -0.102428
v 0.294929 0.219403 -0.052004
v 0.299479 0.219403 -0.000000
v 0.294929 0.219403 0.052004
v 0.281418 0.219403 0.102428
v 0.259356 0.219403 0.149739
v 0.229414 0.219403 0.192501
v 0.192501 0.219403 0.229414
v 0.149739 0.219403 0.259356
v 0.102428 0.219403 0.281418
v 0.052004 0.219403 0.294929
v 0.000000 0.224007 0.149755
v -0.026005 0.224007 0.147479
v -0.051219 0.224007 0.140723
v -0.074877 0.224007 0.129691
v -0.096260 0.224007 0.114719
v -0.114719 0.224007 0.096260
v -0.129691 0.224007 0.074877
v -0.140723 0.224007 0.051219
v -0.147479 0.224007 0.026005
v -0.149755 0.224007 0.000000
v -0.147479 0.224007 -0.026005
v -0.140723 0.224007 -0.051219
v -0.129691 0.224007 -0.074877
v -0.114719 0.224007 -0.096260
v -0.096260 0.224007 -0.114719
v -0.074877 0.224007 -0.129691
v -0.051219 0.224007 -0.140723
v -0.026005 0.224007 -0.147479
v -0.000000 0.224007 -0.149755
v 0.026005 0.224007 -0.147479
v 0.051219 0.224007 -0.140723
v 0.074877 0.224007 -0.129691
v 0.096260 0.224007 -0.114719
v 0.114719 0.224007 -0.096260
v 0.129691 0.224007 -0.074877
v 0.140723 0.224007 -0.051219
v 0.147479 0.224007 -0.026005
v 0.149755 0.224007 -0.000000
v 0.147479 0.224007 0.026005
v 0.140723 0.224007 0.051219
v 0.129691 0.224007 0.074877
v 0.114719 0.224007 0.096260
v 0.096260 0.224007 0.114719
v 0.074877 0.224007 0.129691
v 0.051219 0.224007 0.140723
v 0.026005 0.224007 0.147479
v 0.000000 0.262000 0.000000
v 0.000000 0.228000 0.000000
v -0.166304 0.221165 -0.064795
v -0.175073 0.221155 -0.018904
v -0.214528 0.211013 0.024790
v -0.276853 0.192748 0.057631
v -0.349705 0.169977 0.073116
v -0.418654 0.147211 0.068178
v -0.470044 0.128959 0.043794
v -0.493696 0.118835 0.004795
v -0.477485 0.123902 0.001349
v -0.432063 0.138099 -0.008306
v -0.366426 0.158615 -0.022257
v -0.293574 0.181385 -0.037743
v -0.227937 0.201901 -0.051694
v -0.182515 0.216098 -0.061349
v -0.192453 0.266643 -0.066173
v -0.201176 0.266301 -0.025888
v -0.238609 0.256512 0.012887
v -0.297338 0.239217 0.042474
v -0.365730 0.217840 0.057011
v -0.430240 0.196616 0.053620
v -0.478091 0.179748 0.032972
v -0.499806 0.170577 -0.000844
v -0.483382 0.176153 0.002795
v -0.439774 0.190137 -0.000758
v -0.377618 0.209762 -0.010797
v -0.309226 0.231138 -0.025334
v -0.248143 0.250034 -0.041490
v -0.206467 0.262705 -0.056066
v -0.222109 0.310959 -0.067889
v -0.230497 0.310371 -0.033315
v -0.265084 0.301191 0.000333
v -0.319020 0.285238 0.026391
v -0.381622 0.265671 0.039697
v -0.440491 0.246366 0.037617
v -0.483967 0.231146 0.020562
v -0.503440 0.223026 -0.008090
v -0.488053 0.228370 -0.002743
v -0.447853 0.241363 -0.004376
v -0.390802 0.259433 -0.012667
v -0.328200 0.279000 -0.025974
v -0.272446 0.296189 -0.041660
v -0.234583 0.307595 -0.056619
v -0.255837 0.353934 -0.069822
v -0.263546 0.353205 -0.041083
v -0.294308 0.344938 -0.012813
v -0.342029 0.330771 0.009391
v -0.397257 0.313509 0.021130
v -0.449055 0.296571 0.020080
v -0.487163 0.283312 0.006448
v -0.504033 0.276358 -0.017066
v -0.490382 0.281124 -0.011912
v -0.454855 0.292629 -0.013003
v -0.404490 0.308594 -0.020124
v -0.349261 0.325856 -0.031863
v -0.300108 0.340997 -0.045896
v -0.266765 0.351018 -0.059443
v -0.293643 0.395568 -0.071970
v -0.300331 0.394801 -0.049204
v -0.326287 0.387750 -0.026570
v -0.366370 0.375811 -0.008552
v -0.412640 0.361349 0.001283
v -0.455933 0.347228 0.000987
v -0.487675 0.336245 -0.009383
v -0.501579 0.330575 -0.027772
v -0.490228 0.334510 -0.023944
v -0.460533 0.344102 -0.025251
v -0.418376 0.357451 -0.031435
v -0.372106 0.371913 -0.041270
v -0.330887 0.384624 -0.052808
v -0.302884 0.393066 -0.063765
v -0.335157 0.435975 -0.074412
v -0.340523 0.435260 -0.057767
v -0.360799 0.429694 -0.041024
v -0.391969 0.420379 -0.027498
v -0.427860 0.409161 -0.019869
v -0.461362 0.398261 -0.019648
v -0.485842 0.389839 -0.026879
v -0.496449 0.385562 -0.040128
v -0.487813 0.388499 -0.038121
v -0.464914 0.395848 -0.039907
v -0.432289 0.406151 -0.045132
v -0.396398 0.417369 -0.052761
v -0.364350 0.427280 -0.061283
v -0.342494 0.433920 -0.069010
v -0.380112 0.475240 -0.077205
v -0.383886 0.474653 -0.066860
v -0.397686 0.470814 -0.056273
v -0.418781 0.464484 -0.047542
v -0.442990 0.456917 -0.042397
v -0.465520 0.449612 -0.041855
v -0.481908 0.444015 -0.046025
v -0.488908 0.441235 -0.054080
v -0.483267 0.443091 -0.053775
v -0.467969 0.447948 -0.055821
v -0.446043 0.454842 -0.059812
v -0.421834 0.462409 -0.064958
v -0.400135 0.469150 -0.070239
v -0.385244 0.473729 -0.074610
v -0.405364 0.495311 -0.078754
v -0.408172 0.494827 -0.071819
v -0.418183 0.492013 -0.064608
v -0.433413 0.487428 -0.058550
v -0.450847 0.481979 -0.054845
v -0.467031 0.476745 -0.054225
v -0.478760 0.472764 -0.056815
v -0.483711 0.470823 -0.062101
v -0.479749 0.472092 -0.062453
v -0.468812 0.475535 -0.064384
v -0.453068 0.480469 -0.067512
v -0.435634 0.485919 -0.071218
v -0.419964 0.490803 -0.074767
v -0.409160 0.494155 -0.077457
v -0.426568 0.510643 -0.079891
v -0.428502 0.510271 -0.075721
v -0.435193 0.508367 -0.071285
v -0.445315 0.505307 -0.067461
v -0.456862 0.501698 -0.065006
v -0.467550 0.498254 -0.064407
v -0.475259 0.495657 -0.065783
v -0.478464 0.494422 -0.068860
v -0.475894 0.495225 -0.069406
v -0.468694 0.497476 -0.070937
v -0.458290 0.500728 -0.073148
v -0.446742 0.504337 -0.075603
v -0.436338 0.507589 -0.077814
v -0.429138 0.509840 -0.079345
v -0.443565 0.521293 -0.080498
v -0.444724 0.521044 -0.078430
v -0.448586 0.519927 -0.076147
v -0.454386 0.518165 -0.074104
v -0.460977 0.516105 -0.072703
v -0.467052 0.514156 -0.072222
v -0.471408 0.512703 -0.072758
v -0.473182 0.512036 -0.074203
v -0.471716 0.512494 -0.074514
v -0.467607 0.513778 -0.075388
v -0.461669 0.515634 -0.076650
v -0.455078 0.517694 -0.078051
v -0.449141 0.519550 -0.079313
v -0.445032 0.520834 -0.080186
v -0.324850 0.161907 -0.017672
v -0.462256 0.527652 -0.075999
v 0.493696 0.118835 0.004795
v 0.470044 0.128959 0.043794
v 0.418654 0.147211 0.068178
v 0.349705 0.169977 0.073116
v 0.276853 0.192748 0.057631
v 0.214528 0.211013 0.024790
v 0.175073 0.221155 -0.018904
v 0.166304 0.221165 -0.064795
v 0.182515 0.216098 -0.061349
v 0.227937 0.201901 -0.051694
v 0.293574 0.181385 -0.037743
v 0.366426 0.158615 -0.022257
v 0.432063 0.138099 -0.008306
v 0.477485 0.123902 0.001349
v 0.499806 0.170577 -0.000844
v 0.478091 0.179748 0.032972
v 0.430240 0.196616 0.053620
v 0.365730 0.217840 0.057011
v 0.297338 0.239217 0.042474
v 0.238609 0.256512 0.012887
v 0.201176 0.266301 -0.025888
v 0.192453 0.266643 -0.066173
v 0.206467 0.262705 -0.056066
v 0.248143 0.250034 -0.041490
v 0.309226 0.231138 -0.025334
v 0.377618 0.209762 -0.010797
v 0.439774 0.190137 -0.000758
v 0.483382 0.176153 0.002795
v 0.503440 0.223026 -0.008090
v 0.483967 0.231146 0.020562
v 0.440491 0.246366 0.037617
v 0.381622 0.265671 0.039697
v 0.319020 0.285238 0.026391
v 0.265084 0.301191 0.000333
v 0.230497 0.310371 -0.033315
v 0.222109 0.310959 -0.067889
v 0.234583 0.307595 -0.056619
v 0.272446 0.296189 -0.041660
v 0.328200 0.279000 -0.025974
v 0.390802 0.259433 -0.012667
v 0.447853 0.241363 -0.004376
v 0.488053 0.228370 -0.002743
v 0.504033 0.276358 -0.017066
v 0.487163 0.283312 0.006448
v 0.449055 0.296571 0.020080
v 0.397257 0.313509 0.021130
v 0.342029 0.330771 0.009391
v 0.294308 0.344938 -0.012813
v 0.263546 0.353205 -0.041083
v 0.255837 0.353934 -0.069822
v 0.266765 0.351018 -0.059443
v 0.300108 0.340997 -0.045896
v 0.349261 0.325856 -0.031863
v 0.404490 0.308594 -0.020124
v 0.454855 0.292629 -0.013003
v 0.490382 0.281124 -0.011912
v 0.501579 0.330575 -0.027772
v 0.487675 0.336245 -0.009383
v 0.455933 0.347228 0.000987
v 0.412640 0.361349 0.001283
v 0.366370 0.375811 -0.008552
v 0.326287 0.387750 -0.026570
v 0.300331 0.394801 -0.049204
v 0.293643 0.395568 -0.071970
v 0.302884 0.393066 -0.063765
v 0.330887 0.384624 -0.052808
v 0.372106 0.371913 -0.041270
v 0.418376 0.357451 -0.031435
v 0.460533 0.344102 -0.025251
v 0.490228 0.334510 -0.023944
v 0.496449 0.385562 -0.040128
v 0.485842 0.389839 -0.026879
v 0.461362 0.398261 -0.019648
v 0.427860 0.409161 -0.019869
v 0.391969 0.420379 -0.027498
v 0.360799 0.429694 -0.041024
v 0.340523 0.435260 -0.057767
v 0.335157 0.435975 -0.074412
v 0.342494 0.433920 -0.069010
v 0.364350 0.427280 -0.061283
v 0.396398 0.417369 -0.052761
v 0.432289 0.406151 -0.045132
v 0.464914 0.395848 -0.039907
v 0.487813 0.388499 -0.038121
v 0.488908 0.441235 -0.054080
v 0.481908 0.444015 -0.046025
v 0.465520 0.449612 -0.041855
v 0.442990 0.456917 -0.042397
v 0.418781 0.464484 -0.047542
v 0.397686 0.470814 -0.056273
v 0.383886 0.474653 -0.066860
v 0.380112 0.475240 -0.077205
v 0.385244 0.473729 -0.074610
v 0.400135 0.469150 -0.070239
v 0.421834 0.462409 -0.064958
v 0.446043 0.454842 -0.059812
v 0.467969 0.447948 -0.055821
v 0.483267 0.443091 -0.053775
v 0.483711 0.470823 -0.062101
v 0.478760 0.472764 -0.056815
v 0.467031 0.476745 -0.054225
v 0.450847 0.481979 -0.054845
v 0.433413 0.487428 -0.058550
v 0.418183 0.492013 -0.064608
v 0.408172 0.494827 -0.071819
v 0.405364 0.495311 -0.078754
v 0.409160 0.494155 -0.077457
v 0.419964 0.490803 -0.074767
v 0.435634 0.485919 -0.071218
v 0.453068 0.480469 -0.067512
v 0.468812 0.475535 -0.064384
v 0.479749 0.472092 -0.062453
v 0.478464 0.494422 -0.068860
v 0.475259 0.495657 -0.065783
v 0.467550 0.498254 -0.064407
v 0.456862 0.501698 -0.065006
v 0.445315 0.505307 -0.067461
v 0.435193 0.508367 -0.071285
v 0.428502 0.510271 -0.075721
v 0.426568 0.510643 -0.079891
v 0.429138 0.509840 -0.079345
v 0.436338 0.507589 -0.077814
v 0.446742 0.504337 -0.075603
v 0.458290 0.500728 -0.073148
v 0.468694 0.497476 -0.070937
v 0.475894 0.495225 -0.069406
v 0.473182 0.512036 -0.074203
v 0.471408 0.512703 -0.072758
v 0.467052 0.514156 -0.072222
v 0.460977 0.516105 -0.072703
v 0.454386 0.518165 -0.074104
v 0.448586 0.519927 -0.076147
v 0.444724 0.521044 -0.078430
v 0.443565 0.521293 -0.080498
v 0.445032 0.520834 -0.080186
v 0.449141 0.519550 -0.079313
v 0.455078 0.517694 -0.078051
v 0.461669 0.515634 -0.076650
v 0.467607 0.513778 -0.075388
v 0.471716 0.512494 -0.074514
v 0.324850 0.161907 -0.017672
v 0.462256 0.527652 -0.075999
v 0.568063 -0.234784 -0.466859
v 0.575657 -0.238057 -0.473263
v 0.580528 -0.246998 -0.477680
v 0.577955 -0.259212 -0.476113
v 0.579986 -0.271425 -0.478338
v 0.574718 -0.280366 -0.474403
v 0.566978 -0.283639 -0.468175
v 0.559378 -0.280366 -0.461767
v 0.553960 -0.271425 -0.456899
v 0.552176 -0.259212 -0.454876
v 0.554503 -0.246998 -0.456240
v 0.560318 -0.238057 -0.460626
v 0.558249 -0.223719 -0.481688
v 0.566703 -0.227990 -0.489423
v 0.571888 -0.239657 -0.495004
v 0.568560 -0.255594 -0.493591
v 0.570427 -0.271531 -0.496687
v 0.564173 -0.283198 -0.492338
v 0.555327 -0.287469 -0.485054
v 0.546866 -0.283198 -0.477314
v 0.541065 -0.271531 -0.471197
v 0.539476 -0.255594 -0.468342
v 0.542526 -0.239657 -0.469514
v 0.549397 -0.227990 -0.474399
v 0.548200 -0.210161 -0.495448
v 0.557026 -0.215710 -0.504310
v 0.562047 -0.230870 -0.511060
v 0.557809 -0.251579 -0.510135
v 0.559109 -0.272289 -0.514273
v 0.551937 -0.287449 -0.509874
v 0.542324 -0.292998 -0.501872
v 0.533492 -0.287449 -0.493005
v 0.527813 -0.272289 -0.485652
v 0.526810 -0.251579 -0.481785
v 0.530751 -0.230870 -0.482439
v 0.538580 -0.215710 -0.487440
v 0.537903 -0.195262 -0.507941
v 0.546698 -0.202231 -0.517772
v 0.551105 -0.221272 -0.525733
v 0.545725 -0.247283 -0.525626
v 0.546034 -0.273294 -0.530999
v 0.537913 -0.292335 -0.526893
v 0.527759 -0.299305 -0.518473
v 0.518958 -0.292335 -0.508636
v 0.513874 -0.273294 -0.500024
v 0.513870 -0.247283 -0.494944
v 0.518946 -0.221272 -0.494758
v 0.527743 -0.202231 -0.499515
v 0.527324 -0.179913 -0.519076
v 0.535719 -0.188333 -0.529705
v 0.539080 -0.211339 -0.538892
v 0.532296 -0.242764 -0.539904
v 0.531188 -0.274190 -0.546673
v 0.522050 -0.297195 -0.543182
v 0.511540 -0.305616 -0.534637
v 0.503139 -0.297195 -0.524001
v 0.499103 -0.274190 -0.514130
v 0.500515 -0.242764 -0.507669
v 0.506995 -0.211339 -0.506349
v 0.516808 -0.188333 -0.510524
v 0.516410 -0.164874 -0.528852
v 0.524066 -0.174679 -0.540079
v 0.525978 -0.201467 -0.550453
v 0.517544 -0.238060 -0.552825
v 0.514621 -0.274653 -0.561084
v 0.504396 -0.301440 -0.558493
v 0.493697 -0.311245 -0.550114
v 0.486035 -0.301440 -0.538880
v 0.483468 -0.274653 -0.527807
v 0.486685 -0.238060 -0.519863
v 0.494824 -0.201467 -0.517176
v 0.505704 -0.174679 -0.520466
v 0.505086 -0.150825 -0.537362
v 0.511700 -0.161860 -0.548944
v 0.511813 -0.192010 -0.560388
v 0.501535 -0.233195 -0.564281
v 0.496463 -0.274381 -0.574032
v 0.485112 -0.304531 -0.572576
v 0.474385 -0.315566 -0.564649
v 0.467766 -0.304531 -0.553060
v 0.467034 -0.274381 -0.540920
v 0.472384 -0.233195 -0.531483
v 0.482384 -0.192010 -0.527277
v 0.494354 -0.161860 -0.529429
v 0.493250 -0.138385 -0.544790
v 0.498555 -0.150416 -0.556429
v 0.496602 -0.183287 -0.568732
v 0.484376 -0.228189 -0.574207
v 0.476919 -0.273092 -0.585336
v 0.464463 -0.305962 -0.585188
v 0.453884 -0.317994 -0.577997
v 0.448573 -0.305962 -0.566351
v 0.449959 -0.273092 -0.553376
v 0.457671 -0.228189 -0.542550
v 0.469642 -0.183287 -0.536772
v 0.482665 -0.150416 -0.537592
v 0.480729 -0.128230 -0.551419
v 0.484498 -0.140935 -0.562735
v 0.480315 -0.175643 -0.575558
v 0.466188 -0.223056 -0.582560
v 0.456259 -0.270469 -0.594809
v 0.442831 -0.305178 -0.596078
v 0.432616 -0.317882 -0.589921
v 0.428843 -0.305178 -0.578599
v 0.432526 -0.270469 -0.565152
v 0.442680 -0.223056 -0.553184
v 0.456583 -0.175643 -0.545901
v 0.470510 -0.140935 -0.545255
v 0.466715 -0.122949 -0.558044
v 0.468728 -0.135658 -0.568351
v 0.462428 -0.170378 -0.580955
v 0.446964 -0.217808 -0.589134
v 0.434922 -0.265237 -0.601823
v 0.421087 -0.299958 -0.604495
v 0.411704 -0.312667 -0.599780
v 0.409687 -0.299958 -0.589469
v 0.415580 -0.265237 -0.576328
v 0.427805 -0.217808 -0.563881
v 0.443086 -0.170378 -0.555460
v 0.457328 -0.135658 -0.553324
v 0.448960 -0.128292 -0.566403
v 0.448939 -0.139567 -0.574179
v 0.441264 -0.170373 -0.584826
v 0.426354 -0.212453 -0.593212
v 0.413652 -0.254534 -0.604671
v 0.401114 -0.285339 -0.608552
v 0.393737 -0.296614 -0.606093
v 0.393756 -0.285339 -0.598314
v 0.401168 -0.254534 -0.587301
v 0.413988 -0.212453 -0.576007
v 0.428780 -0.170373 -0.567456
v 0.441580 -0.139567 -0.563941
v 0.577612 -0.262000 -0.451280
v 0.403265 -0.207000 -0.592846
v 0.590418 -0.234784 -0.438246
v 0.598469 -0.238057 -0.444065
v 0.603933 -0.246998 -0.447723
v 0.601790 -0.259212 -0.445605
v 0.604441 -0.271425 -0.447037
v 0.599348 -0.280366 -0.442878
v 0.591433 -0.283639 -0.436875
v 0.583376 -0.280366 -0.431051
v 0.577342 -0.271425 -0.426972
v 0.574948 -0.259212 -0.425729
v 0.576835 -0.246998 -0.427657
v 0.582497 -0.238057 -0.432238
v 0.602432 -0.223719 -0.425136
v 0.611983 -0.227990 -0.431468
v 0.618653 -0.239657 -0.435148
v 0.616476 -0.255594 -0.432261
v 0.619932 -0.271531 -0.433323
v 0.614199 -0.283198 -0.428307
v 0.604992 -0.287469 -0.421486
v 0.595435 -0.283198 -0.415149
v 0.588096 -0.271531 -0.411000
v 0.584941 -0.255594 -0.410149
v 0.586816 -0.239657 -0.412825
v 0.593218 -0.227990 -0.418310
v 0.613352 -0.210161 -0.412056
v 0.624086 -0.215710 -0.418476
v 0.631851 -0.230870 -0.421715
v 0.629928 -0.251579 -0.417827
v 0.634257 -0.272289 -0.418087
v 0.628254 -0.287449 -0.412193
v 0.618165 -0.292998 -0.404801
v 0.607423 -0.287449 -0.398376
v 0.598916 -0.272289 -0.394645
v 0.594921 -0.251579 -0.394607
v 0.596509 -0.230870 -0.398273
v 0.603256 -0.215710 -0.404660
v 0.622984 -0.195262 -0.399043
v 0.634650 -0.202231 -0.405198
v 0.643441 -0.221272 -0.407549
v 0.642036 -0.247283 -0.402354
v 0.647323 -0.273294 -0.401354
v 0.641375 -0.292335 -0.394468
v 0.630749 -0.299305 -0.386653
v 0.619075 -0.292335 -0.380493
v 0.609489 -0.273294 -0.377643
v 0.604559 -0.247283 -0.378868
v 0.605606 -0.221272 -0.383838
v 0.612350 -0.202231 -0.391223
v 0.631228 -0.179913 -0.386084
v 0.643573 -0.188333 -0.391658
v 0.653300 -0.211339 -0.392697
v 0.652641 -0.242764 -0.385870
v 0.658941 -0.274190 -0.383157
v 0.653342 -0.297195 -0.375135
v 0.642509 -0.305616 -0.367005
v 0.630156 -0.297195 -0.361426
v 0.619602 -0.274190 -0.359898
v 0.613674 -0.242764 -0.362831
v 0.613961 -0.211339 -0.369438
v 0.620387 -0.188333 -0.377949
v 0.638073 -0.164874 -0.373129
v 0.650820 -0.174679 -0.377842
v 0.661347 -0.201467 -0.377187
v 0.661609 -0.238060 -0.368430
v 0.668916 -0.274653 -0.363596
v 0.663928 -0.301440 -0.354302
v 0.653210 -0.311245 -0.345948
v 0.640455 -0.301440 -0.341230
v 0.629090 -0.274653 -0.341419
v 0.622160 -0.238060 -0.346463
v 0.621522 -0.201467 -0.355010
v 0.627347 -0.174679 -0.364771
v 0.643592 -0.150825 -0.360083
v 0.656430 -0.161860 -0.363698
v 0.667561 -0.192010 -0.361040
v 0.668852 -0.233195 -0.350125
v 0.677086 -0.274381 -0.342845
v 0.672927 -0.304531 -0.332183
v 0.662641 -0.315566 -0.323693
v 0.649795 -0.304531 -0.320074
v 0.637839 -0.274381 -0.322300
v 0.629976 -0.233195 -0.329775
v 0.628314 -0.192010 -0.340495
v 0.633298 -0.161860 -0.351589
v 0.647935 -0.138385 -0.346802
v 0.660512 -0.150416 -0.349134
v 0.671977 -0.183287 -0.344262
v 0.674332 -0.228189 -0.331075
v 0.683326 -0.273092 -0.321147
v 0.680169 -0.305962 -0.309097
v 0.670633 -0.317994 -0.300571
v 0.658047 -0.305962 -0.298236
v 0.645793 -0.273092 -0.302719
v 0.637154 -0.228189 -0.312822
v 0.634445 -0.183287 -0.325835
v 0.638391 -0.150416 -0.338272
v 0.651338 -0.128230 -0.333049
v 0.663230 -0.140935 -0.333968
v 0.674660 -0.175643 -0.326808
v 0.678037 -0.223056 -0.311406
v 0.687519 -0.270469 -0.298809
v 0.685503 -0.305178 -0.285472
v 0.677057 -0.317882 -0.277051
v 0.665158 -0.305178 -0.276129
v 0.653002 -0.270469 -0.282956
v 0.643846 -0.223056 -0.295703
v 0.640143 -0.175643 -0.310955
v 0.642885 -0.140935 -0.324625
v 0.654377 -0.122949 -0.317849
v 0.664864 -0.135658 -0.317308
v 0.675570 -0.170378 -0.308146
v 0.679765 -0.217808 -0.291163
v 0.689164 -0.265237 -0.276409
v 0.688409 -0.299958 -0.262338
v 0.681564 -0.312667 -0.254374
v 0.671071 -0.299958 -0.254912
v 0.659747 -0.265237 -0.263809
v 0.650626 -0.217808 -0.278682
v 0.646153 -0.170378 -0.295546
v 0.647526 -0.135658 -0.309882
v 0.658192 -0.128292 -0.298599
v 0.665732 -0.139567 -0.296697
v 0.674206 -0.170373 -0.286674
v 0.678736 -0.212453 -0.270178
v 0.686782 -0.254534 -0.255082
v 0.687513 -0.285339 -0.241977
v 0.683343 -0.296614 -0.235414
v 0.675800 -0.285339 -0.237314
v 0.666907 -0.254534 -0.247171
v 0.659050 -0.212453 -0.262342
v 0.654332 -0.170373 -0.278763
v 0.654018 -0.139567 -0.292034
v 0.577612 -0.262000 -0.451280
v 0.672795 -0.207000 -0.247864
v 0.599474 -0.308500 -0.433043
v 0.607790 -0.308500 -0.443379
v 0.607976 -0.308500 -0.454719
v 0.600061 -0.308500 -0.468819
v 0.588294 -0.308500 -0.479910
v 0.577247 -0.308500 -0.482473
v 0.565206 -0.308500 -0.476904
v 0.556890 -0.308500 -0.466568
v 0.556704 -0.308500 -0.455229
v 0.564618 -0.308500 -0.441128
v 0.576386 -0.308500 -0.430038
v 0.587433 -0.308500 -0.427475
v 0.604040 -0.293000 -0.427199
v 0.615008 -0.293000 -0.440630
v 0.615484 -0.293000 -0.455179
v 0.605543 -0.293000 -0.473102
v 0.590557 -0.293000 -0.487084
v 0.576325 -0.293000 -0.490142
v 0.560640 -0.293000 -0.482749
v 0.549672 -0.293000 -0.469318
v 0.549196 -0.293000 -0.454769
v 0.559137 -0.293000 -0.436846
v 0.574123 -0.293000 -0.422864
v 0.588355 -0.293000 -0.419806
v 0.606110 -0.277500 -0.424550
v 0.618426 -0.277500 -0.439498
v 0.619114 -0.277500 -0.455564
v 0.608282 -0.277500 -0.475242
v 0.591809 -0.277500 -0.490513
v 0.576053 -0.277500 -0.493732
v 0.558570 -0.277500 -0.485398
v 0.546254 -0.277500 -0.470450
v 0.545566 -0.277500 -0.454383
v 0.556398 -0.277500 -0.434706
v 0.572870 -0.277500 -0.419435
v 0.588627 -0.277500 -0.416216
v 0.606720 -0.262000 -0.423769
v 0.619458 -0.262000 -0.439183
v 0.620223 -0.262000 -0.455708
v 0.609132 -0.262000 -0.475906
v 0.592217 -0.262000 -0.491554
v 0.575998 -0.262000 -0.494810
v 0.557960 -0.262000 -0.486179
v 0.545222 -0.262000 -0.470765
v 0.544457 -0.262000 -0.454239
v 0.555548 -0.262000 -0.434041
v 0.572463 -0.262000 -0.418394
v 0.588682 -0.262000 -0.415138
v 0.606110 -0.246500 -0.424550
v 0.618426 -0.246500 -0.439498
v 0.619114 -0.246500 -0.455564
v 0.608282 -0.246500 -0.475242
v 0.591809 -0.246500 -0.490513
v 0.576053 -0.246500 -0.493732
v 0.558570 -0.246500 -0.485398
v 0.546254 -0.246500 -0.470450
v 0.545566 -0.246500 -0.454383
v 0.556398 -0.246500 -0.434706
v 0.572870 -0.246500 -0.419435
v 0.588627 -0.246500 -0.416216
v 0.604040 -0.231000 -0.427199
v 0.615008 -0.231000 -0.440630
v 0.615484 -0.231000 -0.455179
v 0.605543 -0.231000 -0.473102
v 0.590557 -0.231000 -0.487084
v 0.576325 -0.231000 -0.490142
v 0.560640 -0.231000 -0.482749
v 0.549672 -0.231000 -0.469318
v 0.549196 -0.231000 -0.454769
v 0.559137 -0.231000 -0.436846
v 0.574123 -0.231000 -0.422864
v 0.588355 -0.231000 -0.419806
v 0.599474 -0.215500 -0.433043
v 0.607790 -0.215500 -0.443379
v 0.607976 -0.215500 -0.454719
v 0.600061 -0.215500 -0.468819
v 0.588294 -0.215500 -0.479910
v 0.577247 -0.215500 -0.482473
v 0.565206 -0.215500 -0.476904
v 0.556890 -0.215500 -0.466568
v 0.556704 -0.215500 -0.455229
v 0.564618 -0.215500 -0.441128
v 0.576386 -0.215500 -0.430038
v 0.587433 -0.215500 -0.427475
v 0.582340 -0.324000 -0.454974
v 0.582340 -0.200000 -0.454974
v 0.552115 -0.279315 -0.475619
v 0.573057 -0.287545 -0.458900
v 0.592137 -0.297041 -0.440691
v 0.582829 -0.303370 -0.433237
v 0.561887 -0.295139 -0.449956
v 0.542807 -0.285643 -0.468165
v 0.554609 -0.304862 -0.493388
v 0.576498 -0.313556 -0.476629
v 0.596553 -0.323526 -0.458354
v 0.587383 -0.329904 -0.450772
v 0.565494 -0.321209 -0.467531
v 0.545438 -0.311239 -0.485806
v 0.556502 -0.329600 -0.511045
v 0.579479 -0.338900 -0.494538
v 0.600663 -0.349520 -0.476501
v 0.591706 -0.356121 -0.468857
v 0.568730 -0.346822 -0.485364
v 0.547545 -0.336202 -0.503401
v 0.555802 -0.348890 -0.525208
v 0.581448 -0.359429 -0.512133
v 0.605541 -0.371702 -0.497692
v 0.597780 -0.380379 -0.490856
v 0.572134 -0.369841 -0.503931
v 0.548041 -0.357567 -0.518372
v 0.553385 -0.360522 -0.537390
v 0.582421 -0.369838 -0.529378
v 0.610334 -0.381387 -0.520345
v 0.604716 -0.392550 -0.515239
v 0.575680 -0.383234 -0.523250
v 0.547767 -0.371685 -0.532284
v 0.553610 -0.369345 -0.554466
v 0.583958 -0.378453 -0.547678
v 0.613278 -0.389864 -0.539928
v 0.608143 -0.401383 -0.535113
v 0.577796 -0.392276 -0.541900
v 0.548476 -0.380865 -0.549650
v 0.553874 -0.377419 -0.572381
v 0.585239 -0.386744 -0.566325
v 0.615613 -0.398390 -0.559311
v 0.610656 -0.409994 -0.554514
v 0.579291 -0.400669 -0.560569
v 0.548917 -0.389023 -0.567584
v 0.553800 -0.385280 -0.590573
v 0.586115 -0.394924 -0.585181
v 0.617462 -0.406895 -0.578821
v 0.612618 -0.418531 -0.573985
v 0.580303 -0.408887 -0.579378
v 0.548957 -0.396916 -0.585737
v 0.553320 -0.393056 -0.608939
v 0.586135 -0.390520 -0.574770
v 0.618839 -0.415380 -0.598504
v 0.614090 -0.427031 -0.593612
v 0.580436 -0.404502 -0.568900
v 0.548571 -0.404707 -0.604047
v 0.575802 -0.268000 -0.453587
v 0.570851 -0.297041 -0.467935
v 0.583904 -0.287545 -0.445016
v 0.595060 -0.279315 -0.420652
v 0.585576 -0.285643 -0.413423
v 0.572523 -0.295139 -0.436342
v 0.561367 -0.303370 -0.460707
v 0.589058 -0.323526 -0.467947
v 0.601939 -0.313556 -0.444066
v 0.612904 -0.304862 -0.418773
v 0.603329 -0.311239 -0.411709
v 0.590449 -0.321209 -0.435590
v 0.579483 -0.329904 -0.460883
v 0.607661 -0.349520 -0.467545
v 0.620036 -0.338900 -0.442626
v 0.630495 -0.329600 -0.416339
v 0.620911 -0.336202 -0.409497
v 0.608535 -0.346822 -0.434416
v 0.598077 -0.356121 -0.460703
v 0.629402 -0.371702 -0.467152
v 0.637586 -0.359429 -0.440280
v 0.644067 -0.348890 -0.412233
v 0.635557 -0.357567 -0.406356
v 0.627373 -0.369841 -0.433228
v 0.620892 -0.380379 -0.461275
v 0.652542 -0.381387 -0.466321
v 0.654554 -0.369838 -0.437053
v 0.655303 -0.360522 -0.406941
v 0.648989 -0.371685 -0.402725
v 0.646977 -0.383234 -0.431994
v 0.646228 -0.392550 -0.462106
v 0.672255 -0.389864 -0.464440
v 0.672682 -0.378453 -0.434116
v 0.671926 -0.369345 -0.403028
v 0.666011 -0.380865 -0.399211
v 0.665585 -0.392276 -0.429536
v 0.666341 -0.401383 -0.460623
v 0.691627 -0.398390 -0.462017
v 0.691085 -0.386744 -0.430849
v 0.689373 -0.377419 -0.398950
v 0.683519 -0.389023 -0.395301
v 0.684061 -0.400669 -0.426469
v 0.685773 -0.409994 -0.458367
v 0.711005 -0.406895 -0.459091
v 0.709592 -0.394924 -0.427137
v 0.707007 -0.385280 -0.394478
v 0.701143 -0.396916 -0.390948
v 0.702556 -0.408887 -0.422901
v 0.705141 -0.418531 -0.455561
v 0.730437 -0.415380 -0.455666
v 0.699496 -0.390520 -0.429675
v 0.724712 -0.393056 -0.389568
v 0.718816 -0.404707 -0.386144
v 0.692421 -0.404502 -0.425566
v 0.724541 -0.427031 -0.452241
v 0.579412 -0.268000 -0.448966
v 0.615617 -0.276000 -0.461109
v 0.620493 -0.276000 -0.467580
v 0.621480 -0.276000 -0.475622
v 0.618315 -0.276000 -0.483080
v 0.611844 -0.276000 -0.487956
v 0.603802 -0.276000 -0.488944
v 0.596344 -0.276000 -0.485778
v 0.591468 -0.276000 -0.479307
v 0.590480 -0.276000 -0.471265
v 0.593646 -0.276000 -0.463807
v 0.600117 -0.276000 -0.458931
v 0.608159 -0.276000 -0.457944
v 0.618170 -0.269000 -0.457842
v 0.624338 -0.269000 -0.466027
v 0.625587 -0.269000 -0.476199
v 0.621582 -0.269000 -0.485633
v 0.613397 -0.269000 -0.491801
v 0.603225 -0.269000 -0.493050
v 0.593791 -0.269000 -0.489045
v 0.587623 -0.269000 -0.480861
v 0.586374 -0.269000 -0.470688
v 0.590378 -0.269000 -0.461254
v 0.598563 -0.269000 -0.455086
v 0.608736 -0.269000 -0.453837
v 0.618909 -0.262000 -0.456895
v 0.625451 -0.262000 -0.465577
v 0.626776 -0.262000 -0.476366
v 0.622528 -0.262000 -0.486373
v 0.613847 -0.262000 -0.492915
v 0.603058 -0.262000 -0.494239
v 0.593051 -0.262000 -0.489992
v 0.586509 -0.262000 -0.481310
v 0.585185 -0.262000 -0.470521
v 0.589432 -0.262000 -0.460515
v 0.598114 -0.262000 -0.453973
v 0.608903 -0.262000 -0.452648
v 0.618170 -0.255000 -0.457842
v 0.624338 -0.255000 -0.466027
v 0.625587 -0.255000 -0.476199
v 0.621582 -0.255000 -0.485633
v 0.613397 -0.255000 -0.491801
v 0.603225 -0.255000 -0.493050
v 0.593791 -0.255000 -0.489045
v 0.587623 -0.255000 -0.480861
v 0.586374 -0.255000 -0.470688
v 0.590378 -0.255000 -0.461254
v 0.598563 -0.255000 -0.455086
v 0.608736 -0.255000 -0.453837
v 0.615617 -0.248000 -0.461109
v 0.620493 -0.248000 -0.467580
v 0.621480 -0.248000 -0.475622
v 0.618315 -0.248000 -0.483080
v 0.611844 -0.248000 -0.487956
v 0.603802 -0.248000 -0.488944
v 0.596344 -0.248000 -0.485778
v 0.591468 -0.248000 -0.479307
v 0.590480 -0.248000 -0.471265
v 0.593646 -0.248000 -0.463807
v 0.600117 -0.248000 -0.458931
v 0.608159 -0.248000 -0.457944
v 0.605980 -0.283000 -0.473444
v 0.605980 -0.241000 -0.473444
vt 0.000000 0.959586
vt 0.027778 0.959586
vt 0.055556 0.959586
vt 0.083333 0.959586
vt 0.111111 0.959586
vt 0.138889 0.959586
vt 0.166667 0.959586
vt 0.194444 0.959586
vt 0.222222 0.959586
vt 0.250000 0.959586
vt 0.277778 0.959586
vt 0.305556 0.959586
vt 0.333333 0.959586
vt 0.361111 0.959586
vt 0.388889 0.959586
vt 0.416667 0.959586
vt 0.444444 0.959586
vt 0.472222 0.959586
vt 0.500000 0.959586
vt 0.527778 0.959586
vt 0.555556 0.959586
vt 0.583333 0.959586
vt 0.611111 0.959586
vt 0.638889 0.959586
vt 0.666667 0.959586
vt 0.694444 0.959586
vt 0.722222 0.959586
vt 0.750000 0.959586
vt 0.777778 0.959586
vt 0.805556 0.959586
vt 0.833333 0.959586
vt 0.861111 0.959586
vt 0.888889 0.959586
vt 0.916667 0.959586
vt 0.944444 0.959586
vt 0.972222 0.959586
vt 1.000000 0.959586
vt 0.000000 0.919172
vt 0.027778 0.919172
vt 0.055556 0.919172
vt 0.083333 0.919172
vt 0.111111 0.919172
vt 0.138889 0.919172
vt 0.166667 0.919172
vt 0.194444 0.919172
vt 0.222222 0.919172
vt 0.250000 0.919172
vt 0.277778 0.919172
vt 0.305556 0.919172
vt 0.333333 0.919172
vt 0.361111 0.919172
vt 0.388889 0.919172
vt 0.416667 0.919172
vt 0.444444 0.919172
vt 0.472222 0.919172
vt 0.500000 0.919172
vt 0.527778 0.919172
vt 0.555556 0.919172
vt 0.583333 0.919172
vt 0.611111 0.919172
vt 0.638889 0.919172
vt 0.666667 0.919172
vt 0.694444 0.919172
vt 0.722222 0.919172
vt 0.750000 0.919172
vt 0.777778 0.919172
vt 0.805556 0.919172
vt 0.833333 0.919172
vt 0.861111 0.919172
vt 0.888889 0.919172
vt 0.916667 0.919172
vt 0.944444 0.919172
vt 0.972222 0.919172
vt 1.000000 0.919172
vt 0.000000 0.878757
vt 0.027778 0.878757
vt 0.055556 0.878757
vt 0.083333 0.878757
vt 0.111111 0.878757
vt 0.138889 0.878757
vt 0.166667 0.878757
vt 0.194444 0.878757
vt 0.222222 0.878757
vt 0.250000 0.878757
vt 0.277778 0.878757
vt 0.305556 0.878757
vt 0.333333 0.878757
vt 0.361111 0.878757
vt 0.388889 0.878757
vt 0.416667 0.878757
vt 0.444444 0.878757
vt 0.472222 0.878757
vt 0.500000 0.878757
vt 0.527778 0.878757
vt 0.555556 0.878757
vt 0.583333 0.878757
vt 0.611111 0.878757
vt 0.638889 0.878757
vt 0.666667 0.878757
vt 0.694444 0.878757
vt 0.722222 0.878757
vt 0.750000 0.878757
vt 0.777778 0.878757
vt 0.805556 0.878757
vt 0.833333 0.878757
vt 0.861111 0.878757
vt 0.888889 0.878757
vt 0.916667 0.878757
vt 0.944444 0.878757
vt 0.972222 0.878757
vt 1.000000 0.878757
vt 0.000000 0.847892
vt 0.027778 0.847892
vt 0.055556 0.847892
vt 0.083333 0.847892
vt 0.111111 0.847892
vt 0.138889 0.847892
vt 0.166667 0.847892
vt 0.194444 0.847892
vt 0.222222 0.847892
vt 0.250000 0.847892
vt 0.277778 0.847892
vt 0.305556 0.847892
vt 0.333333 0.847892
vt 0.361111 0.847892
vt 0.388889 0.847892
vt 0.416667 0.847892
vt 0.444444 0.847892
vt 0.472222 0.847892
vt 0.500000 0.847892
vt 0.527778 0.847892
vt 0.555556 0.847892
vt 0.583333 0.847892
vt 0.611111 0.847892
vt 0.638889 0.847892
vt 0.666667 0.847892
vt 0.694444 0.847892
vt 0.722222 0.847892
vt 0.750000 0.847892
vt 0.777778 0.847892
vt 0.805556 0.847892
vt 0.833333 0.847892
vt 0.861111 0.847892
vt 0.888889 0.847892
vt 0.916667 0.847892
vt 0.944444 0.847892
vt 0.972222 0.847892
vt 1.000000 0.847892
vt 0.000000 0.817026
vt 0.027778 0.817026
vt 0.055556 0.817026
vt 0.083333 0.817026
vt 0.111111 0.817026
vt 0.138889 0.817026
vt 0.166667 0.817026
vt 0.194444 0.817026
vt 0.222222 0.817026
vt 0.250000 0.817026
vt 0.277778 0.817026
vt 0.305556 0.817026
vt 0.333333 0.817026
vt 0.361111 0.817026
vt 0.388889 0.817026
vt 0.416667 0.817026
vt 0.444444 0.817026
vt 0.472222 0.817026
vt 0.500000 0.817026
vt 0.527778 0.817026
vt 0.555556 0.817026
vt 0.583333 0.817026
vt 0.611111 0.817026
vt 0.638889 0.817026
vt 0.666667 0.817026
vt 0.694444 0.817026
vt 0.722222 0.817026
vt 0.750000 0.817026
vt 0.777778 0.817026
vt 0.805556 0.817026
vt 0.833333 0.817026
vt 0.861111 0.817026
vt 0.888889 0.817026
vt 0.916667 0.817026
vt 0.944444 0.817026
vt 0.972222 0.817026
vt 1.000000 0.817026
vt 0.000000 0.786160
vt 0.027778 0.786160
vt 0.055556 0.786160
vt 0.083333 0.786160
vt 0.111111 0.786160
vt 0.138889 0.786160
vt 0.166667 0.786160
vt 0.194444 0.786160
vt 0.222222 0.786160
vt 0.250000 0.786160
vt 0.277778 0.786160
vt 0.305556 0.786160
vt 0.333333 0.786160
vt 0.361111 0.786160
vt 0.388889 0.786160
vt 0.416667 0.786160
vt 0.444444 0.786160
vt 0.472222 0.786160
vt 0.500000 0.786160
vt 0.527778 0.786160
vt 0.555556 0.786160
vt 0.583333 0.786160
vt 0.611111 0.786160
vt 0.638889 0.786160
vt 0.666667 0.786160
vt 0.694444 0.786160
vt 0.722222 0.786160
vt 0.750000 0.786160
vt 0.777778 0.786160
vt 0.805556 0.786160
vt 0.833333 0.786160
vt 0.861111 0.786160
vt 0.888889 0.786160
vt 0.916667 0.786160
vt 0.944444 0.786160
vt 0.972222 0.786160
vt 1.000000 0.786160
vt 0.000000 0.749158
vt 0.027778 0.749158
vt 0.055556 0.749158
vt 0.083333 0.749158
vt 0.111111 0.749158
vt 0.138889 0.749158
vt 0.166667 0.749158
vt 0.194444 0.749158
vt 0.222222 0.749158
vt 0.250000 0.749158
vt 0.277778 0.749158
vt 0.305556 0.749158
vt 0.333333 0.749158
vt 0.361111 0.749158
vt 0.388889 0.749158
vt 0.416667 0.749158
vt 0.444444 0.749158
vt 0.472222 0.749158
vt 0.500000 0.749158
vt 0.527778 0.749158
vt 0.555556 0.749158
vt 0.583333 0.749158
vt 0.611111 0.749158
vt 0.638889 0.749158
vt 0.666667 0.749158
vt 0.694444 0.749158
vt 0.722222 0.749158
vt 0.750000 0.749158
vt 0.777778 0.749158
vt 0.805556 0.749158
vt 0.833333 0.749158
vt 0.861111 0.749158
vt 0.888889 0.749158
vt 0.916667 0.749158
vt 0.944444 0.749158
vt 0.972222 0.749158
vt 1.000000 0.749158
vt 0.000000 0.712157
vt 0.027778 0.712157
vt 0.055556 0.712157
vt 0.083333 0.712157
vt 0.111111 0.712157
vt 0.138889 0.712157
vt 0.166667 0.712157
vt 0.194444 0.712157
vt 0.222222 0.712157
vt 0.250000 0.712157
vt 0.277778 0.712157
vt 0.305556 0.712157
vt 0.333333 0.712157
vt 0.361111 0.712157
vt 0.388889 0.712157
vt 0.416667 0.712157
vt 0.444444 0.712157
vt 0.472222 0.712157
vt 0.500000 0.712157
vt 0.527778 0.712157
vt 0.555556 0.712157
vt 0.583333 0.712157
vt 0.611111 0.712157
vt 0.638889 0.712157
vt 0.666667 0.712157
vt 0.694444 0.712157
vt 0.722222 0.712157
vt 0.750000 0.712157
vt 0.777778 0.712157
vt 0.805556 0.712157
vt 0.833333 0.712157
vt 0.861111 0.712157
vt 0.888889 0.712157
vt 0.916667 0.712157
vt 0.944444 0.712157
vt 0.972222 0.712157
vt 1.000000 0.712157
vt 0.000000 0.675155
vt 0.027778 0.675155
vt 0.055556 0.675155
vt 0.083333 0.675155
vt 0.111111 0.675155
vt 0.138889 0.675155
vt 0.166667 0.675155
vt 0.194444 0.675155
vt 0.222222 0.675155
vt 0.250000 0.675155
vt 0.277778 0.675155
vt 0.305556 0.675155
vt 0.333333 0.675155
vt 0.361111 0.675155
vt 0.388889 0.675155
vt 0.416667 0.675155
vt 0.444444 0.675155
vt 0.472222 0.675155
vt 0.500000 0.675155
vt 0.527778 0.675155
vt 0.555556 0.675155
vt 0.583333 0.675155
vt 0.611111 0.675155
vt 0.638889 0.675155
vt 0.666667 0.675155
vt 0.694444 0.675155
vt 0.722222 0.675155
vt 0.750000 0.675155
vt 0.777778 0.675155
vt 0.805556 0.675155
vt 0.833333 0.675155
vt 0.861111 0.675155
vt 0.888889 0.675155
vt 0.916667 0.675155
vt 0.944444 0.675155
vt 0.972222 0.675155
vt 1.000000 0.675155
vt 0.000000 0.638154
vt 0.027778 0.638154
vt 0.055556 0.638154
vt 0.083333 0.638154
vt 0.111111 0.638154
vt 0.138889 0.638154
vt 0.166667 0.638154
vt 0.194444 0.638154
vt 0.222222 0.638154
vt 0.250000 0.638154
vt 0.277778 0.638154
vt 0.305556 0.638154
vt 0.333333 0.638154
vt 0.361111 0.638154
vt 0.388889 0.638154
vt 0.416667 0.638154
vt 0.444444 0.638154
vt 0.472222 0.638154
vt 0.500000 0.638154
vt 0.527778 0.638154
vt 0.555556 0.638154
vt 0.583333 0.638154
vt 0.611111 0.638154
vt 0.638889 0.638154
vt 0.666667 0.638154
vt 0.694444 0.638154
vt 0.722222 0.638154
vt 0.750000 0.638154
vt 0.777778 0.638154
vt 0.805556 0.638154
vt 0.833333 0.638154
vt 0.861111 0.638154
vt 0.888889 0.638154
vt 0.916667 0.638154
vt 0.944444 0.638154
vt 0.972222 0.638154
vt 1.000000 0.638154
vt 0.000000 0.630739
vt 0.027778 0.630739
vt 0.055556 0.630739
vt 0.083333 0.630739
vt 0.111111 0.630739
vt 0.138889 0.630739
vt 0.166667 0.630739
vt 0.194444 0.630739
vt 0.222222 0.630739
vt 0.250000 0.630739
vt 0.277778 0.630739
vt 0.305556 0.630739
vt 0.333333 0.630739
vt 0.361111 0.630739
vt 0.388889 0.630739
vt 0.416667 0.630739
vt 0.444444 0.630739
vt 0.472222 0.630739
vt 0.500000 0.630739
vt 0.527778 0.630739
vt 0.555556 0.630739
vt 0.583333 0.630739
vt 0.611111 0.630739
vt 0.638889 0.630739
vt 0.666667 0.630739
vt 0.694444 0.630739
vt 0.722222 0.630739
vt 0.750000 0.630739
vt 0.777778 0.630739
vt 0.805556 0.630739
vt 0.833333 0.630739
vt 0.861111 0.630739
vt 0.888889 0.630739
vt 0.916667 0.630739
vt 0.944444 0.630739
vt 0.972222 0.630739
vt 1.000000 0.630739
vt 0.000000 0.611572
vt 0.027778 0.611572
vt 0.055556 0.611572
vt 0.083333 0.611572
vt 0.111111 0.611572
vt 0.138889 0.611572
vt 0.166667 0.611572
vt 0.194444 0.611572
vt 0.222222 0.611572
vt 0.250000 0.611572
vt 0.277778 0.611572
vt 0.305556 0.611572
vt 0.333333 0.611572
vt 0.361111 0.611572
vt 0.388889 0.611572
vt 0.416667 0.611572
vt 0.444444 0.611572
vt 0.472222 0.611572
vt 0.500000 0.611572
vt 0.527778 0.611572
vt 0.555556 0.611572
vt 0.583333 0.611572
vt 0.611111 0.611572
vt 0.638889 0.611572
vt 0.666667 0.611572
vt 0.694444 0.611572
vt 0.722222 0.611572
vt 0.750000 0.611572
vt 0.777778 0.611572
vt 0.805556 0.611572
vt 0.833333 0.611572
vt 0.861111 0.611572
vt 0.888889 0.611572
vt 0.916667 0.611572
vt 0.944444 0.611572
vt 0.972222 0.611572
vt 1.000000 0.611572
vt 0.000000 0.592404
vt 0.027778 0.592404
vt 0.055556 0.592404
vt 0.083333 0.592404
vt 0.111111 0.592404
vt 0.138889 0.592404
vt 0.166667 0.592404
vt 0.194444 0.592404
vt 0.222222 0.592404
vt 0.250000 0.592404
vt 0.277778 0.592404
vt 0.305556 0.592404
vt 0.333333 0.592404
vt 0.361111 0.592404
vt 0.388889 0.592404
vt 0.416667 0.592404
vt 0.444444 0.592404
vt 0.472222 0.592404
vt 0.500000 0.592404
vt 0.527778 0.592404
vt 0.555556 0.592404
vt 0.583333 0.592404
vt 0.611111 0.592404
vt 0.638889 0.592404
vt 0.666667 0.592404
vt 0.694444 0.592404
vt 0.722222 0.592404
vt 0.750000 0.592404
vt 0.777778 0.592404
vt 0.805556 0.592404
vt 0.833333 0.592404
vt 0.861111 0.592404
vt 0.888889 0.592404
vt 0.916667 0.592404
vt 0.944444 0.592404
vt 0.972222 0.592404
vt 1.000000 0.592404
vt 0.000000 0.587499
vt 0.027778 0.587499
vt 0.055556 0.587499
vt 0.083333 0.587499
vt 0.111111 0.587499
vt 0.138889 0.587499
vt 0.166667 0.587499
vt 0.194444 0.587499
vt 0.222222 0.587499
vt 0.250000 0.587499
vt 0.277778 0.587499
vt 0.305556 0.587499
vt 0.333333 0.587499
vt 0.361111 0.587499
vt 0.388889 0.587499
vt 0.416667 0.587499
vt 0.444444 0.587499
vt 0.472222 0.587499
vt 0.500000 0.587499
vt 0.527778 0.587499
vt 0.555556 0.587499
vt 0.583333 0.587499
vt 0.611111 0.587499
vt 0.638889 0.587499
vt 0.666667 0.587499
vt 0.694444 0.587499
vt 0.722222 0.587499
vt 0.750000 0.587499
vt 0.777778 0.587499
vt 0.805556 0.587499
vt 0.833333 0.587499
vt 0.861111 0.587499
vt 0.888889 0.587499
vt 0.916667 0.587499
vt 0.944444 0.587499
vt 0.972222 0.587499
vt 1.000000 0.587499
vt 0.000000 0.579417
vt 0.027778 0.579417
vt 0.055556 0.579417
vt 0.083333 0.579417
vt 0.111111 0.579417
vt 0.138889 0.579417
vt 0.166667 0.579417
vt 0.194444 0.579417
vt 0.222222 0.579417
vt 0.250000 0.579417
vt 0.277778 0.579417
vt 0.305556 0.579417
vt 0.333333 0.579417
vt 0.361111 0.579417
vt 0.388889 0.579417
vt 0.416667 0.579417
vt 0.444444 0.579417
vt 0.472222 0.579417
vt 0.500000 0.579417
vt 0.527778 0.579417
vt 0.555556 0.579417
vt 0.583333 0.579417
vt 0.611111 0.579417
vt 0.638889 0.579417
vt 0.666667 0.579417
vt 0.694444 0.579417
vt 0.722222 0.579417
vt 0.750000 0.579417
vt 0.777778 0.579417
vt 0.805556 0.579417
vt 0.833333 0.579417
vt 0.861111 0.579417
vt 0.888889 0.579417
vt 0.916667 0.579417
vt 0.944444 0.579417
vt 0.972222 0.579417
vt 1.000000 0.579417
vt 0.000000 0.559928
vt 0.027778 0.559928
vt 0.055556 0.559928
vt 0.083333 0.559928
vt 0.111111 0.559928
vt 0.138889 0.559928
vt 0.166667 0.559928
vt 0.194444 0.559928
vt 0.222222 0.559928
vt 0.250000 0.559928
vt 0.277778 0.559928
vt 0.305556 0.559928
vt 0.333333 0.559928
vt 0.361111 0.559928
vt 0.388889 0.559928
vt 0.416667 0.559928
vt 0.444444 0.559928
vt 0.472222 0.559928
vt 0.500000 0.559928
vt 0.527778 0.559928
vt 0.555556 0.559928
vt 0.583333 0.559928
vt 0.611111 0.559928
vt 0.638889 0.559928
vt 0.666667 0.559928
vt 0.694444 0.559928
vt 0.722222 0.559928
vt 0.750000 0.559928
vt 0.777778 0.559928
vt 0.805556 0.559928
vt 0.833333 0.559928
vt 0.861111 0.559928
vt 0.888889 0.559928
vt 0.916667 0.559928
vt 0.944444 0.559928
vt 0.972222 0.559928
vt 1.000000 0.559928
vt 0.000000 0.540439
vt 0.027778 0.540439
vt 0.055556 0.540439
vt 0.083333 0.540439
vt 0.111111 0.540439
vt 0.138889 0.540439
vt 0.166667 0.540439
vt 0.194444 0.540439
vt 0.222222 0.540439
vt 0.250000 0.540439
vt 0.277778 0.540439
vt 0.305556 0.540439
vt 0.333333 0.540439
vt 0.361111 0.540439
vt 0.388889 0.540439
vt 0.416667 0.540439
vt 0.444444 0.540439
vt 0.472222 0.540439
vt 0.500000 0.540439
vt 0.527778 0.540439
vt 0.555556 0.540439
vt 0.583333 0.540439
vt 0.611111 0.540439
vt 0.638889 0.540439
vt 0.666667 0.540439
vt 0.694444 0.540439
vt 0.722222 0.540439
vt 0.750000 0.540439
vt 0.777778 0.540439
vt 0.805556 0.540439
vt 0.833333 0.540439
vt 0.861111 0.540439
vt 0.888889 0.540439
vt 0.916667 0.540439
vt 0.944444 0.540439
vt 0.972222 0.540439
vt 1.000000 0.540439
vt 0.000000 0.520950
vt 0.027778 0.520950
vt 0.055556 0.520950
vt 0.083333 0.520950
vt 0.111111 0.520950
vt 0.138889 0.520950
vt 0.166667 0.520950
vt 0.194444 0.520950
vt 0.222222 0.520950
vt 0.250000 0.520950
vt 0.277778 0.520950
vt 0.305556 0.520950
vt 0.333333 0.520950
vt 0.361111 0.520950
vt 0.388889 0.520950
vt 0.416667 0.520950
vt 0.444444 0.520950
vt 0.472222 0.520950
vt 0.500000 0.520950
vt 0.527778 0.520950
vt 0.555556 0.520950
vt 0.583333 0.520950
vt 0.611111 0.520950
vt 0.638889 0.520950
vt 0.666667 0.520950
vt 0.694444 0.520950
vt 0.722222 0.520950
vt 0.750000 0.520950
vt 0.777778 0.520950
vt 0.805556 0.520950
vt 0.833333 0.520950
vt 0.861111 0.520950
vt 0.888889 0.520950
vt 0.916667 0.520950
vt 0.944444 0.520950
vt 0.972222 0.520950
vt 1.000000 0.520950
vt 0.000000 0.514844
vt 0.027778 0.514844
vt 0.055556 0.514844
vt 0.083333 0.514844
vt 0.111111 0.514844
vt 0.138889 0.514844
vt 0.166667 0.514844
vt 0.194444 0.514844
vt 0.222222 0.514844
vt 0.250000 0.514844
vt 0.277778 0.514844
vt 0.305556 0.514844
vt 0.333333 0.514844
vt 0.361111 0.514844
vt 0.388889 0.514844
vt 0.416667 0.514844
vt 0.444444 0.514844
vt 0.472222 0.514844
vt 0.500000 0.514844
vt 0.527778 0.514844
vt 0.555556 0.514844
vt 0.583333 0.514844
vt 0.611111 0.514844
vt 0.638889 0.514844
vt 0.666667 0.514844
vt 0.694444 0.514844
vt 0.722222 0.514844
vt 0.750000 0.514844
vt 0.777778 0.514844
vt 0.805556 0.514844
vt 0.833333 0.514844
vt 0.861111 0.514844
vt 0.888889 0.514844
vt 0.916667 0.514844
vt 0.944444 0.514844
vt 0.972222 0.514844
vt 1.000000 0.514844
vt 0.000000 0.508738
vt 0.027778 0.508738
vt 0.055556 0.508738
vt 0.083333 0.508738
vt 0.111111 0.508738
vt 0.138889 0.508738
vt 0.166667 0.508738
vt 0.194444 0.508738
vt 0.222222 0.508738
vt 0.250000 0.508738
vt 0.277778 0.508738
vt 0.305556 0.508738
vt 0.333333 0.508738
vt 0.361111 0.508738
vt 0.388889 0.508738
vt 0.416667 0.508738
vt 0.444444 0.508738
vt 0.472222 0.508738
vt 0.500000 0.508738
vt 0.527778 0.508738
vt 0.555556 0.508738
vt 0.583333 0.508738
vt 0.611111 0.508738
vt 0.638889 0.508738
vt 0.666667 0.508738
vt 0.694444 0.508738
vt 0.722222 0.508738
vt 0.750000 0.508738
vt 0.777778 0.508738
vt 0.805556 0.508738
vt 0.833333 0.508738
vt 0.861111 0.508738
vt 0.888889 0.508738
vt 0.916667 0.508738
vt 0.944444 0.508738
vt 0.972222 0.508738
vt 1.000000 0.508738
vt 0.000000 0.503240
vt 0.027778 0.503240
vt 0.055556 0.503240
vt 0.083333 0.503240
vt 0.111111 0.503240
vt 0.138889 0.503240
vt 0.166667 0.503240
vt 0.194444 0.503240
vt 0.222222 0.503240
vt 0.250000 0.503240
vt 0.277778 0.503240
vt 0.305556 0.503240
vt 0.333333 0.503240
vt 0.361111 0.503240
vt 0.388889 0.503240
vt 0.416667 0.503240
vt 0.444444 0.503240
vt 0.472222 0.503240
vt 0.500000 0.503240
vt 0.527778 0.503240
vt 0.555556 0.503240
vt 0.583333 0.503240
vt 0.611111 0.503240
vt 0.638889 0.503240
vt 0.666667 0.503240
vt 0.694444 0.503240
vt 0.722222 0.503240
vt 0.750000 0.503240
vt 0.777778 0.503240
vt 0.805556 0.503240
vt 0.833333 0.503240
vt 0.861111 0.503240
vt 0.888889 0.503240
vt 0.916667 0.503240
vt 0.944444 0.503240
vt 0.972222 0.503240
vt 1.000000 0.503240
vt 0.000000 0.497741
vt 0.027778 0.497741
vt 0.055556 0.497741
vt 0.083333 0.497741
vt 0.111111 0.497741
vt 0.138889 0.497741
vt 0.166667 0.497741
vt 0.194444 0.497741
vt 0.222222 0.497741
vt 0.250000 0.497741
vt 0.277778 0.497741
vt 0.305556 0.497741
vt 0.333333 0.497741
vt 0.361111 0.497741
vt 0.388889 0.497741
vt 0.416667 0.497741
vt 0.444444 0.497741
vt 0.472222 0.497741
vt 0.500000 0.497741
vt 0.527778 0.497741
vt 0.555556 0.497741
vt 0.583333 0.497741
vt 0.611111 0.497741
vt 0.638889 0.497741
vt 0.666667 0.497741
vt 0.694444 0.497741
vt 0.722222 0.497741
vt 0.750000 0.497741
vt 0.777778 0.497741
vt 0.805556 0.497741
vt 0.833333 0.497741
vt 0.861111 0.497741
vt 0.888889 0.497741
vt 0.916667 0.497741
vt 0.944444 0.497741
vt 0.972222 0.497741
vt 1.000000 0.497741
vt 0.000000 0.481281
vt 0.027778 0.481281
vt 0.055556 0.481281
vt 0.083333 0.481281
vt 0.111111 0.481281
vt 0.138889 0.481281
vt 0.166667 0.481281
vt 0.194444 0.481281
vt 0.222222 0.481281
vt 0.250000 0.481281
vt 0.277778 0.481281
vt 0.305556 0.481281
vt 0.333333 0.481281
vt 0.361111 0.481281
vt 0.388889 0.481281
vt 0.416667 0.481281
vt 0.444444 0.481281
vt 0.472222 0.481281
vt 0.500000 0.481281
vt 0.527778 0.481281
vt 0.555556 0.481281
vt 0.583333 0.481281
vt 0.611111 0.481281
vt 0.638889 0.481281
vt 0.666667 0.481281
vt 0.694444 0.481281
vt 0.722222 0.481281
vt 0.750000 0.481281
vt 0.777778 0.481281
vt 0.805556 0.481281
vt 0.833333 0.481281
vt 0.861111 0.481281
vt 0.888889 0.481281
vt 0.916667 0.481281
vt 0.944444 0.481281
vt 0.972222 0.481281
vt 1.000000 0.481281
vt 0.000000 0.460208
vt 0.027778 0.460208
vt 0.055556 0.460208
vt 0.083333 0.460208
vt 0.111111 0.460208
vt 0.138889 0.460208
vt 0.166667 0.460208
vt 0.194444 0.460208
vt 0.222222 0.460208
vt 0.250000 0.460208
vt 0.277778 0.460208
vt 0.305556 0.460208
vt 0.333333 0.460208
vt 0.361111 0.460208
vt 0.388889 0.460208
vt 0.416667 0.460208
vt 0.444444 0.460208
vt 0.472222 0.460208
vt 0.500000 0.460208
vt 0.527778 0.460208
vt 0.555556 0.460208
vt 0.583333 0.460208
vt 0.611111 0.460208
vt 0.638889 0.460208
vt 0.666667 0.460208
vt 0.694444 0.460208
vt 0.722222 0.460208
vt 0.750000 0.460208
vt 0.777778 0.460208
vt 0.805556 0.460208
vt 0.833333 0.460208
vt 0.861111 0.460208
vt 0.888889 0.460208
vt 0.916667 0.460208
vt 0.944444 0.460208
vt 0.972222 0.460208
vt 1.000000 0.460208
vt 0.000000 0.439134
vt 0.027778 0.439134
vt 0.055556 0.439134
vt 0.083333 0.439134
vt 0.111111 0.439134
vt 0.138889 0.439134
vt 0.166667 0.439134
vt 0.194444 0.439134
vt 0.222222 0.439134
vt 0.250000 0.439134
vt 0.277778 0.439134
vt 0.305556 0.439134
vt 0.333333 0.439134
vt 0.361111 0.439134
vt 0.388889 0.439134
vt 0.416667 0.439134
vt 0.444444 0.439134
vt 0.472222 0.439134
vt 0.500000 0.439134
vt 0.527778 0.439134
vt 0.555556 0.439134
vt 0.583333 0.439134
vt 0.611111 0.439134
vt 0.638889 0.439134
vt 0.666667 0.439134
vt 0.694444 0.439134
vt 0.722222 0.439134
vt 0.750000 0.439134
vt 0.777778 0.439134
vt 0.805556 0.439134
vt 0.833333 0.439134
vt 0.861111 0.439134
vt 0.888889 0.439134
vt 0.916667 0.439134
vt 0.944444 0.439134
vt 0.972222 0.439134
vt 1.000000 0.439134
vt 0.000000 0.418094
vt 0.027778 0.418094
vt 0.055556 0.418094
vt 0.083333 0.418094
vt 0.111111 0.418094
vt 0.138889 0.418094
vt 0.166667 0.418094
vt 0.194444 0.418094
vt 0.222222 0.418094
vt 0.250000 0.418094
vt 0.277778 0.418094
vt 0.305556 0.418094
vt 0.333333 0.418094
vt 0.361111 0.418094
vt 0.388889 0.418094
vt 0.416667 0.418094
vt 0.444444 0.418094
vt 0.472222 0.418094
vt 0.500000 0.418094
vt 0.527778 0.418094
vt 0.555556 0.418094
vt 0.583333 0.418094
vt 0.611111 0.418094
vt 0.638889 0.418094
vt 0.666667 0.418094
vt 0.694444 0.418094
vt 0.722222 0.418094
vt 0.750000 0.418094
vt 0.777778 0.418094
vt 0.805556 0.418094
vt 0.833333 0.418094
vt 0.861111 0.418094
vt 0.888889 0.418094
vt 0.916667 0.418094
vt 0.944444 0.418094
vt 0.972222 0.418094
vt 1.000000 0.418094
vt 0.000000 0.389368
vt 0.027778 0.389368
vt 0.055556 0.389368
vt 0.083333 0.389368
vt 0.111111 0.389368
vt 0.138889 0.389368
vt 0.166667 0.389368
vt 0.194444 0.389368
vt 0.222222 0.389368
vt 0.250000 0.389368
vt 0.277778 0.389368
vt 0.305556 0.389368
vt 0.333333 0.389368
vt 0.361111 0.389368
vt 0.388889 0.389368
vt 0.416667 0.389368
vt 0.444444 0.389368
vt 0.472222 0.389368
vt 0.500000 0.389368
vt 0.527778 0.389368
vt 0.555556 0.389368
vt 0.583333 0.389368
vt 0.611111 0.389368
vt 0.638889 0.389368
vt 0.666667 0.389368
vt 0.694444 0.389368
vt 0.722222 0.389368
vt 0.750000 0.389368
vt 0.777778 0.389368
vt 0.805556 0.389368
vt 0.833333 0.389368
vt 0.861111 0.389368
vt 0.888889 0.389368
vt 0.916667 0.389368
vt 0.944444 0.389368
vt 0.972222 0.389368
vt 1.000000 0.389368
vt 0.000000 0.360642
vt 0.027778 0.360642
vt 0.055556 0.360642
vt 0.083333 0.360642
vt 0.111111 0.360642
vt 0.138889 0.360642
vt 0.166667 0.360642
vt 0.194444 0.360642
vt 0.222222 0.360642
vt 0.250000 0.360642
vt 0.277778 0.360642
vt 0.305556 0.360642
vt 0.333333 0.360642
vt 0.361111 0.360642
vt 0.388889 0.360642
vt 0.416667 0.360642
vt 0.444444 0.360642
vt 0.472222 0.360642
vt 0.500000 0.360642
vt 0.527778 0.360642
vt 0.555556 0.360642
vt 0.583333 0.360642
vt 0.611111 0.360642
vt 0.638889 0.360642
vt 0.666667 0.360642
vt 0.694444 0.360642
vt 0.722222 0.360642
vt 0.750000 0.360642
vt 0.777778 0.360642
vt 0.805556 0.360642
vt 0.833333 0.360642
vt 0.861111 0.360642
vt 0.888889 0.360642
vt 0.916667 0.360642
vt 0.944444 0.360642
vt 0.972222 0.360642
vt 1.000000 0.360642
vt 0.000000 0.346799
vt 0.027778 0.346799
vt 0.055556 0.346799
vt 0.083333 0.346799
vt 0.111111 0.346799
vt 0.138889 0.346799
vt 0.166667 0.346799
vt 0.194444 0.346799
vt 0.222222 0.346799
vt 0.250000 0.346799
vt 0.277778 0.346799
vt 0.305556 0.346799
vt 0.333333 0.346799
vt 0.361111 0.346799
vt 0.388889 0.346799
vt 0.416667 0.346799
vt 0.444444 0.346799
vt 0.472222 0.346799
vt 0.500000 0.346799
vt 0.527778 0.346799
vt 0.555556 0.346799
vt 0.583333 0.346799
vt 0.611111 0.346799
vt 0.638889 0.346799
vt 0.666667 0.346799
vt 0.694444 0.346799
vt 0.722222 0.346799
vt 0.750000 0.346799
vt 0.777778 0.346799
vt 0.805556 0.346799
vt 0.833333 0.346799
vt 0.861111 0.346799
vt 0.888889 0.346799
vt 0.916667 0.346799
vt 0.944444 0.346799
vt 0.972222 0.346799
vt 1.000000 0.346799
vt 0.000000 0.332956
vt 0.027778 0.332956
vt 0.055556 0.332956
vt 0.083333 0.332956
vt 0.111111 0.332956
vt 0.138889 0.332956
vt 0.166667 0.332956
vt 0.194444 0.332956
vt 0.222222 0.332956
vt 0.250000 0.332956
vt 0.277778 0.332956
vt 0.305556 0.332956
vt 0.333333 0.332956
vt 0.361111 0.332956
vt 0.388889 0.332956
vt 0.416667 0.332956
vt 0.444444 0.332956
vt 0.472222 0.332956
vt 0.500000 0.332956
vt 0.527778 0.332956
vt 0.555556 0.332956
vt 0.583333 0.332956
vt 0.611111 0.332956
vt 0.638889 0.332956
vt 0.666667 0.332956
vt 0.694444 0.332956
vt 0.722222 0.332956
vt 0.750000 0.332956
vt 0.777778 0.332956
vt 0.805556 0.332956
vt 0.833333 0.332956
vt 0.861111 0.332956
vt 0.888889 0.332956
vt 0.916667 0.332956
vt 0.944444 0.332956
vt 0.972222 0.332956
vt 1.000000 0.332956
vt 0.000000 0.316478
vt 0.027778 0.316478
vt 0.055556 0.316478
vt 0.083333 0.316478
vt 0.111111 0.316478
vt 0.138889 0.316478
vt 0.166667 0.316478
vt 0.194444 0.316478
vt 0.222222 0.316478
vt 0.250000 0.316478
vt 0.277778 0.316478
vt 0.305556 0.316478
vt 0.333333 0.316478
vt 0.361111 0.316478
vt 0.388889 0.316478
vt 0.416667 0.316478
vt 0.444444 0.316478
vt 0.472222 0.316478
vt 0.500000 0.316478
vt 0.527778 0.316478
vt 0.555556 0.316478
vt 0.583333 0.316478
vt 0.611111 0.316478
vt 0.638889 0.316478
vt 0.666667 0.316478
vt 0.694444 0.316478
vt 0.722222 0.316478
vt 0.750000 0.316478
vt 0.777778 0.316478
vt 0.805556 0.316478
vt 0.833333 0.316478
vt 0.861111 0.316478
vt 0.888889 0.316478
vt 0.916667 0.316478
vt 0.944444 0.316478
vt 0.972222 0.316478
vt 1.000000 0.316478
vt 0.013889 1.000000
vt 0.041667 1.000000
vt 0.069444 1.000000
vt 0.097222 1.000000
vt 0.125000 1.000000
vt 0.152778 1.000000
vt 0.180556 1.000000
vt 0.208333 1.000000
vt 0.236111 1.000000
vt 0.263889 1.000000
vt 0.291667 1.000000
vt 0.319444 1.000000
vt 0.347222 1.000000
vt 0.375000 1.000000
vt 0.402778 1.000000
vt 0.430556 1.000000
vt 0.458333 1.000000
vt 0.486111 1.000000
vt 0.513889 1.000000
vt 0.541667 1.000000
vt 0.569444 1.000000
vt 0.597222 1.000000
vt 0.625000 1.000000
vt 0.652778 1.000000
vt 0.680556 1.000000
vt 0.708333 1.000000
vt 0.736111 1.000000
vt 0.763889 1.000000
vt 0.791667 1.000000
vt 0.819444 1.000000
vt 0.847222 1.000000
vt 0.875000 1.000000
vt 0.902778 1.000000
vt 0.930556 1.000000
vt 0.958333 1.000000
vt 0.986111 1.000000
vt 0.013889 0.300000
vt 0.041667 0.300000
vt 0.069444 0.300000
vt 0.097222 0.300000
vt 0.125000 0.300000
vt 0.152778 0.300000
vt 0.180556 0.300000
vt 0.208333 0.300000
vt 0.236111 0.300000
vt 0.263889 0.300000
vt 0.291667 0.300000
vt 0.319444 0.300000
vt 0.347222 0.300000
vt 0.375000 0.300000
vt 0.402778 0.300000
vt 0.430556 0.300000
vt 0.458333 0.300000
vt 0.486111 0.300000
vt 0.513889 0.300000
vt 0.541667 0.300000
vt 0.569444 0.300000
vt 0.597222 0.300000
vt 0.625000 0.300000
vt 0.652778 0.300000
vt 0.680556 0.300000
vt 0.708333 0.300000
vt 0.736111 0.300000
vt 0.763889 0.300000
vt 0.791667 0.300000
vt 0.819444 0.300000
vt 0.847222 0.300000
vt 0.875000 0.300000
vt 0.902778 0.300000
vt 0.930556 0.300000
vt 0.958333 0.300000
vt 0.986111 0.300000
vt 0.005000 0.022100
vt 0.017477 0.022100
vt 0.033430 0.022100
vt 0.052866 0.022100
vt 0.073665 0.022100
vt 0.093101 0.022100
vt 0.109054 0.022100
vt 0.121531 0.022100
vt 0.126159 0.022100
vt 0.139127 0.022100
vt 0.157866 0.022100
vt 0.178665 0.022100
vt 0.197404 0.022100
vt 0.210372 0.022100
vt 0.215000 0.022100
vt 0.005000 0.057540
vt 0.016802 0.057540
vt 0.032487 0.057540
vt 0.051956 0.057540
vt 0.072891 0.057540
vt 0.092360 0.057540
vt 0.108045 0.057540
vt 0.119847 0.057540
vt 0.124921 0.057540
vt 0.138073 0.057540
vt 0.156956 0.057540
vt 0.177891 0.057540
vt 0.196774 0.057540
vt 0.209926 0.057540
vt 0.215000 0.057540
vt 0.005000 0.092981
vt 0.016204 0.092981
vt 0.031671 0.092981
vt 0.051191 0.092981
vt 0.072264 0.092981
vt 0.091784 0.092981
vt 0.107251 0.092981
vt 0.118455 0.092981
vt 0.123853 0.092981
vt 0.137167 0.092981
vt 0.156191 0.092981
vt 0.177264 0.092981
vt 0.196288 0.092981
vt 0.209602 0.092981
vt 0.215000 0.092981
vt 0.005000 0.128421
vt 0.015705 0.128421
vt 0.031024 0.128421
vt 0.050629 0.128421
vt 0.071866 0.128421
vt 0.091471 0.128421
vt 0.106790 0.128421
vt 0.117495 0.128421
vt 0.123016 0.128421
vt 0.136454 0.128421
vt 0.155629 0.128421
vt 0.176866 0.128421
vt 0.196041 0.128421
vt 0.209479 0.128421
vt 0.215000 0.128421
vt 0.005000 0.163862
vt 0.015284 0.163862
vt 0.030512 0.163862
vt 0.050239 0.163862
vt 0.071666 0.163862
vt 0.091393 0.163862
vt 0.106621 0.163862
vt 0.116905 0.163862
vt 0.122367 0.163862
vt 0.135897 0.163862
vt 0.155239 0.163862
vt 0.176666 0.163862
vt 0.196008 0.163862
vt 0.209538 0.163862
vt 0.215000 0.163862
vt 0.005000 0.199302
vt 0.014878 0.199302
vt 0.030048 0.199302
vt 0.049931 0.199302
vt 0.071586 0.199302
vt 0.091470 0.199302
vt 0.106639 0.199302
vt 0.116517 0.199302
vt 0.121789 0.199302
vt 0.135398 0.199302
vt 0.154931 0.199302
vt 0.176586 0.199302
vt 0.196119 0.199302
vt 0.209729 0.199302
vt 0.215000 0.199302
vt 0.005000 0.234742
vt 0.014348 0.234742
vt 0.029447 0.234742
vt 0.049530 0.234742
vt 0.071469 0.234742
vt 0.091551 0.234742
vt 0.106650 0.234742
vt 0.115999 0.234742
vt 0.121040 0.234742
vt 0.134755 0.234742
vt 0.154530 0.234742
vt 0.176469 0.234742
vt 0.196243 0.234742
vt 0.209959 0.234742
vt 0.215000 0.234742
vt 0.005000 0.253349
vt 0.013905 0.253349
vt 0.028934 0.253349
vt 0.049150 0.253349
vt 0.071286 0.253349
vt 0.091501 0.253349
vt 0.106531 0.253349
vt 0.115436 0.253349
vt 0.120395 0.253349
vt 0.134204 0.253349
vt 0.154150 0.253349
vt 0.176286 0.253349
vt 0.196232 0.253349
vt 0.210041 0.253349
vt 0.215000 0.253349
vt 0.005000 0.267968
vt 0.013346 0.267968
vt 0.028277 0.267968
vt 0.048627 0.267968
vt 0.070969 0.267968
vt 0.091318 0.267968
vt 0.106250 0.267968
vt 0.114595 0.267968
vt 0.119567 0.267968
vt 0.133497 0.267968
vt 0.153627 0.267968
vt 0.175969 0.267968
vt 0.196098 0.267968
vt 0.210028 0.267968
vt 0.215000 0.267968
vt 0.005000 0.278600
vt 0.012641 0.278600
vt 0.027458 0.278600
vt 0.047965 0.278600
vt 0.070548 0.278600
vt 0.091055 0.278600
vt 0.105873 0.278600
vt 0.113514 0.278600
vt 0.118539 0.278600
vt 0.132619 0.278600
vt 0.152965 0.278600
vt 0.175548 0.278600
vt 0.195895 0.278600
vt 0.209975 0.278600
vt 0.215000 0.278600
vt 0.011239 0.005000
vt 0.025454 0.005000
vt 0.043148 0.005000
vt 0.063266 0.005000
vt 0.083383 0.005000
vt 0.101077 0.005000
vt 0.115292 0.005000
vt 0.123845 0.005000
vt 0.132643 0.005000
vt 0.148497 0.005000
vt 0.168266 0.005000
vt 0.188034 0.005000
vt 0.203888 0.005000
vt 0.212686 0.005000
vt 0.008820 0.290000
vt 0.020050 0.290000
vt 0.037712 0.290000
vt 0.059257 0.290000
vt 0.080802 0.290000
vt 0.098464 0.290000
vt 0.109693 0.290000
vt 0.116026 0.290000
vt 0.125579 0.290000
vt 0.142792 0.290000
vt 0.164257 0.290000
vt 0.185721 0.290000
vt 0.202935 0.290000
vt 0.212487 0.290000
vt 0.225000 0.022100
vt 0.238071 0.022100
vt 0.254784 0.022100
vt 0.275145 0.022100
vt 0.296935 0.022100
vt 0.317296 0.022100
vt 0.334009 0.022100
vt 0.347080 0.022100
vt 0.351929 0.022100
vt 0.365514 0.022100
vt 0.385145 0.022100
vt 0.406935 0.022100
vt 0.426566 0.022100
vt 0.440151 0.022100
vt 0.445000 0.022100
vt 0.225000 0.057540
vt 0.237364 0.057540
vt 0.253796 0.057540
vt 0.274192 0.057540
vt 0.296124 0.057540
vt 0.316520 0.057540
vt 0.332951 0.057540
vt 0.345316 0.057540
vt 0.350632 0.057540
vt 0.364410 0.057540
vt 0.384192 0.057540
vt 0.406124 0.057540
vt 0.425906 0.057540
vt 0.439684 0.057540
vt 0.445000 0.057540
vt 0.225000 0.092981
vt 0.236738 0.092981
vt 0.252941 0.092981
vt 0.273390 0.092981
vt 0.295467 0.092981
vt 0.315916 0.092981
vt 0.332120 0.092981
vt 0.343858 0.092981
vt 0.349513 0.092981
vt 0.363460 0.092981
vt 0.383390 0.092981
vt 0.405467 0.092981
vt 0.425397 0.092981
vt 0.439345 0.092981
vt 0.445000 0.092981
vt 0.225000 0.128421
vt 0.236215 0.128421
vt 0.252263 0.128421
vt 0.272802 0.128421
vt 0.295050 0.128421
vt 0.315589 0.128421
vt 0.331637 0.128421
vt 0.342852 0.128421
vt 0.348636 0.128421
vt 0.362713 0.128421
vt 0.382802 0.128421
vt 0.405050 0.128421
vt 0.425139 0.128421
vt 0.439216 0.128421
vt 0.445000 0.128421
vt 0.225000 0.163862
vt 0.235774 0.163862
vt 0.251727 0.163862
vt 0.272393 0.163862
vt 0.294841 0.163862
vt 0.315507 0.163862
vt 0.331460 0.163862
vt 0.342234 0.163862
vt 0.347956 0.163862
vt 0.362130 0.163862
vt 0.382393 0.163862
vt 0.404841 0.163862
vt 0.425104 0.163862
vt 0.439278 0.163862
vt 0.445000 0.163862
vt 0.225000 0.199302
vt 0.235349 0.199302
vt 0.251240 0.199302
vt 0.272071 0.199302
vt 0.294757 0.199302
vt 0.315587 0.199302
vt 0.331479 0.199302
vt 0.341828 0.199302
vt 0.347350 0.199302
vt 0.361608 0.199302
vt 0.382071 0.199302
vt 0.404757 0.199302
vt 0.425220 0.199302
vt 0.439478 0.199302
vt 0.445000 0.199302
vt 0.225000 0.234742
vt 0.234793 0.234742
vt 0.250612 0.234742
vt 0.271650 0.234742
vt 0.294634 0.234742
vt 0.315673 0.234742
vt 0.331491 0.234742
vt 0.341284 0.234742
vt 0.346565 0.234742
vt 0.360934 0.234742
vt 0.381650 0.234742
vt 0.404634 0.234742
vt 0.425350 0.234742
vt 0.439719 0.234742
vt 0.445000 0.234742
vt 0.225000 0.253349
vt 0.234329 0.253349
vt 0.250074 0.253349
vt 0.271252 0.253349
vt 0.294442 0.253349
vt 0.315620 0.253349
vt 0.331365 0.253349
vt 0.340695 0.253349
vt 0.345890 0.253349
vt 0.360357 0.253349
vt 0.381252 0.253349
vt 0.404442 0.253349
vt 0.425338 0.253349
vt 0.439805 0.253349
vt 0.445000 0.253349
vt 0.225000 0.267968
vt 0.233743 0.267968
vt 0.249386 0.267968
vt 0.270704 0.267968
vt 0.294110 0.267968
vt 0.315429 0.267968
vt 0.331071 0.267968
vt 0.339814 0.267968
vt 0.345023 0.267968
vt 0.359616 0.267968
vt 0.380704 0.267968
vt 0.404110 0.267968
vt 0.425198 0.267968
vt 0.439792 0.267968
vt 0.445000 0.267968
vt 0.225000 0.278600
vt 0.233005 0.278600
vt 0.248528 0.278600
vt 0.270011 0.278600
vt 0.293670 0.278600
vt 0.315153 0.278600
vt 0.330676 0.278600
vt 0.338681 0.278600
vt 0.343945 0.278600
vt 0.358696 0.278600
vt 0.380011 0.278600
vt 0.403670 0.278600
vt 0.424985 0.278600
vt 0.439736 0.278600
vt 0.445000 0.278600
vt 0.231536 0.005000
vt 0.246428 0.005000
vt 0.264965 0.005000
vt 0.286040 0.005000
vt 0.307115 0.005000
vt 0.325652 0.005000
vt 0.340544 0.005000
vt 0.349504 0.005000
vt 0.358721 0.005000
vt 0.375330 0.005000
vt 0.396040 0.005000
vt 0.416750 0.005000
vt 0.433359 0.005000
vt 0.442576 0.005000
vt 0.229002 0.290000
vt 0.240766 0.290000
vt 0.259270 0.290000
vt 0.281840 0.290000
vt 0.304411 0.290000
vt 0.322915 0.290000
vt 0.334679 0.290000
vt 0.341313 0.290000
vt 0.351321 0.290000
vt 0.369354 0.290000
vt 0.391840 0.290000
vt 0.414327 0.290000
vt 0.432360 0.290000
vt 0.442368 0.290000
vt 0.505000 0.166333
vt 0.523284 0.166333
vt 0.542687 0.166333
vt 0.564678 0.166333
vt 0.586669 0.166333
vt 0.606071 0.166333
vt 0.624356 0.166333
vt 0.642652 0.166333
vt 0.662812 0.166333
vt 0.684678 0.166333
vt 0.706544 0.166333
vt 0.726704 0.166333
vt 0.745000 0.166333
vt 0.505000 0.177067
vt 0.522182 0.177067
vt 0.541760 0.177067
vt 0.564723 0.177067
vt 0.587685 0.177067
vt 0.607263 0.177067
vt 0.624445 0.177067
vt 0.641638 0.177067
vt 0.661864 0.177067
vt 0.684723 0.177067
vt 0.707582 0.177067
vt 0.727807 0.177067
vt 0.745000 0.177067
vt 0.505000 0.187800
vt 0.520676 0.187800
vt 0.540540 0.187800
vt 0.564781 0.187800
vt 0.589022 0.187800
vt 0.608885 0.187800
vt 0.624562 0.187800
vt 0.640247 0.187800
vt 0.660617 0.187800
vt 0.684781 0.187800
vt 0.708944 0.187800
vt 0.729315 0.187800
vt 0.745000 0.187800
vt 0.505000 0.198533
vt 0.519262 0.198533
vt 0.539438 0.198533
vt 0.564832 0.198533
vt 0.590225 0.198533
vt 0.610401 0.198533
vt 0.624663 0.198533
vt 0.638933 0.198533
vt 0.659495 0.198533
vt 0.684832 0.198533
vt 0.710168 0.198533
vt 0.730730 0.198533
vt 0.745000 0.198533
vt 0.505000 0.209267
vt 0.518060 0.209267
vt 0.538531 0.209267
vt 0.564871 0.209267
vt 0.591211 0.209267
vt 0.611682 0.209267
vt 0.624742 0.209267
vt 0.637809 0.209267
vt 0.658574 0.209267
vt 0.684871 0.209267
vt 0.711169 0.209267
vt 0.731933 0.209267
vt 0.745000 0.209267
vt 0.505000 0.220000
vt 0.517069 0.220000
vt 0.537803 0.220000
vt 0.564901 0.220000
vt 0.592000 0.220000
vt 0.612734 0.220000
vt 0.624803 0.220000
vt 0.636877 0.220000
vt 0.657834 0.220000
vt 0.684901 0.220000
vt 0.711969 0.220000
vt 0.732926 0.220000
vt 0.745000 0.220000
vt 0.505000 0.230733
vt 0.516253 0.230733
vt 0.537216 0.230733
vt 0.564925 0.230733
vt 0.592634 0.230733
vt 0.613596 0.230733
vt 0.624849 0.230733
vt 0.636106 0.230733
vt 0.657239 0.230733
vt 0.684925 0.230733
vt 0.712610 0.230733
vt 0.733743 0.230733
vt 0.745000 0.230733
vt 0.505000 0.241467
vt 0.515572 0.241467
vt 0.536734 0.241467
vt 0.564943 0.241467
vt 0.593152 0.241467
vt 0.614313 0.241467
vt 0.624885 0.241467
vt 0.635461 0.241467
vt 0.656752 0.241467
vt 0.684943 0.241467
vt 0.713134 0.241467
vt 0.734424 0.241467
vt 0.745000 0.241467
vt 0.505000 0.252200
vt 0.514986 0.252200
vt 0.536324 0.252200
vt 0.564957 0.252200
vt 0.593590 0.252200
vt 0.614929 0.252200
vt 0.624915 0.252200
vt 0.634903 0.252200
vt 0.656338 0.252200
vt 0.684957 0.252200
vt 0.713577 0.252200
vt 0.735011 0.252200
vt 0.745000 0.252200
vt 0.505000 0.262933
vt 0.514460 0.262933
vt 0.535962 0.262933
vt 0.564970 0.262933
vt 0.593978 0.262933
vt 0.615480 0.262933
vt 0.624939 0.262933
vt 0.634402 0.262933
vt 0.655971 0.262933
vt 0.684970 0.262933
vt 0.713969 0.262933
vt 0.735538 0.262933
vt 0.745000 0.262933
vt 0.505000 0.273667
vt 0.513872 0.273667
vt 0.535560 0.273667
vt 0.564983 0.273667
vt 0.594405 0.273667
vt 0.616094 0.273667
vt 0.624966 0.273667
vt 0.633839 0.273667
vt 0.655565 0.273667
vt 0.684983 0.273667
vt 0.714400 0.273667
vt 0.736127 0.273667
vt 0.745000 0.273667
vt 0.514142 0.150000
vt 0.532985 0.150000
vt 0.553682 0.150000
vt 0.575674 0.150000
vt 0.596370 0.150000
vt 0.615214 0.150000
vt 0.633504 0.150000
vt 0.652732 0.150000
vt 0.673745 0.150000
vt 0.695611 0.150000
vt 0.716624 0.150000
vt 0.735852 0.150000
vt 0.509436 0.290000
vt 0.524716 0.290000
vt 0.550272 0.290000
vt 0.579694 0.290000
vt 0.605250 0.290000
vt 0.620530 0.290000
vt 0.629402 0.290000
vt 0.644702 0.290000
vt 0.670274 0.290000
vt 0.699692 0.290000
vt 0.725264 0.290000
vt 0.740564 0.290000
vt 0.755000 0.166333
vt 0.773284 0.166333
vt 0.792687 0.166333
vt 0.814678 0.166333
vt 0.836669 0.166333
vt 0.856071 0.166333
vt 0.874356 0.166333
vt 0.892652 0.166333
vt 0.912812 0.166333
vt 0.934678 0.166333
vt 0.956544 0.166333
vt 0.976704 0.166333
vt 0.995000 0.166333
vt 0.755000 0.177067
vt 0.772182 0.177067
vt 0.791760 0.177067
vt 0.814723 0.177067
vt 0.837685 0.177067
vt 0.857263 0.177067
vt 0.874445 0.177067
vt 0.891638 0.177067
vt 0.911864 0.177067
vt 0.934723 0.177067
vt 0.957582 0.177067
vt 0.977807 0.177067
vt 0.995000 0.177067
vt 0.755000 0.187800
vt 0.770676 0.187800
vt 0.790540 0.187800
vt 0.814781 0.187800
vt 0.839022 0.187800
vt 0.858885 0.187800
vt 0.874562 0.187800
vt 0.890247 0.187800
vt 0.910617 0.187800
vt 0.934781 0.187800
vt 0.958944 0.187800
vt 0.979315 0.187800
vt 0.995000 0.187800
vt 0.755000 0.198533
vt 0.769262 0.198533
vt 0.789438 0.198533
vt 0.814832 0.198533
vt 0.840225 0.198533
vt 0.860401 0.198533
vt 0.874663 0.198533
vt 0.888933 0.198533
vt 0.909495 0.198533
vt 0.934832 0.198533
vt 0.960168 0.198533
vt 0.980730 0.198533
vt 0.995000 0.198533
vt 0.755000 0.209267
vt 0.768060 0.209267
vt 0.788531 0.209267
vt 0.814871 0.209267
vt 0.841211 0.209267
vt 0.861682 0.209267
vt 0.874742 0.209267
vt 0.887809 0.209267
vt 0.908574 0.209267
vt 0.934871 0.209267
vt 0.961169 0.209267
vt 0.981933 0.209267
vt 0.995000 0.209267
vt 0.755000 0.220000
vt 0.767069 0.220000
vt 0.787803 0.220000
vt 0.814901 0.220000
vt 0.842000 0.220000
vt 0.862734 0.220000
vt 0.874803 0.220000
vt 0.886877 0.220000
vt 0.907834 0.220000
vt 0.934901 0.220000
vt 0.961969 0.220000
vt 0.982926 0.220000
vt 0.995000 0.220000
vt 0.755000 0.230733
vt 0.766253 0.230733
vt 0.787216 0.230733
vt 0.814925 0.230733
vt 0.842634 0.230733
vt 0.863596 0.230733
vt 0.874849 0.230733
vt 0.886106 0.230733
vt 0.907239 0.230733
vt 0.934925 0.230733
vt 0.962610 0.230733
vt 0.983743 0.230733
vt 0.995000 0.230733
vt 0.755000 0.241467
vt 0.765572 0.241467
vt 0.786734 0.241467
vt 0.814943 0.241467
vt 0.843152 0.241467
vt 0.864313 0.241467
vt 0.874885 0.241467
vt 0.885461 0.241467
vt 0.906752 0.241467
vt 0.934943 0.241467
vt 0.963134 0.241467
vt 0.984424 0.241467
vt 0.995000 0.241467
vt 0.755000 0.252200
vt 0.764986 0.252200
vt 0.786324 0.252200
vt 0.814957 0.252200
vt 0.843590 0.252200
vt 0.864929 0.252200
vt 0.874915 0.252200
vt 0.884903 0.252200
vt 0.906338 0.252200
vt 0.934957 0.252200
vt 0.963577 0.252200
vt 0.985011 0.252200
vt 0.995000 0.252200
vt 0.755000 0.262933
vt 0.764460 0.262933
vt 0.785962 0.262933
vt 0.814970 0.262933
vt 0.843978 0.262933
vt 0.865480 0.262933
vt 0.874939 0.262933
vt 0.884402 0.262933
vt 0.905971 0.262933
vt 0.934970 0.262933
vt 0.963969 0.262933
vt 0.985538 0.262933
vt 0.995000 0.262933
vt 0.755000 0.273667
vt 0.763872 0.273667
vt 0.785560 0.273667
vt 0.814983 0.273667
vt 0.844405 0.273667
vt 0.866094 0.273667
vt 0.874966 0.273667
vt 0.883839 0.273667
vt 0.905565 0.273667
vt 0.934983 0.273667
vt 0.964400 0.273667
vt 0.986127 0.273667
vt 0.995000 0.273667
vt 0.764142 0.150000
vt 0.782985 0.150000
vt 0.803682 0.150000
vt 0.825674 0.150000
vt 0.846370 0.150000
vt 0.865214 0.150000
vt 0.883504 0.150000
vt 0.902732 0.150000
vt 0.923745 0.150000
vt 0.945611 0.150000
vt 0.966624 0.150000
vt 0.985852 0.150000
vt 0.759436 0.290000
vt 0.774716 0.290000
vt 0.800272 0.290000
vt 0.829694 0.290000
vt 0.855250 0.290000
vt 0.870530 0.290000
vt 0.879402 0.290000
vt 0.894702 0.290000
vt 0.920274 0.290000
vt 0.949692 0.290000
vt 0.975264 0.290000
vt 0.990564 0.290000
vt 0.505000 0.025925
vt 0.514760 0.025925
vt 0.523104 0.025925
vt 0.535000 0.025925
vt 0.546896 0.025925
vt 0.555240 0.025925
vt 0.565000 0.025925
vt 0.574760 0.025925
vt 0.583104 0.025925
vt 0.595000 0.025925
vt 0.606896 0.025925
vt 0.615240 0.025925
vt 0.625000 0.025925
vt 0.505000 0.041450
vt 0.514929 0.041450
vt 0.523264 0.041450
vt 0.535000 0.041450
vt 0.546736 0.041450
vt 0.555071 0.041450
vt 0.565000 0.041450
vt 0.574929 0.041450
vt 0.583264 0.041450
vt 0.595000 0.041450
vt 0.606736 0.041450
vt 0.615071 0.041450
vt 0.625000 0.041450
vt 0.505000 0.056975
vt 0.515033 0.056975
vt 0.523364 0.056975
vt 0.535000 0.056975
vt 0.546636 0.056975
vt 0.554967 0.056975
vt 0.565000 0.056975
vt 0.575033 0.056975
vt 0.583364 0.056975
vt 0.595000 0.056975
vt 0.606636 0.056975
vt 0.614967 0.056975
vt 0.625000 0.056975
vt 0.505000 0.072500
vt 0.515068 0.072500
vt 0.523398 0.072500
vt 0.535000 0.072500
vt 0.546602 0.072500
vt 0.554932 0.072500
vt 0.565000 0.072500
vt 0.575068 0.072500
vt 0.583398 0.072500
vt 0.595000 0.072500
vt 0.606602 0.072500
vt 0.614932 0.072500
vt 0.625000 0.072500
vt 0.505000 0.088025
vt 0.515033 0.088025
vt 0.523364 0.088025
vt 0.535000 0.088025
vt 0.546636 0.088025
vt 0.554967 0.088025
vt 0.565000 0.088025
vt 0.575033 0.088025
vt 0.583364 0.088025
vt 0.595000 0.088025
vt 0.606636 0.088025
vt 0.614967 0.088025
vt 0.625000 0.088025
vt 0.505000 0.103550
vt 0.514929 0.103550
vt 0.523264 0.103550
vt 0.535000 0.103550
vt 0.546736 0.103550
vt 0.555071 0.103550
vt 0.565000 0.103550
vt 0.574929 0.103550
vt 0.583264 0.103550
vt 0.595000 0.103550
vt 0.606736 0.103550
vt 0.615071 0.103550
vt 0.625000 0.103550
vt 0.505000 0.119075
vt 0.514760 0.119075
vt 0.523104 0.119075
vt 0.535000 0.119075
vt 0.546896 0.119075
vt 0.555240 0.119075
vt 0.565000 0.119075
vt 0.574760 0.119075
vt 0.583104 0.119075
vt 0.595000 0.119075
vt 0.606896 0.119075
vt 0.615240 0.119075
vt 0.625000 0.119075
vt 0.509880 0.005000
vt 0.518932 0.005000
vt 0.529052 0.005000
vt 0.540948 0.005000
vt 0.551068 0.005000
vt 0.560120 0.005000
vt 0.569880 0.005000
vt 0.578932 0.005000
vt 0.589052 0.005000
vt 0.600948 0.005000
vt 0.611068 0.005000
vt 0.620120 0.005000
vt 0.509880 0.140000
vt 0.518932 0.140000
vt 0.529052 0.140000
vt 0.540948 0.140000
vt 0.551068 0.140000
vt 0.560120 0.140000
vt 0.569880 0.140000
vt 0.578932 0.140000
vt 0.589052 0.140000
vt 0.600948 0.140000
vt 0.611068 0.140000
vt 0.620120 0.140000
vt 0.635000 0.011750
vt 0.671267 0.011750
vt 0.707534 0.011750
vt 0.725000 0.011750
vt 0.761267 0.011750
vt 0.797534 0.011750
vt 0.815000 0.011750
vt 0.635000 0.026938
vt 0.671481 0.026938
vt 0.707962 0.026938
vt 0.725000 0.026938
vt 0.761481 0.026938
vt 0.797962 0.026938
vt 0.815000 0.026938
vt 0.635000 0.042125
vt 0.671685 0.042125
vt 0.708370 0.042125
vt 0.725000 0.042125
vt 0.761685 0.042125
vt 0.798370 0.042125
vt 0.815000 0.042125
vt 0.635000 0.057313
vt 0.671879 0.057313
vt 0.708759 0.057313
vt 0.725000 0.057313
vt 0.761879 0.057313
vt 0.798759 0.057313
vt 0.815000 0.057313
vt 0.635000 0.072500
vt 0.672065 0.072500
vt 0.709130 0.072500
vt 0.725000 0.072500
vt 0.762065 0.072500
vt 0.799130 0.072500
vt 0.815000 0.072500
vt 0.635000 0.087688
vt 0.672242 0.087688
vt 0.709484 0.087688
vt 0.725000 0.087688
vt 0.762242 0.087688
vt 0.799484 0.087688
vt 0.815000 0.087688
vt 0.635000 0.102875
vt 0.672411 0.102875
vt 0.709823 0.102875
vt 0.725000 0.102875
vt 0.762411 0.102875
vt 0.799823 0.102875
vt 0.815000 0.102875
vt 0.635000 0.118063
vt 0.672574 0.118063
vt 0.710147 0.118063
vt 0.725000 0.118063
vt 0.762574 0.118063
vt 0.800147 0.118063
vt 0.815000 0.118063
vt 0.635000 0.133250
vt 0.674395 0.133250
vt 0.713790 0.133250
vt 0.725000 0.133250
vt 0.764395 0.133250
vt 0.803790 0.133250
vt 0.815000 0.133250
vt 0.653134 0.005000
vt 0.689401 0.005000
vt 0.716267 0.005000
vt 0.743134 0.005000
vt 0.779401 0.005000
vt 0.806267 0.005000
vt 0.825000 0.011750
vt 0.859252 0.011750
vt 0.893505 0.011750
vt 0.910000 0.011750
vt 0.944252 0.011750
vt 0.978505 0.011750
vt 0.995000 0.011750
vt 0.825000 0.026938
vt 0.859454 0.026938
vt 0.893909 0.026938
vt 0.910000 0.026938
vt 0.944454 0.026938
vt 0.978909 0.026938
vt 0.995000 0.026938
vt 0.825000 0.042125
vt 0.859647 0.042125
vt 0.894294 0.042125
vt 0.910000 0.042125
vt 0.944647 0.042125
vt 0.979294 0.042125
vt 0.995000 0.042125
vt 0.825000 0.057313
vt 0.859831 0.057313
vt 0.894661 0.057313
vt 0.910000 0.057313
vt 0.944831 0.057313
vt 0.979661 0.057313
vt 0.995000 0.057313
vt 0.825000 0.072500
vt 0.860006 0.072500
vt 0.895011 0.072500
vt 0.910000 0.072500
vt 0.945006 0.072500
vt 0.980011 0.072500
vt 0.995000 0.072500
vt 0.825000 0.087688
vt 0.860173 0.087688
vt 0.895346 0.087688
vt 0.910000 0.087688
vt 0.945173 0.087688
vt 0.980346 0.087688
vt 0.995000 0.087688
vt 0.825000 0.102875
vt 0.860333 0.102875
vt 0.895666 0.102875
vt 0.910000 0.102875
vt 0.945333 0.102875
vt 0.980666 0.102875
vt 0.995000 0.102875
vt 0.825000 0.118063
vt 0.860486 0.118063
vt 0.895972 0.118063
vt 0.910000 0.118063
vt 0.945486 0.118063
vt 0.980972 0.118063
vt 0.995000 0.118063
vt 0.825000 0.133250
vt 0.862206 0.133250
vt 0.899413 0.133250
vt 0.910000 0.133250
vt 0.947206 0.133250
vt 0.984413 0.133250
vt 0.995000 0.133250
vt 0.842126 0.005000
vt 0.876378 0.005000
vt 0.901752 0.005000
vt 0.927126 0.005000
vt 0.961378 0.005000
vt 0.986752 0.005000
vt 0.455000 0.230000
vt 0.458333 0.230000
vt 0.461667 0.230000
vt 0.465000 0.230000
vt 0.468333 0.230000
vt 0.471667 0.230000
vt 0.475000 0.230000
vt 0.478333 0.230000
vt 0.481667 0.230000
vt 0.485000 0.230000
vt 0.488333 0.230000
vt 0.491667 0.230000
vt 0.495000 0.230000
vt 0.455000 0.241250
vt 0.458333 0.241250
vt 0.461667 0.241250
vt 0.465000 0.241250
vt 0.468333 0.241250
vt 0.471667 0.241250
vt 0.475000 0.241250
vt 0.478333 0.241250
vt 0.481667 0.241250
vt 0.485000 0.241250
vt 0.488333 0.241250
vt 0.491667 0.241250
vt 0.495000 0.241250
vt 0.455000 0.252500
vt 0.458333 0.252500
vt 0.461667 0.252500
vt 0.465000 0.252500
vt 0.468333 0.252500
vt 0.471667 0.252500
vt 0.475000 0.252500
vt 0.478333 0.252500
vt 0.481667 0.252500
vt 0.485000 0.252500
vt 0.488333 0.252500
vt 0.491667 0.252500
vt 0.495000 0.252500
vt 0.455000 0.263750
vt 0.458333 0.263750
vt 0.461667 0.263750
vt 0.465000 0.263750
vt 0.468333 0.263750
vt 0.471667 0.263750
vt 0.475000 0.263750
vt 0.478333 0.263750
vt 0.481667 0.263750
vt 0.485000 0.263750
vt 0.488333 0.263750
vt 0.491667 0.263750
vt 0.495000 0.263750
vt 0.455000 0.275000
vt 0.458333 0.275000
vt 0.461667 0.275000
vt 0.465000 0.275000
vt 0.468333 0.275000
vt 0.471667 0.275000
vt 0.475000 0.275000
vt 0.478333 0.275000
vt 0.481667 0.275000
vt 0.485000 0.275000
vt 0.488333 0.275000
vt 0.491667 0.275000
vt 0.495000 0.275000
vt 0.456667 0.215000
vt 0.460000 0.215000
vt 0.463333 0.215000
vt 0.466667 0.215000
vt 0.470000 0.215000
vt 0.473333 0.215000
vt 0.476667 0.215000
vt 0.480000 0.215000
vt 0.483333 0.215000
vt 0.486667 0.215000
vt 0.490000 0.215000
vt 0.493333 0.215000
vt 0.456667 0.290000
vt 0.460000 0.290000
vt 0.463333 0.290000
vt 0.466667 0.290000
vt 0.470000 0.290000
vt 0.473333 0.290000
vt 0.476667 0.290000
vt 0.480000 0.290000
vt 0.483333 0.290000
vt 0.486667 0.290000
vt 0.490000 0.290000
vt 0.493333 0.290000
vn -0.00071 0.99971 0.02424
vn -0.00490 0.99971 0.02374
vn -0.00895 0.99971 0.02253
vn -0.01273 0.99971 0.02063
vn -0.01612 0.99971 0.01811
vn -0.01902 0.99971 0.01504
vn -0.02134 0.99971 0.01151
vn -0.02302 0.99971 0.00762
vn -0.02399 0.99971 0.00351
vn -0.02424 0.99971 -0.00071
vn -0.02374 0.99971 -0.00490
vn -0.02253 0.99971 -0.00895
vn -0.02063 0.99971 -0.01273
vn -0.01811 0.99971 -0.01612
vn -0.01504 0.99971 -0.01902
vn -0.01151 0.99971 -0.02134
vn -0.00762 0.99971 -0.02302
vn -0.00351 0.99971 -0.02399
vn 0.00071 0.99971 -0.02424
vn 0.00490 0.99971 -0.02374
vn 0.00895 0.99971 -0.02253
vn 0.01273 0.99971 -0.02063
vn 0.01612 0.99971 -0.01811
vn 0.01902 0.99971 -0.01504
vn 0.02134 0.99971 -0.01151
vn 0.02302 0.99971 -0.00762
vn 0.02399 0.99971 -0.00351
vn 0.02424 0.99971 0.00071
vn 0.02374 0.99971 0.00490
vn 0.02253 0.99971 0.00895
vn 0.02063 0.99971 0.01273
vn 0.01811 0.99971 0.01612
vn 0.01504 0.99971 0.01902
vn 0.01151 0.99971 0.02134
vn 0.00762 0.99971 0.02302
vn 0.00351 0.99971 0.02399
vn -0.00057 0.99955 0.02996
vn -0.00576 0.99955 0.02940
vn -0.01078 0.99955 0.02796
vn -0.01547 0.99955 0.02566
vn -0.01969 0.99955 0.02258
vn -0.02331 0.99955 0.01882
vn -0.02623 0.99955 0.01449
vn -0.02834 0.99955 0.00971
vn -0.02960 0.99955 0.00464
vn -0.02996 0.99955 -0.00057
vn -0.02940 0.99955 -0.00576
vn -0.02796 0.99955 -0.01078
vn -0.02566 0.99955 -0.01547
vn -0.02258 0.99955 -0.01969
vn -0.01882 0.99955 -0.02331
vn -0.01449 0.99955 -0.02623
vn -0.00971 0.99955 -0.02834
vn -0.00464 0.99955 -0.02960
vn 0.00057 0.99955 -0.02996
vn 0.00576 0.99955 -0.02940
vn 0.01078 0.99955 -0.02796
vn 0.01547 0.99955 -0.02566
vn 0.01969 0.99955 -0.02258
vn 0.02331 0.99955 -0.01882
vn 0.02623 0.99955 -0.01449
vn 0.02834 0.99955 -0.00971
vn 0.02960 0.99955 -0.00464
vn 0.02996 0.99955 0.00057
vn 0.02940 0.99955 0.00576
vn 0.02796 0.99955 0.01078
vn 0.02566 0.99955 0.01547
vn 0.02258 0.99955 0.01969
vn 0.01882 0.99955 0.02331
vn 0.01449 0.99955 0.02623
vn 0.00971 0.99955 0.02834
vn 0.00464 0.99955 0.02960
vn -0.00250 0.99464 0.10338
vn -0.02041 0.99464 0.10138
vn -0.03771 0.99464 0.09629
vn -0.05385 0.99464 0.08828
vn -0.06836 0.99464 0.07759
vn -0.08080 0.99464 0.06454
vn -0.09078 0.99464 0.04953
vn -0.09800 0.99464 0.03301
vn -0.10224 0.99464 0.01549
vn -0.10338 0.99464 -0.00250
vn -0.10138 0.99464 -0.02041
vn -0.09629 0.99464 -0.03771
vn -0.08828 0.99464 -0.05385
vn -0.07759 0.99464 -0.06836
vn -0.06454 0.99464 -0.08080
vn -0.04953 0.99464 -0.09078
vn -0.03301 0.99464 -0.09800
vn -0.01549 0.99464 -0.10224
vn 0.00250 0.99464 -0.10338
vn 0.02041 0.99464 -0.10138
vn 0.03771 0.99464 -0.09629
vn 0.05385 0.99464 -0.08828
vn 0.06836 0.99464 -0.07759
vn 0.08080 0.99464 -0.06454
vn 0.09078 0.99464 -0.04953
vn 0.09800 0.99464 -0.03301
vn 0.10224 0.99464 -0.01549
vn 0.10338 0.99464 0.00250
vn 0.10138 0.99464 0.02041
vn 0.09629 0.99464 0.03771
vn 0.08828 0.99464 0.05385
vn 0.07759 0.99464 0.06836
vn 0.06454 0.99464 0.08080
vn 0.04953 0.99464 0.09078
vn 0.03301 0.99464 0.09800
vn 0.01549 0.99464 0.10224
vn -0.00124 0.98304 0.18339
vn -0.03306 0.98304 0.18039
vn -0.06388 0.98304 0.17191
vn -0.09276 0.98304 0.15820
vn -0.11883 0.98304 0.13969
vn -0.14128 0.98304 0.11693
vn -0.15944 0.98304 0.09062
vn -0.17275 0.98304 0.06156
vn -0.18082 0.98304 0.03063
vn -0.18339 0.98304 -0.00124
vn -0.18039 0.98304 -0.03306
vn -0.17191 0.98304 -0.06388
vn -0.15820 0.98304 -0.09276
vn -0.13969 0.98304 -0.11883
vn -0.11693 0.98304 -0.14128
vn -0.09062 0.98304 -0.15944
vn -0.06156 0.98304 -0.17275
vn -0.03063 0.98304 -0.18082
vn 0.00124 0.98304 -0.18339
vn 0.03306 0.98304 -0.18039
vn 0.06388 0.98304 -0.17191
vn 0.09276 0.98304 -0.15820
vn 0.11883 0.98304 -0.13969
vn 0.14128 0.98304 -0.11693
vn 0.15944 0.98304 -0.09062
vn 0.17275 0.98304 -0.06156
vn 0.18082 0.98304 -0.03063
vn 0.18339 0.98304 0.00124
vn 0.18039 0.98304 0.03306
vn 0.17191 0.98304 0.06388
vn 0.15820 0.98304 0.09276
vn 0.13969 0.98304 0.11883
vn 0.11693 0.98304 0.14128
vn 0.09062 0.98304 0.15944
vn 0.06156 0.98304 0.17275
vn 0.03063 0.98304 0.18082
vn -0.00430 0.95450 0.29819
vn -0.05601 0.95450 0.29292
vn -0.10603 0.95450 0.27874
vn -0.15282 0.95450 0.25609
vn -0.19497 0.95450 0.22567
vn -0.23119 0.95450 0.18838
vn -0.26039 0.95450 0.14537
vn -0.28168 0.95450 0.09795
vn -0.29441 0.95450 0.04755
vn -0.29819 0.95450 -0.00430
vn -0.29292 0.95450 -0.05601
vn -0.27874 0.95450 -0.10603
vn -0.25609 0.95450 -0.15282
vn -0.22567 0.95450 -0.19497
vn -0.18838 0.95450 -0.23119
vn -0.14537 0.95450 -0.26039
vn -0.09795 0.95450 -0.28168
vn -0.04755 0.95450 -0.29441
vn 0.00430 0.95450 -0.29819
vn 0.05601 0.95450 -0.29292
vn 0.10603 0.95450 -0.27874
vn 0.15282 0.95450 -0.25609
vn 0.19497 0.95450 -0.22567
vn 0.23119 0.95450 -0.18838
vn 0.26039 0.95450 -0.14537
vn 0.28168 0.95450 -0.09795
vn 0.29441 0.95450 -0.04755
vn 0.29819 0.95450 0.00430
vn 0.29292 0.95450 0.05601
vn 0.27874 0.95450 0.10603
vn 0.25609 0.95450 0.15282
vn 0.22567 0.95450 0.19497
vn 0.18838 0.95450 0.23119
vn 0.14537 0.95450 0.26039
vn 0.09795 0.95450 0.28168
vn 0.04755 0.95450 0.29441
vn -0.01230 0.65348 0.75685
vn -0.14354 0.65348 0.74321
vn -0.27042 0.65348 0.70700
vn -0.38908 0.65348 0.64930
vn -0.49591 0.65348 0.57187
vn -0.58768 0.65348 0.47707
vn -0.66160 0.65348 0.36777
vn -0.71541 0.65348 0.24730
vn -0.74748 0.65348 0.11931
vn -0.75685 0.65348 -0.01230
vn -0.74321 0.65348 -0.14354
vn -0.70700 0.65348 -0.27042
vn -0.64930 0.65348 -0.38908
vn -0.57187 0.65348 -0.49591
vn -0.47707 0.65348 -0.58768
vn -0.36777 0.65348 -0.66160
vn -0.24730 0.65348 -0.71541
vn -0.11931 0.65348 -0.74748
vn 0.01230 0.65348 -0.75685
vn 0.14354 0.65348 -0.74321
vn 0.27042 0.65348 -0.70700
vn 0.38908 0.65348 -0.64930
vn 0.49591 0.65348 -0.57187
vn 0.58768 0.65348 -0.47707
vn 0.66160 0.65348 -0.36777
vn 0.71541 0.65348 -0.24730
vn 0.74748 0.65348 -0.11931
vn 0.75685 0.65348 0.01230
vn 0.74321 0.65348 0.14354
vn 0.70700 0.65348 0.27042
vn 0.64930 0.65348 0.38908
vn 0.57187 0.65348 0.49591
vn 0.47707 0.65348 0.58768
vn 0.36777 0.65348 0.66160
vn 0.24730 0.65348 0.71541
vn 0.11931 0.65348 0.74748
vn -0.00220 0.27774 0.96065
vn -0.16898 0.27774 0.94568
vn -0.33063 0.27774 0.90197
vn -0.48223 0.27774 0.83085
vn -0.61918 0.27774 0.73449
vn -0.73732 0.27774 0.61581
vn -0.83305 0.27774 0.47843
vn -0.90347 0.27774 0.32650
vn -0.94644 0.27774 0.16465
vn -0.96065 0.27774 -0.00220
vn -0.94568 0.27774 -0.16898
vn -0.90197 0.27774 -0.33063
vn -0.83085 0.27774 -0.48223
vn -0.73449 0.27774 -0.61918
vn -0.61581 0.27774 -0.73732
vn -0.47843 0.27774 -0.83305
vn -0.32650 0.27774 -0.90347
vn -0.16465 0.27774 -0.94644
vn 0.00220 0.27774 -0.96065
vn 0.16898 0.27774 -0.94568
vn 0.33063 0.27774 -0.90197
vn 0.48223 0.27774 -0.83085
vn 0.61918 0.27774 -0.73449
vn 0.73732 0.27774 -0.61581
vn 0.83305 0.27774 -0.47843
vn 0.90347 0.27774 -0.32650
vn 0.94644 0.27774 -0.16465
vn 0.96065 0.27774 0.00220
vn 0.94568 0.27774 0.16898
vn 0.90197 0.27774 0.33063
vn 0.83085 0.27774 0.48223
vn 0.73449 0.27774 0.61918
vn 0.61581 0.27774 0.73732
vn 0.47843 0.27774 0.83305
vn 0.32650 0.27774 0.90347
vn 0.16465 0.27774 0.94644
vn -0.00092 0.20077 0.97964
vn -0.17102 0.20077 0.96460
vn -0.33592 0.20077 0.92024
vn -0.49062 0.20077 0.84793
vn -0.63041 0.20077 0.74985
vn -0.75104 0.20077 0.62899
vn -0.84885 0.20077 0.48902
vn -0.92087 0.20077 0.33419
vn -0.96492 0.20077 0.16920
vn -0.97964 0.20077 -0.00092
vn -0.96460 0.20077 -0.17102
vn -0.92024 0.20077 -0.33592
vn -0.84793 0.20077 -0.49062
vn -0.74985 0.20077 -0.63041
vn -0.62899 0.20077 -0.75104
vn -0.48902 0.20077 -0.84885
vn -0.33419 0.20077 -0.92087
vn -0.16920 0.20077 -0.96492
vn 0.00092 0.20077 -0.97964
vn 0.17102 0.20077 -0.96460
vn 0.33592 0.20077 -0.92024
vn 0.49062 0.20077 -0.84793
vn 0.63041 0.20077 -0.74985
vn 0.75104 0.20077 -0.62899
vn 0.84885 0.20077 -0.48902
vn 0.92087 0.20077 -0.33419
vn 0.96492 0.20077 -0.16920
vn 0.97964 0.20077 0.00092
vn 0.96460 0.20077 0.17102
vn 0.92024 0.20077 0.33592
vn 0.84793 0.20077 0.49062
vn 0.74985 0.20077 0.63041
vn 0.62899 0.20077 0.75104
vn 0.48902 0.20077 0.84885
vn 0.33419 0.20077 0.92087
vn 0.16920 0.20077 0.96492
vn -0.00086 0.20614 0.97852
vn -0.17076 0.20614 0.96351
vn -0.33548 0.20614 0.91922
vn -0.49000 0.20614 0.84700
vn -0.62964 0.20614 0.74904
vn -0.75014 0.20614 0.62833
vn -0.84785 0.20614 0.48852
vn -0.91980 0.20614 0.33387
vn -0.96381 0.20614 0.16908
vn -0.97852 0.20614 -0.00086
vn -0.96351 0.20614 -0.17076
vn -0.91922 0.20614 -0.33548
vn -0.84700 0.20614 -0.49000
vn -0.74904 0.20614 -0.62964
vn -0.62833 0.20614 -0.75014
vn -0.48852 0.20614 -0.84785
vn -0.33387 0.20614 -0.91980
vn -0.16908 0.20614 -0.96381
vn 0.00086 0.20614 -0.97852
vn 0.17076 0.20614 -0.96351
vn 0.33548 0.20614 -0.91922
vn 0.49000 0.20614 -0.84700
vn 0.62964 0.20614 -0.74904
vn 0.75014 0.20614 -0.62833
vn 0.84785 0.20614 -0.48852
vn 0.91980 0.20614 -0.33387
vn 0.96381 0.20614 -0.16908
vn 0.97852 0.20614 0.00086
vn 0.96351 0.20614 0.17076
vn 0.91922 0.20614 0.33548
vn 0.84700 0.20614 0.49000
vn 0.74904 0.20614 0.62964
vn 0.62833 0.20614 0.75014
vn 0.48852 0.20614 0.84785
vn 0.33387 0.20614 0.91980
vn 0.16908 0.20614 0.96381
vn 0.02224 0.34574 0.93806
vn -0.14099 0.34574 0.92768
vn -0.29994 0.34574 0.88910
vn -0.44977 0.34574 0.82351
vn -0.58594 0.34574 0.73290
vn -0.70430 0.34574 0.62002
vn -0.80127 0.34574 0.48830
vn -0.87389 0.34574 0.34174
vn -0.91995 0.34574 0.18480
vn -0.93806 0.34574 0.02224
vn -0.92768 0.34574 -0.14099
vn -0.88910 0.34574 -0.29994
vn -0.82351 0.34574 -0.44977
vn -0.73290 0.34574 -0.58594
vn -0.62002 0.34574 -0.70430
vn -0.48830 0.34574 -0.80127
vn -0.34174 0.34574 -0.87389
vn -0.18480 0.34574 -0.91995
vn -0.02224 0.34574 -0.93806
vn 0.14099 0.34574 -0.92768
vn 0.29994 0.34574 -0.88910
vn 0.44977 0.34574 -0.82351
vn 0.58594 0.34574 -0.73290
vn 0.70430 0.34574 -0.62002
vn 0.80127 0.34574 -0.48830
vn 0.87389 0.34574 -0.34174
vn 0.91995 0.34574 -0.18480
vn 0.93806 0.34574 -0.02224
vn 0.92768 0.34574 0.14099
vn 0.88910 0.34574 0.29994
vn 0.82351 0.34574 0.44977
vn 0.73290 0.34574 0.58594
vn 0.62002 0.34574 0.70430
vn 0.48830 0.34574 0.80127
vn 0.34174 0.34574 0.87389
vn 0.18480 0.34574 0.91995
vn -0.01957 0.36745 0.92984
vn -0.18074 0.36745 0.91231
vn -0.33641 0.36745 0.86707
vn -0.48187 0.36745 0.79548
vn -0.61268 0.36745 0.69972
vn -0.72488 0.36745 0.58270
vn -0.81505 0.36745 0.44797
vn -0.88045 0.36745 0.29963
vn -0.91911 0.36745 0.14219
vn -0.92984 0.36745 -0.01957
vn -0.91231 0.36745 -0.18074
vn -0.86707 0.36745 -0.33641
vn -0.79548 0.36745 -0.48187
vn -0.69972 0.36745 -0.61268
vn -0.58270 0.36745 -0.72488
vn -0.44797 0.36745 -0.81505
vn -0.29963 0.36745 -0.88045
vn -0.14219 0.36745 -0.91911
vn 0.01957 0.36745 -0.92984
vn 0.18074 0.36745 -0.91231
vn 0.33641 0.36745 -0.86707
vn 0.48187 0.36745 -0.79548
vn 0.61268 0.36745 -0.69972
vn 0.72488 0.36745 -0.58270
vn 0.81505 0.36745 -0.44797
vn 0.88045 0.36745 -0.29963
vn 0.91911 0.36745 -0.14219
vn 0.92984 0.36745 0.01957
vn 0.91231 0.36745 0.18074
vn 0.86707 0.36745 0.33641
vn 0.79548 0.36745 0.48187
vn 0.69972 0.36745 0.61268
vn 0.58270 0.36745 0.72488
vn 0.44797 0.36745 0.81505
vn 0.29963 0.36745 0.88045
vn 0.14219 0.36745 0.91911
vn -0.00029 0.09695 0.99529
vn -0.17311 0.09695 0.98012
vn -0.34068 0.09695 0.93517
vn -0.49789 0.09695 0.86180
vn -0.63998 0.09695 0.76225
vn -0.76262 0.09695 0.63954
vn -0.86209 0.09695 0.49740
vn -0.93536 0.09695 0.34014
vn -0.98022 0.09695 0.17255
vn -0.99529 0.09695 -0.00029
vn -0.98012 0.09695 -0.17311
vn -0.93517 0.09695 -0.34068
vn -0.86180 0.09695 -0.49789
vn -0.76225 0.09695 -0.63998
vn -0.63954 0.09695 -0.76262
vn -0.49740 0.09695 -0.86209
vn -0.34014 0.09695 -0.93536
vn -0.17255 0.09695 -0.98022
vn 0.00029 0.09695 -0.99529
vn 0.17311 0.09695 -0.98012
vn 0.34068 0.09695 -0.93517
vn 0.49789 0.09695 -0.86180
vn 0.63998 0.09695 -0.76225
vn 0.76262 0.09695 -0.63954
vn 0.86209 0.09695 -0.49740
vn 0.93536 0.09695 -0.34014
vn 0.98022 0.09695 -0.17255
vn 0.99529 0.09695 0.00029
vn 0.98012 0.09695 0.17311
vn 0.93517 0.09695 0.34068
vn 0.86180 0.09695 0.49789
vn 0.76225 0.09695 0.63998
vn 0.63954 0.09695 0.76262
vn 0.49740 0.09695 0.86209
vn 0.34014 0.09695 0.93536
vn 0.17255 0.09695 0.98022
vn 0.01928 -0.05706 0.99818
vn -0.15435 -0.05706 0.98637
vn -0.32328 -0.05706 0.94458
vn -0.48240 -0.05706 0.87409
vn -0.62685 -0.05706 0.77705
vn -0.75226 -0.05706 0.65639
vn -0.85481 -0.05706 0.51579
vn -0.93139 -0.05706 0.35952
vn -0.97967 -0.05706 0.19232
vn -0.99818 -0.05706 0.01928
vn -0.98637 -0.05706 -0.15435
vn -0.94458 -0.05706 -0.32328
vn -0.87409 -0.05706 -0.48240
vn -0.77705 -0.05706 -0.62685
vn -0.65639 -0.05706 -0.75226
vn -0.51579 -0.05706 -0.85481
vn -0.35952 -0.05706 -0.93139
vn -0.19232 -0.05706 -0.97967
vn -0.01928 -0.05706 -0.99818
vn 0.15435 -0.05706 -0.98637
vn 0.32328 -0.05706 -0.94458
vn 0.48240 -0.05706 -0.87409
vn 0.62685 -0.05706 -0.77705
vn 0.75226 -0.05706 -0.65639
vn 0.85481 -0.05706 -0.51579
vn 0.93139 -0.05706 -0.35952
vn 0.97967 -0.05706 -0.19232
vn 0.99818 -0.05706 -0.01928
vn 0.98637 -0.05706 0.15435
vn 0.94458 -0.05706 0.32328
vn 0.87409 -0.05706 0.48240
vn 0.77705 -0.05706 0.62685
vn 0.65639 -0.05706 0.75226
vn 0.51579 -0.05706 0.85481
vn 0.35952 -0.05706 0.93139
vn 0.19232 -0.05706 0.97967
vn -0.00582 0.26289 0.96481
vn -0.17327 0.26289 0.94914
vn -0.33545 0.26289 0.90463
vn -0.48745 0.26289 0.83264
vn -0.62463 0.26289 0.73534
vn -0.74283 0.26289 0.61571
vn -0.83846 0.26289 0.47736
vn -0.90861 0.26289 0.32451
vn -0.95116 0.26289 0.16180
vn -0.96481 0.26289 -0.00582
vn -0.94914 0.26289 -0.17327
vn -0.90463 0.26289 -0.33545
vn -0.83264 0.26289 -0.48745
vn -0.73534 0.26289 -0.62463
vn -0.61571 0.26289 -0.74283
vn -0.47736 0.26289 -0.83846
vn -0.32451 0.26289 -0.90861
vn -0.16180 0.26289 -0.95116
vn 0.00582 0.26289 -0.96481
vn 0.17327 0.26289 -0.94914
vn 0.33545 0.26289 -0.90463
vn 0.48745 0.26289 -0.83264
vn 0.62463 0.26289 -0.73534
vn 0.74283 0.26289 -0.61571
vn 0.83846 0.26289 -0.47736
vn 0.90861 0.26289 -0.32451
vn 0.95116 0.26289 -0.16180
vn 0.96481 0.26289 0.00582
vn 0.94914 0.26289 0.17327
vn 0.90463 0.26289 0.33545
vn 0.83264 0.26289 0.48745
vn 0.73534 0.26289 0.62463
vn 0.61571 0.26289 0.74283
vn 0.47736 0.26289 0.83846
vn 0.32451 0.26289 0.90861
vn 0.16180 0.26289 0.95116
vn -0.00508 0.81975 0.57270
vn -0.10445 0.81975 0.56312
vn -0.20065 0.81975 0.53642
vn -0.29075 0.81975 0.49343
vn -0.37202 0.81975 0.43545
vn -0.44198 0.81975 0.36423
vn -0.49851 0.81975 0.28195
vn -0.53990 0.81975 0.19110
vn -0.56488 0.81975 0.09444
vn -0.57270 0.81975 -0.00508
vn -0.56312 0.81975 -0.10445
vn -0.53642 0.81975 -0.20065
vn -0.49343 0.81975 -0.29075
vn -0.43545 0.81975 -0.37202
vn -0.36423 0.81975 -0.44198
vn -0.28195 0.81975 -0.49851
vn -0.19110 0.81975 -0.53990
vn -0.09444 0.81975 -0.56488
vn 0.00508 0.81975 -0.57270
vn 0.10445 0.81975 -0.56312
vn 0.20065 0.81975 -0.53642
vn 0.29075 0.81975 -0.49343
vn 0.37202 0.81975 -0.43545
vn 0.44198 0.81975 -0.36423
vn 0.49851 0.81975 -0.28195
vn 0.53990 0.81975 -0.19110
vn 0.56488 0.81975 -0.09444
vn 0.57270 0.81975 0.00508
vn 0.56312 0.81975 0.10445
vn 0.53642 0.81975 0.20065
vn 0.49343 0.81975 0.29075
vn 0.43545 0.81975 0.37202
vn 0.36423 0.81975 0.44198
vn 0.28195 0.81975 0.49851
vn 0.19110 0.81975 0.53990
vn 0.09444 0.81975 0.56488
vn -0.00087 0.86465 0.50237
vn -0.08810 0.86465 0.49459
vn -0.17264 0.86465 0.47178
vn -0.25194 0.86465 0.43463
vn -0.32359 0.86465 0.38428
vn -0.38540 0.86465 0.32225
vn -0.43550 0.86465 0.25043
vn -0.47237 0.86465 0.17100
vn -0.49489 0.86465 0.08638
vn -0.50237 0.86465 -0.00087
vn -0.49459 0.86465 -0.08810
vn -0.47178 0.86465 -0.17264
vn -0.43463 0.86465 -0.25194
vn -0.38428 0.86465 -0.32359
vn -0.32225 0.86465 -0.38540
vn -0.25043 0.86465 -0.43550
vn -0.17100 0.86465 -0.47237
vn -0.08638 0.86465 -0.49489
vn 0.00087 0.86465 -0.50237
vn 0.08810 0.86465 -0.49459
vn 0.17264 0.86465 -0.47178
vn 0.25194 0.86465 -0.43463
vn 0.32359 0.86465 -0.38428
vn 0.38540 0.86465 -0.32225
vn 0.43550 0.86465 -0.25043
vn 0.47237 0.86465 -0.17100
vn 0.49489 0.86465 -0.08638
vn 0.50237 0.86465 0.00087
vn 0.49459 0.86465 0.08810
vn 0.47178 0.86465 0.17264
vn 0.43463 0.86465 0.25194
vn 0.38428 0.86465 0.32359
vn 0.32225 0.86465 0.38540
vn 0.25043 0.86465 0.43550
vn 0.17100 0.86465 0.47237
vn 0.08638 0.86465 0.49489
vn -0.00084 0.86524 0.50136
vn -0.08789 0.86524 0.49360
vn -0.17227 0.86524 0.47084
vn -0.25141 0.86524 0.43377
vn -0.32291 0.86524 0.38353
vn -0.38461 0.86524 0.32163
vn -0.43461 0.86524 0.24995
vn -0.47141 0.86524 0.17069
vn -0.49389 0.86524 0.08623
vn -0.50136 0.86524 -0.00084
vn -0.49360 0.86524 -0.08789
vn -0.47084 0.86524 -0.17227
vn -0.43377 0.86524 -0.25141
vn -0.38353 0.86524 -0.32291
vn -0.32163 0.86524 -0.38461
vn -0.24995 0.86524 -0.43461
vn -0.17069 0.86524 -0.47141
vn -0.08623 0.86524 -0.49389
vn 0.00084 0.86524 -0.50136
vn 0.08789 0.86524 -0.49360
vn 0.17227 0.86524 -0.47084
vn 0.25141 0.86524 -0.43377
vn 0.32291 0.86524 -0.38353
vn 0.38461 0.86524 -0.32163
vn 0.43461 0.86524 -0.24995
vn 0.47141 0.86524 -0.17069
vn 0.49389 0.86524 -0.08623
vn 0.50136 0.86524 0.00084
vn 0.49360 0.86524 0.08789
vn 0.47084 0.86524 0.17227
vn 0.43377 0.86524 0.25141
vn 0.38353 0.86524 0.32291
vn 0.32163 0.86524 0.38461
vn 0.24995 0.86524 0.43461
vn 0.17069 0.86524 0.47141
vn 0.08623 0.86524 0.49389
vn 0.00778 0.87855 0.47758
vn -0.07527 0.87855 0.47168
vn -0.15603 0.87855 0.45144
vn -0.23205 0.87855 0.41749
vn -0.30102 0.87855 0.37085
vn -0.36085 0.87855 0.31294
vn -0.40971 0.87855 0.24553
vn -0.44612 0.87855 0.17065
vn -0.46898 0.87855 0.09059
vn -0.47758 0.87855 0.00778
vn -0.47168 0.87855 -0.07527
vn -0.45144 0.87855 -0.15603
vn -0.41749 0.87855 -0.23205
vn -0.37085 0.87855 -0.30102
vn -0.31294 0.87855 -0.36085
vn -0.24553 0.87855 -0.40971
vn -0.17065 0.87855 -0.44612
vn -0.09059 0.87855 -0.46898
vn -0.00778 0.87855 -0.47758
vn 0.07527 0.87855 -0.47168
vn 0.15603 0.87855 -0.45144
vn 0.23205 0.87855 -0.41749
vn 0.30102 0.87855 -0.37085
vn 0.36085 0.87855 -0.31294
vn 0.40971 0.87855 -0.24553
vn 0.44612 0.87855 -0.17065
vn 0.46898 0.87855 -0.09059
vn 0.47758 0.87855 -0.00778
vn 0.47168 0.87855 0.07527
vn 0.45144 0.87855 0.15603
vn 0.41749 0.87855 0.23205
vn 0.37085 0.87855 0.30102
vn 0.31294 0.87855 0.36085
vn 0.24553 0.87855 0.40971
vn 0.17065 0.87855 0.44612
vn 0.09059 0.87855 0.46898
vn -0.00283 0.86668 0.49885
vn -0.08941 0.86668 0.49078
vn -0.17328 0.86668 0.46780
vn -0.25188 0.86668 0.43060
vn -0.32283 0.86668 0.38032
vn -0.38396 0.86668 0.31849
vn -0.43344 0.86668 0.24698
vn -0.46974 0.86668 0.16796
vn -0.49177 0.86668 0.08384
vn -0.49885 0.86668 -0.00283
vn -0.49078 0.86668 -0.08941
vn -0.46780 0.86668 -0.17328
vn -0.43060 0.86668 -0.25188
vn -0.38032 0.86668 -0.32283
vn -0.31849 0.86668 -0.38396
vn -0.24698 0.86668 -0.43344
vn -0.16796 0.86668 -0.46974
vn -0.08384 0.86668 -0.49177
vn 0.00283 0.86668 -0.49885
vn 0.08941 0.86668 -0.49078
vn 0.17328 0.86668 -0.46780
vn 0.25188 0.86668 -0.43060
vn 0.32283 0.86668 -0.38032
vn 0.38396 0.86668 -0.31849
vn 0.43344 0.86668 -0.24698
vn 0.46974 0.86668 -0.16796
vn 0.49177 0.86668 -0.08384
vn 0.49885 0.86668 0.00283
vn 0.49078 0.86668 0.08941
vn 0.46780 0.86668 0.17328
vn 0.43060 0.86668 0.25188
vn 0.38032 0.86668 0.32283
vn 0.31849 0.86668 0.38396
vn 0.24698 0.86668 0.43344
vn 0.16796 0.86668 0.46974
vn 0.08384 0.86668 0.49177
vn -0.00543 0.49677 0.86787
vn -0.15605 0.49677 0.85374
vn -0.30193 0.49677 0.81367
vn -0.43864 0.49677 0.74888
vn -0.56201 0.49677 0.66133
vn -0.66832 0.49677 0.55369
vn -0.75431 0.49677 0.42923
vn -0.81739 0.49677 0.29172
vn -0.85562 0.49677 0.14535
vn -0.86787 0.49677 -0.00543
vn -0.85374 0.49677 -0.15605
vn -0.81367 0.49677 -0.30193
vn -0.74888 0.49677 -0.43864
vn -0.66133 0.49677 -0.56201
vn -0.55369 0.49677 -0.66832
vn -0.42923 0.49677 -0.75431
vn -0.29172 0.49677 -0.81739
vn -0.14535 0.49677 -0.85562
vn 0.00543 0.49677 -0.86787
vn 0.15605 0.49677 -0.85374
vn 0.30193 0.49677 -0.81367
vn 0.43864 0.49677 -0.74888
vn 0.56201 0.49677 -0.66133
vn 0.66832 0.49677 -0.55369
vn 0.75431 0.49677 -0.42923
vn 0.81739 0.49677 -0.29172
vn 0.85562 0.49677 -0.14535
vn 0.86787 0.49677 0.00543
vn 0.85374 0.49677 0.15605
vn 0.81367 0.49677 0.30193
vn 0.74888 0.49677 0.43864
vn 0.66133 0.49677 0.56201
vn 0.55369 0.49677 0.66832
vn 0.42923 0.49677 0.75431
vn 0.29172 0.49677 0.81739
vn 0.14535 0.49677 0.85562
vn 0.00263 -0.24507 0.96950
vn -0.16576 -0.24507 0.95523
vn -0.32911 -0.24507 0.91194
vn -0.48247 -0.24507 0.84093
vn -0.62117 -0.24507 0.74438
vn -0.74099 -0.24507 0.62520
vn -0.83830 -0.24507 0.48703
vn -0.91013 -0.24507 0.33407
vn -0.95432 -0.24507 0.17095
vn -0.96950 -0.24507 0.00263
vn -0.95523 -0.24507 -0.16576
vn -0.91194 -0.24507 -0.32911
vn -0.84093 -0.24507 -0.48247
vn -0.74438 -0.24507 -0.62117
vn -0.62520 -0.24507 -0.74099
vn -0.48703 -0.24507 -0.83830
vn -0.33407 -0.24507 -0.91013
vn -0.17095 -0.24507 -0.95432
vn -0.00263 -0.24507 -0.96950
vn 0.16576 -0.24507 -0.95523
vn 0.32911 -0.24507 -0.91194
vn 0.48247 -0.24507 -0.84093
vn 0.62117 -0.24507 -0.74438
vn 0.74099 -0.24507 -0.62520
vn 0.83830 -0.24507 -0.48703
vn 0.91013 -0.24507 -0.33407
vn 0.95432 -0.24507 -0.17095
vn 0.96950 -0.24507 -0.00263
vn 0.95523 -0.24507 0.16576
vn 0.91194 -0.24507 0.32911
vn 0.84093 -0.24507 0.48247
vn 0.74438 -0.24507 0.62117
vn 0.62520 -0.24507 0.74099
vn 0.48703 -0.24507 0.83830
vn 0.33407 -0.24507 0.91013
vn 0.17095 -0.24507 0.95432
vn 0.01271 -0.99850 0.05317
vn 0.00328 -0.99850 0.05457
vn -0.00624 -0.99850 0.05431
vn -0.01558 -0.99850 0.05240
vn -0.02444 -0.99850 0.04890
vn -0.03256 -0.99850 0.04391
vn -0.03969 -0.99850 0.03759
vn -0.04562 -0.99850 0.03013
vn -0.05015 -0.99850 0.02175
vn -0.05317 -0.99850 0.01271
vn -0.05457 -0.99850 0.00328
vn -0.05431 -0.99850 -0.00624
vn -0.05240 -0.99850 -0.01558
vn -0.04890 -0.99850 -0.02444
vn -0.04391 -0.99850 -0.03256
vn -0.03759 -0.99850 -0.03969
vn -0.03013 -0.99850 -0.04562
vn -0.02175 -0.99850 -0.05015
vn -0.01271 -0.99850 -0.05317
vn -0.00328 -0.99850 -0.05457
vn 0.00624 -0.99850 -0.05431
vn 0.01558 -0.99850 -0.05240
vn 0.02444 -0.99850 -0.04890
vn 0.03256 -0.99850 -0.04391
vn 0.03969 -0.99850 -0.03759
vn 0.04562 -0.99850 -0.03013
vn 0.05015 -0.99850 -0.02175
vn 0.05317 -0.99850 -0.01271
vn 0.05457 -0.99850 -0.00328
vn 0.05431 -0.99850 0.00624
vn 0.05240 -0.99850 0.01558
vn 0.04890 -0.99850 0.02444
vn 0.04391 -0.99850 0.03256
vn 0.03759 -0.99850 0.03969
vn 0.03013 -0.99850 0.04562
vn 0.02175 -0.99850 0.05015
vn 0.00605 -0.91282 -0.40831
vn 0.07686 -0.91282 -0.40106
vn 0.14534 -0.91282 -0.38162
vn 0.20940 -0.91282 -0.35058
vn 0.26709 -0.91282 -0.30889
vn 0.31668 -0.91282 -0.25782
vn 0.35663 -0.91282 -0.19891
vn 0.38576 -0.91282 -0.13396
vn 0.40316 -0.91282 -0.06494
vn 0.40831 -0.91282 0.00605
vn 0.40106 -0.91282 0.07686
vn 0.38162 -0.91282 0.14534
vn 0.35058 -0.91282 0.20940
vn 0.30889 -0.91282 0.26709
vn 0.25782 -0.91282 0.31668
vn 0.19891 -0.91282 0.35663
vn 0.13396 -0.91282 0.38576
vn 0.06494 -0.91282 0.40316
vn -0.00605 -0.91282 0.40831
vn -0.07686 -0.91282 0.40106
vn -0.14534 -0.91282 0.38162
vn -0.20940 -0.91282 0.35058
vn -0.26709 -0.91282 0.30889
vn -0.31668 -0.91282 0.25782
vn -0.35663 -0.91282 0.19891
vn -0.38576 -0.91282 0.13396
vn -0.40316 -0.91282 0.06494
vn -0.40831 -0.91282 -0.00605
vn -0.40106 -0.91282 -0.07686
vn -0.38162 -0.91282 -0.14534
vn -0.35058 -0.91282 -0.20940
vn -0.30889 -0.91282 -0.26709
vn -0.25782 -0.91282 -0.31668
vn -0.19891 -0.91282 -0.35663
vn -0.13396 -0.91282 -0.38576
vn -0.06494 -0.91282 -0.40316
vn -0.00114 -0.85154 -0.52428
vn 0.08991 -0.85154 -0.51651
vn 0.17824 -0.85154 -0.49305
vn 0.26115 -0.85154 -0.45461
vn 0.33613 -0.85154 -0.40236
vn 0.40089 -0.85154 -0.33788
vn 0.45347 -0.85154 -0.26313
vn 0.49227 -0.85154 -0.18039
vn 0.51612 -0.85154 -0.09217
vn 0.52428 -0.85154 -0.00114
vn 0.51651 -0.85154 0.08991
vn 0.49305 -0.85154 0.17824
vn 0.45461 -0.85154 0.26115
vn 0.40236 -0.85154 0.33613
vn 0.33788 -0.85154 0.40089
vn 0.26313 -0.85154 0.45347
vn 0.18039 -0.85154 0.49227
vn 0.09217 -0.85154 0.51612
vn 0.00114 -0.85154 0.52428
vn -0.08991 -0.85154 0.51651
vn -0.17824 -0.85154 0.49305
vn -0.26115 -0.85154 0.45461
vn -0.33613 -0.85154 0.40236
vn -0.40089 -0.85154 0.33788
vn -0.45347 -0.85154 0.26313
vn -0.49227 -0.85154 0.18039
vn -0.51612 -0.85154 0.09217
vn -0.52428 -0.85154 0.00114
vn -0.51651 -0.85154 -0.08991
vn -0.49305 -0.85154 -0.17824
vn -0.45461 -0.85154 -0.26115
vn -0.40236 -0.85154 -0.33613
vn -0.33788 -0.85154 -0.40089
vn -0.26313 -0.85154 -0.45347
vn -0.18039 -0.85154 -0.49227
vn -0.09217 -0.85154 -0.51612
vn -0.00101 -0.84571 -0.53364
vn 0.09167 -0.84571 -0.52571
vn 0.18157 -0.84571 -0.50181
vn 0.26595 -0.84571 -0.46265
vn 0.34224 -0.84571 -0.40945
vn 0.40814 -0.84571 -0.34379
vn 0.46164 -0.84571 -0.26770
vn 0.50111 -0.84571 -0.18347
vn 0.52536 -0.84571 -0.09366
vn 0.53364 -0.84571 -0.00101
vn 0.52571 -0.84571 0.09167
vn 0.50181 -0.84571 0.18157
vn 0.46265 -0.84571 0.26595
vn 0.40945 -0.84571 0.34224
vn 0.34379 -0.84571 0.40814
vn 0.26770 -0.84571 0.46164
vn 0.18347 -0.84571 0.50111
vn 0.09366 -0.84571 0.52536
vn 0.00101 -0.84571 0.53364
vn -0.09167 -0.84571 0.52571
vn -0.18157 -0.84571 0.50181
vn -0.26595 -0.84571 0.46265
vn -0.34224 -0.84571 0.40945
vn -0.40814 -0.84571 0.34379
vn -0.46164 -0.84571 0.26770
vn -0.50111 -0.84571 0.18347
vn -0.52536 -0.84571 0.09366
vn -0.53364 -0.84571 0.00101
vn -0.52571 -0.84571 -0.09167
vn -0.50181 -0.84571 -0.18157
vn -0.46265 -0.84571 -0.26595
vn -0.40945 -0.84571 -0.34224
vn -0.34379 -0.84571 -0.40814
vn -0.26770 -0.84571 -0.46164
vn -0.18347 -0.84571 -0.50111
vn -0.09366 -0.84571 -0.52536
vn 0.01889 -0.33883 -0.94066
vn 0.18194 -0.33883 -0.92309
vn 0.33947 -0.33883 -0.87747
vn 0.48668 -0.33883 -0.80519
vn 0.61911 -0.33883 -0.70845
vn 0.73273 -0.33883 -0.59017
vn 0.82408 -0.33883 -0.45397
vn 0.89039 -0.33883 -0.30398
vn 0.92965 -0.33883 -0.14474
vn 0.94066 -0.33883 0.01889
vn 0.92309 -0.33883 0.18194
vn 0.87747 -0.33883 0.33947
vn 0.80519 -0.33883 0.48668
vn 0.70845 -0.33883 0.61911
vn 0.59017 -0.33883 0.73273
vn 0.45397 -0.33883 0.82408
vn 0.30398 -0.33883 0.89039
vn 0.14474 -0.33883 0.92965
vn -0.01889 -0.33883 0.94066
vn -0.18194 -0.33883 0.92309
vn -0.33947 -0.33883 0.87747
vn -0.48668 -0.33883 0.80519
vn -0.61911 -0.33883 0.70845
vn -0.73273 -0.33883 0.59017
vn -0.82408 -0.33883 0.45397
vn -0.89039 -0.33883 0.30398
vn -0.92965 -0.33883 0.14474
vn -0.94066 -0.33883 -0.01889
vn -0.92309 -0.33883 -0.18194
vn -0.87747 -0.33883 -0.33947
vn -0.80519 -0.33883 -0.48668
vn -0.70845 -0.33883 -0.61911
vn -0.59017 -0.33883 -0.73273
vn -0.45397 -0.33883 -0.82408
vn -0.30398 -0.33883 -0.89039
vn -0.14474 -0.33883 -0.92965
vn -0.00284 -0.20460 -0.97884
vn 0.16718 -0.20460 -0.96446
vn 0.33212 -0.20460 -0.92078
vn 0.48696 -0.20460 -0.84912
vn 0.62701 -0.20460 -0.75166
vn 0.74801 -0.20460 -0.63136
vn 0.84628 -0.20460 -0.49188
vn 0.91884 -0.20460 -0.33745
vn 0.96348 -0.20460 -0.17277
vn 0.97884 -0.20460 -0.00284
vn 0.96446 -0.20460 0.16718
vn 0.92078 -0.20460 0.33212
vn 0.84912 -0.20460 0.48696
vn 0.75166 -0.20460 0.62701
vn 0.63136 -0.20460 0.74801
vn 0.49188 -0.20460 0.84628
vn 0.33745 -0.20460 0.91884
vn 0.17277 -0.20460 0.96348
vn 0.00284 -0.20460 0.97884
vn -0.16718 -0.20460 0.96446
vn -0.33212 -0.20460 0.92078
vn -0.48696 -0.20460 0.84912
vn -0.62701 -0.20460 0.75166
vn -0.74801 -0.20460 0.63136
vn -0.84628 -0.20460 0.49188
vn -0.91884 -0.20460 0.33745
vn -0.96348 -0.20460 0.17277
vn -0.97884 -0.20460 0.00284
vn -0.96446 -0.20460 -0.16718
vn -0.92078 -0.20460 -0.33212
vn -0.84912 -0.20460 -0.48696
vn -0.75166 -0.20460 -0.62701
vn -0.63136 -0.20460 -0.74801
vn -0.49188 -0.20460 -0.84628
vn -0.33745 -0.20460 -0.91884
vn -0.17277 -0.20460 -0.96348
vn -0.02165 -0.50753 -0.86136
vn 0.12825 -0.50753 -0.85204
vn 0.27426 -0.50753 -0.81682
vn 0.41193 -0.50753 -0.75679
vn 0.53709 -0.50753 -0.67376
vn 0.64592 -0.50753 -0.57026
vn 0.73514 -0.50753 -0.44943
vn 0.80201 -0.50753 -0.31495
vn 0.84452 -0.50753 -0.17090
vn 0.86136 -0.50753 -0.02165
vn 0.85204 -0.50753 0.12825
vn 0.81682 -0.50753 0.27426
vn 0.75679 -0.50753 0.41193
vn 0.67376 -0.50753 0.53709
vn 0.57026 -0.50753 0.64592
vn 0.44943 -0.50753 0.73514
vn 0.31495 -0.50753 0.80201
vn 0.17090 -0.50753 0.84452
vn 0.02165 -0.50753 0.86136
vn -0.12825 -0.50753 0.85204
vn -0.27426 -0.50753 0.81682
vn -0.41193 -0.50753 0.75679
vn -0.53709 -0.50753 0.67376
vn -0.64592 -0.50753 0.57026
vn -0.73514 -0.50753 0.44943
vn -0.80201 -0.50753 0.31495
vn -0.84452 -0.50753 0.17090
vn -0.86136 -0.50753 0.02165
vn -0.85204 -0.50753 -0.12825
vn -0.81682 -0.50753 -0.27426
vn -0.75679 -0.50753 -0.41193
vn -0.67376 -0.50753 -0.53709
vn -0.57026 -0.50753 -0.64592
vn -0.44943 -0.50753 -0.73514
vn -0.31495 -0.50753 -0.80201
vn -0.17090 -0.50753 -0.84452
vn -0.00347 -0.97395 -0.22672
vn 0.03595 -0.97395 -0.22387
vn 0.07428 -0.97395 -0.21423
vn 0.11035 -0.97395 -0.19808
vn 0.14307 -0.97395 -0.17590
vn 0.17144 -0.97395 -0.14839
vn 0.19461 -0.97395 -0.11636
vn 0.21186 -0.97395 -0.08080
vn 0.22267 -0.97395 -0.04279
vn 0.22672 -0.97395 -0.00347
vn 0.22387 -0.97395 0.03595
vn 0.21423 -0.97395 0.07428
vn 0.19808 -0.97395 0.11035
vn 0.17590 -0.97395 0.14307
vn 0.14839 -0.97395 0.17144
vn 0.11636 -0.97395 0.19461
vn 0.08080 -0.97395 0.21186
vn 0.04279 -0.97395 0.22267
vn 0.00347 -0.97395 0.22672
vn -0.03595 -0.97395 0.22387
vn -0.07428 -0.97395 0.21423
vn -0.11035 -0.97395 0.19808
vn -0.14307 -0.97395 0.17590
vn -0.17144 -0.97395 0.14839
vn -0.19461 -0.97395 0.11636
vn -0.21186 -0.97395 0.08080
vn -0.22267 -0.97395 0.04279
vn -0.22672 -0.97395 0.00347
vn -0.22387 -0.97395 -0.03595
vn -0.21423 -0.97395 -0.07428
vn -0.19808 -0.97395 -0.11035
vn -0.17590 -0.97395 -0.14307
vn -0.14839 -0.97395 -0.17144
vn -0.11636 -0.97395 -0.19461
vn -0.08080 -0.97395 -0.21186
vn -0.04279 -0.97395 -0.22267
vn -0.00293 -0.99476 -0.10221
vn 0.01486 -0.99476 -0.10117
vn 0.03220 -0.99476 -0.09705
vn 0.04857 -0.99476 -0.08999
vn 0.06345 -0.99476 -0.08018
vn 0.07641 -0.99476 -0.06795
vn 0.08705 -0.99476 -0.05365
vn 0.09504 -0.99476 -0.03772
vn 0.10015 -0.99476 -0.02064
vn 0.10221 -0.99476 -0.00293
vn 0.10117 -0.99476 0.01486
vn 0.09705 -0.99476 0.03220
vn 0.08999 -0.99476 0.04857
vn 0.08018 -0.99476 0.06345
vn 0.06795 -0.99476 0.07641
vn 0.05365 -0.99476 0.08705
vn 0.03772 -0.99476 0.09504
vn 0.02064 -0.99476 0.10015
vn 0.00293 -0.99476 0.10221
vn -0.01486 -0.99476 0.10117
vn -0.03220 -0.99476 0.09705
vn -0.04857 -0.99476 0.08999
vn -0.06345 -0.99476 0.08018
vn -0.07641 -0.99476 0.06795
vn -0.08705 -0.99476 0.05365
vn -0.09504 -0.99476 0.03772
vn -0.10015 -0.99476 0.02064
vn -0.10221 -0.99476 0.00293
vn -0.10117 -0.99476 -0.01486
vn -0.09705 -0.99476 -0.03220
vn -0.08999 -0.99476 -0.04857
vn -0.08018 -0.99476 -0.06345
vn -0.06795 -0.99476 -0.07641
vn -0.05365 -0.99476 -0.08705
vn -0.03772 -0.99476 -0.09504
vn -0.02064 -0.99476 -0.10015
vn -0.00090 -0.99957 -0.02938
vn 0.00422 -0.99957 -0.02909
vn 0.00920 -0.99957 -0.02791
vn 0.01391 -0.99957 -0.02589
vn 0.01820 -0.99957 -0.02308
vn 0.02193 -0.99957 -0.01957
vn 0.02499 -0.99957 -0.01546
vn 0.02730 -0.99957 -0.01089
vn 0.02877 -0.99957 -0.00598
vn 0.02938 -0.99957 -0.00090
vn 0.02909 -0.99957 0.00422
vn 0.02791 -0.99957 0.00920
vn 0.02589 -0.99957 0.01391
vn 0.02308 -0.99957 0.01820
vn 0.01957 -0.99957 0.02193
vn 0.01546 -0.99957 0.02499
vn 0.01089 -0.99957 0.02730
vn 0.00598 -0.99957 0.02877
vn 0.00090 -0.99957 0.02938
vn -0.00422 -0.99957 0.02909
vn -0.00920 -0.99957 0.02791
vn -0.01391 -0.99957 0.02589
vn -0.01820 -0.99957 0.02308
vn -0.02193 -0.99957 0.01957
vn -0.02499 -0.99957 0.01546
vn -0.02730 -0.99957 0.01089
vn -0.02877 -0.99957 0.00598
vn -0.02938 -0.99957 0.00090
vn -0.02909 -0.99957 -0.00422
vn -0.02791 -0.99957 -0.00920
vn -0.02589 -0.99957 -0.01391
vn -0.02308 -0.99957 -0.01820
vn -0.01957 -0.99957 -0.02193
vn -0.01546 -0.99957 -0.02499
vn -0.01089 -0.99957 -0.02730
vn -0.00598 -0.99957 -0.02877
vn 0.00000 1.00000 0.00000
vn -0.00000 -1.00000 -0.00000
vn 0.56025 -0.82039 -0.11440
vn 0.72686 -0.62977 0.27400
vn 0.61886 -0.53329 0.57673
vn 0.44473 -0.48735 0.75147
vn 0.26112 -0.53067 0.80635
vn 0.08724 -0.66469 0.74200
vn -0.06201 -0.84384 0.53300
vn -0.25745 -0.93047 0.26067
vn -0.07357 -0.18041 -0.98084
vn -0.15155 -0.08228 -0.98502
vn -0.18974 -0.01671 -0.98169
vn -0.20837 0.00155 -0.97805
vn -0.21394 -0.03074 -0.97636
vn -0.22095 -0.10715 -0.96938
vn 0.84041 0.51011 -0.18304
vn 0.70347 0.51935 0.48518
vn 0.42456 0.45067 0.78527
vn 0.18930 0.38748 0.90223
vn -0.02858 0.31696 0.94801
vn -0.28311 0.22236 0.93295
vn -0.64208 0.08760 0.76162
vn -0.98805 -0.02982 0.15125
vn -0.02059 -0.00699 -0.99976
vn -0.14363 0.03260 -0.98909
vn -0.19772 0.04806 -0.97908
vn -0.23073 0.02580 -0.97268
vn -0.26112 -0.03855 -0.96454
vn -0.33331 -0.15791 -0.92950
vn 0.80952 0.56210 -0.16947
vn 0.65576 0.56186 0.50427
vn 0.38978 0.47473 0.78912
vn 0.17291 0.40579 0.89746
vn -0.02882 0.33911 0.94031
vn -0.26985 0.25749 0.92784
vn -0.62612 0.14214 0.76666
vn -0.99179 0.01558 0.12693
vn 0.09248 -0.11998 -0.98846
vn -0.06636 -0.12110 -0.99042
vn -0.13769 -0.12784 -0.98219
vn -0.18971 -0.14927 -0.97043
vn -0.24785 -0.19324 -0.94933
vn -0.36823 -0.29161 -0.88282
vn 0.77081 0.61896 -0.15077
vn 0.60689 0.60146 0.51955
vn 0.35686 0.49765 0.79057
vn 0.15718 0.42383 0.89200
vn -0.03045 0.36090 0.93211
vn -0.25953 0.29172 0.92062
vn -0.61148 0.19662 0.76644
vn -0.99357 0.06488 0.09280
vn 0.12818 -0.18518 -0.97431
vn -0.03529 -0.19814 -0.97954
vn -0.10874 -0.21323 -0.97093
vn -0.16467 -0.23482 -0.95799
vn -0.22976 -0.27181 -0.93452
vn -0.36001 -0.36450 -0.85880
vn 0.72945 0.67209 -0.12726
vn 0.55996 0.63395 0.53344
vn 0.32595 0.51793 0.79089
vn 0.14169 0.44135 0.88608
vn -0.03339 0.38211 0.92351
vn -0.25145 0.32335 0.91226
vn -0.59787 0.24556 0.76305
vn -0.99366 0.10218 0.04686
vn 0.12278 -0.23517 -0.96417
vn -0.02644 -0.25114 -0.96759
vn -0.09299 -0.26881 -0.95869
vn -0.14494 -0.28838 -0.94648
vn -0.20699 -0.31871 -0.92497
vn -0.33044 -0.40370 -0.85313
vn 0.68928 0.71808 -0.09619
vn 0.51386 0.65790 0.55056
vn 0.29497 0.53467 0.79191
vn 0.12522 0.45815 0.88001
vn -0.03765 0.40288 0.91448
vn -0.24440 0.35243 0.90336
vn -0.58465 0.28810 0.75841
vn -0.99191 0.12500 -0.02230
vn 0.08195 -0.26863 -0.95975
vn -0.03666 -0.28306 -0.95840
vn -0.08902 -0.29944 -0.94995
vn -0.13089 -0.31501 -0.94002
vn -0.18227 -0.33756 -0.92349
vn -0.28612 -0.40974 -0.86617
vn 0.65213 0.75809 -0.00493
vn 0.46185 0.66382 0.58825
vn 0.25894 0.54074 0.80035
vn 0.10396 0.46836 0.87740
vn -0.04721 0.41753 0.90743
vn -0.24516 0.37295 0.89487
vn -0.58778 0.31682 0.74441
vn -0.95205 0.07406 -0.29686
vn 0.01316 -0.28399 -0.95874
vn -0.06092 -0.29708 -0.95291
vn -0.09447 -0.31039 -0.94590
vn -0.12308 -0.32034 -0.93927
vn -0.16028 -0.33332 -0.92909
vn -0.23972 -0.38782 -0.89002
vn 0.61394 0.78781 -0.04929
vn 0.42741 0.68295 0.59237
vn 0.23745 0.55485 0.79734
vn 0.09648 0.48455 0.86943
vn -0.03976 0.43802 0.89809
vn -0.21890 0.40042 0.88980
vn -0.54089 0.35896 0.76065
vn -0.97917 0.16832 -0.11351
vn -0.05291 -0.28402 -0.95736
vn -0.08760 -0.29427 -0.95170
vn -0.10247 -0.30328 -0.94738
vn -0.11606 -0.30732 -0.94450
vn -0.13473 -0.30949 -0.94131
vn -0.17325 -0.33036 -0.92782
vn 0.57133 0.82067 -0.00923
vn 0.38159 0.68693 0.61848
vn 0.20915 0.55845 0.80274
vn 0.08303 0.49249 0.86635
vn -0.03985 0.45094 0.89166
vn -0.20498 0.42049 0.88384
vn -0.51705 0.39400 0.75989
vn -0.96050 0.19711 -0.19642
vn -0.10569 -0.27022 -0.95698
vn -0.11225 -0.27619 -0.95453
vn -0.11524 -0.27952 -0.95320
vn -0.11900 -0.27890 -0.95292
vn -0.12488 -0.27548 -0.95316
vn -0.13611 -0.27586 -0.95151
vn 0.46881 0.87861 0.09094
vn 0.32874 0.67337 0.66219
vn 0.19433 0.52090 0.83121
vn 0.08835 0.44779 0.88976
vn -0.02224 0.40916 0.91219
vn -0.18135 0.39578 0.90026
vn -0.50362 0.42052 0.75467
vn -0.85521 0.26007 -0.44830
vn -0.14963 -0.18217 -0.97182
vn -0.15190 -0.17550 -0.97269
vn -0.15305 -0.17212 -0.97312
vn -0.15404 -0.16918 -0.97347
vn -0.15538 -0.16522 -0.97394
vn -0.15888 -0.15479 -0.97509
vn 0.30919 -0.94918 0.05887
vn -0.30919 0.94918 -0.05887
vn 0.01344 -0.99988 0.00775
vn 0.09768 -0.88837 0.44863
vn -0.04262 -0.71437 0.69847
vn -0.21269 -0.56038 0.80046
vn -0.39434 -0.48876 0.77821
vn -0.57429 -0.51158 0.63912
vn -0.70699 -0.60254 0.37029
vn -0.80021 -0.59864 0.03601
vn 0.21082 -0.22383 -0.95155
vn 0.20767 -0.10004 -0.97307
vn 0.21369 -0.02429 -0.97660
vn 0.20837 0.00155 -0.97805
vn 0.18594 -0.02188 -0.98232
vn 0.13636 -0.08039 -0.98739
vn 0.97656 -0.06756 0.20439
vn 0.62965 0.09309 0.77128
vn 0.27154 0.22798 0.93503
vn 0.01777 0.32106 0.94689
vn -0.20019 0.38981 0.89887
vn -0.43566 0.45183 0.77849
vn -0.71229 0.52030 0.47109
vn -0.80528 0.54578 -0.23162
vn 0.35181 -0.11341 -0.92917
vn 0.27771 -0.01048 -0.96061
vn 0.24209 0.03379 -0.96967
vn 0.20293 0.03470 -0.97858
vn 0.14214 -0.00037 -0.98985
vn 0.01022 -0.05415 -0.99848
vn 0.97687 -0.01801 0.21308
vn 0.60911 0.14884 0.77900
vn 0.25615 0.26363 0.92999
vn 0.01689 0.34359 0.93897
vn -0.18486 0.40863 0.89378
vn -0.40261 0.47682 0.78138
vn -0.66750 0.56423 0.48589
vn -0.76595 0.59249 -0.24953
vn 0.36903 -0.27142 -0.88891
vn 0.25150 -0.18191 -0.95061
vn 0.19188 -0.14569 -0.97054
vn 0.13727 -0.13213 -0.98168
vn 0.06239 -0.13245 -0.98922
vn -0.10520 -0.13643 -0.98505
vn 0.97358 0.04143 0.22456
vn 0.58800 0.20381 0.78276
vn 0.24262 0.29777 0.92329
vn 0.01667 0.36569 0.93059
vn -0.17063 0.42768 0.88768
vn -0.37168 0.50177 0.78108
vn -0.62192 0.60676 0.49503
vn -0.71944 0.63796 -0.27463
vn 0.35331 -0.34651 -0.86897
vn 0.22805 -0.26283 -0.93750
vn 0.16255 -0.23134 -0.95920
vn 0.10481 -0.21481 -0.97101
vn 0.02801 -0.20425 -0.97852
vn -0.14677 -0.19490 -0.96978
vn 0.96562 0.10117 0.23946
vn 0.56521 0.25302 0.78519
vn 0.22972 0.32914 0.91591
vn 0.01659 0.38738 0.92177
vn -0.15760 0.44680 0.88064
vn -0.34363 0.52512 0.77857
vn -0.57929 0.64370 0.50007
vn -0.67445 0.66979 -0.31063
vn 0.31719 -0.38554 -0.86646
vn 0.20092 -0.31089 -0.92896
vn 0.13936 -0.28473 -0.94842
vn 0.08616 -0.26833 -0.95947
vn 0.01623 -0.25353 -0.96719
vn -0.14743 -0.24059 -0.95936
vn 0.95241 0.15676 0.26143
vn 0.53716 0.29644 0.78968
vn 0.21471 0.35845 0.90852
vn 0.01553 0.40928 0.91228
vn -0.14566 0.46612 0.87265
vn -0.31775 0.54639 0.77492
vn -0.54043 0.67446 0.50303
vn -0.62861 0.68517 -0.36796
vn 0.26676 -0.39017 -0.88125
vn 0.17244 -0.33048 -0.92793
vn 0.12237 -0.31113 -0.94246
vn 0.07979 -0.29723 -0.95147
vn 0.02399 -0.28239 -0.95900
vn -0.11241 -0.27103 -0.95598
vn 0.91479 0.21673 0.34086
vn 0.48675 0.33366 0.80731
vn 0.18769 0.38428 0.90394
vn 0.00629 0.42958 0.90301
vn -0.14168 0.48366 0.86371
vn -0.30272 0.56449 0.76793
vn -0.51831 0.70074 0.49022
vn -0.52776 0.59502 -0.60616
vn 0.20781 -0.36229 -0.90860
vn 0.14505 -0.32692 -0.93385
vn 0.11098 -0.31626 -0.94216
vn 0.08242 -0.30595 -0.94847
vn 0.04463 -0.29234 -0.95527
vn -0.05713 -0.28277 -0.95749
vn 0.92297 0.25311 0.28995
vn 0.46984 0.36782 0.80247
vn 0.18019 0.40692 0.89552
vn 0.01237 0.44585 0.89502
vn -0.12154 0.49519 0.86024
vn -0.26632 0.57201 0.77581
vn -0.46600 0.71168 0.52570
vn -0.55514 0.70771 -0.43701
vn 0.15933 -0.32234 -0.93312
vn 0.12672 -0.30837 -0.94279
vn 0.10955 -0.30584 -0.94576
vn 0.09650 -0.30028 -0.94896
vn 0.08065 -0.29001 -0.95362
vn 0.03656 -0.28115 -0.95897
vn 0.89612 0.31046 0.31717
vn 0.42760 0.40148 0.80992
vn 0.15910 0.42724 0.89003
vn 0.00794 0.45995 0.88791
vn -0.11215 0.50517 0.85570
vn -0.24298 0.57981 0.77768
vn -0.42897 0.72639 0.53697
vn -0.49571 0.71037 -0.49965
vn 0.12852 -0.27852 -0.95179
vn 0.11968 -0.27889 -0.95284
vn 0.11524 -0.27952 -0.95320
vn 0.11276 -0.27663 -0.95434
vn 0.11045 -0.27024 -0.95644
vn 0.10154 -0.26329 -0.95936
vn 0.81440 0.43689 0.38194
vn 0.36338 0.42662 0.82822
vn 0.11680 0.40817 0.90540
vn -0.02102 0.42320 0.90579
vn -0.12920 0.46408 0.87632
vn -0.24467 0.54967 0.79875
vn -0.40148 0.74060 0.53881
vn -0.29991 0.67025 -0.67884
vn 0.14963 -0.18217 -0.97182
vn 0.15190 -0.17550 -0.97269
vn 0.15305 -0.17212 -0.97312
vn 0.15404 -0.16918 -0.97347
vn 0.15538 -0.16522 -0.97394
vn 0.15888 -0.15479 -0.97509
vn -0.30919 -0.94918 0.05887
vn 0.30919 0.94918 -0.05887
vn 0.49233 0.71592 0.49504
vn 0.81482 0.55346 0.17247
vn 0.98298 0.03531 -0.18031
vn 0.96151 0.03388 -0.27266
vn 0.95095 -0.25178 -0.17970
vn 0.66806 -0.73998 0.07828
vn 0.23846 -0.88386 0.40241
vn -0.20551 -0.71058 0.67293
vn -0.45607 -0.35579 0.81573
vn -0.47721 0.02957 0.87829
vn -0.28793 0.38900 0.87509
vn 0.07670 0.65132 0.75491
vn 0.40024 0.81911 0.41094
vn 0.77352 0.63311 -0.02886
vn 0.89129 0.10416 -0.44131
vn 0.85338 -0.00218 -0.52129
vn 0.85999 -0.17612 -0.47896
vn 0.60393 -0.76345 -0.22893
vn 0.11566 -0.97680 0.18024
vn -0.41219 -0.75959 0.50311
vn -0.68213 -0.37059 0.63036
vn -0.72105 0.00203 0.69288
vn -0.55506 0.36668 0.74663
vn -0.14222 0.69822 0.70161
vn 0.45753 0.76752 0.44898
vn 0.81781 0.56956 -0.08237
vn 0.85307 0.08820 -0.51429
vn 0.80441 -0.00503 -0.59406
vn 0.81821 -0.15003 -0.55500
vn 0.63553 -0.71449 -0.29257
vn 0.14722 -0.96668 0.20941
vn -0.41820 -0.70705 0.57026
vn -0.67575 -0.32406 0.66208
vn -0.71256 -0.00194 0.70161
vn -0.56338 0.30834 0.76651
vn -0.14767 0.62663 0.76520
vn 0.49514 0.73493 0.46336
vn 0.83908 0.51539 -0.17412
vn 0.80143 0.07709 -0.59310
vn 0.74861 -0.00183 -0.66300
vn 0.76491 -0.12303 -0.63227
vn 0.64487 -0.65946 -0.38633
vn 0.15725 -0.96496 0.21008
vn -0.43370 -0.65120 0.62277
vn -0.66249 -0.28154 0.69415
vn -0.69383 -0.00543 0.72012
vn -0.56571 0.25478 0.78425
vn -0.17420 0.55600 0.81272
vn 0.51783 0.72047 0.46128
vn 0.83237 0.47214 -0.29024
vn 0.73654 0.07389 -0.67234
vn 0.68486 0.00705 -0.72864
vn 0.70059 -0.09466 -0.70726
vn 0.62881 -0.59898 -0.49580
vn 0.14908 -0.97027 0.19064
vn -0.44964 -0.59721 0.66420
vn -0.64328 -0.24712 0.72465
vn -0.66906 -0.00954 0.74315
vn -0.56085 0.20938 0.80100
vn -0.20801 0.48961 0.84677
vn 0.52540 0.72533 0.44480
vn 0.79445 0.43902 -0.41965
vn 0.66041 0.07877 -0.74676
vn 0.61440 0.02120 -0.78871
vn 0.62768 -0.06404 -0.77583
vn 0.58889 -0.53115 -0.60917
vn 0.12383 -0.98007 0.15536
vn -0.46313 -0.54650 0.69774
vn -0.62024 -0.22013 0.75289
vn -0.64101 -0.01449 0.76740
vn -0.55069 0.17123 0.81696
vn -0.24365 0.42884 0.86990
vn 0.51377 0.75207 0.41284
vn 0.72489 0.41446 -0.55023
vn 0.57638 0.09087 -0.81211
vn 0.53969 0.03990 -0.84091
vn 0.54955 -0.03086 -0.83489
vn 0.52919 -0.45488 -0.71627
vn 0.08092 -0.99108 0.10594
vn -0.47436 -0.49871 0.72545
vn -0.59616 -0.19860 0.77791
vn -0.61264 -0.01984 0.79011
vn -0.53841 0.13907 0.83113
vn -0.28000 0.37434 0.88401
vn 0.47230 0.80450 0.36015
vn 0.62709 0.39689 -0.67025
vn 0.48780 0.10914 -0.86611
vn 0.46305 0.06239 -0.88413
vn 0.46909 0.00487 -0.88314
vn 0.45497 -0.37025 -0.80989
vn 0.01688 -0.99902 0.04093
vn -0.48597 -0.45201 0.74801
vn -0.57505 -0.17979 0.79812
vn -0.58819 -0.02419 0.80836
vn -0.52871 0.11259 0.84130
vn -0.31953 0.32674 0.88946
vn 0.33983 0.90681 0.24941
vn 0.49223 0.38979 -0.77831
vn 0.39078 0.13506 -0.91052
vn 0.38155 0.08932 -0.92002
vn 0.38186 0.04593 -0.92308
vn 0.35929 -0.27150 -0.89286
vn -0.10340 -0.99208 -0.07132
vn -0.51510 -0.39979 0.75818
vn -0.56929 -0.15754 0.80690
vn -0.57967 -0.02251 0.81454
vn -0.53637 0.09623 0.83848
vn -0.38472 0.29400 0.87496
vn -0.03684 0.99932 -0.00244
vn 0.29110 0.39798 -0.86998
vn 0.26450 0.17645 -0.94811
vn 0.27925 0.12561 -0.95197
vn 0.27198 0.10053 -0.95704
vn 0.22478 -0.14375 -0.96375
vn -0.36220 -0.87907 -0.30992
vn -0.59730 -0.32134 0.73483
vn -0.60743 -0.11589 0.78587
vn -0.61453 -0.00092 0.78890
vn -0.58919 0.10177 0.80156
vn -0.51003 0.28712 0.81082
vn -0.65437 0.69682 -0.29368
vn -0.08487 0.44452 -0.89174
vn 0.07513 0.24915 -0.96555
vn 0.13915 0.17193 -0.97523
vn 0.10145 0.18744 -0.97702
vn -0.06575 0.07836 -0.99475
vn -0.68145 -0.10391 -0.72445
vn -0.87282 -0.12004 0.47305
vn -0.74146 -0.02414 0.67056
vn -0.71968 0.05824 0.69186
vn -0.73212 0.15636 0.66298
vn -0.78212 0.34372 0.51976
vn 0.63544 -0.03490 0.77136
vn -0.75290 0.37461 -0.54112
vn -0.45871 0.72063 -0.51988
vn -0.07210 0.60693 -0.79147
vn 0.32960 0.19814 -0.92309
vn 0.50687 -0.06375 -0.85966
vn 0.43366 -0.07519 -0.89793
vn 0.18033 -0.66393 -0.72573
vn -0.21952 -0.87973 -0.42177
vn -0.62715 -0.77725 -0.05053
vn -0.87123 -0.44510 0.20698
vn -0.96148 -0.05736 0.26882
vn -0.93951 0.31357 0.13782
vn -0.77768 0.60773 -0.16086
vn -0.35110 0.81935 -0.45320
vn 0.16494 0.64932 -0.74241
vn 0.61858 0.13138 -0.77466
vn 0.71403 -0.01781 -0.69989
vn 0.68382 -0.14320 -0.71546
vn 0.41107 -0.73578 -0.53819
vn -0.09207 -0.97692 -0.19275
vn -0.56520 -0.78829 0.24320
vn -0.77551 -0.39231 0.49465
vn -0.84471 -0.01201 0.53509
vn -0.85515 0.34976 0.38261
vn -0.73265 0.68046 0.01412
vn -0.37899 0.76610 -0.51910
vn 0.23239 0.58519 -0.77688
vn 0.68983 0.10195 -0.71675
vn 0.77143 -0.01319 -0.63618
vn 0.74288 -0.13076 -0.65653
vn 0.47461 -0.68710 -0.55012
vn -0.10633 -0.96779 -0.22822
vn -0.63225 -0.73587 0.24238
vn -0.80448 -0.33925 0.48757
vn -0.85234 -0.00917 0.52290
vn -0.87778 0.29727 0.37568
vn -0.79403 0.60786 -0.00420
vn -0.38657 0.73091 -0.56244
vn 0.33284 0.52894 -0.78067
vn 0.76007 0.08277 -0.64455
vn 0.82420 -0.00568 -0.56627
vn 0.80204 -0.11242 -0.58659
vn 0.56095 -0.63426 -0.53202
vn -0.10113 -0.96728 -0.23270
vn -0.69027 -0.67736 0.25440
vn -0.83247 -0.29146 0.47122
vn -0.86654 -0.00882 0.49903
vn -0.89674 0.24803 0.36651
vn -0.84294 0.53800 0.00062
vn -0.38058 0.71318 -0.58867
vn 0.45156 0.48283 -0.75031
vn 0.82543 0.07437 -0.55958
vn 0.87220 0.00594 -0.48912
vn 0.85748 -0.08999 -0.50658
vn 0.65605 -0.57712 -0.48635
vn -0.08280 -0.97354 -0.21299
vn -0.73824 -0.61887 0.26833
vn -0.85758 -0.25294 0.44787
vn -0.88337 -0.01054 0.46855
vn -0.91286 0.20567 0.35269
vn -0.88062 0.47358 0.01546
vn -0.36320 0.71444 -0.59805
vn 0.57651 0.44641 -0.68437
vn 0.88199 0.07570 -0.46515
vn 0.91335 0.02199 -0.40659
vn 0.90543 -0.06370 -0.41968
vn 0.74947 -0.51344 -0.41795
vn -0.05512 -0.98358 -0.17187
vn -0.77781 -0.56274 0.27989
vn -0.87966 -0.22276 0.42020
vn -0.90042 -0.01388 0.43480
vn -0.92664 0.16966 0.33548
vn -0.90890 0.41550 0.03545
vn -0.33387 0.73783 -0.58663
vn 0.69485 0.41823 -0.58504
vn 0.92685 0.08519 -0.36565
vn 0.94589 0.04215 -0.32174
vn 0.94344 -0.03390 -0.32982
vn 0.83294 -0.44190 -0.33306
vn -0.02043 -0.99377 -0.10960
vn -0.81082 -0.50928 0.28846
vn -0.89850 -0.19873 0.39142
vn -0.91578 -0.01801 0.40127
vn -0.93786 0.13914 0.31790
vn -0.92941 0.36418 0.05984
vn -0.28833 0.78841 -0.54340
vn 0.79492 0.39668 -0.45908
vn 0.95894 0.10122 -0.26492
vn 0.96923 0.06589 -0.23718
vn 0.97077 -0.00106 -0.24002
vn 0.90113 -0.36240 -0.23798
vn 0.02029 -0.99953 -0.02276
vn -0.83862 -0.45705 0.29634
vn -0.91351 -0.17789 0.36586
vn -0.92771 -0.02127 0.37271
vn -0.94551 0.11420 0.30490
vn -0.94287 0.32035 0.09154
vn -0.19383 0.89454 -0.40277
vn 0.87378 0.38459 -0.29767
vn 0.97962 0.12452 -0.15760
vn 0.98418 0.09443 -0.14988
vn 0.98862 0.03616 -0.14603
vn 0.95449 -0.27065 -0.12531
vn 0.07888 -0.98813 0.13185
vn -0.85868 -0.39819 0.32265
vn -0.92121 -0.15328 0.35759
vn -0.93178 -0.01804 0.36258
vn -0.94469 0.09997 0.31234
vn -0.94362 0.29308 0.15389
vn 0.03281 0.99943 0.00733
vn 0.92030 0.38222 -0.08335
vn 0.98691 0.15912 -0.02617
vn 0.99000 0.13397 -0.04425
vn 0.99604 0.08428 -0.02830
vn 0.98798 -0.15176 0.02933
vn 0.17277 -0.87317 0.45576
vn -0.86238 -0.31122 0.39930
vn -0.91219 -0.10852 0.39513
vn -0.91533 0.00734 0.40264
vn -0.91949 0.11205 0.37682
vn -0.90639 0.30083 0.29656
vn 0.39580 0.68099 0.61611
vn 0.87965 0.39340 0.26730
vn 0.96671 0.20648 0.15112
vn 0.97789 0.18976 0.08784
vn 0.97692 0.14951 0.15258
vn 0.93438 0.03776 0.35427
vn 0.17524 -0.14591 0.97365
vn -0.72094 -0.07700 0.68871
vn -0.82554 0.00849 0.56427
vn -0.83910 0.08447 0.53737
vn -0.81512 0.18466 0.54908
vn -0.63796 0.41240 0.65033
vn -0.59472 -0.03490 -0.80317
vn 0.34291 0.37461 0.86144
vn 0.47168 -0.69798 0.53884
vn 0.67635 -0.70771 0.20420
vn 0.70881 -0.65507 -0.26165
vn 0.58866 -0.63751 -0.49706
vn 0.33388 -0.67473 -0.65823
vn -0.15171 -0.69769 -0.70015
vn -0.47168 -0.69798 -0.53884
vn -0.67635 -0.70771 -0.20420
vn -0.70881 -0.65507 0.26165
vn -0.58866 -0.63751 0.49706
vn -0.33388 -0.67473 0.65823
vn 0.15171 -0.69769 0.70015
vn 0.59131 -0.32346 0.73874
vn 0.87678 -0.34057 0.33950
vn 0.90479 -0.32186 -0.27887
vn 0.74295 -0.31248 -0.59193
vn 0.46288 -0.33113 -0.82225
vn -0.15206 -0.33331 -0.93047
vn -0.59131 -0.32346 -0.73874
vn -0.87678 -0.34057 -0.33950
vn -0.90479 -0.32186 0.27887
vn -0.74295 -0.31248 0.59193
vn -0.46288 -0.33113 0.82225
vn 0.15206 -0.33331 0.93047
vn 0.61302 -0.13845 0.77784
vn 0.91486 -0.14880 0.37535
vn 0.95019 -0.14401 -0.27640
vn 0.77762 -0.14299 -0.61226
vn 0.48734 -0.15217 -0.85985
vn -0.15632 -0.14603 -0.97685
vn -0.61302 -0.13845 -0.77784
vn -0.91486 -0.14880 -0.37535
vn -0.95019 -0.14401 0.27640
vn -0.77762 -0.14299 0.61226
vn -0.48734 -0.15217 0.85985
vn 0.15632 -0.14603 0.97685
vn 0.61566 0.00000 0.78801
vn 0.92145 -0.00064 0.38850
vn 0.96244 0.00406 -0.27145
vn 0.78801 0.00000 -0.61566
vn 0.49622 -0.00406 -0.86819
vn -0.15404 0.00064 -0.98806
vn -0.61566 0.00000 -0.78801
vn -0.92145 -0.00064 -0.38850
vn -0.96244 0.00406 0.27145
vn -0.78801 0.00000 0.61566
vn -0.49622 -0.00406 0.86819
vn 0.15404 0.00064 0.98806
vn 0.60643 0.13845 0.78299
vn 0.91002 0.14603 0.38800
vn 0.95221 0.15217 -0.26485
vn 0.78220 0.14299 -0.60640
vn 0.49806 0.14401 -0.85510
vn -0.14288 0.14880 -0.97849
vn -0.60643 0.13845 -0.78299
vn -0.91002 0.14603 -0.38800
vn -0.95221 0.15217 0.26485
vn -0.78220 0.14299 0.60640
vn -0.49806 0.14401 0.85510
vn 0.14288 0.14880 0.97849
vn 0.57374 0.32346 0.75246
vn 0.86605 0.33331 0.37265
vn 0.90981 0.33113 -0.25021
vn 0.75408 0.31248 -0.57768
vn 0.48947 0.32186 -0.81045
vn -0.11731 0.34057 -0.93287
vn -0.57374 0.32346 -0.75246
vn -0.86605 0.33331 -0.37265
vn -0.90981 0.33113 0.25021
vn -0.75408 0.31248 0.57768
vn -0.48947 0.32186 0.81045
vn 0.11731 0.34057 0.93287
vn 0.40872 0.69798 0.58802
vn 0.64265 0.69769 0.31659
vn 0.71945 0.67473 -0.16472
vn 0.62470 0.63751 -0.45092
vn 0.42536 0.65507 -0.62446
vn -0.03451 0.70771 -0.70566
vn -0.40872 0.69798 -0.58802
vn -0.64265 0.69769 -0.31659
vn -0.71945 0.67473 0.16472
vn -0.62470 0.63751 0.45092
vn -0.42536 0.65507 0.62446
vn 0.03451 0.70771 0.70566
vn 0.00000 -1.00000 -0.00000
vn 0.00000 1.00000 -0.00000
vn 0.41124 0.59337 -0.69195
vn 0.70425 0.36578 -0.60847
vn 0.96974 0.24217 0.03109
vn -0.42942 -0.17331 0.88632
vn -0.69265 -0.15114 0.70526
vn -0.90738 0.28656 0.30749
vn 0.27078 0.57232 -0.77404
vn 0.67832 0.47532 -0.56032
vn 0.93672 0.28457 -0.20387
vn -0.26891 -0.56653 0.77893
vn -0.67819 -0.47317 0.56228
vn -0.93896 -0.25323 0.23285
vn 0.22588 0.59273 -0.77308
vn 0.65133 0.51839 -0.55411
vn 0.92444 0.31615 -0.21321
vn -0.22888 -0.62787 0.74390
vn -0.65197 -0.49880 0.57107
vn -0.91716 -0.26538 0.29731
vn 0.10403 0.69693 -0.70955
vn 0.57002 0.65349 -0.49802
vn 0.87729 0.43319 -0.20665
vn -0.09779 -0.79615 0.59714
vn -0.56887 -0.63235 0.52585
vn -0.85699 -0.33618 0.39058
vn 0.00669 0.84629 -0.53268
vn 0.44009 0.79240 -0.42240
vn 0.78765 0.59411 -0.16320
vn 0.02052 -0.89808 0.43935
vn -0.43373 -0.81370 0.38700
vn -0.78387 -0.51978 0.33968
vn -0.03175 0.90427 -0.42577
vn 0.38484 0.84819 -0.36397
vn 0.73920 0.64431 -0.19608
vn 0.04217 -0.90777 0.41735
vn -0.38285 -0.85242 0.35609
vn -0.73688 -0.61931 0.27104
vn -0.03733 0.91549 -0.40060
vn 0.36845 0.85855 -0.35656
vn 0.72007 0.65874 -0.21810
vn 0.04538 -0.91003 0.41205
vn -0.36739 -0.85930 0.35584
vn -0.71713 -0.64200 0.27121
vn -0.34083 0.86393 -0.37075
vn 0.36455 0.86114 -0.35432
vn 0.70705 0.66665 -0.23594
vn 0.33363 -0.85449 0.39817
vn -0.36156 -0.86179 0.35581
vn -0.70324 -0.65211 0.28321
vn 0.47923 0.04350 -0.87661
vn -0.26389 -0.34718 -0.89990
vn 0.01406 0.26540 -0.96403
vn -0.43918 -0.69842 -0.56510
vn 0.27943 -0.43048 -0.85826
vn 0.07538 -0.84877 -0.52336
vn -0.11760 0.82466 0.55327
vn 0.48564 0.40322 -0.77561
vn 0.77375 0.36703 -0.51633
vn 0.76472 0.63152 0.12800
vn -0.71272 0.01727 0.70123
vn -0.85885 -0.16516 0.48486
vn -0.98976 -0.07033 -0.12422
vn 0.43174 0.29392 -0.85277
vn 0.70865 0.47385 -0.52276
vn 0.81566 0.57314 -0.07883
vn -0.45871 -0.26205 0.84906
vn -0.70826 -0.47502 0.52222
vn -0.81995 -0.56776 0.07305
vn 0.42740 0.34405 -0.83604
vn 0.71129 0.49567 -0.49838
vn 0.81211 0.57641 -0.09072
vn -0.49278 -0.28577 0.82189
vn -0.69433 -0.52065 0.49683
vn -0.78165 -0.61990 0.06891
vn 0.33649 0.48962 -0.80439
vn 0.64850 0.62576 -0.43344
vn 0.76594 0.64040 -0.05686
vn -0.52264 -0.40270 0.75146
vn -0.61849 -0.65707 0.43095
vn -0.64659 -0.76186 0.03857
vn 0.31491 0.62659 -0.71289
vn 0.47000 0.81846 -0.33047
vn 0.54245 0.83511 0.09136
vn -0.50824 -0.57259 0.64329
vn -0.52101 -0.78998 0.32324
vn -0.45345 -0.88814 -0.07482
vn 0.36421 0.65760 -0.65948
vn 0.43644 0.85279 -0.28683
vn 0.40638 0.90432 0.13060
vn -0.43870 -0.63480 0.63606
vn -0.44710 -0.84818 0.28406
vn -0.39778 -0.90739 -0.13569
vn 0.38498 0.66772 -0.63714
vn 0.43284 0.85959 -0.27159
vn 0.37680 0.91642 0.13488
vn -0.43587 -0.65163 0.62080
vn -0.43582 -0.85856 0.27006
vn -0.38659 -0.91075 -0.14522
vn 0.32677 0.46276 -0.82406
vn 0.43015 0.86234 -0.26710
vn 0.36649 0.92082 0.13329
vn -0.40057 -0.42391 0.81231
vn -0.43341 -0.86117 0.26561
vn -0.37991 -0.91359 -0.14499
vn 0.92680 0.26131 0.26972
vn 0.86673 -0.49574 -0.05493
vn 0.97667 0.02926 -0.21276
vn 0.50505 -0.86284 0.02059
vn 0.86613 -0.22616 0.44572
vn 0.45336 -0.71805 0.52808
vn -0.56529 0.82466 -0.01974
vn 0.42276 -0.77192 0.47478
vn 0.60351 -0.77192 0.19979
vn 0.62255 -0.77192 -0.12874
vn 0.47478 -0.77192 -0.42276
vn 0.19979 -0.77192 -0.60351
vn -0.12874 -0.77192 -0.62255
vn -0.42276 -0.77192 -0.47478
vn -0.60351 -0.77192 -0.19979
vn -0.62255 -0.77192 0.12874
vn -0.47478 -0.77192 0.42276
vn -0.19979 -0.77192 0.60351
vn 0.12874 -0.77192 0.62255
vn 0.58608 -0.34884 0.73132
vn 0.87321 -0.34884 0.34030
vn 0.92638 -0.34884 -0.14190
vn 0.73132 -0.34884 -0.58608
vn 0.34030 -0.34884 -0.87321
vn -0.14190 -0.34884 -0.92638
vn -0.58608 -0.34884 -0.73132
vn -0.87321 -0.34884 -0.34030
vn -0.92638 -0.34884 0.14190
vn -0.73132 -0.34884 0.58608
vn -0.34030 -0.34884 0.87321
vn 0.14190 -0.34884 0.92638
vn 0.61566 0.00000 0.78801
vn 0.92718 0.00000 0.37461
vn 0.99027 -0.00000 -0.13917
vn 0.78801 0.00000 -0.61566
vn 0.37461 0.00000 -0.92718
vn -0.13917 -0.00000 -0.99027
vn -0.61566 0.00000 -0.78801
vn -0.92718 0.00000 -0.37461
vn -0.99027 -0.00000 0.13917
vn -0.78801 0.00000 0.61566
vn -0.37461 -0.00000 0.92718
vn 0.13917 -0.00000 0.99027
vn 0.56781 0.34884 0.74559
vn 0.86453 0.34884 0.36179
vn 0.92960 0.34884 -0.11894
vn 0.74559 0.34884 -0.56781
vn 0.36179 0.34884 -0.86453
vn -0.11894 0.34884 -0.92960
vn -0.56781 0.34884 -0.74559
vn -0.86453 0.34884 -0.36179
vn -0.92960 0.34884 0.11894
vn -0.74559 0.34884 0.56781
vn -0.36179 0.34884 0.86453
vn 0.11894 0.34884 0.92960
vn 0.35840 0.77192 0.52506
vn 0.57291 0.77192 0.27552
vn 0.63392 0.77192 -0.04785
vn 0.52506 0.77192 -0.35840
vn 0.27552 0.77192 -0.57291
vn -0.04785 0.77192 -0.63392
vn -0.35840 0.77192 -0.52506
vn -0.57291 0.77192 -0.27552
vn -0.63392 0.77192 0.04785
vn -0.52506 0.77192 0.35840
vn -0.27552 0.77192 0.57291
vn 0.04785 0.77192 0.63392
vn 0.00000 -1.00000 0.00000
vn -0.00000 1.00000 0.00000
usemtl NekoBucketHat
s 1
f 1/1/1 2/2/2 38/39/38 37/38/37
f 2/2/2 3/3/3 39/40/39 38/39/38
f 3/3/3 4/4/4 40/41/40 39/40/39
f 4/4/4 5/5/5 41/42/41 40/41/40
f 5/5/5 6/6/6 42/43/42 41/42/41
f 6/6/6 7/7/7 43/44/43 42/43/42
f 7/7/7 8/8/8 44/45/44 43/44/43
f 8/8/8 9/9/9 45/46/45 44/45/44
f 9/9/9 10/10/10 46/47/46 45/46/45
f 10/10/10 11/11/11 47/48/47 46/47/46
f 11/11/11 12/12/12 48/49/48 47/48/47
f 12/12/12 13/13/13 49/50/49 48/49/48
f 13/13/13 14/14/14 50/51/50 49/50/49
f 14/14/14 15/15/15 51/52/51 50/51/50
f 15/15/15 16/16/16 52/53/52 51/52/51
f 16/16/16 17/17/17 53/54/53 52/53/52
f 17/17/17 18/18/18 54/55/54 53/54/53
f 18/18/18 19/19/19 55/56/55 54/55/54
f 19/19/19 20/20/20 56/57/56 55/56/55
f 20/20/20 21/21/21 57/58/57 56/57/56
f 21/21/21 22/22/22 58/59/58 57/58/57
f 22/22/22 23/23/23 59/60/59 58/59/58
f 23/23/23 24/24/24 60/61/60 59/60/59
f 24/24/24 25/25/25 61/62/61 60/61/60
f 25/25/25 26/26/26 62/63/62 61/62/61
f 26/26/26 27/27/27 63/64/63 62/63/62
f 27/27/27 28/28/28 64/65/64 63/64/63
f 28/28/28 29/29/29 65/66/65 64/65/64
f 29/29/29 30/30/30 66/67/66 65/66/65
f 30/30/30 31/31/31 67/68/67 66/67/66
f 31/31/31 32/32/32 68/69/68 67/68/67
f 32/32/32 33/33/33 69/70/69 68/69/68
f 33/33/33 34/34/34 70/71/70 69/70/69
f 34/34/34 35/35/35 71/72/71 70/71/70
f 35/35/35 36/36/36 72/73/72 71/72/71
f 36/36/36 1/37/1 37/74/37 72/73/72
f 37/38/37 38/39/38 74/76/74 73/75/73
f 38/39/38 39/40/39 75/77/75 74/76/74
f 39/40/39 40/41/40 76/78/76 75/77/75
f 40/41/40 41/42/41 77/79/77 76/78/76
f 41/42/41 42/43/42 78/80/78 77/79/77
f 42/43/42 43/44/43 79/81/79 78/80/78
f 43/44/43 44/45/44 80/82/80 79/81/79
f 44/45/44 45/46/45 81/83/81 80/82/80
f 45/46/45 46/47/46 82/84/82 81/83/81
f 46/47/46 47/48/47 83/85/83 82/84/82
f 47/48/47 48/49/48 84/86/84 83/85/83
f 48/49/48 49/50/49 85/87/85 84/86/84
f 49/50/49 50/51/50 86/88/86 85/87/85
f 50/51/50 51/52/51 87/89/87 86/88/86
f 51/52/51 52/53/52 88/90/88 87/89/87
f 52/53/52 53/54/53 89/91/89 88/90/88
f 53/54/53 54/55/54 90/92/90 89/91/89
f 54/55/54 55/56/55 91/93/91 90/92/90
f 55/56/55 56/57/56 92/94/92 91/93/91
f 56/57/56 57/58/57 93/95/93 92/94/92
f 57/58/57 58/59/58 94/96/94 93/95/93
f 58/59/58 59/60/59 95/97/95 94/96/94
f 59/60/59 60/61/60 96/98/96 95/97/95
f 60/61/60 61/62/61 97/99/97 96/98/96
f 61/62/61 62/63/62 98/100/98 97/99/97
f 62/63/62 63/64/63 99/101/99 98/100/98
f 63/64/63 64/65/64 100/102/100 99/101/99
f 64/65/64 65/66/65 101/103/101 100/102/100
f 65/66/65 66/67/66 102/104/102 101/103/101
f 66/67/66 67/68/67 103/105/103 102/104/102
f 67/68/67 68/69/68 104/106/104 103/105/103
f 68/69/68 69/70/69 105/107/105 104/106/104
f 69/70/69 70/71/70 106/108/106 105/107/105
f 70/71/70 71/72/71 107/109/107 106/108/106
f 71/72/71 72/73/72 108/110/108 107/109/107
f 72/73/72 37/74/37 73/111/73 108/110/108
f 73/75/73 74/76/74 110/113/110 109/112/109
f 74/76/74 75/77/75 111/114/111 110/113/110
f 75/77/75 76/78/76 112/115/112 111/114/111
f 76/78/76 77/79/77 113/116/113 112/115/112
f 77/79/77 78/80/78 114/117/114 113/116/113
f 78/80/78 79/81/79 115/118/115 114/117/114
f 79/81/79 80/82/80 116/119/116 115/118/115
f 80/82/80 81/83/81 117/120/117 116/119/116
f 81/83/81 82/84/82 118/121/118 117/120/117
f 82/84/82 83/85/83 119/122/119 118/121/118
f 83/85/83 84/86/84 120/123/120 119/122/119
f 84/86/84 85/87/85 121/124/121 120/123/120
f 85/87/85 86/88/86 122/125/122 121/124/121
f 86/88/86 87/89/87 123/126/123 122/125/122
f 87/89/87 88/90/88 124/127/124 123/126/123
f 88/90/88 89/91/89 125/128/125 124/127/124
f 89/91/89 90/92/90 126/129/126 125/128/125
f 90/92/90 91/93/91 127/130/127 126/129/126
f 91/93/91 92/94/92 128/131/128 127/130/127
f 92/94/92 93/95/93 129/132/129 128/131/128
f 93/95/93 94/96/94 130/133/130 129/132/129
f 94/96/94 95/97/95 131/134/131 130/133/130
f 95/97/95 96/98/96 132/135/132 131/134/131
f 96/98/96 97/99/97 133/136/133 132/135/132
f 97/99/97 98/100/98 134/137/134 133/136/133
f 98/100/98 99/101/99 135/138/135 134/137/134
f 99/101/99 100/102/100 136/139/136 135/138/135
f 100/102/100 101/103/101 137/140/137 136/139/136
f 101/103/101 102/104/102 138/141/138 137/140/137
f 102/104/102 103/105/103 139/142/139 138/141/138
f 103/105/103 104/106/104 140/143/140 139/142/139
f 104/106/104 105/107/105 141/144/141 140/143/140
f 105/107/105 106/108/106 142/145/142 141/144/141
f 106/108/106 107/109/107 143/146/143 142/145/142
f 107/109/107 108/110/108 144/147/144 143/146/143
f 108/110/108 73/111/73 109/148/109 144/147/144
f 109/112/109 110/113/110 146/150/146 145/149/145
f 110/113/110 111/114/111 147/151/147 146/150/146
f 111/114/111 112/115/112 148/152/148 147/151/147
f 112/115/112 113/116/113 149/153/149 148/152/148
f 113/116/113 114/117/114 150/154/150 149/153/149
f 114/117/114 115/118/115 151/155/151 150/154/150
f 115/118/115 116/119/116 152/156/152 151/155/151
f 116/119/116 117/120/117 153/157/153 152/156/152
f 117/120/117 118/121/118 154/158/154 153/157/153
f 118/121/118 119/122/119 155/159/155 154/158/154
f 119/122/119 120/123/120 156/160/156 155/159/155
f 120/123/120 121/124/121 157/161/157 156/160/156
f 121/124/121 122/125/122 158/162/158 157/161/157
f 122/125/122 123/126/123 159/163/159 158/162/158
f 123/126/123 124/127/124 160/164/160 159/163/159
f 124/127/124 125/128/125 161/165/161 160/164/160
f 125/128/125 126/129/126 162/166/162 161/165/161
f 126/129/126 127/130/127 163/167/163 162/166/162
f 127/130/127 128/131/128 164/168/164 163/167/163
f 128/131/128 129/132/129 165/169/165 164/168/164
f 129/132/129 130/133/130 166/170/166 165/169/165
f 130/133/130 131/134/131 167/171/167 166/170/166
f 131/134/131 132/135/132 168/172/168 167/171/167
f 132/135/132 133/136/133 169/173/169 168/172/168
f 133/136/133 134/137/134 170/174/170 169/173/169
f 134/137/134 135/138/135 171/175/171 170/174/170
f 135/138/135 136/139/136 172/176/172 171/175/171
f 136/139/136 137/140/137 173/177/173 172/176/172
f 137/140/137 138/141/138 174/178/174 173/177/173
f 138/141/138 139/142/139 175/179/175 174/178/174
f 139/142/139 140/143/140 176/180/176 175/179/175
f 140/143/140 141/144/141 177/181/177 176/180/176
f 141/144/141 142/145/142 178/182/178 177/181/177
f 142/145/142 143/146/143 179/183/179 178/182/178
f 143/146/143 144/147/144 180/184/180 179/183/179
f 144/147/144 109/148/109 145/185/145 180/184/180
f 145/149/145 146/150/146 182/187/182 181/186/181
f 146/150/146 147/151/147 183/188/183 182/187/182
f 147/151/147 148/152/148 184/189/184 183/188/183
f 148/152/148 149/153/149 185/190/185 184/189/184
f 149/153/149 150/154/150 186/191/186 185/190/185
f 150/154/150 151/155/151 187/192/187 186/191/186
f 151/155/151 152/156/152 188/193/188 187/192/187
f 152/156/152 153/157/153 189/194/189 188/193/188
f 153/157/153 154/158/154 190/195/190 189/194/189
f 154/158/154 155/159/155 191/196/191 190/195/190
f 155/159/155 156/160/156 192/197/192 191/196/191
f 156/160/156 157/161/157 193/198/193 192/197/192
f 157/161/157 158/162/158 194/199/194 193/198/193
f 158/162/158 159/163/159 195/200/195 194/199/194
f 159/163/159 160/164/160 196/201/196 195/200/195
f 160/164/160 161/165/161 197/202/197 196/201/196
f 161/165/161 162/166/162 198/203/198 197/202/197
f 162/166/162 163/167/163 199/204/199 198/203/198
f 163/167/163 164/168/164 200/205/200 199/204/199
f 164/168/164 165/169/165 201/206/201 200/205/200
f 165/169/165 166/170/166 202/207/202 201/206/201
f 166/170/166 167/171/167 203/208/203 202/207/202
f 167/171/167 168/172/168 204/209/204 203/208/203
f 168/172/168 169/173/169 205/210/205 204/209/204
f 169/173/169 170/174/170 206/211/206 205/210/205
f 170/174/170 171/175/171 207/212/207 206/211/206
f 171/175/171 172/176/172 208/213/208 207/212/207
f 172/176/172 173/177/173 209/214/209 208/213/208
f 173/177/173 174/178/174 210/215/210 209/214/209
f 174/178/174 175/179/175 211/216/211 210/215/210
f 175/179/175 176/180/176 212/217/212 211/216/211
f 176/180/176 177/181/177 213/218/213 212/217/212
f 177/181/177 178/182/178 214/219/214 213/218/213
f 178/182/178 179/183/179 215/220/215 214/219/214
f 179/183/179 180/184/180 216/221/216 215/220/215
f 180/184/180 145/185/145 181/222/181 216/221/216
f 181/186/181 182/187/182 218/224/218 217/223/217
f 182/187/182 183/188/183 219/225/219 218/224/218
f 183/188/183 184/189/184 220/226/220 219/225/219
f 184/189/184 185/190/185 221/227/221 220/226/220
f 185/190/185 186/191/186 222/228/222 221/227/221
f 186/191/186 187/192/187 223/229/223 222/228/222
f 187/192/187 188/193/188 224/230/224 223/229/223
f 188/193/188 189/194/189 225/231/225 224/230/224
f 189/194/189 190/195/190 226/232/226 225/231/225
f 190/195/190 191/196/191 227/233/227 226/232/226
f 191/196/191 192/197/192 228/234/228 227/233/227
f 192/197/192 193/198/193 229/235/229 228/234/228
f 193/198/193 194/199/194 230/236/230 229/235/229
f 194/199/194 195/200/195 231/237/231 230/236/230
f 195/200/195 196/201/196 232/238/232 231/237/231
f 196/201/196 197/202/197 233/239/233 232/238/232
f 197/202/197 198/203/198 234/240/234 233/239/233
f 198/203/198 199/204/199 235/241/235 234/240/234
f 199/204/199 200/205/200 236/242/236 235/241/235
f 200/205/200 201/206/201 237/243/237 236/242/236
f 201/206/201 202/207/202 238/244/238 237/243/237
f 202/207/202 203/208/203 239/245/239 238/244/238
f 203/208/203 204/209/204 240/246/240 239/245/239
f 204/209/204 205/210/205 241/247/241 240/246/240
f 205/210/205 206/211/206 242/248/242 241/247/241
f 206/211/206 207/212/207 243/249/243 242/248/242
f 207/212/207 208/213/208 244/250/244 243/249/243
f 208/213/208 209/214/209 245/251/245 244/250/244
f 209/214/209 210/215/210 246/252/246 245/251/245
f 210/215/210 211/216/211 247/253/247 246/252/246
f 211/216/211 212/217/212 248/254/248 247/253/247
f 212/217/212 213/218/213 249/255/249 248/254/248
f 213/218/213 214/219/214 250/256/250 249/255/249
f 214/219/214 215/220/215 251/257/251 250/256/250
f 215/220/215 216/221/216 252/258/252 251/257/251
f 216/221/216 181/222/181 217/259/217 252/258/252
f 217/223/217 218/224/218 254/261/254 253/260/253
f 218/224/218 219/225/219 255/262/255 254/261/254
f 219/225/219 220/226/220 256/263/256 255/262/255
f 220/226/220 221/227/221 257/264/257 256/263/256
f 221/227/221 222/228/222 258/265/258 257/264/257
f 222/228/222 223/229/223 259/266/259 258/265/258
f 223/229/223 224/230/224 260/267/260 259/266/259
f 224/230/224 225/231/225 261/268/261 260/267/260
f 225/231/225 226/232/226 262/269/262 261/268/261
f 226/232/226 227/233/227 263/270/263 262/269/262
f 227/233/227 228/234/228 264/271/264 263/270/263
f 228/234/228 229/235/229 265/272/265 264/271/264
f 229/235/229 230/236/230 266/273/266 265/272/265
f 230/236/230 231/237/231 267/274/267 266/273/266
f 231/237/231 232/238/232 268/275/268 267/274/267
f 232/238/232 233/239/233 269/276/269 268/275/268
f 233/239/233 234/240/234 270/277/270 269/276/269
f 234/240/234 235/241/235 271/278/271 270/277/270
f 235/241/235 236/242/236 272/279/272 271/278/271
f 236/242/236 237/243/237 273/280/273 272/279/272
f 237/243/237 238/244/238 274/281/274 273/280/273
f 238/244/238 239/245/239 275/282/275 274/281/274
f 239/245/239 240/246/240 276/283/276 275/282/275
f 240/246/240 241/247/241 277/284/277 276/283/276
f 241/247/241 242/248/242 278/285/278 277/284/277
f 242/248/242 243/249/243 279/286/279 278/285/278
f 243/249/243 244/250/244 280/287/280 279/286/279
f 244/250/244 245/251/245 281/288/281 280/287/280
f 245/251/245 246/252/246 282/289/282 281/288/281
f 246/252/246 247/253/247 283/290/283 282/289/282
f 247/253/247 248/254/248 284/291/284 283/290/283
f 248/254/248 249/255/249 285/292/285 284/291/284
f 249/255/249 250/256/250 286/293/286 285/292/285
f 250/256/250 251/257/251 287/294/287 286/293/286
f 251/257/251 252/258/252 288/295/288 287/294/287
f 252/258/252 217/259/217 253/296/253 288/295/288
f 253/260/253 254/261/254 290/298/290 289/297/289
f 254/261/254 255/262/255 291/299/291 290/298/290
f 255/262/255 256/263/256 292/300/292 291/299/291
f 256/263/256 257/264/257 293/301/293 292/300/292
f 257/264/257 258/265/258 294/302/294 293/301/293
f 258/265/258 259/266/259 295/303/295 294/302/294
f 259/266/259 260/267/260 296/304/296 295/303/295
f 260/267/260 261/268/261 297/305/297 296/304/296
f 261/268/261 262/269/262 298/306/298 297/305/297
f 262/269/262 263/270/263 299/307/299 298/306/298
f 263/270/263 264/271/264 300/308/300 299/307/299
f 264/271/264 265/272/265 301/309/301 300/308/300
f 265/272/265 266/273/266 302/310/302 301/309/301
f 266/273/266 267/274/267 303/311/303 302/310/302
f 267/274/267 268/275/268 304/312/304 303/311/303
f 268/275/268 269/276/269 305/313/305 304/312/304
f 269/276/269 270/277/270 306/314/306 305/313/305
f 270/277/270 271/278/271 307/315/307 306/314/306
f 271/278/271 272/279/272 308/316/308 307/315/307
f 272/279/272 273/280/273 309/317/309 308/316/308
f 273/280/273 274/281/274 310/318/310 309/317/309
f 274/281/274 275/282/275 311/319/311 310/318/310
f 275/282/275 276/283/276 312/320/312 311/319/311
f 276/283/276 277/284/277 313/321/313 312/320/312
f 277/284/277 278/285/278 314/322/314 313/321/313
f 278/285/278 279/286/279 315/323/315 314/322/314
f 279/286/279 280/287/280 316/324/316 315/323/315
f 280/287/280 281/288/281 317/325/317 316/324/316
f 281/288/281 282/289/282 318/326/318 317/325/317
f 282/289/282 283/290/283 319/327/319 318/326/318
f 283/290/283 284/291/284 320/328/320 319/327/319
f 284/291/284 285/292/285 321/329/321 320/328/320
f 285/292/285 286/293/286 322/330/322 321/329/321
f 286/293/286 287/294/287 323/331/323 322/330/322
f 287/294/287 288/295/288 324/332/324 323/331/323
f 288/295/288 253/296/253 289/333/289 324/332/324
f 289/297/289 290/298/290 326/335/326 325/334/325
f 290/298/290 291/299/291 327/336/327 326/335/326
f 291/299/291 292/300/292 328/337/328 327/336/327
f 292/300/292 293/301/293 329/338/329 328/337/328
f 293/301/293 294/302/294 330/339/330 329/338/329
f 294/302/294 295/303/295 331/340/331 330/339/330
f 295/303/295 296/304/296 332/341/332 331/340/331
f 296/304/296 297/305/297 333/342/333 332/341/332
f 297/305/297 298/306/298 334/343/334 333/342/333
f 298/306/298 299/307/299 335/344/335 334/343/334
f 299/307/299 300/308/300 336/345/336 335/344/335
f 300/308/300 301/309/301 337/346/337 336/345/336
f 301/309/301 302/310/302 338/347/338 337/346/337
f 302/310/302 303/311/303 339/348/339 338/347/338
f 303/311/303 304/312/304 340/349/340 339/348/339
f 304/312/304 305/313/305 341/350/341 340/349/340
f 305/313/305 306/314/306 342/351/342 341/350/341
f 306/314/306 307/315/307 343/352/343 342/351/342
f 307/315/307 308/316/308 344/353/344 343/352/343
f 308/316/308 309/317/309 345/354/345 344/353/344
f 309/317/309 310/318/310 346/355/346 345/354/345
f 310/318/310 311/319/311 347/356/347 346/355/346
f 311/319/311 312/320/312 348/357/348 347/356/347
f 312/320/312 313/321/313 349/358/349 348/357/348
f 313/321/313 314/322/314 350/359/350 349/358/349
f 314/322/314 315/323/315 351/360/351 350/359/350
f 315/323/315 316/324/316 352/361/352 351/360/351
f 316/324/316 317/325/317 353/362/353 352/361/352
f 317/325/317 318/326/318 354/363/354 353/362/353
f 318/326/318 319/327/319 355/364/355 354/363/354
f 319/327/319 320/328/320 356/365/356 355/364/355
f 320/328/320 321/329/321 357/366/357 356/365/356
f 321/329/321 322/330/322 358/367/358 357/366/357
f 322/330/322 323/331/323 359/368/359 358/367/358
f 323/331/323 324/332/324 360/369/360 359/368/359
f 324/332/324 289/333/289 325/370/325 360/369/360
f 325/334/325 326/335/326 362/372/362 361/371/361
f 326/335/326 327/336/327 363/373/363 362/372/362
f 327/336/327 328/337/328 364/374/364 363/373/363
f 328/337/328 329/338/329 365/375/365 364/374/364
f 329/338/329 330/339/330 366/376/366 365/375/365
f 330/339/330 331/340/331 367/377/367 366/376/366
f 331/340/331 332/341/332 368/378/368 367/377/367
f 332/341/332 333/342/333 369/379/369 368/378/368
f 333/342/333 334/343/334 370/380/370 369/379/369
f 334/343/334 335/344/335 371/381/371 370/380/370
f 335/344/335 336/345/336 372/382/372 371/381/371
f 336/345/336 337/346/337 373/383/373 372/382/372
f 337/346/337 338/347/338 374/384/374 373/383/373
f 338/347/338 339/348/339 375/385/375 374/384/374
f 339/348/339 340/349/340 376/386/376 375/385/375
f 340/349/340 341/350/341 377/387/377 376/386/376
f 341/350/341 342/351/342 378/388/378 377/387/377
f 342/351/342 343/352/343 379/389/379 378/388/378
f 343/352/343 344/353/344 380/390/380 379/389/379
f 344/353/344 345/354/345 381/391/381 380/390/380
f 345/354/345 346/355/346 382/392/382 381/391/381
f 346/355/346 347/356/347 383/393/383 382/392/382
f 347/356/347 348/357/348 384/394/384 383/393/383
f 348/357/348 349/358/349 385/395/385 384/394/384
f 349/358/349 350/359/350 386/396/386 385/395/385
f 350/359/350 351/360/351 387/397/387 386/396/386
f 351/360/351 352/361/352 388/398/388 387/397/387
f 352/361/352 353/362/353 389/399/389 388/398/388
f 353/362/353 354/363/354 390/400/390 389/399/389
f 354/363/354 355/364/355 391/401/391 390/400/390
f 355/364/355 356/365/356 392/402/392 391/401/391
f 356/365/356 357/366/357 393/403/393 392/402/392
f 357/366/357 358/367/358 394/404/394 393/403/393
f 358/367/358 359/368/359 395/405/395 394/404/394
f 359/368/359 360/369/360 396/406/396 395/405/395
f 360/369/360 325/370/325 361/407/361 396/406/396
f 361/371/361 362/372/362 398/409/398 397/408/397
f 362/372/362 363/373/363 399/410/399 398/409/398
f 363/373/363 364/374/364 400/411/400 399/410/399
f 364/374/364 365/375/365 401/412/401 400/411/400
f 365/375/365 366/376/366 402/413/402 401/412/401
f 366/376/366 367/377/367 403/414/403 402/413/402
f 367/377/367 368/378/368 404/415/404 403/414/403
f 368/378/368 369/379/369 405/416/405 404/415/404
f 369/379/369 370/380/370 406/417/406 405/416/405
f 370/380/370 371/381/371 407/418/407 406/417/406
f 371/381/371 372/382/372 408/419/408 407/418/407
f 372/382/372 373/383/373 409/420/409 408/419/408
f 373/383/373 374/384/374 410/421/410 409/420/409
f 374/384/374 375/385/375 411/422/411 410/421/410
f 375/385/375 376/386/376 412/423/412 411/422/411
f 376/386/376 377/387/377 413/424/413 412/423/412
f 377/387/377 378/388/378 414/425/414 413/424/413
f 378/388/378 379/389/379 415/426/415 414/425/414
f 379/389/379 380/390/380 416/427/416 415/426/415
f 380/390/380 381/391/381 417/428/417 416/427/416
f 381/391/381 382/392/382 418/429/418 417/428/417
f 382/392/382 383/393/383 419/430/419 418/429/418
f 383/393/383 384/394/384 420/431/420 419/430/419
f 384/394/384 385/395/385 421/432/421 420/431/420
f 385/395/385 386/396/386 422/433/422 421/432/421
f 386/396/386 387/397/387 423/434/423 422/433/422
f 387/397/387 388/398/388 424/435/424 423/434/423
f 388/398/388 389/399/389 425/436/425 424/435/424
f 389/399/389 390/400/390 426/437/426 425/436/425
f 390/400/390 391/401/391 427/438/427 426/437/426
f 391/401/391 392/402/392 428/439/428 427/438/427
f 392/402/392 393/403/393 429/440/429 428/439/428
f 393/403/393 394/404/394 430/441/430 429/440/429
f 394/404/394 395/405/395 431/442/431 430/441/430
f 395/405/395 396/406/396 432/443/432 431/442/431
f 396/406/396 361/407/361 397/444/397 432/443/432
f 397/408/397 398/409/398 434/446/434 433/445/433
f 398/409/398 399/410/399 435/447/435 434/446/434
f 399/410/399 400/411/400 436/448/436 435/447/435
f 400/411/400 401/412/401 437/449/437 436/448/436
f 401/412/401 402/413/402 438/450/438 437/449/437
f 402/413/402 403/414/403 439/451/439 438/450/438
f 403/414/403 404/415/404 440/452/440 439/451/439
f 404/415/404 405/416/405 441/453/441 440/452/440
f 405/416/405 406/417/406 442/454/442 441/453/441
f 406/417/406 407/418/407 443/455/443 442/454/442
f 407/418/407 408/419/408 444/456/444 443/455/443
f 408/419/408 409/420/409 445/457/445 444/456/444
f 409/420/409 410/421/410 446/458/446 445/457/445
f 410/421/410 411/422/411 447/459/447 446/458/446
f 411/422/411 412/423/412 448/460/448 447/459/447
f 412/423/412 413/424/413 449/461/449 448/460/448
f 413/424/413 414/425/414 450/462/450 449/461/449
f 414/425/414 415/426/415 451/463/451 450/462/450
f 415/426/415 416/427/416 452/464/452 451/463/451
f 416/427/416 417/428/417 453/465/453 452/464/452
f 417/428/417 418/429/418 454/466/454 453/465/453
f 418/429/418 419/430/419 455/467/455 454/466/454
f 419/430/419 420/431/420 456/468/456 455/467/455
f 420/431/420 421/432/421 457/469/457 456/468/456
f 421/432/421 422/433/422 458/470/458 457/469/457
f 422/433/422 423/434/423 459/471/459 458/470/458
f 423/434/423 424/435/424 460/472/460 459/471/459
f 424/435/424 425/436/425 461/473/461 460/472/460
f 425/436/425 426/437/426 462/474/462 461/473/461
f 426/437/426 427/438/427 463/475/463 462/474/462
f 427/438/427 428/439/428 464/476/464 463/475/463
f 428/439/428 429/440/429 465/477/465 464/476/464
f 429/440/429 430/441/430 466/478/466 465/477/465
f 430/441/430 431/442/431 467/479/467 466/478/466
f 431/442/431 432/443/432 468/480/468 467/479/467
f 432/443/432 397/444/397 433/481/433 468/480/468
f 433/445/433 434/446/434 470/483/470 469/482/469
f 434/446/434 435/447/435 471/484/471 470/483/470
f 435/447/435 436/448/436 472/485/472 471/484/471
f 436/448/436 437/449/437 473/486/473 472/485/472
f 437/449/437 438/450/438 474/487/474 473/486/473
f 438/450/438 439/451/439 475/488/475 474/487/474
f 439/451/439 440/452/440 476/489/476 475/488/475
f 440/452/440 441/453/441 477/490/477 476/489/476
f 441/453/441 442/454/442 478/491/478 477/490/477
f 442/454/442 443/455/443 479/492/479 478/491/478
f 443/455/443 444/456/444 480/493/480 479/492/479
f 444/456/444 445/457/445 481/494/481 480/493/480
f 445/457/445 446/458/446 482/495/482 481/494/481
f 446/458/446 447/459/447 483/496/483 482/495/482
f 447/459/447 448/460/448 484/497/484 483/496/483
f 448/460/448 449/461/449 485/498/485 484/497/484
f 449/461/449 450/462/450 486/499/486 485/498/485
f 450/462/450 451/463/451 487/500/487 486/499/486
f 451/463/451 452/464/452 488/501/488 487/500/487
f 452/464/452 453/465/453 489/502/489 488/501/488
f 453/465/453 454/466/454 490/503/490 489/502/489
f 454/466/454 455/467/455 491/504/491 490/503/490
f 455/467/455 456/468/456 492/505/492 491/504/491
f 456/468/456 457/469/457 493/506/493 492/505/492
f 457/469/457 458/470/458 494/507/494 493/506/493
f 458/470/458 459/471/459 495/508/495 494/507/494
f 459/471/459 460/472/460 496/509/496 495/508/495
f 460/472/460 461/473/461 497/510/497 496/509/496
f 461/473/461 462/474/462 498/511/498 497/510/497
f 462/474/462 463/475/463 499/512/499 498/511/498
f 463/475/463 464/476/464 500/513/500 499/512/499
f 464/476/464 465/477/465 501/514/501 500/513/500
f 465/477/465 466/478/466 502/515/502 501/514/501
f 466/478/466 467/479/467 503/516/503 502/515/502
f 467/479/467 468/480/468 504/517/504 503/516/503
f 468/480/468 433/481/433 469/518/469 504/517/504
f 469/482/469 470/483/470 506/520/506 505/519/505
f 470/483/470 471/484/471 507/521/507 506/520/506
f 471/484/471 472/485/472 508/522/508 507/521/507
f 472/485/472 473/486/473 509/523/509 508/522/508
f 473/486/473 474/487/474 510/524/510 509/523/509
f 474/487/474 475/488/475 511/525/511 510/524/510
f 475/488/475 476/489/476 512/526/512 511/525/511
f 476/489/476 477/490/477 513/527/513 512/526/512
f 477/490/477 478/491/478 514/528/514 513/527/513
f 478/491/478 479/492/479 515/529/515 514/528/514
f 479/492/479 480/493/480 516/530/516 515/529/515
f 480/493/480 481/494/481 517/531/517 516/530/516
f 481/494/481 482/495/482 518/532/518 517/531/517
f 482/495/482 483/496/483 519/533/519 518/532/518
f 483/496/483 484/497/484 520/534/520 519/533/519
f 484/497/484 485/498/485 521/535/521 520/534/520
f 485/498/485 486/499/486 522/536/522 521/535/521
f 486/499/486 487/500/487 523/537/523 522/536/522
f 487/500/487 488/501/488 524/538/524 523/537/523
f 488/501/488 489/502/489 525/539/525 524/538/524
f 489/502/489 490/503/490 526/540/526 525/539/525
f 490/503/490 491/504/491 527/541/527 526/540/526
f 491/504/491 492/505/492 528/542/528 527/541/527
f 492/505/492 493/506/493 529/543/529 528/542/528
f 493/506/493 494/507/494 530/544/530 529/543/529
f 494/507/494 495/508/495 531/545/531 530/544/530
f 495/508/495 496/509/496 532/546/532 531/545/531
f 496/509/496 497/510/497 533/547/533 532/546/532
f 497/510/497 498/511/498 534/548/534 533/547/533
f 498/511/498 499/512/499 535/549/535 534/548/534
f 499/512/499 500/513/500 536/550/536 535/549/535
f 500/513/500 501/514/501 537/551/537 536/550/536
f 501/514/501 502/515/502 538/552/538 537/551/537
f 502/515/502 503/516/503 539/553/539 538/552/538
f 503/516/503 504/517/504 540/554/540 539/553/539
f 504/517/504 469/518/469 505/555/505 540/554/540
f 505/519/505 506/520/506 542/557/542 541/556/541
f 506/520/506 507/521/507 543/558/543 542/557/542
f 507/521/507 508/522/508 544/559/544 543/558/543
f 508/522/508 509/523/509 545/560/545 544/559/544
f 509/523/509 510/524/510 546/561/546 545/560/545
f 510/524/510 511/525/511 547/562/547 546/561/546
f 511/525/511 512/526/512 548/563/548 547/562/547
f 512/526/512 513/527/513 549/564/549 548/563/548
f 513/527/513 514/528/514 550/565/550 549/564/549
f 514/528/514 515/529/515 551/566/551 550/565/550
f 515/529/515 516/530/516 552/567/552 551/566/551
f 516/530/516 517/531/517 553/568/553 552/567/552
f 517/531/517 518/532/518 554/569/554 553/568/553
f 518/532/518 519/533/519 555/570/555 554/569/554
f 519/533/519 520/534/520 556/571/556 555/570/555
f 520/534/520 521/535/521 557/572/557 556/571/556
f 521/535/521 522/536/522 558/573/558 557/572/557
f 522/536/522 523/537/523 559/574/559 558/573/558
f 523/537/523 524/538/524 560/575/560 559/574/559
f 524/538/524 525/539/525 561/576/561 560/575/560
f 525/539/525 526/540/526 562/577/562 561/576/561
f 526/540/526 527/541/527 563/578/563 562/577/562
f 527/541/527 528/542/528 564/579/564 563/578/563
f 528/542/528 529/543/529 565/580/565 564/579/564
f 529/543/529 530/544/530 566/581/566 565/580/565
f 530/544/530 531/545/531 567/582/567 566/581/566
f 531/545/531 532/546/532 568/583/568 567/582/567
f 532/546/532 533/547/533 569/584/569 568/583/568
f 533/547/533 534/548/534 570/585/570 569/584/569
f 534/548/534 535/549/535 571/586/571 570/585/570
f 535/549/535 536/550/536 572/587/572 571/586/571
f 536/550/536 537/551/537 573/588/573 572/587/572
f 537/551/537 538/552/538 574/589/574 573/588/573
f 538/552/538 539/553/539 575/590/575 574/589/574
f 539/553/539 540/554/540 576/591/576 575/590/575
f 540/554/540 505/555/505 541/592/541 576/591/576
f 541/556/541 542/557/542 578/594/578 577/593/577
f 542/557/542 543/558/543 579/595/579 578/594/578
f 543/558/543 544/559/544 580/596/580 579/595/579
f 544/559/544 545/560/545 581/597/581 580/596/580
f 545/560/545 546/561/546 582/598/582 581/597/581
f 546/561/546 547/562/547 583/599/583 582/598/582
f 547/562/547 548/563/548 584/600/584 583/599/583
f 548/563/548 549/564/549 585/601/585 584/600/584
f 549/564/549 550/565/550 586/602/586 585/601/585
f 550/565/550 551/566/551 587/603/587 586/602/586
f 551/566/551 552/567/552 588/604/588 587/603/587
f 552/567/552 553/568/553 589/605/589 588/604/588
f 553/568/553 554/569/554 590/606/590 589/605/589
f 554/569/554 555/570/555 591/607/591 590/606/590
f 555/570/555 556/571/556 592/608/592 591/607/591
f 556/571/556 557/572/557 593/609/593 592/608/592
f 557/572/557 558/573/558 594/610/594 593/609/593
f 558/573/558 559/574/559 595/611/595 594/610/594
f 559/574/559 560/575/560 596/612/596 595/611/595
f 560/575/560 561/576/561 597/613/597 596/612/596
f 561/576/561 562/577/562 598/614/598 597/613/597
f 562/577/562 563/578/563 599/615/599 598/614/598
f 563/578/563 564/579/564 600/616/600 599/615/599
f 564/579/564 565/580/565 601/617/601 600/616/600
f 565/580/565 566/581/566 602/618/602 601/617/601
f 566/581/566 567/582/567 603/619/603 602/618/602
f 567/582/567 568/583/568 604/620/604 603/619/603
f 568/583/568 569/584/569 605/621/605 604/620/604
f 569/584/569 570/585/570 606/622/606 605/621/605
f 570/585/570 571/586/571 607/623/607 606/622/606
f 571/586/571 572/587/572 608/624/608 607/623/607
f 572/587/572 573/588/573 609/625/609 608/624/608
f 573/588/573 574/589/574 610/626/610 609/625/609
f 574/589/574 575/590/575 611/627/611 610/626/610
f 575/590/575 576/591/576 612/628/612 611/627/611
f 576/591/576 541/592/541 577/629/577 612/628/612
f 577/593/577 578/594/578 614/631/614 613/630/613
f 578/594/578 579/595/579 615/632/615 614/631/614
f 579/595/579 580/596/580 616/633/616 615/632/615
f 580/596/580 581/597/581 617/634/617 616/633/616
f 581/597/581 582/598/582 618/635/618 617/634/617
f 582/598/582 583/599/583 619/636/619 618/635/618
f 583/599/583 584/600/584 620/637/620 619/636/619
f 584/600/584 585/601/585 621/638/621 620/637/620
f 585/601/585 586/602/586 622/639/622 621/638/621
f 586/602/586 587/603/587 623/640/623 622/639/622
f 587/603/587 588/604/588 624/641/624 623/640/623
f 588/604/588 589/605/589 625/642/625 624/641/624
f 589/605/589 590/606/590 626/643/626 625/642/625
f 590/606/590 591/607/591 627/644/627 626/643/626
f 591/607/591 592/608/592 628/645/628 627/644/627
f 592/608/592 593/609/593 629/646/629 628/645/628
f 593/609/593 594/610/594 630/647/630 629/646/629
f 594/610/594 595/611/595 631/648/631 630/647/630
f 595/611/595 596/612/596 632/649/632 631/648/631
f 596/612/596 597/613/597 633/650/633 632/649/632
f 597/613/597 598/614/598 634/651/634 633/650/633
f 598/614/598 599/615/599 635/652/635 634/651/634
f 599/615/599 600/616/600 636/653/636 635/652/635
f 600/616/600 601/617/601 637/654/637 636/653/636
f 601/617/601 602/618/602 638/655/638 637/654/637
f 602/618/602 603/619/603 639/656/639 638/655/638
f 603/619/603 604/620/604 640/657/640 639/656/639
f 604/620/604 605/621/605 641/658/641 640/657/640
f 605/621/605 606/622/606 642/659/642 641/658/641
f 606/622/606 607/623/607 643/660/643 642/659/642
f 607/623/607 608/624/608 644/661/644 643/660/643
f 608/624/608 609/625/609 645/662/645 644/661/644
f 609/625/609 610/626/610 646/663/646 645/662/645
f 610/626/610 611/627/611 647/664/647 646/663/646
f 611/627/611 612/628/612 648/665/648 647/664/647
f 612/628/612 577/629/577 613/666/613 648/665/648
f 613/630/613 614/631/614 650/668/650 649/667/649
f 614/631/614 615/632/615 651/669/651 650/668/650
f 615/632/615 616/633/616 652/670/652 651/669/651
f 616/633/616 617/634/617 653/671/653 652/670/652
f 617/634/617 618/635/618 654/672/654 653/671/653
f 618/635/618 619/636/619 655/673/655 654/672/654
f 619/636/619 620/637/620 656/674/656 655/673/655
f 620/637/620 621/638/621 657/675/657 656/674/656
f 621/638/621 622/639/622 658/676/658 657/675/657
f 622/639/622 623/640/623 659/677/659 658/676/658
f 623/640/623 624/641/624 660/678/660 659/677/659
f 624/641/624 625/642/625 661/679/661 660/678/660
f 625/642/625 626/643/626 662/680/662 661/679/661
f 626/643/626 627/644/627 663/681/663 662/680/662
f 627/644/627 628/645/628 664/682/664 663/681/663
f 628/645/628 629/646/629 665/683/665 664/682/664
f 629/646/629 630/647/630 666/684/666 665/683/665
f 630/647/630 631/648/631 667/685/667 666/684/666
f 631/648/631 632/649/632 668/686/668 667/685/667
f 632/649/632 633/650/633 669/687/669 668/686/668
f 633/650/633 634/651/634 670/688/670 669/687/669
f 634/651/634 635/652/635 671/689/671 670/688/670
f 635/652/635 636/653/636 672/690/672 671/689/671
f 636/653/636 637/654/637 673/691/673 672/690/672
f 637/654/637 638/655/638 674/692/674 673/691/673
f 638/655/638 639/656/639 675/693/675 674/692/674
f 639/656/639 640/657/640 676/694/676 675/693/675
f 640/657/640 641/658/641 677/695/677 676/694/676
f 641/658/641 642/659/642 678/696/678 677/695/677
f 642/659/642 643/660/643 679/697/679 678/696/678
f 643/660/643 644/661/644 680/698/680 679/697/679
f 644/661/644 645/662/645 681/699/681 680/698/680
f 645/662/645 646/663/646 682/700/682 681/699/681
f 646/663/646 647/664/647 683/701/683 682/700/682
f 647/664/647 648/665/648 684/702/684 683/701/683
f 648/665/648 613/666/613 649/703/649 684/702/684
f 649/667/649 650/668/650 686/705/686 685/704/685
f 650/668/650 651/669/651 687/706/687 686/705/686
f 651/669/651 652/670/652 688/707/688 687/706/687
f 652/670/652 653/671/653 689/708/689 688/707/688
f 653/671/653 654/672/654 690/709/690 689/708/689
f 654/672/654 655/673/655 691/710/691 690/709/690
f 655/673/655 656/674/656 692/711/692 691/710/691
f 656/674/656 657/675/657 693/712/693 692/711/692
f 657/675/657 658/676/658 694/713/694 693/712/693
f 658/676/658 659/677/659 695/714/695 694/713/694
f 659/677/659 660/678/660 696/715/696 695/714/695
f 660/678/660 661/679/661 697/716/697 696/715/696
f 661/679/661 662/680/662 698/717/698 697/716/697
f 662/680/662 663/681/663 699/718/699 698/717/698
f 663/681/663 664/682/664 700/719/700 699/718/699
f 664/682/664 665/683/665 701/720/701 700/719/700
f 665/683/665 666/684/666 702/721/702 701/720/701
f 666/684/666 667/685/667 703/722/703 702/721/702
f 667/685/667 668/686/668 704/723/704 703/722/703
f 668/686/668 669/687/669 705/724/705 704/723/704
f 669/687/669 670/688/670 706/725/706 705/724/705
f 670/688/670 671/689/671 707/726/707 706/725/706
f 671/689/671 672/690/672 708/727/708 707/726/707
f 672/690/672 673/691/673 709/728/709 708/727/708
f 673/691/673 674/692/674 710/729/710 709/728/709
f 674/692/674 675/693/675 711/730/711 710/729/710
f 675/693/675 676/694/676 712/731/712 711/730/711
f 676/694/676 677/695/677 713/732/713 712/731/712
f 677/695/677 678/696/678 714/733/714 713/732/713
f 678/696/678 679/697/679 715/734/715 714/733/714
f 679/697/679 680/698/680 716/735/716 715/734/715
f 680/698/680 681/699/681 717/736/717 716/735/716
f 681/699/681 682/700/682 718/737/718 717/736/717
f 682/700/682 683/701/683 719/738/719 718/737/718
f 683/701/683 684/702/684 720/739/720 719/738/719
f 684/702/684 649/703/649 685/740/685 720/739/720
f 685/704/685 686/705/686 722/742/722 721/741/721
f 686/705/686 687/706/687 723/743/723 722/742/722
f 687/706/687 688/707/688 724/744/724 723/743/723
f 688/707/688 689/708/689 725/745/725 724/744/724
f 689/708/689 690/709/690 726/746/726 725/745/725
f 690/709/690 691/710/691 727/747/727 726/746/726
f 691/710/691 692/711/692 728/748/728 727/747/727
f 692/711/692 693/712/693 729/749/729 728/748/728
f 693/712/693 694/713/694 730/750/730 729/749/729
f 694/713/694 695/714/695 731/751/731 730/750/730
f 695/714/695 696/715/696 732/752/732 731/751/731
f 696/715/696 697/716/697 733/753/733 732/752/732
f 697/716/697 698/717/698 734/754/734 733/753/733
f 698/717/698 699/718/699 735/755/735 734/754/734
f 699/718/699 700/719/700 736/756/736 735/755/735
f 700/719/700 701/720/701 737/757/737 736/756/736
f 701/720/701 702/721/702 738/758/738 737/757/737
f 702/721/702 703/722/703 739/759/739 738/758/738
f 703/722/703 704/723/704 740/760/740 739/759/739
f 704/723/704 705/724/705 741/761/741 740/760/740
f 705/724/705 706/725/706 742/762/742 741/761/741
f 706/725/706 707/726/707 743/763/743 742/762/742
f 707/726/707 708/727/708 744/764/744 743/763/743
f 708/727/708 709/728/709 745/765/745 744/764/744
f 709/728/709 710/729/710 746/766/746 745/765/745
f 710/729/710 711/730/711 747/767/747 746/766/746
f 711/730/711 712/731/712 748/768/748 747/767/747
f 712/731/712 713/732/713 749/769/749 748/768/748
f 713/732/713 714/733/714 750/770/750 749/769/749
f 714/733/714 715/734/715 751/771/751 750/770/750
f 715/734/715 716/735/716 752/772/752 751/771/751
f 716/735/716 717/736/717 753/773/753 752/772/752
f 717/736/717 718/737/718 754/774/754 753/773/753
f 718/737/718 719/738/719 755/775/755 754/774/754
f 719/738/719 720/739/720 756/776/756 755/775/755
f 720/739/720 685/740/685 721/777/721 756/776/756
f 721/741/721 722/742/722 758/779/758 757/778/757
f 722/742/722 723/743/723 759/780/759 758/779/758
f 723/743/723 724/744/724 760/781/760 759/780/759
f 724/744/724 725/745/725 761/782/761 760/781/760
f 725/745/725 726/746/726 762/783/762 761/782/761
f 726/746/726 727/747/727 763/784/763 762/783/762
f 727/747/727 728/748/728 764/785/764 763/784/763
f 728/748/728 729/749/729 765/786/765 764/785/764
f 729/749/729 730/750/730 766/787/766 765/786/765
f 730/750/730 731/751/731 767/788/767 766/787/766
f 731/751/731 732/752/732 768/789/768 767/788/767
f 732/752/732 733/753/733 769/790/769 768/789/768
f 733/753/733 734/754/734 770/791/770 769/790/769
f 734/754/734 735/755/735 771/792/771 770/791/770
f 735/755/735 736/756/736 772/793/772 771/792/771
f 736/756/736 737/757/737 773/794/773 772/793/772
f 737/757/737 738/758/738 774/795/774 773/794/773
f 738/758/738 739/759/739 775/796/775 774/795/774
f 739/759/739 740/760/740 776/797/776 775/796/775
f 740/760/740 741/761/741 777/798/777 776/797/776
f 741/761/741 742/762/742 778/799/778 777/798/777
f 742/762/742 743/763/743 779/800/779 778/799/778
f 743/763/743 744/764/744 780/801/780 779/800/779
f 744/764/744 745/765/745 781/802/781 780/801/780
f 745/765/745 746/766/746 782/803/782 781/802/781
f 746/766/746 747/767/747 783/804/783 782/803/782
f 747/767/747 748/768/748 784/805/784 783/804/783
f 748/768/748 749/769/749 785/806/785 784/805/784
f 749/769/749 750/770/750 786/807/786 785/806/785
f 750/770/750 751/771/751 787/808/787 786/807/786
f 751/771/751 752/772/752 788/809/788 787/808/787
f 752/772/752 753/773/753 789/810/789 788/809/788
f 753/773/753 754/774/754 790/811/790 789/810/789
f 754/774/754 755/775/755 791/812/791 790/811/790
f 755/775/755 756/776/756 792/813/792 791/812/791
f 756/776/756 721/777/721 757/814/757 792/813/792
f 757/778/757 758/779/758 794/816/794 793/815/793
f 758/779/758 759/780/759 795/817/795 794/816/794
f 759/780/759 760/781/760 796/818/796 795/817/795
f 760/781/760 761/782/761 797/819/797 796/818/796
f 761/782/761 762/783/762 798/820/798 797/819/797
f 762/783/762 763/784/763 799/821/799 798/820/798
f 763/784/763 764/785/764 800/822/800 799/821/799
f 764/785/764 765/786/765 801/823/801 800/822/800
f 765/786/765 766/787/766 802/824/802 801/823/801
f 766/787/766 767/788/767 803/825/803 802/824/802
f 767/788/767 768/789/768 804/826/804 803/825/803
f 768/789/768 769/790/769 805/827/805 804/826/804
f 769/790/769 770/791/770 806/828/806 805/827/805
f 770/791/770 771/792/771 807/829/807 806/828/806
f 771/792/771 772/793/772 808/830/808 807/829/807
f 772/793/772 773/794/773 809/831/809 808/830/808
f 773/794/773 774/795/774 810/832/810 809/831/809
f 774/795/774 775/796/775 811/833/811 810/832/810
f 775/796/775 776/797/776 812/834/812 811/833/811
f 776/797/776 777/798/777 813/835/813 812/834/812
f 777/798/777 778/799/778 814/836/814 813/835/813
f 778/799/778 779/800/779 815/837/815 814/836/814
f 779/800/779 780/801/780 816/838/816 815/837/815
f 780/801/780 781/802/781 817/839/817 816/838/816
f 781/802/781 782/803/782 818/840/818 817/839/817
f 782/803/782 783/804/783 819/841/819 818/840/818
f 783/804/783 784/805/784 820/842/820 819/841/819
f 784/805/784 785/806/785 821/843/821 820/842/820
f 785/806/785 786/807/786 822/844/822 821/843/821
f 786/807/786 787/808/787 823/845/823 822/844/822
f 787/808/787 788/809/788 824/846/824 823/845/823
f 788/809/788 789/810/789 825/847/825 824/846/824
f 789/810/789 790/811/790 826/848/826 825/847/825
f 790/811/790 791/812/791 827/849/827 826/848/826
f 791/812/791 792/813/792 828/850/828 827/849/827
f 792/813/792 757/814/757 793/851/793 828/850/828
f 793/815/793 794/816/794 830/853/830 829/852/829
f 794/816/794 795/817/795 831/854/831 830/853/830
f 795/817/795 796/818/796 832/855/832 831/854/831
f 796/818/796 797/819/797 833/856/833 832/855/832
f 797/819/797 798/820/798 834/857/834 833/856/833
f 798/820/798 799/821/799 835/858/835 834/857/834
f 799/821/799 800/822/800 836/859/836 835/858/835
f 800/822/800 801/823/801 837/860/837 836/859/836
f 801/823/801 802/824/802 838/861/838 837/860/837
f 802/824/802 803/825/803 839/862/839 838/861/838
f 803/825/803 804/826/804 840/863/840 839/862/839
f 804/826/804 805/827/805 841/864/841 840/863/840
f 805/827/805 806/828/806 842/865/842 841/864/841
f 806/828/806 807/829/807 843/866/843 842/865/842
f 807/829/807 808/830/808 844/867/844 843/866/843
f 808/830/808 809/831/809 845/868/845 844/867/844
f 809/831/809 810/832/810 846/869/846 845/868/845
f 810/832/810 811/833/811 847/870/847 846/869/846
f 811/833/811 812/834/812 848/871/848 847/870/847
f 812/834/812 813/835/813 849/872/849 848/871/848
f 813/835/813 814/836/814 850/873/850 849/872/849
f 814/836/814 815/837/815 851/874/851 850/873/850
f 815/837/815 816/838/816 852/875/852 851/874/851
f 816/838/816 817/839/817 853/876/853 852/875/852
f 817/839/817 818/840/818 854/877/854 853/876/853
f 818/840/818 819/841/819 855/878/855 854/877/854
f 819/841/819 820/842/820 856/879/856 855/878/855
f 820/842/820 821/843/821 857/880/857 856/879/856
f 821/843/821 822/844/822 858/881/858 857/880/857
f 822/844/822 823/845/823 859/882/859 858/881/858
f 823/845/823 824/846/824 860/883/860 859/882/859
f 824/846/824 825/847/825 861/884/861 860/883/860
f 825/847/825 826/848/826 862/885/862 861/884/861
f 826/848/826 827/849/827 863/886/863 862/885/862
f 827/849/827 828/850/828 864/887/864 863/886/863
f 828/850/828 793/851/793 829/888/829 864/887/864
f 829/852/829 830/853/830 866/890/866 865/889/865
f 830/853/830 831/854/831 867/891/867 866/890/866
f 831/854/831 832/855/832 868/892/868 867/891/867
f 832/855/832 833/856/833 869/893/869 868/892/868
f 833/856/833 834/857/834 870/894/870 869/893/869
f 834/857/834 835/858/835 871/895/871 870/894/870
f 835/858/835 836/859/836 872/896/872 871/895/871
f 836/859/836 837/860/837 873/897/873 872/896/872
f 837/860/837 838/861/838 874/898/874 873/897/873
f 838/861/838 839/862/839 875/899/875 874/898/874
f 839/862/839 840/863/840 876/900/876 875/899/875
f 840/863/840 841/864/841 877/901/877 876/900/876
f 841/864/841 842/865/842 878/902/878 877/901/877
f 842/865/842 843/866/843 879/903/879 878/902/878
f 843/866/843 844/867/844 880/904/880 879/903/879
f 844/867/844 845/868/845 881/905/881 880/904/880
f 845/868/845 846/869/846 882/906/882 881/905/881
f 846/869/846 847/870/847 883/907/883 882/906/882
f 847/870/847 848/871/848 884/908/884 883/907/883
f 848/871/848 849/872/849 885/909/885 884/908/884
f 849/872/849 850/873/850 886/910/886 885/909/885
f 850/873/850 851/874/851 887/911/887 886/910/886
f 851/874/851 852/875/852 888/912/888 887/911/887
f 852/875/852 853/876/853 889/913/889 888/912/888
f 853/876/853 854/877/854 890/914/890 889/913/889
f 854/877/854 855/878/855 891/915/891 890/914/890
f 855/878/855 856/879/856 892/916/892 891/915/891
f 856/879/856 857/880/857 893/917/893 892/916/892
f 857/880/857 858/881/858 894/918/894 893/917/893
f 858/881/858 859/882/859 895/919/895 894/918/894
f 859/882/859 860/883/860 896/920/896 895/919/895
f 860/883/860 861/884/861 897/921/897 896/920/896
f 861/884/861 862/885/862 898/922/898 897/921/897
f 862/885/862 863/886/863 899/923/899 898/922/898
f 863/886/863 864/887/864 900/924/900 899/923/899
f 864/887/864 829/888/829 865/925/865 900/924/900
f 865/889/865 866/890/866 902/927/902 901/926/901
f 866/890/866 867/891/867 903/928/903 902/927/902
f 867/891/867 868/892/868 904/929/904 903/928/903
f 868/892/868 869/893/869 905/930/905 904/929/904
f 869/893/869 870/894/870 906/931/906 905/930/905
f 870/894/870 871/895/871 907/932/907 906/931/906
f 871/895/871 872/896/872 908/933/908 907/932/907
f 872/896/872 873/897/873 909/934/909 908/933/908
f 873/897/873 874/898/874 910/935/910 909/934/909
f 874/898/874 875/899/875 911/936/911 910/935/910
f 875/899/875 876/900/876 912/937/912 911/936/911
f 876/900/876 877/901/877 913/938/913 912/937/912
f 877/901/877 878/902/878 914/939/914 913/938/913
f 878/902/878 879/903/879 915/940/915 914/939/914
f 879/903/879 880/904/880 916/941/916 915/940/915
f 880/904/880 881/905/881 917/942/917 916/941/916
f 881/905/881 882/906/882 918/943/918 917/942/917
f 882/906/882 883/907/883 919/944/919 918/943/918
f 883/907/883 884/908/884 920/945/920 919/944/919
f 884/908/884 885/909/885 921/946/921 920/945/920
f 885/909/885 886/910/886 922/947/922 921/946/921
f 886/910/886 887/911/887 923/948/923 922/947/922
f 887/911/887 888/912/888 924/949/924 923/948/923
f 888/912/888 889/913/889 925/950/925 924/949/924
f 889/913/889 890/914/890 926/951/926 925/950/925
f 890/914/890 891/915/891 927/952/927 926/951/926
f 891/915/891 892/916/892 928/953/928 927/952/927
f 892/916/892 893/917/893 929/954/929 928/953/928
f 893/917/893 894/918/894 930/955/930 929/954/929
f 894/918/894 895/919/895 931/956/931 930/955/930
f 895/919/895 896/920/896 932/957/932 931/956/931
f 896/920/896 897/921/897 933/958/933 932/957/932
f 897/921/897 898/922/898 934/959/934 933/958/933
f 898/922/898 899/923/899 935/960/935 934/959/934
f 899/923/899 900/924/900 936/961/936 935/960/935
f 900/924/900 865/925/865 901/962/901 936/961/936
f 901/926/901 902/927/902 938/964/938 937/963/937
f 902/927/902 903/928/903 939/965/939 938/964/938
f 903/928/903 904/929/904 940/966/940 939/965/939
f 904/929/904 905/930/905 941/967/941 940/966/940
f 905/930/905 906/931/906 942/968/942 941/967/941
f 906/931/906 907/932/907 943/969/943 942/968/942
f 907/932/907 908/933/908 944/970/944 943/969/943
f 908/933/908 909/934/909 945/971/945 944/970/944
f 909/934/909 910/935/910 946/972/946 945/971/945
f 910/935/910 911/936/911 947/973/947 946/972/946
f 911/936/911 912/937/912 948/974/948 947/973/947
f 912/937/912 913/938/913 949/975/949 948/974/948
f 913/938/913 914/939/914 950/976/950 949/975/949
f 914/939/914 915/940/915 951/977/951 950/976/950
f 915/940/915 916/941/916 952/978/952 951/977/951
f 916/941/916 917/942/917 953/979/953 952/978/952
f 917/942/917 918/943/918 954/980/954 953/979/953
f 918/943/918 919/944/919 955/981/955 954/980/954
f 919/944/919 920/945/920 956/982/956 955/981/955
f 920/945/920 921/946/921 957/983/957 956/982/956
f 921/946/921 922/947/922 958/984/958 957/983/957
f 922/947/922 923/948/923 959/985/959 958/984/958
f 923/948/923 924/949/924 960/986/960 959/985/959
f 924/949/924 925/950/925 961/987/961 960/986/960
f 925/950/925 926/951/926 962/988/962 961/987/961
f 926/951/926 927/952/927 963/989/963 962/988/962
f 927/952/927 928/953/928 964/990/964 963/989/963
f 928/953/928 929/954/929 965/991/965 964/990/964
f 929/954/929 930/955/930 966/992/966 965/991/965
f 930/955/930 931/956/931 967/993/967 966/992/966
f 931/956/931 932/957/932 968/994/968 967/993/967
f 932/957/932 933/958/933 969/995/969 968/994/968
f 933/958/933 934/959/934 970/996/970 969/995/969
f 934/959/934 935/960/935 971/997/971 970/996/970
f 935/960/935 936/961/936 972/998/972 971/997/971
f 936/961/936 901/962/901 937/999/937 972/998/972
f 937/963/937 938/964/938 974/1001/974 973/1000/973
f 938/964/938 939/965/939 975/1002/975 974/1001/974
f 939/965/939 940/966/940 976/1003/976 975/1002/975
f 940/966/940 941/967/941 977/1004/977 976/1003/976
f 941/967/941 942/968/942 978/1005/978 977/1004/977
f 942/968/942 943/969/943 979/1006/979 978/1005/978
f 943/969/943 944/970/944 980/1007/980 979/1006/979
f 944/970/944 945/971/945 981/1008/981 980/1007/980
f 945/971/945 946/972/946 982/1009/982 981/1008/981
f 946/972/946 947/973/947 983/1010/983 982/1009/982
f 947/973/947 948/974/948 984/1011/984 983/1010/983
f 948/974/948 949/975/949 985/1012/985 984/1011/984
f 949/975/949 950/976/950 986/1013/986 985/1012/985
f 950/976/950 951/977/951 987/1014/987 986/1013/986
f 951/977/951 952/978/952 988/1015/988 987/1014/987
f 952/978/952 953/979/953 989/1016/989 988/1015/988
f 953/979/953 954/980/954 990/1017/990 989/1016/989
f 954/980/954 955/981/955 991/1018/991 990/1017/990
f 955/981/955 956/982/956 992/1019/992 991/1018/991
f 956/982/956 957/983/957 993/1020/993 992/1019/992
f 957/983/957 958/984/958 994/1021/994 993/1020/993
f 958/984/958 959/985/959 995/1022/995 994/1021/994
f 959/985/959 960/986/960 996/1023/996 995/1022/995
f 960/986/960 961/987/961 997/1024/997 996/1023/996
f 961/987/961 962/988/962 998/1025/998 997/1024/997
f 962/988/962 963/989/963 999/1026/999 998/1025/998
f 963/989/963 964/990/964 1000/1027/1000 999/1026/999
f 964/990/964 965/991/965 1001/1028/1001 1000/1027/1000
f 965/991/965 966/992/966 1002/1029/1002 1001/1028/1001
f 966/992/966 967/993/967 1003/1030/1003 1002/1029/1002
f 967/993/967 968/994/968 1004/1031/1004 1003/1030/1003
f 968/994/968 969/995/969 1005/1032/1005 1004/1031/1004
f 969/995/969 970/996/970 1006/1033/1006 1005/1032/1005
f 970/996/970 971/997/971 1007/1034/1007 1006/1033/1006
f 971/997/971 972/998/972 1008/1035/1008 1007/1034/1007
f 972/998/972 937/999/937 973/1036/973 1008/1035/1008
f 973/1000/973 974/1001/974 1010/1038/1010 1009/1037/1009
f 974/1001/974 975/1002/975 1011/1039/1011 1010/1038/1010
f 975/1002/975 976/1003/976 1012/1040/1012 1011/1039/1011
f 976/1003/976 977/1004/977 1013/1041/1013 1012/1040/1012
f 977/1004/977 978/1005/978 1014/1042/1014 1013/1041/1013
f 978/1005/978 979/1006/979 1015/1043/1015 1014/1042/1014
f 979/1006/979 980/1007/980 1016/1044/1016 1015/1043/1015
f 980/1007/980 981/1008/981 1017/1045/1017 1016/1044/1016
f 981/1008/981 982/1009/982 1018/1046/1018 1017/1045/1017
f 982/1009/982 983/1010/983 1019/1047/1019 1018/1046/1018
f 983/1010/983 984/1011/984 1020/1048/1020 1019/1047/1019
f 984/1011/984 985/1012/985 1021/1049/1021 1020/1048/1020
f 985/1012/985 986/1013/986 1022/1050/1022 1021/1049/1021
f 986/1013/986 987/1014/987 1023/1051/1023 1022/1050/1022
f 987/1014/987 988/1015/988 1024/1052/1024 1023/1051/1023
f 988/1015/988 989/1016/989 1025/1053/1025 1024/1052/1024
f 989/1016/989 990/1017/990 1026/1054/1026 1025/1053/1025
f 990/1017/990 991/1018/991 1027/1055/1027 1026/1054/1026
f 991/1018/991 992/1019/992 1028/1056/1028 1027/1055/1027
f 992/1019/992 993/1020/993 1029/1057/1029 1028/1056/1028
f 993/1020/993 994/1021/994 1030/1058/1030 1029/1057/1029
f 994/1021/994 995/1022/995 1031/1059/1031 1030/1058/1030
f 995/1022/995 996/1023/996 1032/1060/1032 1031/1059/1031
f 996/1023/996 997/1024/997 1033/1061/1033 1032/1060/1032
f 997/1024/997 998/1025/998 1034/1062/1034 1033/1061/1033
f 998/1025/998 999/1026/999 1035/1063/1035 1034/1062/1034
f 999/1026/999 1000/1027/1000 1036/1064/1036 1035/1063/1035
f 1000/1027/1000 1001/1028/1001 1037/1065/1037 1036/1064/1036
f 1001/1028/1001 1002/1029/1002 1038/1066/1038 1037/1065/1037
f 1002/1029/1002 1003/1030/1003 1039/1067/1039 1038/1066/1038
f 1003/1030/1003 1004/1031/1004 1040/1068/1040 1039/1067/1039
f 1004/1031/1004 1005/1032/1005 1041/1069/1041 1040/1068/1040
f 1005/1032/1005 1006/1033/1006 1042/1070/1042 1041/1069/1041
f 1006/1033/1006 1007/1034/1007 1043/1071/1043 1042/1070/1042
f 1007/1034/1007 1008/1035/1008 1044/1072/1044 1043/1071/1043
f 1008/1035/1008 973/1036/973 1009/1073/1009 1044/1072/1044
f 1009/1037/1009 1010/1038/1010 1046/1075/1046 1045/1074/1045
f 1010/1038/1010 1011/1039/1011 1047/1076/1047 1046/1075/1046
f 1011/1039/1011 1012/1040/1012 1048/1077/1048 1047/1076/1047
f 1012/1040/1012 1013/1041/1013 1049/1078/1049 1048/1077/1048
f 1013/1041/1013 1014/1042/1014 1050/1079/1050 1049/1078/1049
f 1014/1042/1014 1015/1043/1015 1051/1080/1051 1050/1079/1050
f 1015/1043/1015 1016/1044/1016 1052/1081/1052 1051/1080/1051
f 1016/1044/1016 1017/1045/1017 1053/1082/1053 1052/1081/1052
f 1017/1045/1017 1018/1046/1018 1054/1083/1054 1053/1082/1053
f 1018/1046/1018 1019/1047/1019 1055/1084/1055 1054/1083/1054
f 1019/1047/1019 1020/1048/1020 1056/1085/1056 1055/1084/1055
f 1020/1048/1020 1021/1049/1021 1057/1086/1057 1056/1085/1056
f 1021/1049/1021 1022/1050/1022 1058/1087/1058 1057/1086/1057
f 1022/1050/1022 1023/1051/1023 1059/1088/1059 1058/1087/1058
f 1023/1051/1023 1024/1052/1024 1060/1089/1060 1059/1088/1059
f 1024/1052/1024 1025/1053/1025 1061/1090/1061 1060/1089/1060
f 1025/1053/1025 1026/1054/1026 1062/1091/1062 1061/1090/1061
f 1026/1054/1026 1027/1055/1027 1063/1092/1063 1062/1091/1062
f 1027/1055/1027 1028/1056/1028 1064/1093/1064 1063/1092/1063
f 1028/1056/1028 1029/1057/1029 1065/1094/1065 1064/1093/1064
f 1029/1057/1029 1030/1058/1030 1066/1095/1066 1065/1094/1065
f 1030/1058/1030 1031/1059/1031 1067/1096/1067 1066/1095/1066
f 1031/1059/1031 1032/1060/1032 1068/1097/1068 1067/1096/1067
f 1032/1060/1032 1033/1061/1033 1069/1098/1069 1068/1097/1068
f 1033/1061/1033 1034/1062/1034 1070/1099/1070 1069/1098/1069
f 1034/1062/1034 1035/1063/1035 1071/1100/1071 1070/1099/1070
f 1035/1063/1035 1036/1064/1036 1072/1101/1072 1071/1100/1071
f 1036/1064/1036 1037/1065/1037 1073/1102/1073 1072/1101/1072
f 1037/1065/1037 1038/1066/1038 1074/1103/1074 1073/1102/1073
f 1038/1066/1038 1039/1067/1039 1075/1104/1075 1074/1103/1074
f 1039/1067/1039 1040/1068/1040 1076/1105/1076 1075/1104/1075
f 1040/1068/1040 1041/1069/1041 1077/1106/1077 1076/1105/1076
f 1041/1069/1041 1042/1070/1042 1078/1107/1078 1077/1106/1077
f 1042/1070/1042 1043/1071/1043 1079/1108/1079 1078/1107/1078
f 1043/1071/1043 1044/1072/1044 1080/1109/1080 1079/1108/1079
f 1044/1072/1044 1009/1073/1009 1045/1110/1045 1080/1109/1080
f 1045/1074/1045 1046/1075/1046 1082/1112/1082 1081/1111/1081
f 1046/1075/1046 1047/1076/1047 1083/1113/1083 1082/1112/1082
f 1047/1076/1047 1048/1077/1048 1084/1114/1084 1083/1113/1083
f 1048/1077/1048 1049/1078/1049 1085/1115/1085 1084/1114/1084
f 1049/1078/1049 1050/1079/1050 1086/1116/1086 1085/1115/1085
f 1050/1079/1050 1051/1080/1051 1087/1117/1087 1086/1116/1086
f 1051/1080/1051 1052/1081/1052 1088/1118/1088 1087/1117/1087
f 1052/1081/1052 1053/1082/1053 1089/1119/1089 1088/1118/1088
f 1053/1082/1053 1054/1083/1054 1090/1120/1090 1089/1119/1089
f 1054/1083/1054 1055/1084/1055 1091/1121/1091 1090/1120/1090
f 1055/1084/1055 1056/1085/1056 1092/1122/1092 1091/1121/1091
f 1056/1085/1056 1057/1086/1057 1093/1123/1093 1092/1122/1092
f 1057/1086/1057 1058/1087/1058 1094/1124/1094 1093/1123/1093
f 1058/1087/1058 1059/1088/1059 1095/1125/1095 1094/1124/1094
f 1059/1088/1059 1060/1089/1060 1096/1126/1096 1095/1125/1095
f 1060/1089/1060 1061/1090/1061 1097/1127/1097 1096/1126/1096
f 1061/1090/1061 1062/1091/1062 1098/1128/1098 1097/1127/1097
f 1062/1091/1062 1063/1092/1063 1099/1129/1099 1098/1128/1098
f 1063/1092/1063 1064/1093/1064 1100/1130/1100 1099/1129/1099
f 1064/1093/1064 1065/1094/1065 1101/1131/1101 1100/1130/1100
f 1065/1094/1065 1066/1095/1066 1102/1132/1102 1101/1131/1101
f 1066/1095/1066 1067/1096/1067 1103/1133/1103 1102/1132/1102
f 1067/1096/1067 1068/1097/1068 1104/1134/1104 1103/1133/1103
f 1068/1097/1068 1069/1098/1069 1105/1135/1105 1104/1134/1104
f 1069/1098/1069 1070/1099/1070 1106/1136/1106 1105/1135/1105
f 1070/1099/1070 1071/1100/1071 1107/1137/1107 1106/1136/1106
f 1071/1100/1071 1072/1101/1072 1108/1138/1108 1107/1137/1107
f 1072/1101/1072 1073/1102/1073 1109/1139/1109 1108/1138/1108
f 1073/1102/1073 1074/1103/1074 1110/1140/1110 1109/1139/1109
f 1074/1103/1074 1075/1104/1075 1111/1141/1111 1110/1140/1110
f 1075/1104/1075 1076/1105/1076 1112/1142/1112 1111/1141/1111
f 1076/1105/1076 1077/1106/1077 1113/1143/1113 1112/1142/1112
f 1077/1106/1077 1078/1107/1078 1114/1144/1114 1113/1143/1113
f 1078/1107/1078 1079/1108/1079 1115/1145/1115 1114/1144/1114
f 1079/1108/1079 1080/1109/1080 1116/1146/1116 1115/1145/1115
f 1080/1109/1080 1045/1110/1045 1081/1147/1081 1116/1146/1116
f 1117/1148/1117 2/2/2 1/1/1
f 1117/1149/1117 3/3/3 2/2/2
f 1117/1150/1117 4/4/4 3/3/3
f 1117/1151/1117 5/5/5 4/4/4
f 1117/1152/1117 6/6/6 5/5/5
f 1117/1153/1117 7/7/7 6/6/6
f 1117/1154/1117 8/8/8 7/7/7
f 1117/1155/1117 9/9/9 8/8/8
f 1117/1156/1117 10/10/10 9/9/9
f 1117/1157/1117 11/11/11 10/10/10
f 1117/1158/1117 12/12/12 11/11/11
f 1117/1159/1117 13/13/13 12/12/12
f 1117/1160/1117 14/14/14 13/13/13
f 1117/1161/1117 15/15/15 14/14/14
f 1117/1162/1117 16/16/16 15/15/15
f 1117/1163/1117 17/17/17 16/16/16
f 1117/1164/1117 18/18/18 17/17/17
f 1117/1165/1117 19/19/19 18/18/18
f 1117/1166/1117 20/20/20 19/19/19
f 1117/1167/1117 21/21/21 20/20/20
f 1117/1168/1117 22/22/22 21/21/21
f 1117/1169/1117 23/23/23 22/22/22
f 1117/1170/1117 24/24/24 23/23/23
f 1117/1171/1117 25/25/25 24/24/24
f 1117/1172/1117 26/26/26 25/25/25
f 1117/1173/1117 27/27/27 26/26/26
f 1117/1174/1117 28/28/28 27/27/27
f 1117/1175/1117 29/29/29 28/28/28
f 1117/1176/1117 30/30/30 29/29/29
f 1117/1177/1117 31/31/31 30/30/30
f 1117/1178/1117 32/32/32 31/31/31
f 1117/1179/1117 33/33/33 32/32/32
f 1117/1180/1117 34/34/34 33/33/33
f 1117/1181/1117 35/35/35 34/34/34
f 1117/1182/1117 36/36/36 35/35/35
f 1117/1183/1117 1/37/1 36/36/36
f 1081/1111/1081 1082/1112/1082 1118/1184/1118
f 1082/1112/1082 1083/1113/1083 1118/1185/1118
f 1083/1113/1083 1084/1114/1084 1118/1186/1118
f 1084/1114/1084 1085/1115/1085 1118/1187/1118
f 1085/1115/1085 1086/1116/1086 1118/1188/1118
f 1086/1116/1086 1087/1117/1087 1118/1189/1118
f 1087/1117/1087 1088/1118/1088 1118/1190/1118
f 1088/1118/1088 1089/1119/1089 1118/1191/1118
f 1089/1119/1089 1090/1120/1090 1118/1192/1118
f 1090/1120/1090 1091/1121/1091 1118/1193/1118
f 1091/1121/1091 1092/1122/1092 1118/1194/1118
f 1092/1122/1092 1093/1123/1093 1118/1195/1118
f 1093/1123/1093 1094/1124/1094 1118/1196/1118
f 1094/1124/1094 1095/1125/1095 1118/1197/1118
f 1095/1125/1095 1096/1126/1096 1118/1198/1118
f 1096/1126/1096 1097/1127/1097 1118/1199/1118
f 1097/1127/1097 1098/1128/1098 1118/1200/1118
f 1098/1128/1098 1099/1129/1099 1118/1201/1118
f 1099/1129/1099 1100/1130/1100 1118/1202/1118
f 1100/1130/1100 1101/1131/1101 1118/1203/1118
f 1101/1131/1101 1102/1132/1102 1118/1204/1118
f 1102/1132/1102 1103/1133/1103 1118/1205/1118
f 1103/1133/1103 1104/1134/1104 1118/1206/1118
f 1104/1134/1104 1105/1135/1105 1118/1207/1118
f 1105/1135/1105 1106/1136/1106 1118/1208/1118
f 1106/1136/1106 1107/1137/1107 1118/1209/1118
f 1107/1137/1107 1108/1138/1108 1118/1210/1118
f 1108/1138/1108 1109/1139/1109 1118/1211/1118
f 1109/1139/1109 1110/1140/1110 1118/1212/1118
f 1110/1140/1110 1111/1141/1111 1118/1213/1118
f 1111/1141/1111 1112/1142/1112 1118/1214/1118
f 1112/1142/1112 1113/1143/1113 1118/1215/1118
f 1113/1143/1113 1114/1144/1114 1118/1216/1118
f 1114/1144/1114 1115/1145/1115 1118/1217/1118
f 1115/1145/1115 1116/1146/1116 1118/1218/1118
f 1116/1146/1116 1081/1147/1081 1118/1219/1118
f 1133/1235/1133 1134/1236/1134 1120/1221/1120 1119/1220/1119
f 1134/1236/1134 1135/1237/1135 1121/1222/1121 1120/1221/1120
f 1135/1237/1135 1136/1238/1136 1122/1223/1122 1121/1222/1121
f 1136/1238/1136 1137/1239/1137 1123/1224/1123 1122/1223/1122
f 1137/1239/1137 1138/1240/1138 1124/1225/1124 1123/1224/1123
f 1138/1240/1138 1139/1241/1139 1125/1226/1125 1124/1225/1124
f 1139/1241/1139 1140/1242/1140 1126/1227/1126 1125/1226/1125
f 1140/1242/1140 1141/1243/1141 1127/1228/1127 1126/1227/1126
f 1141/1243/1141 1142/1244/1142 1128/1229/1128 1127/1228/1127
f 1142/1244/1142 1143/1245/1143 1129/1230/1129 1128/1229/1128
f 1143/1245/1143 1144/1246/1144 1130/1231/1130 1129/1230/1129
f 1144/1246/1144 1145/1247/1145 1131/1232/1131 1130/1231/1130
f 1145/1247/1145 1146/1248/1146 1132/1233/1132 1131/1232/1131
f 1146/1248/1146 1133/1249/1133 1119/1234/1119 1132/1233/1132
f 1147/1250/1147 1148/1251/1148 1134/1236/1134 1133/1235/1133
f 1148/1251/1148 1149/1252/1149 1135/1237/1135 1134/1236/1134
f 1149/1252/1149 1150/1253/1150 1136/1238/1136 1135/1237/1135
f 1150/1253/1150 1151/1254/1151 1137/1239/1137 1136/1238/1136
f 1151/1254/1151 1152/1255/1152 1138/1240/1138 1137/1239/1137
f 1152/1255/1152 1153/1256/1153 1139/1241/1139 1138/1240/1138
f 1153/1256/1153 1154/1257/1154 1140/1242/1140 1139/1241/1139
f 1154/1257/1154 1155/1258/1155 1141/1243/1141 1140/1242/1140
f 1155/1258/1155 1156/1259/1156 1142/1244/1142 1141/1243/1141
f 1156/1259/1156 1157/1260/1157 1143/1245/1143 1142/1244/1142
f 1157/1260/1157 1158/1261/1158 1144/1246/1144 1143/1245/1143
f 1158/1261/1158 1159/1262/1159 1145/1247/1145 1144/1246/1144
f 1159/1262/1159 1160/1263/1160 1146/1248/1146 1145/1247/1145
f 1160/1263/1160 1147/1264/1147 1133/1249/1133 1146/1248/1146
f 1161/1265/1161 1162/1266/1162 1148/1251/1148 1147/1250/1147
f 1162/1266/1162 1163/1267/1163 1149/1252/1149 1148/1251/1148
f 1163/1267/1163 1164/1268/1164 1150/1253/1150 1149/1252/1149
f 1164/1268/1164 1165/1269/1165 1151/1254/1151 1150/1253/1150
f 1165/1269/1165 1166/1270/1166 1152/1255/1152 1151/1254/1151
f 1166/1270/1166 1167/1271/1167 1153/1256/1153 1152/1255/1152
f 1167/1271/1167 1168/1272/1168 1154/1257/1154 1153/1256/1153
f 1168/1272/1168 1169/1273/1169 1155/1258/1155 1154/1257/1154
f 1169/1273/1169 1170/1274/1170 1156/1259/1156 1155/1258/1155
f 1170/1274/1170 1171/1275/1171 1157/1260/1157 1156/1259/1156
f 1171/1275/1171 1172/1276/1172 1158/1261/1158 1157/1260/1157
f 1172/1276/1172 1173/1277/1173 1159/1262/1159 1158/1261/1158
f 1173/1277/1173 1174/1278/1174 1160/1263/1160 1159/1262/1159
f 1174/1278/1174 1161/1279/1161 1147/1264/1147 1160/1263/1160
f 1175/1280/1175 1176/1281/1176 1162/1266/1162 1161/1265/1161
f 1176/1281/1176 1177/1282/1177 1163/1267/1163 1162/1266/1162
f 1177/1282/1177 1178/1283/1178 1164/1268/1164 1163/1267/1163
f 1178/1283/1178 1179/1284/1179 1165/1269/1165 1164/1268/1164
f 1179/1284/1179 1180/1285/1180 1166/1270/1166 1165/1269/1165
f 1180/1285/1180 1181/1286/1181 1167/1271/1167 1166/1270/1166
f 1181/1286/1181 1182/1287/1182 1168/1272/1168 1167/1271/1167
f 1182/1287/1182 1183/1288/1183 1169/1273/1169 1168/1272/1168
f 1183/1288/1183 1184/1289/1184 1170/1274/1170 1169/1273/1169
f 1184/1289/1184 1185/1290/1185 1171/1275/1171 1170/1274/1170
f 1185/1290/1185 1186/1291/1186 1172/1276/1172 1171/1275/1171
f 1186/1291/1186 1187/1292/1187 1173/1277/1173 1172/1276/1172
f 1187/1292/1187 1188/1293/1188 1174/1278/1174 1173/1277/1173
f 1188/1293/1188 1175/1294/1175 1161/1279/1161 1174/1278/1174
f 1189/1295/1189 1190/1296/1190 1176/1281/1176 1175/1280/1175
f 1190/1296/1190 1191/1297/1191 1177/1282/1177 1176/1281/1176
f 1191/1297/1191 1192/1298/1192 1178/1283/1178 1177/1282/1177
f 1192/1298/1192 1193/1299/1193 1179/1284/1179 1178/1283/1178
f 1193/1299/1193 1194/1300/1194 1180/1285/1180 1179/1284/1179
f 1194/1300/1194 1195/1301/1195 1181/1286/1181 1180/1285/1180
f 1195/1301/1195 1196/1302/1196 1182/1287/1182 1181/1286/1181
f 1196/1302/1196 1197/1303/1197 1183/1288/1183 1182/1287/1182
f 1197/1303/1197 1198/1304/1198 1184/1289/1184 1183/1288/1183
f 1198/1304/1198 1199/1305/1199 1185/1290/1185 1184/1289/1184
f 1199/1305/1199 1200/1306/1200 1186/1291/1186 1185/1290/1185
f 1200/1306/1200 1201/1307/1201 1187/1292/1187 1186/1291/1186
f 1201/1307/1201 1202/1308/1202 1188/1293/1188 1187/1292/1187
f 1202/1308/1202 1189/1309/1189 1175/1294/1175 1188/1293/1188
f 1203/1310/1203 1204/1311/1204 1190/1296/1190 1189/1295/1189
f 1204/1311/1204 1205/1312/1205 1191/1297/1191 1190/1296/1190
f 1205/1312/1205 1206/1313/1206 1192/1298/1192 1191/1297/1191
f 1206/1313/1206 1207/1314/1207 1193/1299/1193 1192/1298/1192
f 1207/1314/1207 1208/1315/1208 1194/1300/1194 1193/1299/1193
f 1208/1315/1208 1209/1316/1209 1195/1301/1195 1194/1300/1194
f 1209/1316/1209 1210/1317/1210 1196/1302/1196 1195/1301/1195
f 1210/1317/1210 1211/1318/1211 1197/1303/1197 1196/1302/1196
f 1211/1318/1211 1212/1319/1212 1198/1304/1198 1197/1303/1197
f 1212/1319/1212 1213/1320/1213 1199/1305/1199 1198/1304/1198
f 1213/1320/1213 1214/1321/1214 1200/1306/1200 1199/1305/1199
f 1214/1321/1214 1215/1322/1215 1201/1307/1201 1200/1306/1200
f 1215/1322/1215 1216/1323/1216 1202/1308/1202 1201/1307/1201
f 1216/1323/1216 1203/1324/1203 1189/1309/1189 1202/1308/1202
f 1217/1325/1217 1218/1326/1218 1204/1311/1204 1203/1310/1203
f 1218/1326/1218 1219/1327/1219 1205/1312/1205 1204/1311/1204
f 1219/1327/1219 1220/1328/1220 1206/1313/1206 1205/1312/1205
f 1220/1328/1220 1221/1329/1221 1207/1314/1207 1206/1313/1206
f 1221/1329/1221 1222/1330/1222 1208/1315/1208 1207/1314/1207
f 1222/1330/1222 1223/1331/1223 1209/1316/1209 1208/1315/1208
f 1223/1331/1223 1224/1332/1224 1210/1317/1210 1209/1316/1209
f 1224/1332/1224 1225/1333/1225 1211/1318/1211 1210/1317/1210
f 1225/1333/1225 1226/1334/1226 1212/1319/1212 1211/1318/1211
f 1226/1334/1226 1227/1335/1227 1213/1320/1213 1212/1319/1212
f 1227/1335/1227 1228/1336/1228 1214/1321/1214 1213/1320/1213
f 1228/1336/1228 1229/1337/1229 1215/1322/1215 1214/1321/1214
f 1229/1337/1229 1230/1338/1230 1216/1323/1216 1215/1322/1215
f 1230/1338/1230 1217/1339/1217 1203/1324/1203 1216/1323/1216
f 1231/1340/1231 1232/1341/1232 1218/1326/1218 1217/1325/1217
f 1232/1341/1232 1233/1342/1233 1219/1327/1219 1218/1326/1218
f 1233/1342/1233 1234/1343/1234 1220/1328/1220 1219/1327/1219
f 1234/1343/1234 1235/1344/1235 1221/1329/1221 1220/1328/1220
f 1235/1344/1235 1236/1345/1236 1222/1330/1222 1221/1329/1221
f 1236/1345/1236 1237/1346/1237 1223/1331/1223 1222/1330/1222
f 1237/1346/1237 1238/1347/1238 1224/1332/1224 1223/1331/1223
f 1238/1347/1238 1239/1348/1239 1225/1333/1225 1224/1332/1224
f 1239/1348/1239 1240/1349/1240 1226/1334/1226 1225/1333/1225
f 1240/1349/1240 1241/1350/1241 1227/1335/1227 1226/1334/1226
f 1241/1350/1241 1242/1351/1242 1228/1336/1228 1227/1335/1227
f 1242/1351/1242 1243/1352/1243 1229/1337/1229 1228/1336/1228
f 1243/1352/1243 1244/1353/1244 1230/1338/1230 1229/1337/1229
f 1244/1353/1244 1231/1354/1231 1217/1339/1217 1230/1338/1230
f 1245/1355/1245 1246/1356/1246 1232/1341/1232 1231/1340/1231
f 1246/1356/1246 1247/1357/1247 1233/1342/1233 1232/1341/1232
f 1247/1357/1247 1248/1358/1248 1234/1343/1234 1233/1342/1233
f 1248/1358/1248 1249/1359/1249 1235/1344/1235 1234/1343/1234
f 1249/1359/1249 1250/1360/1250 1236/1345/1236 1235/1344/1235
f 1250/1360/1250 1251/1361/1251 1237/1346/1237 1236/1345/1236
f 1251/1361/1251 1252/1362/1252 1238/1347/1238 1237/1346/1237
f 1252/1362/1252 1253/1363/1253 1239/1348/1239 1238/1347/1238
f 1253/1363/1253 1254/1364/1254 1240/1349/1240 1239/1348/1239
f 1254/1364/1254 1255/1365/1255 1241/1350/1241 1240/1349/1240
f 1255/1365/1255 1256/1366/1256 1242/1351/1242 1241/1350/1241
f 1256/1366/1256 1257/1367/1257 1243/1352/1243 1242/1351/1242
f 1257/1367/1257 1258/1368/1258 1244/1353/1244 1243/1352/1243
f 1258/1368/1258 1245/1369/1245 1231/1354/1231 1244/1353/1244
f 1119/1220/1119 1120/1221/1120 1259/1370/1259
f 1120/1221/1120 1121/1222/1121 1259/1371/1259
f 1121/1222/1121 1122/1223/1122 1259/1372/1259
f 1122/1223/1122 1123/1224/1123 1259/1373/1259
f 1123/1224/1123 1124/1225/1124 1259/1374/1259
f 1124/1225/1124 1125/1226/1125 1259/1375/1259
f 1125/1226/1125 1126/1227/1126 1259/1376/1259
f 1126/1227/1126 1127/1228/1127 1259/1377/1259
f 1127/1228/1127 1128/1229/1128 1259/1378/1259
f 1128/1229/1128 1129/1230/1129 1259/1379/1259
f 1129/1230/1129 1130/1231/1130 1259/1380/1259
f 1130/1231/1130 1131/1232/1131 1259/1381/1259
f 1131/1232/1131 1132/1233/1132 1259/1382/1259
f 1132/1233/1132 1119/1234/1119 1259/1383/1259
f 1260/1384/1260 1246/1356/1246 1245/1355/1245
f 1260/1385/1260 1247/1357/1247 1246/1356/1246
f 1260/1386/1260 1248/1358/1248 1247/1357/1247
f 1260/1387/1260 1249/1359/1249 1248/1358/1248
f 1260/1388/1260 1250/1360/1250 1249/1359/1249
f 1260/1389/1260 1251/1361/1251 1250/1360/1250
f 1260/1390/1260 1252/1362/1252 1251/1361/1251
f 1260/1391/1260 1253/1363/1253 1252/1362/1252
f 1260/1392/1260 1254/1364/1254 1253/1363/1253
f 1260/1393/1260 1255/1365/1255 1254/1364/1254
f 1260/1394/1260 1256/1366/1256 1255/1365/1255
f 1260/1395/1260 1257/1367/1257 1256/1366/1256
f 1260/1396/1260 1258/1368/1258 1257/1367/1257
f 1260/1397/1260 1245/1369/1245 1258/1368/1258
f 1275/1413/1275 1276/1414/1276 1262/1399/1262 1261/1398/1261
f 1276/1414/1276 1277/1415/1277 1263/1400/1263 1262/1399/1262
f 1277/1415/1277 1278/1416/1278 1264/1401/1264 1263/1400/1263
f 1278/1416/1278 1279/1417/1279 1265/1402/1265 1264/1401/1264
f 1279/1417/1279 1280/1418/1280 1266/1403/1266 1265/1402/1265
f 1280/1418/1280 1281/1419/1281 1267/1404/1267 1266/1403/1266
f 1281/1419/1281 1282/1420/1282 1268/1405/1268 1267/1404/1267
f 1282/1420/1282 1283/1421/1283 1269/1406/1269 1268/1405/1268
f 1283/1421/1283 1284/1422/1284 1270/1407/1270 1269/1406/1269
f 1284/1422/1284 1285/1423/1285 1271/1408/1271 1270/1407/1270
f 1285/1423/1285 1286/1424/1286 1272/1409/1272 1271/1408/1271
f 1286/1424/1286 1287/1425/1287 1273/1410/1273 1272/1409/1272
f 1287/1425/1287 1288/1426/1288 1274/1411/1274 1273/1410/1273
f 1288/1426/1288 1275/1427/1275 1261/1412/1261 1274/1411/1274
f 1289/1428/1289 1290/1429/1290 1276/1414/1276 1275/1413/1275
f 1290/1429/1290 1291/1430/1291 1277/1415/1277 1276/1414/1276
f 1291/1430/1291 1292/1431/1292 1278/1416/1278 1277/1415/1277
f 1292/1431/1292 1293/1432/1293 1279/1417/1279 1278/1416/1278
f 1293/1432/1293 1294/1433/1294 1280/1418/1280 1279/1417/1279
f 1294/1433/1294 1295/1434/1295 1281/1419/1281 1280/1418/1280
f 1295/1434/1295 1296/1435/1296 1282/1420/1282 1281/1419/1281
f 1296/1435/1296 1297/1436/1297 1283/1421/1283 1282/1420/1282
f 1297/1436/1297 1298/1437/1298 1284/1422/1284 1283/1421/1283
f 1298/1437/1298 1299/1438/1299 1285/1423/1285 1284/1422/1284
f 1299/1438/1299 1300/1439/1300 1286/1424/1286 1285/1423/1285
f 1300/1439/1300 1301/1440/1301 1287/1425/1287 1286/1424/1286
f 1301/1440/1301 1302/1441/1302 1288/1426/1288 1287/1425/1287
f 1302/1441/1302 1289/1442/1289 1275/1427/1275 1288/1426/1288
f 1303/1443/1303 1304/1444/1304 1290/1429/1290 1289/1428/1289
f 1304/1444/1304 1305/1445/1305 1291/1430/1291 1290/1429/1290
f 1305/1445/1305 1306/1446/1306 1292/1431/1292 1291/1430/1291
f 1306/1446/1306 1307/1447/1307 1293/1432/1293 1292/1431/1292
f 1307/1447/1307 1308/1448/1308 1294/1433/1294 1293/1432/1293
f 1308/1448/1308 1309/1449/1309 1295/1434/1295 1294/1433/1294
f 1309/1449/1309 1310/1450/1310 1296/1435/1296 1295/1434/1295
f 1310/1450/1310 1311/1451/1311 1297/1436/1297 1296/1435/1296
f 1311/1451/1311 1312/1452/1312 1298/1437/1298 1297/1436/1297
f 1312/1452/1312 1313/1453/1313 1299/1438/1299 1298/1437/1298
f 1313/1453/1313 1314/1454/1314 1300/1439/1300 1299/1438/1299
f 1314/1454/1314 1315/1455/1315 1301/1440/1301 1300/1439/1300
f 1315/1455/1315 1316/1456/1316 1302/1441/1302 1301/1440/1301
f 1316/1456/1316 1303/1457/1303 1289/1442/1289 1302/1441/1302
f 1317/1458/1317 1318/1459/1318 1304/1444/1304 1303/1443/1303
f 1318/1459/1318 1319/1460/1319 1305/1445/1305 1304/1444/1304
f 1319/1460/1319 1320/1461/1320 1306/1446/1306 1305/1445/1305
f 1320/1461/1320 1321/1462/1321 1307/1447/1307 1306/1446/1306
f 1321/1462/1321 1322/1463/1322 1308/1448/1308 1307/1447/1307
f 1322/1463/1322 1323/1464/1323 1309/1449/1309 1308/1448/1308
f 1323/1464/1323 1324/1465/1324 1310/1450/1310 1309/1449/1309
f 1324/1465/1324 1325/1466/1325 1311/1451/1311 1310/1450/1310
f 1325/1466/1325 1326/1467/1326 1312/1452/1312 1311/1451/1311
f 1326/1467/1326 1327/1468/1327 1313/1453/1313 1312/1452/1312
f 1327/1468/1327 1328/1469/1328 1314/1454/1314 1313/1453/1313
f 1328/1469/1328 1329/1470/1329 1315/1455/1315 1314/1454/1314
f 1329/1470/1329 1330/1471/1330 1316/1456/1316 1315/1455/1315
f 1330/1471/1330 1317/1472/1317 1303/1457/1303 1316/1456/1316
f 1331/1473/1331 1332/1474/1332 1318/1459/1318 1317/1458/1317
f 1332/1474/1332 1333/1475/1333 1319/1460/1319 1318/1459/1318
f 1333/1475/1333 1334/1476/1334 1320/1461/1320 1319/1460/1319
f 1334/1476/1334 1335/1477/1335 1321/1462/1321 1320/1461/1320
f 1335/1477/1335 1336/1478/1336 1322/1463/1322 1321/1462/1321
f 1336/1478/1336 1337/1479/1337 1323/1464/1323 1322/1463/1322
f 1337/1479/1337 1338/1480/1338 1324/1465/1324 1323/1464/1323
f 1338/1480/1338 1339/1481/1339 1325/1466/1325 1324/1465/1324
f 1339/1481/1339 1340/1482/1340 1326/1467/1326 1325/1466/1325
f 1340/1482/1340 1341/1483/1341 1327/1468/1327 1326/1467/1326
f 1341/1483/1341 1342/1484/1342 1328/1469/1328 1327/1468/1327
f 1342/1484/1342 1343/1485/1343 1329/1470/1329 1328/1469/1328
f 1343/1485/1343 1344/1486/1344 1330/1471/1330 1329/1470/1329
f 1344/1486/1344 1331/1487/1331 1317/1472/1317 1330/1471/1330
f 1345/1488/1345 1346/1489/1346 1332/1474/1332 1331/1473/1331
f 1346/1489/1346 1347/1490/1347 1333/1475/1333 1332/1474/1332
f 1347/1490/1347 1348/1491/1348 1334/1476/1334 1333/1475/1333
f 1348/1491/1348 1349/1492/1349 1335/1477/1335 1334/1476/1334
f 1349/1492/1349 1350/1493/1350 1336/1478/1336 1335/1477/1335
f 1350/1493/1350 1351/1494/1351 1337/1479/1337 1336/1478/1336
f 1351/1494/1351 1352/1495/1352 1338/1480/1338 1337/1479/1337
f 1352/1495/1352 1353/1496/1353 1339/1481/1339 1338/1480/1338
f 1353/1496/1353 1354/1497/1354 1340/1482/1340 1339/1481/1339
f 1354/1497/1354 1355/1498/1355 1341/1483/1341 1340/1482/1340
f 1355/1498/1355 1356/1499/1356 1342/1484/1342 1341/1483/1341
f 1356/1499/1356 1357/1500/1357 1343/1485/1343 1342/1484/1342
f 1357/1500/1357 1358/1501/1358 1344/1486/1344 1343/1485/1343
f 1358/1501/1358 1345/1502/1345 1331/1487/1331 1344/1486/1344
f 1359/1503/1359 1360/1504/1360 1346/1489/1346 1345/1488/1345
f 1360/1504/1360 1361/1505/1361 1347/1490/1347 1346/1489/1346
f 1361/1505/1361 1362/1506/1362 1348/1491/1348 1347/1490/1347
f 1362/1506/1362 1363/1507/1363 1349/1492/1349 1348/1491/1348
f 1363/1507/1363 1364/1508/1364 1350/1493/1350 1349/1492/1349
f 1364/1508/1364 1365/1509/1365 1351/1494/1351 1350/1493/1350
f 1365/1509/1365 1366/1510/1366 1352/1495/1352 1351/1494/1351
f 1366/1510/1366 1367/1511/1367 1353/1496/1353 1352/1495/1352
f 1367/1511/1367 1368/1512/1368 1354/1497/1354 1353/1496/1353
f 1368/1512/1368 1369/1513/1369 1355/1498/1355 1354/1497/1354
f 1369/1513/1369 1370/1514/1370 1356/1499/1356 1355/1498/1355
f 1370/1514/1370 1371/1515/1371 1357/1500/1357 1356/1499/1356
f 1371/1515/1371 1372/1516/1372 1358/1501/1358 1357/1500/1357
f 1372/1516/1372 1359/1517/1359 1345/1502/1345 1358/1501/1358
f 1373/1518/1373 1374/1519/1374 1360/1504/1360 1359/1503/1359
f 1374/1519/1374 1375/1520/1375 1361/1505/1361 1360/1504/1360
f 1375/1520/1375 1376/1521/1376 1362/1506/1362 1361/1505/1361
f 1376/1521/1376 1377/1522/1377 1363/1507/1363 1362/1506/1362
f 1377/1522/1377 1378/1523/1378 1364/1508/1364 1363/1507/1363
f 1378/1523/1378 1379/1524/1379 1365/1509/1365 1364/1508/1364
f 1379/1524/1379 1380/1525/1380 1366/1510/1366 1365/1509/1365
f 1380/1525/1380 1381/1526/1381 1367/1511/1367 1366/1510/1366
f 1381/1526/1381 1382/1527/1382 1368/1512/1368 1367/1511/1367
f 1382/1527/1382 1383/1528/1383 1369/1513/1369 1368/1512/1368
f 1383/1528/1383 1384/1529/1384 1370/1514/1370 1369/1513/1369
f 1384/1529/1384 1385/1530/1385 1371/1515/1371 1370/1514/1370
f 1385/1530/1385 1386/1531/1386 1372/1516/1372 1371/1515/1371
f 1386/1531/1386 1373/1532/1373 1359/1517/1359 1372/1516/1372
f 1387/1533/1387 1388/1534/1388 1374/1519/1374 1373/1518/1373
f 1388/1534/1388 1389/1535/1389 1375/1520/1375 1374/1519/1374
f 1389/1535/1389 1390/1536/1390 1376/1521/1376 1375/1520/1375
f 1390/1536/1390 1391/1537/1391 1377/1522/1377 1376/1521/1376
f 1391/1537/1391 1392/1538/1392 1378/1523/1378 1377/1522/1377
f 1392/1538/1392 1393/1539/1393 1379/1524/1379 1378/1523/1378
f 1393/1539/1393 1394/1540/1394 1380/1525/1380 1379/1524/1379
f 1394/1540/1394 1395/1541/1395 1381/1526/1381 1380/1525/1380
f 1395/1541/1395 1396/1542/1396 1382/1527/1382 1381/1526/1381
f 1396/1542/1396 1397/1543/1397 1383/1528/1383 1382/1527/1382
f 1397/1543/1397 1398/1544/1398 1384/1529/1384 1383/1528/1383
f 1398/1544/1398 1399/1545/1399 1385/1530/1385 1384/1529/1384
f 1399/1545/1399 1400/1546/1400 1386/1531/1386 1385/1530/1385
f 1400/1546/1400 1387/1547/1387 1373/1532/1373 1386/1531/1386
f 1261/1398/1261 1262/1399/1262 1401/1548/1401
f 1262/1399/1262 1263/1400/1263 1401/1549/1401
f 1263/1400/1263 1264/1401/1264 1401/1550/1401
f 1264/1401/1264 1265/1402/1265 1401/1551/1401
f 1265/1402/1265 1266/1403/1266 1401/1552/1401
f 1266/1403/1266 1267/1404/1267 1401/1553/1401
f 1267/1404/1267 1268/1405/1268 1401/1554/1401
f 1268/1405/1268 1269/1406/1269 1401/1555/1401
f 1269/1406/1269 1270/1407/1270 1401/1556/1401
f 1270/1407/1270 1271/1408/1271 1401/1557/1401
f 1271/1408/1271 1272/1409/1272 1401/1558/1401
f 1272/1409/1272 1273/1410/1273 1401/1559/1401
f 1273/1410/1273 1274/1411/1274 1401/1560/1401
f 1274/1411/1274 1261/1412/1261 1401/1561/1401
f 1402/1562/1402 1388/1534/1388 1387/1533/1387
f 1402/1563/1402 1389/1535/1389 1388/1534/1388
f 1402/1564/1402 1390/1536/1390 1389/1535/1389
f 1402/1565/1402 1391/1537/1391 1390/1536/1390
f 1402/1566/1402 1392/1538/1392 1391/1537/1391
f 1402/1567/1402 1393/1539/1393 1392/1538/1392
f 1402/1568/1402 1394/1540/1394 1393/1539/1393
f 1402/1569/1402 1395/1541/1395 1394/1540/1394
f 1402/1570/1402 1396/1542/1396 1395/1541/1395
f 1402/1571/1402 1397/1543/1397 1396/1542/1396
f 1402/1572/1402 1398/1544/1398 1397/1543/1397
f 1402/1573/1402 1399/1545/1399 1398/1544/1398
f 1402/1574/1402 1400/1546/1400 1399/1545/1399
f 1402/1575/1402 1387/1547/1387 1400/1546/1400
f 1403/1576/1403 1404/1577/1404 1416/1590/1416 1415/1589/1415
f 1404/1577/1404 1405/1578/1405 1417/1591/1417 1416/1590/1416
f 1405/1578/1405 1406/1579/1406 1418/1592/1418 1417/1591/1417
f 1406/1579/1406 1407/1580/1407 1419/1593/1419 1418/1592/1418
f 1407/1580/1407 1408/1581/1408 1420/1594/1420 1419/1593/1419
f 1408/1581/1408 1409/1582/1409 1421/1595/1421 1420/1594/1420
f 1409/1582/1409 1410/1583/1410 1422/1596/1422 1421/1595/1421
f 1410/1583/1410 1411/1584/1411 1423/1597/1423 1422/1596/1422
f 1411/1584/1411 1412/1585/1412 1424/1598/1424 1423/1597/1423
f 1412/1585/1412 1413/1586/1413 1425/1599/1425 1424/1598/1424
f 1413/1586/1413 1414/1587/1414 1426/1600/1426 1425/1599/1425
f 1414/1587/1414 1403/1588/1403 1415/1601/1415 1426/1600/1426
f 1415/1589/1415 1416/1590/1416 1428/1603/1428 1427/1602/1427
f 1416/1590/1416 1417/1591/1417 1429/1604/1429 1428/1603/1428
f 1417/1591/1417 1418/1592/1418 1430/1605/1430 1429/1604/1429
f 1418/1592/1418 1419/1593/1419 1431/1606/1431 1430/1605/1430
f 1419/1593/1419 1420/1594/1420 1432/1607/1432 1431/1606/1431
f 1420/1594/1420 1421/1595/1421 1433/1608/1433 1432/1607/1432
f 1421/1595/1421 1422/1596/1422 1434/1609/1434 1433/1608/1433
f 1422/1596/1422 1423/1597/1423 1435/1610/1435 1434/1609/1434
f 1423/1597/1423 1424/1598/1424 1436/1611/1436 1435/1610/1435
f 1424/1598/1424 1425/1599/1425 1437/1612/1437 1436/1611/1436
f 1425/1599/1425 1426/1600/1426 1438/1613/1438 1437/1612/1437
f 1426/1600/1426 1415/1601/1415 1427/1614/1427 1438/1613/1438
f 1427/1602/1427 1428/1603/1428 1440/1616/1440 1439/1615/1439
f 1428/1603/1428 1429/1604/1429 1441/1617/1441 1440/1616/1440
f 1429/1604/1429 1430/1605/1430 1442/1618/1442 1441/1617/1441
f 1430/1605/1430 1431/1606/1431 1443/1619/1443 1442/1618/1442
f 1431/1606/1431 1432/1607/1432 1444/1620/1444 1443/1619/1443
f 1432/1607/1432 1433/1608/1433 1445/1621/1445 1444/1620/1444
f 1433/1608/1433 1434/1609/1434 1446/1622/1446 1445/1621/1445
f 1434/1609/1434 1435/1610/1435 1447/1623/1447 1446/1622/1446
f 1435/1610/1435 1436/1611/1436 1448/1624/1448 1447/1623/1447
f 1436/1611/1436 1437/1612/1437 1449/1625/1449 1448/1624/1448
f 1437/1612/1437 1438/1613/1438 1450/1626/1450 1449/1625/1449
f 1438/1613/1438 1427/1614/1427 1439/1627/1439 1450/1626/1450
f 1439/1615/1439 1440/1616/1440 1452/1629/1452 1451/1628/1451
f 1440/1616/1440 1441/1617/1441 1453/1630/1453 1452/1629/1452
f 1441/1617/1441 1442/1618/1442 1454/1631/1454 1453/1630/1453
f 1442/1618/1442 1443/1619/1443 1455/1632/1455 1454/1631/1454
f 1443/1619/1443 1444/1620/1444 1456/1633/1456 1455/1632/1455
f 1444/1620/1444 1445/1621/1445 1457/1634/1457 1456/1633/1456
f 1445/1621/1445 1446/1622/1446 1458/1635/1458 1457/1634/1457
f 1446/1622/1446 1447/1623/1447 1459/1636/1459 1458/1635/1458
f 1447/1623/1447 1448/1624/1448 1460/1637/1460 1459/1636/1459
f 1448/1624/1448 1449/1625/1449 1461/1638/1461 1460/1637/1460
f 1449/1625/1449 1450/1626/1450 1462/1639/1462 1461/1638/1461
f 1450/1626/1450 1439/1627/1439 1451/1640/1451 1462/1639/1462
f 1451/1628/1451 1452/1629/1452 1464/1642/1464 1463/1641/1463
f 1452/1629/1452 1453/1630/1453 1465/1643/1465 1464/1642/1464
f 1453/1630/1453 1454/1631/1454 1466/1644/1466 1465/1643/1465
f 1454/1631/1454 1455/1632/1455 1467/1645/1467 1466/1644/1466
f 1455/1632/1455 1456/1633/1456 1468/1646/1468 1467/1645/1467
f 1456/1633/1456 1457/1634/1457 1469/1647/1469 1468/1646/1468
f 1457/1634/1457 1458/1635/1458 1470/1648/1470 1469/1647/1469
f 1458/1635/1458 1459/1636/1459 1471/1649/1471 1470/1648/1470
f 1459/1636/1459 1460/1637/1460 1472/1650/1472 1471/1649/1471
f 1460/1637/1460 1461/1638/1461 1473/1651/1473 1472/1650/1472
f 1461/1638/1461 1462/1639/1462 1474/1652/1474 1473/1651/1473
f 1462/1639/1462 1451/1640/1451 1463/1653/1463 1474/1652/1474
f 1463/1641/1463 1464/1642/1464 1476/1655/1476 1475/1654/1475
f 1464/1642/1464 1465/1643/1465 1477/1656/1477 1476/1655/1476
f 1465/1643/1465 1466/1644/1466 1478/1657/1478 1477/1656/1477
f 1466/1644/1466 1467/1645/1467 1479/1658/1479 1478/1657/1478
f 1467/1645/1467 1468/1646/1468 1480/1659/1480 1479/1658/1479
f 1468/1646/1468 1469/1647/1469 1481/1660/1481 1480/1659/1480
f 1469/1647/1469 1470/1648/1470 1482/1661/1482 1481/1660/1481
f 1470/1648/1470 1471/1649/1471 1483/1662/1483 1482/1661/1482
f 1471/1649/1471 1472/1650/1472 1484/1663/1484 1483/1662/1483
f 1472/1650/1472 1473/1651/1473 1485/1664/1485 1484/1663/1484
f 1473/1651/1473 1474/1652/1474 1486/1665/1486 1485/1664/1485
f 1474/1652/1474 1463/1653/1463 1475/1666/1475 1486/1665/1486
f 1475/1654/1475 1476/1655/1476 1488/1668/1488 1487/1667/1487
f 1476/1655/1476 1477/1656/1477 1489/1669/1489 1488/1668/1488
f 1477/1656/1477 1478/1657/1478 1490/1670/1490 1489/1669/1489
f 1478/1657/1478 1479/1658/1479 1491/1671/1491 1490/1670/1490
f 1479/1658/1479 1480/1659/1480 1492/1672/1492 1491/1671/1491
f 1480/1659/1480 1481/1660/1481 1493/1673/1493 1492/1672/1492
f 1481/1660/1481 1482/1661/1482 1494/1674/1494 1493/1673/1493
f 1482/1661/1482 1483/1662/1483 1495/1675/1495 1494/1674/1494
f 1483/1662/1483 1484/1663/1484 1496/1676/1496 1495/1675/1495
f 1484/1663/1484 1485/1664/1485 1497/1677/1497 1496/1676/1496
f 1485/1664/1485 1486/1665/1486 1498/1678/1498 1497/1677/1497
f 1486/1665/1486 1475/1666/1475 1487/1679/1487 1498/1678/1498
f 1487/1667/1487 1488/1668/1488 1500/1681/1500 1499/1680/1499
f 1488/1668/1488 1489/1669/1489 1501/1682/1501 1500/1681/1500
f 1489/1669/1489 1490/1670/1490 1502/1683/1502 1501/1682/1501
f 1490/1670/1490 1491/1671/1491 1503/1684/1503 1502/1683/1502
f 1491/1671/1491 1492/1672/1492 1504/1685/1504 1503/1684/1503
f 1492/1672/1492 1493/1673/1493 1505/1686/1505 1504/1685/1504
f 1493/1673/1493 1494/1674/1494 1506/1687/1506 1505/1686/1505
f 1494/1674/1494 1495/1675/1495 1507/1688/1507 1506/1687/1506
f 1495/1675/1495 1496/1676/1496 1508/1689/1508 1507/1688/1507
f 1496/1676/1496 1497/1677/1497 1509/1690/1509 1508/1689/1508
f 1497/1677/1497 1498/1678/1498 1510/1691/1510 1509/1690/1509
f 1498/1678/1498 1487/1679/1487 1499/1692/1499 1510/1691/1510
f 1499/1680/1499 1500/1681/1500 1512/1694/1512 1511/1693/1511
f 1500/1681/1500 1501/1682/1501 1513/1695/1513 1512/1694/1512
f 1501/1682/1501 1502/1683/1502 1514/1696/1514 1513/1695/1513
f 1502/1683/1502 1503/1684/1503 1515/1697/1515 1514/1696/1514
f 1503/1684/1503 1504/1685/1504 1516/1698/1516 1515/1697/1515
f 1504/1685/1504 1505/1686/1505 1517/1699/1517 1516/1698/1516
f 1505/1686/1505 1506/1687/1506 1518/1700/1518 1517/1699/1517
f 1506/1687/1506 1507/1688/1507 1519/1701/1519 1518/1700/1518
f 1507/1688/1507 1508/1689/1508 1520/1702/1520 1519/1701/1519
f 1508/1689/1508 1509/1690/1509 1521/1703/1521 1520/1702/1520
f 1509/1690/1509 1510/1691/1510 1522/1704/1522 1521/1703/1521
f 1510/1691/1510 1499/1692/1499 1511/1705/1511 1522/1704/1522
f 1511/1693/1511 1512/1694/1512 1524/1707/1524 1523/1706/1523
f 1512/1694/1512 1513/1695/1513 1525/1708/1525 1524/1707/1524
f 1513/1695/1513 1514/1696/1514 1526/1709/1526 1525/1708/1525
f 1514/1696/1514 1515/1697/1515 1527/1710/1527 1526/1709/1526
f 1515/1697/1515 1516/1698/1516 1528/1711/1528 1527/1710/1527
f 1516/1698/1516 1517/1699/1517 1529/1712/1529 1528/1711/1528
f 1517/1699/1517 1518/1700/1518 1530/1713/1530 1529/1712/1529
f 1518/1700/1518 1519/1701/1519 1531/1714/1531 1530/1713/1530
f 1519/1701/1519 1520/1702/1520 1532/1715/1532 1531/1714/1531
f 1520/1702/1520 1521/1703/1521 1533/1716/1533 1532/1715/1532
f 1521/1703/1521 1522/1704/1522 1534/1717/1534 1533/1716/1533
f 1522/1704/1522 1511/1705/1511 1523/1718/1523 1534/1717/1534
f 1535/1719/1535 1404/1577/1404 1403/1576/1403
f 1535/1720/1535 1405/1578/1405 1404/1577/1404
f 1535/1721/1535 1406/1579/1406 1405/1578/1405
f 1535/1722/1535 1407/1580/1407 1406/1579/1406
f 1535/1723/1535 1408/1581/1408 1407/1580/1407
f 1535/1724/1535 1409/1582/1409 1408/1581/1408
f 1535/1725/1535 1410/1583/1410 1409/1582/1409
f 1535/1726/1535 1411/1584/1411 1410/1583/1410
f 1535/1727/1535 1412/1585/1412 1411/1584/1411
f 1535/1728/1535 1413/1586/1413 1412/1585/1412
f 1535/1729/1535 1414/1587/1414 1413/1586/1413
f 1535/1730/1535 1403/1588/1403 1414/1587/1414
f 1523/1706/1523 1524/1707/1524 1536/1731/1536
f 1524/1707/1524 1525/1708/1525 1536/1732/1536
f 1525/1708/1525 1526/1709/1526 1536/1733/1536
f 1526/1709/1526 1527/1710/1527 1536/1734/1536
f 1527/1710/1527 1528/1711/1528 1536/1735/1536
f 1528/1711/1528 1529/1712/1529 1536/1736/1536
f 1529/1712/1529 1530/1713/1530 1536/1737/1536
f 1530/1713/1530 1531/1714/1531 1536/1738/1536
f 1531/1714/1531 1532/1715/1532 1536/1739/1536
f 1532/1715/1532 1533/1716/1533 1536/1740/1536
f 1533/1716/1533 1534/1717/1534 1536/1741/1536
f 1534/1717/1534 1523/1718/1523 1536/1742/1536
f 1549/1756/1549 1550/1757/1550 1538/1744/1538 1537/1743/1537
f 1550/1757/1550 1551/1758/1551 1539/1745/1539 1538/1744/1538
f 1551/1758/1551 1552/1759/1552 1540/1746/1540 1539/1745/1539
f 1552/1759/1552 1553/1760/1553 1541/1747/1541 1540/1746/1540
f 1553/1760/1553 1554/1761/1554 1542/1748/1542 1541/1747/1541
f 1554/1761/1554 1555/1762/1555 1543/1749/1543 1542/1748/1542
f 1555/1762/1555 1556/1763/1556 1544/1750/1544 1543/1749/1543
f 1556/1763/1556 1557/1764/1557 1545/1751/1545 1544/1750/1544
f 1557/1764/1557 1558/1765/1558 1546/1752/1546 1545/1751/1545
f 1558/1765/1558 1559/1766/1559 1547/1753/1547 1546/1752/1546
f 1559/1766/1559 1560/1767/1560 1548/1754/1548 1547/1753/1547
f 1560/1767/1560 1549/1768/1549 1537/1755/1537 1548/1754/1548
f 1561/1769/1561 1562/1770/1562 1550/1757/1550 1549/1756/1549
f 1562/1770/1562 1563/1771/1563 1551/1758/1551 1550/1757/1550
f 1563/1771/1563 1564/1772/1564 1552/1759/1552 1551/1758/1551
f 1564/1772/1564 1565/1773/1565 1553/1760/1553 1552/1759/1552
f 1565/1773/1565 1566/1774/1566 1554/1761/1554 1553/1760/1553
f 1566/1774/1566 1567/1775/1567 1555/1762/1555 1554/1761/1554
f 1567/1775/1567 1568/1776/1568 1556/1763/1556 1555/1762/1555
f 1568/1776/1568 1569/1777/1569 1557/1764/1557 1556/1763/1556
f 1569/1777/1569 1570/1778/1570 1558/1765/1558 1557/1764/1557
f 1570/1778/1570 1571/1779/1571 1559/1766/1559 1558/1765/1558
f 1571/1779/1571 1572/1780/1572 1560/1767/1560 1559/1766/1559
f 1572/1780/1572 1561/1781/1561 1549/1768/1549 1560/1767/1560
f 1573/1782/1573 1574/1783/1574 1562/1770/1562 1561/1769/1561
f 1574/1783/1574 1575/1784/1575 1563/1771/1563 1562/1770/1562
f 1575/1784/1575 1576/1785/1576 1564/1772/1564 1563/1771/1563
f 1576/1785/1576 1577/1786/1577 1565/1773/1565 1564/1772/1564
f 1577/1786/1577 1578/1787/1578 1566/1774/1566 1565/1773/1565
f 1578/1787/1578 1579/1788/1579 1567/1775/1567 1566/1774/1566
f 1579/1788/1579 1580/1789/1580 1568/1776/1568 1567/1775/1567
f 1580/1789/1580 1581/1790/1581 1569/1777/1569 1568/1776/1568
f 1581/1790/1581 1582/1791/1582 1570/1778/1570 1569/1777/1569
f 1582/1791/1582 1583/1792/1583 1571/1779/1571 1570/1778/1570
f 1583/1792/1583 1584/1793/1584 1572/1780/1572 1571/1779/1571
f 1584/1793/1584 1573/1794/1573 1561/1781/1561 1572/1780/1572
f 1585/1795/1585 1586/1796/1586 1574/1783/1574 1573/1782/1573
f 1586/1796/1586 1587/1797/1587 1575/1784/1575 1574/1783/1574
f 1587/1797/1587 1588/1798/1588 1576/1785/1576 1575/1784/1575
f 1588/1798/1588 1589/1799/1589 1577/1786/1577 1576/1785/1576
f 1589/1799/1589 1590/1800/1590 1578/1787/1578 1577/1786/1577
f 1590/1800/1590 1591/1801/1591 1579/1788/1579 1578/1787/1578
f 1591/1801/1591 1592/1802/1592 1580/1789/1580 1579/1788/1579
f 1592/1802/1592 1593/1803/1593 1581/1790/1581 1580/1789/1580
f 1593/1803/1593 1594/1804/1594 1582/1791/1582 1581/1790/1581
f 1594/1804/1594 1595/1805/1595 1583/1792/1583 1582/1791/1582
f 1595/1805/1595 1596/1806/1596 1584/1793/1584 1583/1792/1583
f 1596/1806/1596 1585/1807/1585 1573/1794/1573 1584/1793/1584
f 1597/1808/1597 1598/1809/1598 1586/1796/1586 1585/1795/1585
f 1598/1809/1598 1599/1810/1599 1587/1797/1587 1586/1796/1586
f 1599/1810/1599 1600/1811/1600 1588/1798/1588 1587/1797/1587
f 1600/1811/1600 1601/1812/1601 1589/1799/1589 1588/1798/1588
f 1601/1812/1601 1602/1813/1602 1590/1800/1590 1589/1799/1589
f 1602/1813/1602 1603/1814/1603 1591/1801/1591 1590/1800/1590
f 1603/1814/1603 1604/1815/1604 1592/1802/1592 1591/1801/1591
f 1604/1815/1604 1605/1816/1605 1593/1803/1593 1592/1802/1592
f 1605/1816/1605 1606/1817/1606 1594/1804/1594 1593/1803/1593
f 1606/1817/1606 1607/1818/1607 1595/1805/1595 1594/1804/1594
f 1607/1818/1607 1608/1819/1608 1596/1806/1596 1595/1805/1595
f 1608/1819/1608 1597/1820/1597 1585/1807/1585 1596/1806/1596
f 1609/1821/1609 1610/1822/1610 1598/1809/1598 1597/1808/1597
f 1610/1822/1610 1611/1823/1611 1599/1810/1599 1598/1809/1598
f 1611/1823/1611 1612/1824/1612 1600/1811/1600 1599/1810/1599
f 1612/1824/1612 1613/1825/1613 1601/1812/1601 1600/1811/1600
f 1613/1825/1613 1614/1826/1614 1602/1813/1602 1601/1812/1601
f 1614/1826/1614 1615/1827/1615 1603/1814/1603 1602/1813/1602
f 1615/1827/1615 1616/1828/1616 1604/1815/1604 1603/1814/1603
f 1616/1828/1616 1617/1829/1617 1605/1816/1605 1604/1815/1604
f 1617/1829/1617 1618/1830/1618 1606/1817/1606 1605/1816/1605
f 1618/1830/1618 1619/1831/1619 1607/1818/1607 1606/1817/1606
f 1619/1831/1619 1620/1832/1620 1608/1819/1608 1607/1818/1607
f 1620/1832/1620 1609/1833/1609 1597/1820/1597 1608/1819/1608
f 1621/1834/1621 1622/1835/1622 1610/1822/1610 1609/1821/1609
f 1622/1835/1622 1623/1836/1623 1611/1823/1611 1610/1822/1610
f 1623/1836/1623 1624/1837/1624 1612/1824/1612 1611/1823/1611
f 1624/1837/1624 1625/1838/1625 1613/1825/1613 1612/1824/1612
f 1625/1838/1625 1626/1839/1626 1614/1826/1614 1613/1825/1613
f 1626/1839/1626 1627/1840/1627 1615/1827/1615 1614/1826/1614
f 1627/1840/1627 1628/1841/1628 1616/1828/1616 1615/1827/1615
f 1628/1841/1628 1629/1842/1629 1617/1829/1617 1616/1828/1616
f 1629/1842/1629 1630/1843/1630 1618/1830/1618 1617/1829/1617
f 1630/1843/1630 1631/1844/1631 1619/1831/1619 1618/1830/1618
f 1631/1844/1631 1632/1845/1632 1620/1832/1620 1619/1831/1619
f 1632/1845/1632 1621/1846/1621 1609/1833/1609 1620/1832/1620
f 1633/1847/1633 1634/1848/1634 1622/1835/1622 1621/1834/1621
f 1634/1848/1634 1635/1849/1635 1623/1836/1623 1622/1835/1622
f 1635/1849/1635 1636/1850/1636 1624/1837/1624 1623/1836/1623
f 1636/1850/1636 1637/1851/1637 1625/1838/1625 1624/1837/1624
f 1637/1851/1637 1638/1852/1638 1626/1839/1626 1625/1838/1625
f 1638/1852/1638 1639/1853/1639 1627/1840/1627 1626/1839/1626
f 1639/1853/1639 1640/1854/1640 1628/1841/1628 1627/1840/1627
f 1640/1854/1640 1641/1855/1641 1629/1842/1629 1628/1841/1628
f 1641/1855/1641 1642/1856/1642 1630/1843/1630 1629/1842/1629
f 1642/1856/1642 1643/1857/1643 1631/1844/1631 1630/1843/1630
f 1643/1857/1643 1644/1858/1644 1632/1845/1632 1631/1844/1631
f 1644/1858/1644 1633/1859/1633 1621/1846/1621 1632/1845/1632
f 1645/1860/1645 1646/1861/1646 1634/1848/1634 1633/1847/1633
f 1646/1861/1646 1647/1862/1647 1635/1849/1635 1634/1848/1634
f 1647/1862/1647 1648/1863/1648 1636/1850/1636 1635/1849/1635
f 1648/1863/1648 1649/1864/1649 1637/1851/1637 1636/1850/1636
f 1649/1864/1649 1650/1865/1650 1638/1852/1638 1637/1851/1637
f 1650/1865/1650 1651/1866/1651 1639/1853/1639 1638/1852/1638
f 1651/1866/1651 1652/1867/1652 1640/1854/1640 1639/1853/1639
f 1652/1867/1652 1653/1868/1653 1641/1855/1641 1640/1854/1640
f 1653/1868/1653 1654/1869/1654 1642/1856/1642 1641/1855/1641
f 1654/1869/1654 1655/1870/1655 1643/1857/1643 1642/1856/1642
f 1655/1870/1655 1656/1871/1656 1644/1858/1644 1643/1857/1643
f 1656/1871/1656 1645/1872/1645 1633/1859/1633 1644/1858/1644
f 1657/1873/1657 1658/1874/1658 1646/1861/1646 1645/1860/1645
f 1658/1874/1658 1659/1875/1659 1647/1862/1647 1646/1861/1646
f 1659/1875/1659 1660/1876/1660 1648/1863/1648 1647/1862/1647
f 1660/1876/1660 1661/1877/1661 1649/1864/1649 1648/1863/1648
f 1661/1877/1661 1662/1878/1662 1650/1865/1650 1649/1864/1649
f 1662/1878/1662 1663/1879/1663 1651/1866/1651 1650/1865/1650
f 1663/1879/1663 1664/1880/1664 1652/1867/1652 1651/1866/1651
f 1664/1880/1664 1665/1881/1665 1653/1868/1653 1652/1867/1652
f 1665/1881/1665 1666/1882/1666 1654/1869/1654 1653/1868/1653
f 1666/1882/1666 1667/1883/1667 1655/1870/1655 1654/1869/1654
f 1667/1883/1667 1668/1884/1668 1656/1871/1656 1655/1870/1655
f 1668/1884/1668 1657/1885/1657 1645/1872/1645 1656/1871/1656
f 1537/1743/1537 1538/1744/1538 1669/1886/1669
f 1538/1744/1538 1539/1745/1539 1669/1887/1669
f 1539/1745/1539 1540/1746/1540 1669/1888/1669
f 1540/1746/1540 1541/1747/1541 1669/1889/1669
f 1541/1747/1541 1542/1748/1542 1669/1890/1669
f 1542/1748/1542 1543/1749/1543 1669/1891/1669
f 1543/1749/1543 1544/1750/1544 1669/1892/1669
f 1544/1750/1544 1545/1751/1545 1669/1893/1669
f 1545/1751/1545 1546/1752/1546 1669/1894/1669
f 1546/1752/1546 1547/1753/1547 1669/1895/1669
f 1547/1753/1547 1548/1754/1548 1669/1896/1669
f 1548/1754/1548 1537/1755/1537 1669/1897/1669
f 1670/1898/1670 1658/1874/1658 1657/1873/1657
f 1670/1899/1670 1659/1875/1659 1658/1874/1658
f 1670/1900/1670 1660/1876/1660 1659/1875/1659
f 1670/1901/1670 1661/1877/1661 1660/1876/1660
f 1670/1902/1670 1662/1878/1662 1661/1877/1661
f 1670/1903/1670 1663/1879/1663 1662/1878/1662
f 1670/1904/1670 1664/1880/1664 1663/1879/1663
f 1670/1905/1670 1665/1881/1665 1664/1880/1664
f 1670/1906/1670 1666/1882/1666 1665/1881/1665
f 1670/1907/1670 1667/1883/1667 1666/1882/1666
f 1670/1908/1670 1668/1884/1668 1667/1883/1667
f 1670/1909/1670 1657/1885/1657 1668/1884/1668
f 1671/1910/1671 1672/1911/1672 1684/1924/1684 1683/1923/1683
f 1672/1911/1672 1673/1912/1673 1685/1925/1685 1684/1924/1684
f 1673/1912/1673 1674/1913/1674 1686/1926/1686 1685/1925/1685
f 1674/1913/1674 1675/1914/1675 1687/1927/1687 1686/1926/1686
f 1675/1914/1675 1676/1915/1676 1688/1928/1688 1687/1927/1687
f 1676/1915/1676 1677/1916/1677 1689/1929/1689 1688/1928/1688
f 1677/1916/1677 1678/1917/1678 1690/1930/1690 1689/1929/1689
f 1678/1917/1678 1679/1918/1679 1691/1931/1691 1690/1930/1690
f 1679/1918/1679 1680/1919/1680 1692/1932/1692 1691/1931/1691
f 1680/1919/1680 1681/1920/1681 1693/1933/1693 1692/1932/1692
f 1681/1920/1681 1682/1921/1682 1694/1934/1694 1693/1933/1693
f 1682/1921/1682 1671/1922/1671 1683/1935/1683 1694/1934/1694
f 1683/1923/1683 1684/1924/1684 1696/1937/1696 1695/1936/1695
f 1684/1924/1684 1685/1925/1685 1697/1938/1697 1696/1937/1696
f 1685/1925/1685 1686/1926/1686 1698/1939/1698 1697/1938/1697
f 1686/1926/1686 1687/1927/1687 1699/1940/1699 1698/1939/1698
f 1687/1927/1687 1688/1928/1688 1700/1941/1700 1699/1940/1699
f 1688/1928/1688 1689/1929/1689 1701/1942/1701 1700/1941/1700
f 1689/1929/1689 1690/1930/1690 1702/1943/1702 1701/1942/1701
f 1690/1930/1690 1691/1931/1691 1703/1944/1703 1702/1943/1702
f 1691/1931/1691 1692/1932/1692 1704/1945/1704 1703/1944/1703
f 1692/1932/1692 1693/1933/1693 1705/1946/1705 1704/1945/1704
f 1693/1933/1693 1694/1934/1694 1706/1947/1706 1705/1946/1705
f 1694/1934/1694 1683/1935/1683 1695/1948/1695 1706/1947/1706
f 1695/1936/1695 1696/1937/1696 1708/1950/1708 1707/1949/1707
f 1696/1937/1696 1697/1938/1697 1709/1951/1709 1708/1950/1708
f 1697/1938/1697 1698/1939/1698 1710/1952/1710 1709/1951/1709
f 1698/1939/1698 1699/1940/1699 1711/1953/1711 1710/1952/1710
f 1699/1940/1699 1700/1941/1700 1712/1954/1712 1711/1953/1711
f 1700/1941/1700 1701/1942/1701 1713/1955/1713 1712/1954/1712
f 1701/1942/1701 1702/1943/1702 1714/1956/1714 1713/1955/1713
f 1702/1943/1702 1703/1944/1703 1715/1957/1715 1714/1956/1714
f 1703/1944/1703 1704/1945/1704 1716/1958/1716 1715/1957/1715
f 1704/1945/1704 1705/1946/1705 1717/1959/1717 1716/1958/1716
f 1705/1946/1705 1706/1947/1706 1718/1960/1718 1717/1959/1717
f 1706/1947/1706 1695/1948/1695 1707/1961/1707 1718/1960/1718
f 1707/1949/1707 1708/1950/1708 1720/1963/1720 1719/1962/1719
f 1708/1950/1708 1709/1951/1709 1721/1964/1721 1720/1963/1720
f 1709/1951/1709 1710/1952/1710 1722/1965/1722 1721/1964/1721
f 1710/1952/1710 1711/1953/1711 1723/1966/1723 1722/1965/1722
f 1711/1953/1711 1712/1954/1712 1724/1967/1724 1723/1966/1723
f 1712/1954/1712 1713/1955/1713 1725/1968/1725 1724/1967/1724
f 1713/1955/1713 1714/1956/1714 1726/1969/1726 1725/1968/1725
f 1714/1956/1714 1715/1957/1715 1727/1970/1727 1726/1969/1726
f 1715/1957/1715 1716/1958/1716 1728/1971/1728 1727/1970/1727
f 1716/1958/1716 1717/1959/1717 1729/1972/1729 1728/1971/1728
f 1717/1959/1717 1718/1960/1718 1730/1973/1730 1729/1972/1729
f 1718/1960/1718 1707/1961/1707 1719/1974/1719 1730/1973/1730
f 1719/1962/1719 1720/1963/1720 1732/1976/1732 1731/1975/1731
f 1720/1963/1720 1721/1964/1721 1733/1977/1733 1732/1976/1732
f 1721/1964/1721 1722/1965/1722 1734/1978/1734 1733/1977/1733
f 1722/1965/1722 1723/1966/1723 1735/1979/1735 1734/1978/1734
f 1723/1966/1723 1724/1967/1724 1736/1980/1736 1735/1979/1735
f 1724/1967/1724 1725/1968/1725 1737/1981/1737 1736/1980/1736
f 1725/1968/1725 1726/1969/1726 1738/1982/1738 1737/1981/1737
f 1726/1969/1726 1727/1970/1727 1739/1983/1739 1738/1982/1738
f 1727/1970/1727 1728/1971/1728 1740/1984/1740 1739/1983/1739
f 1728/1971/1728 1729/1972/1729 1741/1985/1741 1740/1984/1740
f 1729/1972/1729 1730/1973/1730 1742/1986/1742 1741/1985/1741
f 1730/1973/1730 1719/1974/1719 1731/1987/1731 1742/1986/1742
f 1731/1975/1731 1732/1976/1732 1744/1989/1744 1743/1988/1743
f 1732/1976/1732 1733/1977/1733 1745/1990/1745 1744/1989/1744
f 1733/1977/1733 1734/1978/1734 1746/1991/1746 1745/1990/1745
f 1734/1978/1734 1735/1979/1735 1747/1992/1747 1746/1991/1746
f 1735/1979/1735 1736/1980/1736 1748/1993/1748 1747/1992/1747
f 1736/1980/1736 1737/1981/1737 1749/1994/1749 1748/1993/1748
f 1737/1981/1737 1738/1982/1738 1750/1995/1750 1749/1994/1749
f 1738/1982/1738 1739/1983/1739 1751/1996/1751 1750/1995/1750
f 1739/1983/1739 1740/1984/1740 1752/1997/1752 1751/1996/1751
f 1740/1984/1740 1741/1985/1741 1753/1998/1753 1752/1997/1752
f 1741/1985/1741 1742/1986/1742 1754/1999/1754 1753/1998/1753
f 1742/1986/1742 1731/1987/1731 1743/2000/1743 1754/1999/1754
f 1755/2001/1755 1672/1911/1672 1671/1910/1671
f 1755/2002/1755 1673/1912/1673 1672/1911/1672
f 1755/2003/1755 1674/1913/1674 1673/1912/1673
f 1755/2004/1755 1675/1914/1675 1674/1913/1674
f 1755/2005/1755 1676/1915/1676 1675/1914/1675
f 1755/2006/1755 1677/1916/1677 1676/1915/1676
f 1755/2007/1755 1678/1917/1678 1677/1916/1677
f 1755/2008/1755 1679/1918/1679 1678/1917/1678
f 1755/2009/1755 1680/1919/1680 1679/1918/1679
f 1755/2010/1755 1681/1920/1681 1680/1919/1680
f 1755/2011/1755 1682/1921/1682 1681/1920/1681
f 1755/2012/1755 1671/1922/1671 1682/1921/1682
f 1743/1988/1743 1744/1989/1744 1756/2013/1756
f 1744/1989/1744 1745/1990/1745 1756/2014/1756
f 1745/1990/1745 1746/1991/1746 1756/2015/1756
f 1746/1991/1746 1747/1992/1747 1756/2016/1756
f 1747/1992/1747 1748/1993/1748 1756/2017/1756
f 1748/1993/1748 1749/1994/1749 1756/2018/1756
f 1749/1994/1749 1750/1995/1750 1756/2019/1756
f 1750/1995/1750 1751/1996/1751 1756/2020/1756
f 1751/1996/1751 1752/1997/1752 1756/2021/1756
f 1752/1997/1752 1753/1998/1753 1756/2022/1756
f 1753/1998/1753 1754/1999/1754 1756/2023/1756
f 1754/1999/1754 1743/2000/1743 1756/2024/1756
f 1757/2025/1757 1758/2026/1758 1764/2033/1764 1763/2032/1763
f 1758/2026/1758 1759/2027/1759 1765/2034/1765 1764/2033/1764
f 1759/2027/1759 1760/2028/1760 1766/2035/1766 1765/2034/1765
f 1760/2028/1760 1761/2029/1761 1767/2036/1767 1766/2035/1766
f 1761/2029/1761 1762/2030/1762 1768/2037/1768 1767/2036/1767
f 1762/2030/1762 1757/2031/1757 1763/2038/1763 1768/2037/1768
f 1763/2032/1763 1764/2033/1764 1770/2040/1770 1769/2039/1769
f 1764/2033/1764 1765/2034/1765 1771/2041/1771 1770/2040/1770
f 1765/2034/1765 1766/2035/1766 1772/2042/1772 1771/2041/1771
f 1766/2035/1766 1767/2036/1767 1773/2043/1773 1772/2042/1772
f 1767/2036/1767 1768/2037/1768 1774/2044/1774 1773/2043/1773
f 1768/2037/1768 1763/2038/1763 1769/2045/1769 1774/2044/1774
f 1769/2039/1769 1770/2040/1770 1776/2047/1776 1775/2046/1775
f 1770/2040/1770 1771/2041/1771 1777/2048/1777 1776/2047/1776
f 1771/2041/1771 1772/2042/1772 1778/2049/1778 1777/2048/1777
f 1772/2042/1772 1773/2043/1773 1779/2050/1779 1778/2049/1778
f 1773/2043/1773 1774/2044/1774 1780/2051/1780 1779/2050/1779
f 1774/2044/1774 1769/2045/1769 1775/2052/1775 1780/2051/1780
f 1775/2046/1775 1776/2047/1776 1782/2054/1782 1781/2053/1781
f 1776/2047/1776 1777/2048/1777 1783/2055/1783 1782/2054/1782
f 1777/2048/1777 1778/2049/1778 1784/2056/1784 1783/2055/1783
f 1778/2049/1778 1779/2050/1779 1785/2057/1785 1784/2056/1784
f 1779/2050/1779 1780/2051/1780 1786/2058/1786 1785/2057/1785
f 1780/2051/1780 1775/2052/1775 1781/2059/1781 1786/2058/1786
f 1781/2053/1781 1782/2054/1782 1788/2061/1788 1787/2060/1787
f 1782/2054/1782 1783/2055/1783 1789/2062/1789 1788/2061/1788
f 1783/2055/1783 1784/2056/1784 1790/2063/1790 1789/2062/1789
f 1784/2056/1784 1785/2057/1785 1791/2064/1791 1790/2063/1790
f 1785/2057/1785 1786/2058/1786 1792/2065/1792 1791/2064/1791
f 1786/2058/1786 1781/2059/1781 1787/2066/1787 1792/2065/1792
f 1787/2060/1787 1788/2061/1788 1794/2068/1794 1793/2067/1793
f 1788/2061/1788 1789/2062/1789 1795/2069/1795 1794/2068/1794
f 1789/2062/1789 1790/2063/1790 1796/2070/1796 1795/2069/1795
f 1790/2063/1790 1791/2064/1791 1797/2071/1797 1796/2070/1796
f 1791/2064/1791 1792/2065/1792 1798/2072/1798 1797/2071/1797
f 1792/2065/1792 1787/2066/1787 1793/2073/1793 1798/2072/1798
f 1793/2067/1793 1794/2068/1794 1800/2075/1800 1799/2074/1799
f 1794/2068/1794 1795/2069/1795 1801/2076/1801 1800/2075/1800
f 1795/2069/1795 1796/2070/1796 1802/2077/1802 1801/2076/1801
f 1796/2070/1796 1797/2071/1797 1803/2078/1803 1802/2077/1802
f 1797/2071/1797 1798/2072/1798 1804/2079/1804 1803/2078/1803
f 1798/2072/1798 1793/2073/1793 1799/2080/1799 1804/2079/1804
f 1799/2074/1799 1800/2075/1800 1806/2082/1806 1805/2081/1805
f 1800/2075/1800 1801/2076/1801 1807/2083/1807 1806/2082/1806
f 1801/2076/1801 1802/2077/1802 1808/2084/1808 1807/2083/1807
f 1802/2077/1802 1803/2078/1803 1809/2085/1809 1808/2084/1808
f 1803/2078/1803 1804/2079/1804 1810/2086/1810 1809/2085/1809
f 1804/2079/1804 1799/2080/1799 1805/2087/1805 1810/2086/1810
f 1811/2088/1811 1758/2026/1758 1757/2025/1757
f 1811/2089/1811 1759/2027/1759 1758/2026/1758
f 1811/2090/1811 1760/2028/1760 1759/2027/1759
f 1811/2091/1811 1761/2029/1761 1760/2028/1760
f 1811/2092/1811 1762/2030/1762 1761/2029/1761
f 1811/2093/1811 1757/2031/1757 1762/2030/1762
f 1805/2081/1805 1806/2082/1806 1809/2085/1809 1810/2086/1810
f 1806/2082/1806 1807/2083/1807 1808/2084/1808 1809/2085/1809
f 1812/2094/1812 1813/2095/1813 1819/2102/1819 1818/2101/1818
f 1813/2095/1813 1814/2096/1814 1820/2103/1820 1819/2102/1819
f 1814/2096/1814 1815/2097/1815 1821/2104/1821 1820/2103/1820
f 1815/2097/1815 1816/2098/1816 1822/2105/1822 1821/2104/1821
f 1816/2098/1816 1817/2099/1817 1823/2106/1823 1822/2105/1822
f 1817/2099/1817 1812/2100/1812 1818/2107/1818 1823/2106/1823
f 1818/2101/1818 1819/2102/1819 1825/2109/1825 1824/2108/1824
f 1819/2102/1819 1820/2103/1820 1826/2110/1826 1825/2109/1825
f 1820/2103/1820 1821/2104/1821 1827/2111/1827 1826/2110/1826
f 1821/2104/1821 1822/2105/1822 1828/2112/1828 1827/2111/1827
f 1822/2105/1822 1823/2106/1823 1829/2113/1829 1828/2112/1828
f 1823/2106/1823 1818/2107/1818 1824/2114/1824 1829/2113/1829
f 1824/2108/1824 1825/2109/1825 1831/2116/1831 1830/2115/1830
f 1825/2109/1825 1826/2110/1826 1832/2117/1832 1831/2116/1831
f 1826/2110/1826 1827/2111/1827 1833/2118/1833 1832/2117/1832
f 1827/2111/1827 1828/2112/1828 1834/2119/1834 1833/2118/1833
f 1828/2112/1828 1829/2113/1829 1835/2120/1835 1834/2119/1834
f 1829/2113/1829 1824/2114/1824 1830/2121/1830 1835/2120/1835
f 1830/2115/1830 1831/2116/1831 1837/2123/1837 1836/2122/1836
f 1831/2116/1831 1832/2117/1832 1838/2124/1838 1837/2123/1837
f 1832/2117/1832 1833/2118/1833 1839/2125/1839 1838/2124/1838
f 1833/2118/1833 1834/2119/1834 1840/2126/1840 1839/2125/1839
f 1834/2119/1834 1835/2120/1835 1841/2127/1841 1840/2126/1840
f 1835/2120/1835 1830/2121/1830 1836/2128/1836 1841/2127/1841
f 1836/2122/1836 1837/2123/1837 1843/2130/1843 1842/2129/1842
f 1837/2123/1837 1838/2124/1838 1844/2131/1844 1843/2130/1843
f 1838/2124/1838 1839/2125/1839 1845/2132/1845 1844/2131/1844
f 1839/2125/1839 1840/2126/1840 1846/2133/1846 1845/2132/1845
f 1840/2126/1840 1841/2127/1841 1847/2134/1847 1846/2133/1846
f 1841/2127/1841 1836/2128/1836 1842/2135/1842 1847/2134/1847
f 1842/2129/1842 1843/2130/1843 1849/2137/1849 1848/2136/1848
f 1843/2130/1843 1844/2131/1844 1850/2138/1850 1849/2137/1849
f 1844/2131/1844 1845/2132/1845 1851/2139/1851 1850/2138/1850
f 1845/2132/1845 1846/2133/1846 1852/2140/1852 1851/2139/1851
f 1846/2133/1846 1847/2134/1847 1853/2141/1853 1852/2140/1852
f 1847/2134/1847 1842/2135/1842 1848/2142/1848 1853/2141/1853
f 1848/2136/1848 1849/2137/1849 1855/2144/1855 1854/2143/1854
f 1849/2137/1849 1850/2138/1850 1856/2145/1856 1855/2144/1855
f 1850/2138/1850 1851/2139/1851 1857/2146/1857 1856/2145/1856
f 1851/2139/1851 1852/2140/1852 1858/2147/1858 1857/2146/1857
f 1852/2140/1852 1853/2141/1853 1859/2148/1859 1858/2147/1858
f 1853/2141/1853 1848/2142/1848 1854/2149/1854 1859/2148/1859
f 1854/2143/1854 1855/2144/1855 1861/2151/1861 1860/2150/1860
f 1855/2144/1855 1856/2145/1856 1862/2152/1862 1861/2151/1861
f 1856/2145/1856 1857/2146/1857 1863/2153/1863 1862/2152/1862
f 1857/2146/1857 1858/2147/1858 1864/2154/1864 1863/2153/1863
f 1858/2147/1858 1859/2148/1859 1865/2155/1865 1864/2154/1864
f 1859/2148/1859 1854/2149/1854 1860/2156/1860 1865/2155/1865
f 1866/2157/1866 1813/2095/1813 1812/2094/1812
f 1866/2158/1866 1814/2096/1814 1813/2095/1813
f 1866/2159/1866 1815/2097/1815 1814/2096/1814
f 1866/2160/1866 1816/2098/1816 1815/2097/1815
f 1866/2161/1866 1817/2099/1817 1816/2098/1816
f 1866/2162/1866 1812/2100/1812 1817/2099/1817
f 1860/2150/1860 1861/2151/1861 1864/2154/1864 1865/2155/1865
f 1861/2151/1861 1862/2152/1862 1863/2153/1863 1864/2154/1864
f 1867/2163/1867 1868/2164/1868 1880/2177/1880 1879/2176/1879
f 1868/2164/1868 1869/2165/1869 1881/2178/1881 1880/2177/1880
f 1869/2165/1869 1870/2166/1870 1882/2179/1882 1881/2178/1881
f 1870/2166/1870 1871/2167/1871 1883/2180/1883 1882/2179/1882
f 1871/2167/1871 1872/2168/1872 1884/2181/1884 1883/2180/1883
f 1872/2168/1872 1873/2169/1873 1885/2182/1885 1884/2181/1884
f 1873/2169/1873 1874/2170/1874 1886/2183/1886 1885/2182/1885
f 1874/2170/1874 1875/2171/1875 1887/2184/1887 1886/2183/1886
f 1875/2171/1875 1876/2172/1876 1888/2185/1888 1887/2184/1887
f 1876/2172/1876 1877/2173/1877 1889/2186/1889 1888/2185/1888
f 1877/2173/1877 1878/2174/1878 1890/2187/1890 1889/2186/1889
f 1878/2174/1878 1867/2175/1867 1879/2188/1879 1890/2187/1890
f 1879/2176/1879 1880/2177/1880 1892/2190/1892 1891/2189/1891
f 1880/2177/1880 1881/2178/1881 1893/2191/1893 1892/2190/1892
f 1881/2178/1881 1882/2179/1882 1894/2192/1894 1893/2191/1893
f 1882/2179/1882 1883/2180/1883 1895/2193/1895 1894/2192/1894
f 1883/2180/1883 1884/2181/1884 1896/2194/1896 1895/2193/1895
f 1884/2181/1884 1885/2182/1885 1897/2195/1897 1896/2194/1896
f 1885/2182/1885 1886/2183/1886 1898/2196/1898 1897/2195/1897
f 1886/2183/1886 1887/2184/1887 1899/2197/1899 1898/2196/1898
f 1887/2184/1887 1888/2185/1888 1900/2198/1900 1899/2197/1899
f 1888/2185/1888 1889/2186/1889 1901/2199/1901 1900/2198/1900
f 1889/2186/1889 1890/2187/1890 1902/2200/1902 1901/2199/1901
f 1890/2187/1890 1879/2188/1879 1891/2201/1891 1902/2200/1902
f 1891/2189/1891 1892/2190/1892 1904/2203/1904 1903/2202/1903
f 1892/2190/1892 1893/2191/1893 1905/2204/1905 1904/2203/1904
f 1893/2191/1893 1894/2192/1894 1906/2205/1906 1905/2204/1905
f 1894/2192/1894 1895/2193/1895 1907/2206/1907 1906/2205/1906
f 1895/2193/1895 1896/2194/1896 1908/2207/1908 1907/2206/1907
f 1896/2194/1896 1897/2195/1897 1909/2208/1909 1908/2207/1908
f 1897/2195/1897 1898/2196/1898 1910/2209/1910 1909/2208/1909
f 1898/2196/1898 1899/2197/1899 1911/2210/1911 1910/2209/1910
f 1899/2197/1899 1900/2198/1900 1912/2211/1912 1911/2210/1911
f 1900/2198/1900 1901/2199/1901 1913/2212/1913 1912/2211/1912
f 1901/2199/1901 1902/2200/1902 1914/2213/1914 1913/2212/1913
f 1902/2200/1902 1891/2201/1891 1903/2214/1903 1914/2213/1914
f 1903/2202/1903 1904/2203/1904 1916/2216/1916 1915/2215/1915
f 1904/2203/1904 1905/2204/1905 1917/2217/1917 1916/2216/1916
f 1905/2204/1905 1906/2205/1906 1918/2218/1918 1917/2217/1917
f 1906/2205/1906 1907/2206/1907 1919/2219/1919 1918/2218/1918
f 1907/2206/1907 1908/2207/1908 1920/2220/1920 1919/2219/1919
f 1908/2207/1908 1909/2208/1909 1921/2221/1921 1920/2220/1920
f 1909/2208/1909 1910/2209/1910 1922/2222/1922 1921/2221/1921
f 1910/2209/1910 1911/2210/1911 1923/2223/1923 1922/2222/1922
f 1911/2210/1911 1912/2211/1912 1924/2224/1924 1923/2223/1923
f 1912/2211/1912 1913/2212/1913 1925/2225/1925 1924/2224/1924
f 1913/2212/1913 1914/2213/1914 1926/2226/1926 1925/2225/1925
f 1914/2213/1914 1903/2214/1903 1915/2227/1915 1926/2226/1926
f 1927/2228/1927 1868/2164/1868 1867/2163/1867
f 1927/2229/1927 1869/2165/1869 1868/2164/1868
f 1927/2230/1927 1870/2166/1870 1869/2165/1869
f 1927/2231/1927 1871/2167/1871 1870/2166/1870
f 1927/2232/1927 1872/2168/1872 1871/2167/1871
f 1927/2233/1927 1873/2169/1873 1872/2168/1872
f 1927/2234/1927 1874/2170/1874 1873/2169/1873
f 1927/2235/1927 1875/2171/1875 1874/2170/1874
f 1927/2236/1927 1876/2172/1876 1875/2171/1875
f 1927/2237/1927 1877/2173/1877 1876/2172/1876
f 1927/2238/1927 1878/2174/1878 1877/2173/1877
f 1927/2239/1927 1867/2175/1867 1878/2174/1878
f 1915/2215/1915 1916/2216/1916 1928/2240/1928
f 1916/2216/1916 1917/2217/1917 1928/2241/1928
f 1917/2217/1917 1918/2218/1918 1928/2242/1928
f 1918/2218/1918 1919/2219/1919 1928/2243/1928
f 1919/2219/1919 1920/2220/1920 1928/2244/1928
f 1920/2220/1920 1921/2221/1921 1928/2245/1928
f 1921/2221/1921 1922/2222/1922 1928/2246/1928
f 1922/2222/1922 1923/2223/1923 1928/2247/1928
f 1923/2223/1923 1924/2224/1924 1928/2248/1928
f 1924/2224/1924 1925/2225/1925 1928/2249/1928
f 1925/2225/1925 1926/2226/1926 1928/2250/1928
f 1926/2226/1926 1915/2227/1915 1928/2251/1928
