# FroggyShoulderPal - Roblox UGC rigid accessory
# Units: studs, +Y up, avatar faces -Z. Origin = the attachment point.
# Triangles: 3914
mtllib FroggyShoulderPal.mtl
o FroggyShoulderPal
v 0.429979 -0.006948 0.047145
v 0.418984 -0.006948 0.044119
v 0.409763 -0.006948 0.040107
v 0.401761 -0.006948 0.035039
v 0.395038 -0.006948 0.029003
v 0.389705 -0.006948 0.022123
v 0.385870 -0.006948 0.014537
v 0.383623 -0.006948 0.006380
v 0.383035 -0.006948 -0.002265
v 0.384257 -0.006948 -0.011849
v 0.387046 -0.006948 -0.021138
v 0.391121 -0.006948 -0.028898
v 0.396524 -0.006948 -0.035583
v 0.403150 -0.006948 -0.041132
v 0.410860 -0.006948 -0.045435
v 0.419493 -0.006948 -0.048387
v 0.428895 -0.006948 -0.049902
v 0.438970 -0.006948 -0.049907
v 0.450252 -0.006948 -0.048231
v 0.461240 -0.006948 -0.045174
v 0.470442 -0.006948 -0.041071
v 0.478415 -0.006948 -0.035863
v 0.485101 -0.006948 -0.029654
v 0.490394 -0.006948 -0.022588
v 0.494191 -0.006948 -0.014824
v 0.496406 -0.006948 -0.006519
v 0.496973 -0.006948 0.002228
v 0.495743 -0.006948 0.011849
v 0.492962 -0.006948 0.021100
v 0.488908 -0.006948 0.028759
v 0.483537 -0.006948 0.035296
v 0.476949 -0.006948 0.040667
v 0.469278 -0.006948 0.044783
v 0.460682 -0.006948 0.047563
v 0.451310 -0.006948 0.048938
v 0.441254 -0.006948 0.048852
v 0.419989 -0.006161 0.094146
v 0.398033 -0.006161 0.088103
v 0.379617 -0.006161 0.080092
v 0.363637 -0.006161 0.069971
v 0.350212 -0.006161 0.057918
v 0.339563 -0.006161 0.044178
v 0.331905 -0.006161 0.029029
v 0.327417 -0.006161 0.012741
v 0.326243 -0.006161 -0.004524
v 0.328683 -0.006161 -0.023661
v 0.334254 -0.006161 -0.042212
v 0.342392 -0.006161 -0.057710
v 0.353181 -0.006161 -0.071065
v 0.366414 -0.006161 -0.082149
v 0.381811 -0.006161 -0.090746
v 0.399053 -0.006161 -0.096646
v 0.417827 -0.006161 -0.099674
v 0.437948 -0.006161 -0.099686
v 0.460478 -0.006161 -0.096340
v 0.482420 -0.006161 -0.090233
v 0.500797 -0.006161 -0.082038
v 0.516717 -0.006161 -0.071636
v 0.530067 -0.006161 -0.059233
v 0.540637 -0.006161 -0.045117
v 0.548218 -0.006161 -0.029608
v 0.552642 -0.006161 -0.013020
v 0.553773 -0.006161 0.004448
v 0.551317 -0.006161 0.023661
v 0.545762 -0.006161 0.042136
v 0.537668 -0.006161 0.057431
v 0.526943 -0.006161 0.070485
v 0.513785 -0.006161 0.081210
v 0.498468 -0.006161 0.089431
v 0.481301 -0.006161 0.094982
v 0.462586 -0.006161 0.097727
v 0.442505 -0.006161 0.097556
v 0.411838 -0.003636 0.132493
v 0.380938 -0.003636 0.123988
v 0.355021 -0.003636 0.112714
v 0.332532 -0.003636 0.098471
v 0.313638 -0.003636 0.081508
v 0.298651 -0.003636 0.062171
v 0.287873 -0.003636 0.040852
v 0.281557 -0.003636 0.017929
v 0.279904 -0.003636 -0.006368
v 0.283339 -0.003636 -0.033299
v 0.291179 -0.003636 -0.059411
v 0.302634 -0.003636 -0.081231
v 0.317821 -0.003636 -0.100040
v 0.336449 -0.003636 -0.115656
v 0.358122 -0.003636 -0.127774
v 0.382390 -0.003636 -0.136094
v 0.408816 -0.003636 -0.140370
v 0.437134 -0.003636 -0.140395
v 0.468842 -0.003636 -0.135689
v 0.499722 -0.003636 -0.127092
v 0.525582 -0.003636 -0.115551
v 0.547984 -0.003636 -0.100896
v 0.566769 -0.003636 -0.083424
v 0.581640 -0.003636 -0.063539
v 0.592306 -0.003636 -0.041697
v 0.598529 -0.003636 -0.018337
v 0.600119 -0.003636 0.006257
v 0.596661 -0.003636 0.033299
v 0.588845 -0.003636 0.059300
v 0.577452 -0.003636 0.080824
v 0.562359 -0.003636 0.099196
v 0.543842 -0.003636 0.114288
v 0.522285 -0.003636 0.125858
v 0.498125 -0.003636 0.133669
v 0.471787 -0.003636 0.137534
v 0.443525 -0.003636 0.137292
v 0.403246 0.003380 0.172913
v 0.362916 0.003380 0.161814
v 0.329090 0.003380 0.147099
v 0.299738 0.003380 0.128511
v 0.275078 0.003380 0.106372
v 0.255517 0.003380 0.081136
v 0.241450 0.003380 0.053312
v 0.233206 0.003380 0.023396
v 0.231048 0.003380 -0.008313
v 0.235531 0.003380 -0.043461
v 0.245766 0.003380 -0.077553
v 0.260724 0.003380 -0.106068
v 0.280557 0.003380 -0.130670
v 0.304884 0.003380 -0.151117
v 0.333185 0.003380 -0.167000
v 0.364873 0.003380 -0.177924
v 0.399373 0.003380 -0.183556
v 0.436341 0.003380 -0.183623
v 0.477727 0.003380 -0.177492
v 0.518029 0.003380 -0.166260
v 0.551773 0.003380 -0.151162
v 0.581000 0.003380 -0.131985
v 0.605506 0.003380 -0.109117
v 0.624900 0.003380 -0.083096
v 0.638807 0.003380 -0.054522
v 0.646918 0.003380 -0.023980
v 0.648985 0.003380 0.008154
v 0.644469 0.003380 0.043461
v 0.634268 0.003380 0.077394
v 0.619400 0.003380 0.105484
v 0.599700 0.003380 0.129461
v 0.575533 0.003380 0.149157
v 0.547398 0.003380 0.164256
v 0.515866 0.003380 0.174450
v 0.481490 0.003380 0.179493
v 0.444604 0.003380 0.179177
v 0.395292 0.019120 0.210334
v 0.346222 0.019120 0.196829
v 0.305064 0.019120 0.178928
v 0.269350 0.019120 0.156315
v 0.239344 0.019120 0.129383
v 0.215543 0.019120 0.098684
v 0.198426 0.019120 0.064838
v 0.188393 0.019120 0.028447
v 0.185766 0.019120 -0.010126
v 0.191217 0.019120 -0.052880
v 0.203677 0.019120 -0.094390
v 0.221899 0.019120 -0.129184
v 0.246061 0.019120 -0.159270
v 0.275699 0.019120 -0.184332
v 0.310176 0.019120 -0.203852
v 0.348769 0.019120 -0.217324
v 0.390778 0.019120 -0.224324
v 0.435778 0.019120 -0.224500
v 0.486140 0.019120 -0.217074
v 0.535169 0.019120 -0.203374
v 0.576207 0.019120 -0.184909
v 0.611737 0.019120 -0.161428
v 0.641514 0.019120 -0.133424
v 0.665071 0.019120 -0.101569
v 0.681953 0.019120 -0.066619
v 0.691790 0.019120 -0.029306
v 0.694284 0.019120 0.009892
v 0.688783 0.019120 0.052880
v 0.676373 0.019120 0.094156
v 0.658284 0.019120 0.128325
v 0.634317 0.019120 0.157489
v 0.604914 0.019120 0.181447
v 0.570683 0.019120 0.199812
v 0.532318 0.019120 0.212211
v 0.490493 0.019120 0.218342
v 0.445613 0.019120 0.217956
v 0.389146 0.051119 0.239251
v 0.333261 0.051119 0.223875
v 0.286386 0.051119 0.203501
v 0.245709 0.051119 0.177767
v 0.211532 0.051119 0.147123
v 0.184418 0.051119 0.112195
v 0.164916 0.051119 0.073688
v 0.153481 0.051119 0.032289
v 0.150478 0.051119 -0.011589
v 0.156674 0.051119 -0.060223
v 0.170872 0.051119 -0.107534
v 0.191668 0.051119 -0.147368
v 0.219257 0.051119 -0.181966
v 0.253099 0.051119 -0.210923
v 0.292456 0.051119 -0.233595
v 0.336496 0.051119 -0.249353
v 0.384409 0.051119 -0.257662
v 0.435705 0.051119 -0.258083
v 0.493076 0.051119 -0.249702
v 0.548896 0.051119 -0.234023
v 0.595585 0.051119 -0.212775
v 0.635976 0.051119 -0.185696
v 0.669800 0.051119 -0.153388
v 0.696533 0.051119 -0.116668
v 0.715671 0.051119 -0.076450
v 0.726802 0.051119 -0.033621
v 0.729599 0.051119 0.011226
v 0.723326 0.051119 0.060223
v 0.709205 0.051119 0.107172
v 0.688615 0.051119 0.146036
v 0.661330 0.051119 0.179204
v 0.627852 0.051119 0.206450
v 0.588876 0.051119 0.227330
v 0.545189 0.051119 0.241424
v 0.497562 0.051119 0.248388
v 0.446452 0.051119 0.247935
v 0.386620 0.100834 0.251131
v 0.327634 0.100834 0.234922
v 0.278148 0.100834 0.213476
v 0.235196 0.100834 0.186410
v 0.199096 0.100834 0.154197
v 0.170445 0.100834 0.117493
v 0.149821 0.100834 0.077042
v 0.137707 0.100834 0.033564
v 0.134487 0.100834 -0.012508
v 0.140968 0.100834 -0.063561
v 0.155919 0.100834 -0.113337
v 0.177884 0.100834 -0.155455
v 0.207055 0.100834 -0.192220
v 0.242851 0.100834 -0.223149
v 0.284479 0.100834 -0.247499
v 0.331048 0.100834 -0.264542
v 0.381691 0.100834 -0.273655
v 0.435878 0.100834 -0.274326
v 0.496446 0.100834 -0.265559
v 0.555344 0.100834 -0.248932
v 0.604573 0.100834 -0.226279
v 0.647131 0.100834 -0.197356
v 0.682742 0.100834 -0.162846
v 0.710868 0.100834 -0.123669
v 0.730989 0.100834 -0.080855
v 0.742684 0.100834 -0.035403
v 0.745620 0.100834 0.012007
v 0.739032 0.100834 0.063561
v 0.724188 0.100834 0.112837
v 0.702507 0.100834 0.153616
v 0.673755 0.100834 0.188408
v 0.638462 0.100834 0.216973
v 0.597359 0.100834 0.238850
v 0.551278 0.100834 0.253596
v 0.501031 0.100834 0.260851
v 0.447100 0.100834 0.260316
v 0.387093 0.214649 0.248909
v 0.327296 0.214649 0.232560
v 0.277095 0.214649 0.211058
v 0.233483 0.214649 0.184012
v 0.196787 0.214649 0.151888
v 0.167611 0.214649 0.115344
v 0.146547 0.214649 0.075119
v 0.134084 0.214649 0.031928
v 0.130615 0.214649 -0.013795
v 0.136945 0.214649 -0.064416
v 0.151828 0.214649 -0.113596
v 0.173798 0.214649 -0.154916
v 0.203053 0.214649 -0.190720
v 0.239018 0.214649 -0.220598
v 0.280912 0.214649 -0.243892
v 0.327853 0.214649 -0.259962
v 0.378979 0.214649 -0.268266
v 0.433769 0.214649 -0.268357
v 0.495110 0.214649 -0.259270
v 0.554843 0.214649 -0.242622
v 0.604859 0.214649 -0.220253
v 0.648188 0.214649 -0.191873
v 0.684533 0.214649 -0.158100
v 0.713331 0.214649 -0.119779
v 0.734035 0.214649 -0.077857
v 0.746197 0.214649 -0.033249
v 0.749462 0.214649 0.013435
v 0.743055 0.214649 0.064416
v 0.728248 0.214649 0.113236
v 0.706482 0.214649 0.153595
v 0.677529 0.214649 0.187982
v 0.641925 0.214649 0.216163
v 0.600408 0.214649 0.237680
v 0.553818 0.214649 0.252101
v 0.502976 0.214649 0.259071
v 0.448369 0.214649 0.258295
v 0.391270 0.279253 0.229255
v 0.336672 0.279253 0.214298
v 0.290847 0.279253 0.194582
v 0.251050 0.279253 0.169750
v 0.217579 0.279253 0.140232
v 0.190985 0.279253 0.106633
v 0.171807 0.279253 0.069631
v 0.160491 0.279253 0.029885
v 0.157395 0.279253 -0.012206
v 0.163259 0.279253 -0.058823
v 0.176895 0.279253 -0.103948
v 0.196931 0.279253 -0.141551
v 0.223563 0.279253 -0.173862
v 0.256287 0.279253 -0.200587
v 0.294408 0.279253 -0.221222
v 0.337141 0.279253 -0.235276
v 0.383718 0.279253 -0.242343
v 0.433679 0.279253 -0.242085
v 0.489668 0.279253 -0.233669
v 0.544240 0.279253 -0.218585
v 0.589986 0.279253 -0.198499
v 0.629662 0.279253 -0.173099
v 0.662984 0.279253 -0.142879
v 0.689416 0.279253 -0.108523
v 0.708441 0.279253 -0.070798
v 0.719629 0.279253 -0.030448
v 0.722638 0.279253 0.012053
v 0.716741 0.279253 0.058823
v 0.703137 0.279253 0.103795
v 0.683189 0.279253 0.140988
v 0.656685 0.279253 0.172695
v 0.624115 0.279253 0.198698
v 0.586154 0.279253 0.218575
v 0.543571 0.279253 0.231927
v 0.497115 0.279253 0.238425
v 0.447232 0.279253 0.237799
v 0.397799 0.326240 0.198542
v 0.351049 0.326240 0.185703
v 0.311827 0.326240 0.168726
v 0.277779 0.326240 0.147310
v 0.249160 0.326240 0.121825
v 0.226441 0.326240 0.092793
v 0.210083 0.326240 0.060802
v 0.200466 0.326240 0.026420
v 0.197896 0.326240 -0.010009
v 0.203012 0.326240 -0.050373
v 0.214768 0.326240 -0.089387
v 0.231966 0.326240 -0.121776
v 0.254784 0.326240 -0.149502
v 0.282799 0.326240 -0.172348
v 0.315422 0.326240 -0.189915
v 0.351989 0.326240 -0.201822
v 0.391850 0.326240 -0.207754
v 0.434616 0.326240 -0.207449
v 0.482556 0.326240 -0.200212
v 0.529295 0.326240 -0.187325
v 0.568488 0.326240 -0.170208
v 0.602490 0.326240 -0.148577
v 0.631053 0.326240 -0.122826
v 0.653711 0.326240 -0.093508
v 0.670011 0.326240 -0.061243
v 0.679580 0.326240 -0.026632
v 0.682116 0.326240 0.009951
v 0.676988 0.326240 0.050373
v 0.665244 0.326240 0.089329
v 0.648080 0.326240 0.121563
v 0.625309 0.326240 0.149061
v 0.597353 0.326240 0.171633
v 0.564790 0.326240 0.188914
v 0.528280 0.326240 0.200555
v 0.488465 0.326240 0.206272
v 0.445728 0.326240 0.205828
v 0.405334 0.358682 0.163092
v 0.367137 0.358682 0.152589
v 0.335095 0.358682 0.138681
v 0.307286 0.358682 0.121122
v 0.283918 0.358682 0.100218
v 0.265376 0.358682 0.076395
v 0.252034 0.358682 0.050136
v 0.244204 0.358682 0.021908
v 0.242136 0.358682 -0.008007
v 0.246353 0.358682 -0.041161
v 0.255991 0.358682 -0.073187
v 0.270061 0.358682 -0.099738
v 0.288715 0.358682 -0.122434
v 0.311607 0.358682 -0.141107
v 0.338261 0.358682 -0.155445
v 0.368134 0.358682 -0.165145
v 0.400699 0.358682 -0.169963
v 0.435640 0.358682 -0.169692
v 0.474811 0.358682 -0.163771
v 0.513003 0.358682 -0.153248
v 0.545033 0.358682 -0.139284
v 0.572823 0.358682 -0.121637
v 0.596168 0.358682 -0.100625
v 0.614686 0.358682 -0.076686
v 0.628004 0.358682 -0.050316
v 0.635814 0.358682 -0.021995
v 0.637869 0.358682 0.007984
v 0.633647 0.358682 0.041161
v 0.624014 0.358682 0.073164
v 0.609958 0.358682 0.099651
v 0.591323 0.358682 0.122254
v 0.568454 0.358682 0.140817
v 0.541826 0.358682 0.155038
v 0.511975 0.358682 0.164630
v 0.479429 0.358682 0.169360
v 0.444501 0.358682 0.169033
v 0.412839 0.379562 0.127783
v 0.382973 0.379562 0.119567
v 0.357921 0.379562 0.108681
v 0.336181 0.379562 0.094934
v 0.317914 0.379562 0.078564
v 0.303422 0.379562 0.059907
v 0.292997 0.379562 0.039339
v 0.286883 0.379562 0.017227
v 0.285276 0.379562 -0.006209
v 0.288584 0.379562 -0.032185
v 0.296129 0.379562 -0.057271
v 0.307136 0.379562 -0.078056
v 0.321725 0.379562 -0.095814
v 0.339625 0.379562 -0.110416
v 0.360465 0.379562 -0.121621
v 0.383821 0.379562 -0.129196
v 0.409282 0.379562 -0.132954
v 0.436601 0.379562 -0.132735
v 0.467229 0.379562 -0.128102
v 0.497093 0.379562 -0.119877
v 0.522139 0.379562 -0.108965
v 0.543871 0.379562 -0.095177
v 0.562127 0.379562 -0.078756
v 0.576607 0.379562 -0.060044
v 0.587021 0.379562 -0.039424
v 0.593125 0.379562 -0.017267
v 0.594727 0.379562 0.006198
v 0.591416 0.379562 0.032185
v 0.583873 0.379562 0.057260
v 0.572872 0.379562 0.078016
v 0.558293 0.379562 0.095730
v 0.540404 0.379562 0.110279
v 0.519576 0.379562 0.121429
v 0.496230 0.379562 0.128954
v 0.470778 0.379562 0.132670
v 0.443465 0.379562 0.132425
v 0.420462 0.393199 0.091918
v 0.398997 0.393199 0.086012
v 0.380993 0.393199 0.078185
v 0.365369 0.393199 0.068300
v 0.352242 0.393199 0.056527
v 0.341828 0.393199 0.043109
v 0.334338 0.393199 0.028315
v 0.329946 0.393199 0.012410
v 0.328794 0.393199 -0.004447
v 0.331175 0.393199 -0.023132
v 0.336601 0.393199 -0.041175
v 0.344513 0.393199 -0.056121
v 0.354999 0.393199 -0.068887
v 0.367864 0.393199 -0.079381
v 0.382841 0.393199 -0.087431
v 0.399627 0.393199 -0.092872
v 0.417925 0.393199 -0.095569
v 0.437559 0.393199 -0.095410
v 0.459572 0.393199 -0.092079
v 0.481036 0.393199 -0.086168
v 0.499038 0.393199 -0.078328
v 0.514657 0.393199 -0.068422
v 0.527779 0.393199 -0.056624
v 0.538187 0.393199 -0.043177
v 0.545671 0.393199 -0.028358
v 0.550058 0.393199 -0.012431
v 0.551207 0.393199 0.004441
v 0.548825 0.393199 0.023132
v 0.543401 0.393199 0.041169
v 0.535491 0.393199 0.056100
v 0.525010 0.393199 0.068844
v 0.512151 0.393199 0.079312
v 0.497180 0.393199 0.087335
v 0.480399 0.393199 0.092750
v 0.462105 0.393199 0.095426
v 0.442474 0.393199 0.095253
v 0.427921 0.401028 0.056828
v 0.414655 0.401028 0.053178
v 0.403528 0.401028 0.048340
v 0.393872 0.401028 0.042229
v 0.385760 0.401028 0.034951
v 0.379324 0.401028 0.026656
v 0.374696 0.401028 0.017510
v 0.371983 0.401028 0.007678
v 0.371271 0.401028 -0.002744
v 0.372743 0.401028 -0.014296
v 0.376098 0.401028 -0.025450
v 0.380988 0.401028 -0.034689
v 0.387468 0.401028 -0.042579
v 0.395419 0.401028 -0.049065
v 0.404675 0.401028 -0.054039
v 0.415049 0.401028 -0.057401
v 0.426358 0.401028 -0.059066
v 0.438492 0.401028 -0.058967
v 0.452096 0.401028 -0.056908
v 0.465362 0.401028 -0.053256
v 0.476487 0.401028 -0.048411
v 0.486141 0.401028 -0.042290
v 0.494250 0.401028 -0.034999
v 0.500683 0.401028 -0.026690
v 0.505308 0.401028 -0.017532
v 0.508020 0.401028 -0.007688
v 0.508729 0.401028 0.002741
v 0.507257 0.401028 0.014296
v 0.503903 0.401028 0.025448
v 0.499014 0.401028 0.034679
v 0.492536 0.401028 0.042558
v 0.484588 0.401028 0.049030
v 0.475335 0.401028 0.053991
v 0.464964 0.401028 0.057340
v 0.453657 0.401028 0.058995
v 0.441525 0.401028 0.058889
v 0.434033 0.404178 0.028073
v 0.427480 0.404178 0.026270
v 0.421984 0.404178 0.023880
v 0.417215 0.404178 0.020861
v 0.413208 0.404178 0.017266
v 0.410029 0.404178 0.013169
v 0.407743 0.404178 0.008651
v 0.406403 0.404178 0.003794
v 0.406052 0.404178 -0.001355
v 0.406779 0.404178 -0.007061
v 0.408436 0.404178 -0.012572
v 0.410852 0.404178 -0.017135
v 0.414053 0.404178 -0.021033
v 0.417980 0.404178 -0.024236
v 0.422552 0.404178 -0.026693
v 0.427676 0.404178 -0.028353
v 0.433262 0.404178 -0.029176
v 0.439255 0.404178 -0.029126
v 0.445975 0.404178 -0.028109
v 0.452527 0.404178 -0.026305
v 0.458023 0.404178 -0.023912
v 0.462791 0.404178 -0.020889
v 0.466797 0.404178 -0.017288
v 0.469974 0.404178 -0.013184
v 0.472259 0.404178 -0.008660
v 0.473598 0.404178 -0.003798
v 0.473948 0.404178 0.001354
v 0.473221 0.404178 0.007061
v 0.471564 0.404178 0.012570
v 0.469149 0.404178 0.017131
v 0.465949 0.404178 0.021023
v 0.462023 0.404178 0.024220
v 0.457453 0.404178 0.026671
v 0.452330 0.404178 0.028325
v 0.446745 0.404178 0.029143
v 0.440752 0.404178 0.029091
v 0.440000 -0.007000 0.000000
v 0.440000 0.405000 0.000000
v 0.604067 0.314429 0.063052
v 0.601528 0.323733 0.065014
v 0.596909 0.332403 0.065609
v 0.590524 0.339848 0.064796
v 0.582808 0.345560 0.062631
v 0.574287 0.349152 0.059260
v 0.565542 0.350376 0.054914
v 0.557170 0.349152 0.049889
v 0.549739 0.345560 0.044527
v 0.543757 0.339848 0.039193
v 0.539632 0.332403 0.034252
v 0.537645 0.323733 0.030040
v 0.537930 0.314429 0.026844
v 0.540469 0.305126 0.024881
v 0.545089 0.296456 0.024286
v 0.551474 0.289011 0.025099
v 0.559190 0.283298 0.027264
v 0.567710 0.279707 0.030635
v 0.576455 0.278482 0.034981
v 0.584828 0.279707 0.040006
v 0.592258 0.283298 0.045368
v 0.598240 0.289011 0.050702
v 0.602365 0.296456 0.055643
v 0.604353 0.305126 0.059855
v 0.641516 0.319443 0.065470
v 0.636687 0.337140 0.069203
v 0.627900 0.353631 0.070335
v 0.615755 0.367792 0.068789
v 0.601078 0.378658 0.064670
v 0.584871 0.385489 0.058258
v 0.568237 0.387819 0.049991
v 0.552311 0.385489 0.040433
v 0.538178 0.378658 0.030234
v 0.526800 0.367792 0.020089
v 0.518953 0.353631 0.010690
v 0.515173 0.337140 0.002678
v 0.515715 0.319443 -0.003402
v 0.520545 0.301746 -0.007135
v 0.529332 0.285255 -0.008267
v 0.541477 0.271094 -0.006721
v 0.556154 0.260228 -0.002601
v 0.572361 0.253397 0.003810
v 0.588994 0.251068 0.012077
v 0.604921 0.253397 0.021635
v 0.619054 0.260228 0.031835
v 0.630432 0.271094 0.041979
v 0.638279 0.285255 0.051378
v 0.642059 0.301746 0.059390
v 0.677055 0.327252 0.056760
v 0.670408 0.351610 0.061898
v 0.658314 0.374308 0.063456
v 0.641597 0.393799 0.061328
v 0.621397 0.408754 0.055659
v 0.599089 0.418156 0.046834
v 0.576195 0.421363 0.035456
v 0.554275 0.418156 0.022299
v 0.534821 0.408754 0.008262
v 0.519161 0.393799 -0.005701
v 0.508361 0.374308 -0.018637
v 0.503158 0.351610 -0.029665
v 0.503905 0.327252 -0.038034
v 0.510552 0.302895 -0.043172
v 0.522646 0.280197 -0.044730
v 0.539363 0.260706 -0.042602
v 0.559563 0.245750 -0.036932
v 0.581871 0.236348 -0.028107
v 0.604765 0.233141 -0.016729
v 0.626685 0.236348 -0.003573
v 0.646138 0.245750 0.010465
v 0.661799 0.260706 0.024428
v 0.672599 0.280197 0.037364
v 0.677802 0.302895 0.048392
v 0.707205 0.337092 0.037775
v 0.699390 0.365726 0.043815
v 0.685173 0.392409 0.045647
v 0.665521 0.415322 0.043145
v 0.641774 0.432904 0.036480
v 0.615550 0.443956 0.026106
v 0.588637 0.447726 0.012730
v 0.562868 0.443956 -0.002736
v 0.539999 0.432904 -0.019239
v 0.521589 0.415322 -0.035653
v 0.508893 0.392409 -0.050860
v 0.502776 0.365726 -0.063825
v 0.503655 0.337092 -0.073662
v 0.511469 0.308458 -0.079702
v 0.525686 0.281775 -0.081534
v 0.545338 0.258862 -0.079032
v 0.569085 0.241281 -0.072367
v 0.595309 0.230228 -0.061993
v 0.622222 0.226458 -0.048617
v 0.647991 0.230228 -0.033151
v 0.670860 0.241281 -0.016648
v 0.689270 0.258862 -0.000234
v 0.701966 0.281775 0.014973
v 0.708083 0.308458 0.027937
v 0.729014 0.348000 0.010372
v 0.720798 0.378108 0.016724
v 0.705848 0.406164 0.018649
v 0.685185 0.430256 0.016019
v 0.660216 0.448742 0.009011
v 0.632643 0.460364 -0.001897
v 0.604344 0.464327 -0.015961
v 0.577249 0.460364 -0.032223
v 0.553204 0.448742 -0.049575
v 0.533847 0.430256 -0.066834
v 0.520497 0.406164 -0.082824
v 0.514065 0.378108 -0.096456
v 0.514989 0.348000 -0.106799
v 0.523205 0.317892 -0.113150
v 0.538154 0.289836 -0.115076
v 0.558817 0.265744 -0.112445
v 0.583786 0.247258 -0.105437
v 0.611360 0.235636 -0.094530
v 0.639658 0.231673 -0.080465
v 0.666753 0.235636 -0.064203
v 0.690799 0.247258 -0.046852
v 0.710156 0.265744 -0.029593
v 0.723505 0.289836 -0.013603
v 0.729937 0.317892 0.000029
v 0.740348 0.358908 -0.022765
v 0.732534 0.387542 -0.016724
v 0.718316 0.414225 -0.014893
v 0.698665 0.437138 -0.017395
v 0.674918 0.454719 -0.024060
v 0.648694 0.465772 -0.034434
v 0.621780 0.469542 -0.047810
v 0.596011 0.465772 -0.063276
v 0.573143 0.454719 -0.079778
v 0.554733 0.437138 -0.096193
v 0.542037 0.414225 -0.111400
v 0.535920 0.387542 -0.124364
v 0.536798 0.358908 -0.134202
v 0.544612 0.330274 -0.140242
v 0.558830 0.303591 -0.142074
v 0.578481 0.280678 -0.139572
v 0.602228 0.263096 -0.132907
v 0.628452 0.252044 -0.122533
v 0.655366 0.248274 -0.109157
v 0.681135 0.252044 -0.093691
v 0.704003 0.263096 -0.077188
v 0.722413 0.280678 -0.060774
v 0.735109 0.303591 -0.045566
v 0.741226 0.330274 -0.032602
v 0.740098 0.368748 -0.058393
v 0.733450 0.393105 -0.053255
v 0.721356 0.415803 -0.051697
v 0.704640 0.435294 -0.053825
v 0.684439 0.450250 -0.059495
v 0.662132 0.459652 -0.068319
v 0.639238 0.462859 -0.079698
v 0.617317 0.459652 -0.092854
v 0.597864 0.450250 -0.106892
v 0.582204 0.435294 -0.120855
v 0.571404 0.415803 -0.133791
v 0.566200 0.393105 -0.144819
v 0.566948 0.368748 -0.153187
v 0.573595 0.344390 -0.158325
v 0.585689 0.321692 -0.159883
v 0.602406 0.302201 -0.157755
v 0.622606 0.287246 -0.152085
v 0.644913 0.277844 -0.143261
v 0.667807 0.274637 -0.131883
v 0.689728 0.277844 -0.118726
v 0.709181 0.287246 -0.104688
v 0.724841 0.302201 -0.090726
v 0.735641 0.321692 -0.077789
v 0.740845 0.344390 -0.066761
v 0.728287 0.376557 -0.093025
v 0.723458 0.394254 -0.089292
v 0.714671 0.410745 -0.088160
v 0.702525 0.424906 -0.089706
v 0.687849 0.435772 -0.093825
v 0.671642 0.442603 -0.100237
v 0.655008 0.444932 -0.108504
v 0.639082 0.442603 -0.118062
v 0.624948 0.435772 -0.128261
v 0.613571 0.424906 -0.138406
v 0.605724 0.410745 -0.147805
v 0.601943 0.394254 -0.155817
v 0.602486 0.376557 -0.161897
v 0.607316 0.358860 -0.165630
v 0.616103 0.342369 -0.166762
v 0.628248 0.328208 -0.165216
v 0.642924 0.317342 -0.161096
v 0.659132 0.310511 -0.154685
v 0.675765 0.308181 -0.146418
v 0.691691 0.310511 -0.136860
v 0.705825 0.317342 -0.126660
v 0.717203 0.328208 -0.116516
v 0.725049 0.342369 -0.107117
v 0.728830 0.358860 -0.099105
v 0.706073 0.381571 -0.123270
v 0.703534 0.390874 -0.121308
v 0.698914 0.399544 -0.120713
v 0.692529 0.406989 -0.121526
v 0.684813 0.412702 -0.123691
v 0.676292 0.416293 -0.127062
v 0.667548 0.417518 -0.131408
v 0.659175 0.416293 -0.136433
v 0.651744 0.412702 -0.141795
v 0.645763 0.406989 -0.147129
v 0.641637 0.399544 -0.152070
v 0.639650 0.390874 -0.156282
v 0.639935 0.381571 -0.159478
v 0.642474 0.372267 -0.161441
v 0.647094 0.363597 -0.162036
v 0.653479 0.356152 -0.161223
v 0.661195 0.350440 -0.159058
v 0.669715 0.346848 -0.155687
v 0.678460 0.345624 -0.151341
v 0.686833 0.346848 -0.146316
v 0.694264 0.350440 -0.140954
v 0.700245 0.356152 -0.135620
v 0.704370 0.363597 -0.130679
v 0.706358 0.372267 -0.126467
v 0.568374 0.312702 0.049742
v 0.675629 0.383298 -0.146169
v 0.339618 0.314429 -0.015309
v 0.338579 0.323733 -0.012273
v 0.335050 0.332403 -0.009233
v 0.329271 0.339848 -0.006397
v 0.321638 0.345560 -0.003958
v 0.312669 0.349152 -0.002081
v 0.302976 0.350376 -0.000896
v 0.293219 0.349152 -0.000483
v 0.284064 0.345560 -0.000869
v 0.276135 0.339848 -0.002029
v 0.269971 0.332403 -0.003883
v 0.265993 0.323733 -0.006306
v 0.264472 0.314429 -0.009132
v 0.265511 0.305126 -0.012168
v 0.269040 0.296456 -0.015207
v 0.274818 0.289011 -0.018044
v 0.282452 0.283298 -0.020483
v 0.291421 0.279707 -0.022359
v 0.301114 0.278482 -0.023544
v 0.310870 0.279707 -0.023958
v 0.320025 0.283298 -0.023571
v 0.327955 0.289011 -0.022412
v 0.334119 0.296456 -0.020557
v 0.338097 0.305126 -0.018134
v 0.372214 0.319443 -0.033904
v 0.370237 0.337140 -0.028129
v 0.363524 0.353631 -0.022347
v 0.352533 0.367792 -0.016952
v 0.338013 0.378658 -0.012313
v 0.320953 0.385489 -0.008744
v 0.302516 0.387819 -0.006489
v 0.283958 0.385489 -0.005703
v 0.266544 0.378658 -0.006438
v 0.251461 0.367792 -0.008644
v 0.239737 0.353631 -0.012171
v 0.232170 0.337140 -0.016780
v 0.229277 0.319443 -0.022154
v 0.231254 0.301746 -0.027929
v 0.237966 0.285255 -0.033711
v 0.248957 0.271094 -0.039106
v 0.263478 0.260228 -0.043746
v 0.280538 0.253397 -0.047314
v 0.298975 0.251068 -0.049569
v 0.317533 0.253397 -0.050355
v 0.334946 0.260228 -0.049620
v 0.350029 0.271094 -0.047414
v 0.361754 0.285255 -0.043887
v 0.369321 0.301746 -0.039279
v 0.397090 0.327252 -0.060738
v 0.394369 0.351610 -0.052789
v 0.385129 0.374308 -0.044831
v 0.370001 0.393799 -0.037406
v 0.350016 0.408754 -0.031020
v 0.326535 0.418156 -0.026108
v 0.301158 0.421363 -0.023005
v 0.275616 0.418156 -0.021923
v 0.251648 0.408754 -0.022934
v 0.230888 0.393799 -0.025971
v 0.214750 0.374308 -0.030826
v 0.204336 0.351610 -0.037168
v 0.200353 0.327252 -0.044566
v 0.203074 0.302895 -0.052515
v 0.212313 0.280197 -0.060473
v 0.227441 0.260706 -0.067898
v 0.247427 0.245750 -0.074284
v 0.270908 0.236348 -0.079196
v 0.296284 0.233141 -0.082299
v 0.321827 0.236348 -0.083381
v 0.345795 0.245750 -0.082370
v 0.366555 0.260706 -0.079333
v 0.382692 0.280197 -0.074478
v 0.393107 0.302895 -0.068136
v 0.411810 0.337092 -0.093184
v 0.408611 0.365726 -0.083840
v 0.397750 0.392409 -0.074485
v 0.379966 0.415322 -0.065756
v 0.356471 0.432904 -0.058249
v 0.328868 0.443956 -0.052474
v 0.299036 0.447726 -0.048827
v 0.269009 0.443956 -0.047554
v 0.240833 0.432904 -0.048743
v 0.216428 0.415322 -0.052313
v 0.197457 0.392409 -0.058020
v 0.185214 0.365726 -0.065476
v 0.180532 0.337092 -0.074173
v 0.183731 0.308458 -0.083517
v 0.194592 0.281775 -0.092872
v 0.212376 0.258862 -0.101601
v 0.235870 0.241281 -0.109108
v 0.263474 0.230228 -0.114883
v 0.293306 0.226458 -0.118530
v 0.323333 0.230228 -0.119803
v 0.351509 0.241281 -0.118614
v 0.375914 0.258862 -0.115044
v 0.394885 0.281775 -0.109337
v 0.407128 0.308458 -0.101881
v 0.414934 0.348000 -0.128067
v 0.411570 0.378108 -0.118241
v 0.400150 0.406164 -0.108405
v 0.381451 0.430256 -0.099227
v 0.356747 0.448742 -0.091333
v 0.327723 0.460364 -0.085262
v 0.296356 0.464327 -0.081426
v 0.264784 0.460364 -0.080088
v 0.235157 0.448742 -0.081338
v 0.209497 0.430256 -0.085092
v 0.189550 0.406164 -0.091093
v 0.176677 0.378108 -0.098933
v 0.171754 0.348000 -0.108077
v 0.175117 0.317892 -0.117902
v 0.186538 0.289836 -0.127739
v 0.205237 0.265744 -0.136916
v 0.229940 0.247258 -0.144810
v 0.258964 0.235636 -0.150882
v 0.290331 0.231673 -0.154717
v 0.321904 0.235636 -0.156055
v 0.351530 0.247258 -0.154805
v 0.377191 0.265744 -0.151051
v 0.397137 0.289836 -0.145050
v 0.410011 0.317892 -0.137211
v 0.406155 0.358908 -0.161971
v 0.402957 0.387542 -0.152626
v 0.392095 0.414225 -0.143271
v 0.374311 0.437138 -0.134542
v 0.350817 0.454719 -0.127035
v 0.323213 0.465772 -0.121261
v 0.293381 0.469542 -0.117613
v 0.263354 0.465772 -0.116340
v 0.235178 0.454719 -0.117529
v 0.210773 0.437138 -0.121099
v 0.191803 0.414225 -0.126807
v 0.179559 0.387542 -0.134263
v 0.174878 0.358908 -0.142959
v 0.178076 0.330274 -0.152303
v 0.188938 0.303591 -0.161659
v 0.206722 0.280678 -0.170387
v 0.230216 0.263096 -0.177895
v 0.257820 0.252044 -0.183669
v 0.287652 0.248274 -0.187317
v 0.317679 0.252044 -0.188590
v 0.345855 0.263096 -0.187400
v 0.370260 0.280678 -0.183830
v 0.389230 0.303591 -0.178123
v 0.401474 0.330274 -0.170667
v 0.386334 0.368748 -0.191578
v 0.383613 0.393105 -0.183629
v 0.374374 0.415803 -0.175671
v 0.359246 0.435294 -0.168246
v 0.339261 0.450250 -0.161860
v 0.315780 0.459652 -0.156948
v 0.290403 0.462859 -0.153845
v 0.264860 0.459652 -0.152762
v 0.240892 0.450250 -0.153774
v 0.220132 0.435294 -0.156810
v 0.203995 0.415803 -0.161665
v 0.193580 0.393105 -0.168008
v 0.189598 0.368748 -0.175405
v 0.192319 0.344390 -0.183354
v 0.201558 0.321692 -0.191312
v 0.216686 0.302201 -0.198737
v 0.236671 0.287246 -0.205123
v 0.260153 0.277844 -0.210035
v 0.285529 0.274637 -0.213138
v 0.311072 0.277844 -0.214221
v 0.335040 0.287246 -0.213209
v 0.355800 0.302201 -0.210173
v 0.371937 0.321692 -0.205318
v 0.382352 0.344390 -0.198975
v 0.357411 0.376557 -0.213989
v 0.355434 0.394254 -0.208214
v 0.348721 0.410745 -0.202432
v 0.337730 0.424906 -0.197038
v 0.323210 0.435772 -0.192398
v 0.306150 0.442603 -0.188829
v 0.287713 0.444932 -0.186575
v 0.269155 0.442603 -0.185788
v 0.251741 0.435772 -0.186523
v 0.236658 0.424906 -0.188729
v 0.224934 0.410745 -0.192257
v 0.217367 0.394254 -0.196865
v 0.214473 0.376557 -0.202239
v 0.216450 0.358860 -0.208015
v 0.223163 0.342369 -0.213796
v 0.234154 0.328208 -0.219191
v 0.248674 0.317342 -0.223831
v 0.265734 0.310511 -0.227400
v 0.284171 0.308181 -0.229654
v 0.302729 0.310511 -0.230441
v 0.320143 0.317342 -0.229706
v 0.335226 0.328208 -0.227499
v 0.346950 0.342369 -0.223972
v 0.354517 0.358860 -0.219364
v 0.322216 0.381571 -0.227012
v 0.321177 0.390874 -0.223976
v 0.317647 0.399544 -0.220936
v 0.311869 0.406989 -0.218100
v 0.304235 0.412702 -0.215661
v 0.295266 0.416293 -0.213784
v 0.285573 0.417518 -0.212599
v 0.275817 0.416293 -0.212186
v 0.266662 0.412702 -0.212572
v 0.258732 0.406989 -0.213732
v 0.252568 0.399544 -0.215586
v 0.248590 0.390874 -0.218009
v 0.247069 0.381571 -0.220835
v 0.248109 0.372267 -0.223871
v 0.251638 0.363597 -0.226910
v 0.257416 0.356152 -0.229747
v 0.265050 0.350440 -0.232186
v 0.274019 0.346848 -0.234062
v 0.283712 0.345624 -0.235247
v 0.293468 0.346848 -0.235661
v 0.302623 0.350440 -0.235274
v 0.310553 0.356152 -0.234114
v 0.316717 0.363597 -0.232260
v 0.320695 0.372267 -0.229837
v 0.302493 0.312702 -0.006773
v 0.284195 0.383298 -0.229371
v 0.404996 0.357667 0.152526
v 0.388113 0.361302 0.146552
v 0.373519 0.365665 0.136457
v 0.362209 0.370460 0.122929
v 0.354954 0.375361 0.106889
v 0.352247 0.380032 0.089431
v 0.354274 0.384155 0.071744
v 0.360896 0.387451 0.055034
v 0.371661 0.389693 0.040440
v 0.385838 0.390730 0.028956
v 0.402458 0.390490 0.021364
v 0.420390 0.388990 0.018183
v 0.438412 0.386333 0.019628
v 0.455294 0.382698 0.025602
v 0.469888 0.378335 0.035697
v 0.481198 0.373540 0.049225
v 0.488454 0.368639 0.065265
v 0.491161 0.363968 0.082723
v 0.489134 0.359845 0.100410
v 0.482512 0.356549 0.117120
v 0.471746 0.354307 0.131714
v 0.457570 0.353270 0.143198
v 0.440949 0.353510 0.150790
v 0.423017 0.355010 0.153971
v 0.399050 0.357714 0.180537
v 0.375414 0.362802 0.172174
v 0.354983 0.368911 0.158041
v 0.339149 0.375624 0.139101
v 0.328991 0.382484 0.116646
v 0.325202 0.389024 0.092204
v 0.328039 0.394797 0.067443
v 0.337310 0.399411 0.044050
v 0.352382 0.402550 0.023618
v 0.372229 0.404002 0.007540
v 0.395497 0.403666 -0.003089
v 0.420602 0.401566 -0.007543
v 0.445832 0.397846 -0.005519
v 0.469468 0.392757 0.002844
v 0.489899 0.386648 0.016977
v 0.505734 0.379935 0.035917
v 0.515891 0.373075 0.058373
v 0.519681 0.366535 0.082814
v 0.516843 0.360762 0.107575
v 0.507573 0.356149 0.130969
v 0.492500 0.353009 0.151401
v 0.472654 0.351558 0.167479
v 0.449385 0.351893 0.178107
v 0.424280 0.353993 0.182561
v 0.398153 0.370669 0.195747
v 0.371623 0.376381 0.186360
v 0.348689 0.383238 0.170496
v 0.330917 0.390773 0.149238
v 0.319515 0.398473 0.124032
v 0.315262 0.405813 0.096598
v 0.318446 0.412294 0.068805
v 0.328852 0.417472 0.042547
v 0.345770 0.420996 0.019613
v 0.368047 0.422625 0.001566
v 0.394165 0.422248 -0.010363
v 0.422344 0.419891 -0.015363
v 0.450663 0.415715 -0.013091
v 0.477193 0.410004 -0.003704
v 0.500126 0.403147 0.012160
v 0.517899 0.395612 0.033418
v 0.529301 0.387912 0.058624
v 0.533554 0.380571 0.086058
v 0.530369 0.374091 0.113851
v 0.519964 0.368913 0.140109
v 0.503046 0.365389 0.163043
v 0.480769 0.363760 0.181090
v 0.454651 0.364136 0.193019
v 0.426472 0.366493 0.198019
v 0.400134 0.389526 0.202420
v 0.373121 0.395341 0.192861
v 0.349771 0.402322 0.176709
v 0.331675 0.409995 0.155064
v 0.320066 0.417835 0.129401
v 0.315735 0.425309 0.101468
v 0.318978 0.431907 0.073169
v 0.329573 0.437179 0.046434
v 0.346799 0.440767 0.023083
v 0.369480 0.442426 0.004708
v 0.396073 0.442042 -0.007438
v 0.424764 0.439643 -0.012529
v 0.453599 0.435390 -0.010216
v 0.480611 0.429575 -0.000658
v 0.503961 0.422594 0.015494
v 0.522057 0.414921 0.037139
v 0.533666 0.407081 0.062803
v 0.537997 0.399607 0.090736
v 0.534754 0.393009 0.119034
v 0.524159 0.387737 0.145770
v 0.506934 0.384149 0.169121
v 0.484252 0.382490 0.187495
v 0.457659 0.382874 0.199642
v 0.428968 0.385273 0.204732
v 0.405239 0.416209 0.201031
v 0.380156 0.421609 0.192156
v 0.358474 0.428092 0.177158
v 0.341670 0.435216 0.157058
v 0.330890 0.442496 0.133228
v 0.326869 0.449436 0.107290
v 0.329880 0.455563 0.081013
v 0.339718 0.460459 0.056187
v 0.355713 0.463791 0.034504
v 0.376775 0.465331 0.017442
v 0.401468 0.464975 0.006163
v 0.428110 0.462746 0.001436
v 0.454885 0.458798 0.003584
v 0.479968 0.453398 0.012459
v 0.501650 0.446915 0.027457
v 0.518454 0.439791 0.047557
v 0.529234 0.432511 0.071387
v 0.533255 0.425571 0.097325
v 0.530244 0.419444 0.123602
v 0.520406 0.414548 0.148428
v 0.504411 0.411216 0.170111
v 0.483349 0.409676 0.187173
v 0.458656 0.410032 0.198452
v 0.432014 0.412261 0.203179
v 0.412731 0.444940 0.190150
v 0.391989 0.449405 0.182811
v 0.374060 0.454766 0.170408
v 0.360165 0.460657 0.153788
v 0.351250 0.466678 0.134082
v 0.347925 0.472416 0.112634
v 0.350415 0.477483 0.090904
v 0.358551 0.481531 0.070375
v 0.371777 0.484286 0.052445
v 0.389194 0.485560 0.038336
v 0.409613 0.485266 0.029009
v 0.431644 0.483423 0.025100
v 0.453784 0.480158 0.026876
v 0.474526 0.475693 0.034215
v 0.492456 0.470332 0.046618
v 0.506351 0.464441 0.063238
v 0.515265 0.458420 0.082944
v 0.518590 0.452682 0.104393
v 0.516100 0.447615 0.126122
v 0.507965 0.443567 0.146651
v 0.494738 0.440812 0.164581
v 0.477322 0.439538 0.178690
v 0.456902 0.439833 0.188017
v 0.434872 0.441675 0.191926
v 0.421395 0.469530 0.170243
v 0.406924 0.472645 0.165122
v 0.394415 0.476385 0.156470
v 0.384721 0.480495 0.144874
v 0.378502 0.484695 0.131126
v 0.376182 0.488699 0.116162
v 0.377919 0.492234 0.101002
v 0.383595 0.495058 0.086679
v 0.392823 0.496980 0.074170
v 0.404974 0.497869 0.064326
v 0.419220 0.497663 0.057819
v 0.434590 0.496378 0.055092
v 0.450037 0.494100 0.056331
v 0.464508 0.490985 0.061451
v 0.477017 0.487245 0.070104
v 0.486711 0.483134 0.081700
v 0.492930 0.478934 0.095448
v 0.495250 0.474931 0.110412
v 0.493513 0.471396 0.125572
v 0.487837 0.468571 0.139895
v 0.478609 0.466649 0.152404
v 0.466458 0.465761 0.162248
v 0.452212 0.465966 0.168755
v 0.436842 0.467252 0.171482
v 0.430031 0.487232 0.144629
v 0.422795 0.488789 0.142069
v 0.416541 0.490659 0.137742
v 0.411693 0.492714 0.131945
v 0.408584 0.494814 0.125070
v 0.407424 0.496816 0.117588
v 0.408292 0.498584 0.110008
v 0.411130 0.499996 0.102847
v 0.415744 0.500957 0.096592
v 0.421820 0.501401 0.091671
v 0.428943 0.501299 0.088417
v 0.436628 0.500656 0.087054
v 0.444351 0.499517 0.087673
v 0.451587 0.497959 0.090233
v 0.457841 0.496089 0.094560
v 0.462689 0.494034 0.100358
v 0.465798 0.491934 0.107232
v 0.466958 0.489932 0.114714
v 0.466090 0.488165 0.122294
v 0.463252 0.486752 0.129455
v 0.458638 0.485791 0.135710
v 0.452562 0.485347 0.140631
v 0.445439 0.485450 0.143885
v 0.437754 0.486093 0.145248
v 0.421704 0.372000 0.086077
v 0.437683 0.497227 0.117106
v 0.444686 0.490481 0.078434
v 0.435884 0.491471 0.087706
v 0.432276 0.490624 0.099717
v 0.428629 0.490704 0.101273
v 0.417499 0.491874 0.095549
v 0.404687 0.491357 0.095498
v 0.410413 0.489968 0.106887
v 0.420631 0.488553 0.114070
v 0.420911 0.487568 0.117902
v 0.411826 0.485003 0.126201
v 0.407761 0.480553 0.137519
v 0.420457 0.481480 0.135974
v 0.430652 0.483592 0.128932
v 0.434473 0.482903 0.129744
v 0.439714 0.478008 0.140067
v 0.449660 0.473000 0.146425
v 0.452134 0.477736 0.134769
v 0.448491 0.482597 0.123764
v 0.450572 0.483156 0.120434
v 0.462623 0.480557 0.117985
v 0.472481 0.479136 0.109909
v 0.461669 0.483911 0.104937
v 0.449494 0.486942 0.105708
v 0.446960 0.487977 0.102838
v 0.448894 0.489126 0.090471
v 0.452025 0.487836 0.041667
v 0.435125 0.493665 0.060947
v 0.428377 0.494976 0.085421
v 0.421170 0.495134 0.088495
v 0.398797 0.494460 0.076445
v 0.372986 0.489566 0.075386
v 0.384795 0.490695 0.098850
v 0.405366 0.490884 0.113783
v 0.405920 0.488938 0.121354
v 0.387587 0.480883 0.137013
v 0.379060 0.468218 0.158418
v 0.404641 0.473922 0.156325
v 0.425169 0.481081 0.143150
v 0.432717 0.479720 0.144755
v 0.442694 0.467062 0.164413
v 0.461853 0.453293 0.176017
v 0.467236 0.466525 0.153943
v 0.460417 0.479114 0.132937
v 0.464529 0.480219 0.126359
v 0.487962 0.472098 0.120779
v 0.506948 0.465418 0.103860
v 0.486076 0.478726 0.094997
v 0.462400 0.487701 0.097259
v 0.457393 0.489745 0.091588
v 0.460833 0.489030 0.066411
v 0.453124 0.494972 0.042547
v 0.436032 0.500968 0.062085
v 0.429211 0.502369 0.086875
v 0.421917 0.502529 0.089986
v 0.399262 0.501773 0.077771
v 0.373125 0.496723 0.076675
v 0.385090 0.497962 0.100448
v 0.405921 0.498228 0.115581
v 0.406481 0.496258 0.123244
v 0.387916 0.488030 0.139075
v 0.379273 0.475115 0.160717
v 0.405177 0.480985 0.158621
v 0.425963 0.488306 0.145305
v 0.433604 0.486928 0.146929
v 0.443692 0.474042 0.166808
v 0.463071 0.460009 0.178529
v 0.468532 0.473498 0.156211
v 0.461640 0.486314 0.134968
v 0.465802 0.487433 0.128310
v 0.489510 0.479139 0.122643
v 0.508714 0.472281 0.105496
v 0.487602 0.485848 0.096548
v 0.463647 0.495006 0.098856
v 0.458579 0.497075 0.093117
v 0.462051 0.496277 0.067616
v 0.453905 0.502574 0.045319
v 0.437006 0.508403 0.064599
v 0.430258 0.509714 0.089073
v 0.423051 0.509872 0.092147
v 0.400678 0.509198 0.080097
v 0.374866 0.504305 0.079038
v 0.386676 0.505434 0.102502
v 0.407247 0.505623 0.117435
v 0.407801 0.503676 0.125006
v 0.389468 0.495621 0.140665
v 0.380941 0.482956 0.162070
v 0.406521 0.488660 0.159976
v 0.427049 0.495819 0.146802
v 0.434598 0.494459 0.148406
v 0.444575 0.481800 0.168065
v 0.463733 0.468031 0.179668
v 0.469116 0.481263 0.157595
v 0.462298 0.493852 0.136589
v 0.466410 0.494958 0.130010
v 0.489843 0.486836 0.124430
v 0.508828 0.480156 0.107512
v 0.487957 0.493465 0.098649
v 0.464281 0.502440 0.100911
v 0.459273 0.504484 0.095240
v 0.462713 0.503769 0.070063
v 0.447231 0.510421 0.083375
v 0.438428 0.511411 0.092647
v 0.434820 0.510564 0.104658
v 0.431173 0.510644 0.106214
v 0.420044 0.511814 0.100490
v 0.407231 0.511297 0.100439
v 0.412958 0.509909 0.111828
v 0.423175 0.508493 0.119011
v 0.423456 0.507508 0.122842
v 0.414370 0.504943 0.131142
v 0.410305 0.500493 0.142460
v 0.423001 0.501420 0.140915
v 0.433197 0.503532 0.133873
v 0.437017 0.502844 0.134685
v 0.442259 0.497948 0.145008
v 0.452205 0.492940 0.151366
v 0.454679 0.497677 0.139709
v 0.451035 0.502537 0.128705
v 0.453116 0.503096 0.125375
v 0.465168 0.500497 0.122926
v 0.475026 0.499076 0.114849
v 0.464213 0.503851 0.109878
v 0.452039 0.506882 0.110649
v 0.449504 0.507917 0.107779
v 0.451438 0.509066 0.095412
v 0.436355 0.486824 0.114528
v 0.439010 0.507631 0.119684
v 0.434262 0.488846 0.125486
v 0.443831 0.486491 0.121860
v 0.446513 0.489092 0.112047
v 0.439628 0.494049 0.105861
v 0.430060 0.496405 0.109488
v 0.427377 0.493803 0.119300
v 0.439021 0.500785 0.129004
v 0.447870 0.498829 0.125761
v 0.450484 0.501620 0.116928
v 0.444250 0.506367 0.111339
v 0.435402 0.508323 0.114582
v 0.432787 0.505532 0.123415
v 0.443370 0.512185 0.133620
v 0.451545 0.510762 0.130844
v 0.454183 0.514008 0.123159
v 0.448647 0.518678 0.118250
v 0.440472 0.520102 0.121026
v 0.437833 0.516856 0.128711
v 0.447581 0.523791 0.139707
v 0.454992 0.522660 0.137295
v 0.457473 0.525884 0.130553
v 0.452544 0.530238 0.126221
v 0.445133 0.531368 0.128633
v 0.442652 0.528145 0.135376
v 0.436911 0.491359 0.115641
v 0.450091 0.527096 0.133014
v 0.701953 0.001309 0.156000
v 0.693724 0.004062 0.169358
v 0.683533 0.006546 0.180058
v 0.672376 0.008516 0.187052
v 0.661347 0.009782 0.189657
v 0.651523 0.010218 0.187617
v 0.643868 0.009782 0.181132
v 0.639130 0.008516 0.170837
v 0.637773 0.006546 0.157739
v 0.639930 0.004062 0.143121
v 0.645390 0.001309 0.128413
v 0.653618 -0.001444 0.115056
v 0.663809 -0.003927 0.104356
v 0.674966 -0.005898 0.097361
v 0.685996 -0.007163 0.094756
v 0.695819 -0.007600 0.096796
v 0.703475 -0.007163 0.103281
v 0.708213 -0.005898 0.113577
v 0.709570 -0.003927 0.126675
v 0.707412 -0.001444 0.141293
v 0.728118 0.018068 0.165474
v 0.712654 0.023242 0.190578
v 0.693501 0.027909 0.210687
v 0.672533 0.031613 0.223833
v 0.651804 0.033992 0.228728
v 0.633342 0.034811 0.224894
v 0.618954 0.033992 0.212706
v 0.610050 0.031613 0.193358
v 0.607500 0.027909 0.168742
v 0.611554 0.023242 0.141268
v 0.621815 0.018068 0.113627
v 0.637279 0.012894 0.088523
v 0.656433 0.008227 0.068414
v 0.677400 0.004523 0.055269
v 0.698129 0.002145 0.050373
v 0.716591 0.001325 0.054207
v 0.730979 0.002145 0.066395
v 0.739883 0.004523 0.085744
v 0.742434 0.008227 0.110360
v 0.738379 0.012894 0.137833
v 0.748562 0.043744 0.170408
v 0.727727 0.050715 0.204231
v 0.701922 0.057003 0.231323
v 0.673673 0.061994 0.249034
v 0.645744 0.065198 0.255630
v 0.620870 0.066302 0.250465
v 0.601486 0.065198 0.234044
v 0.589489 0.061994 0.207975
v 0.586053 0.057003 0.174810
v 0.591515 0.050715 0.137796
v 0.605340 0.043744 0.100555
v 0.626175 0.036774 0.066732
v 0.651980 0.030485 0.039640
v 0.680230 0.025495 0.021929
v 0.708158 0.022291 0.015333
v 0.733032 0.021187 0.020499
v 0.752416 0.022291 0.036919
v 0.764414 0.025495 0.062988
v 0.767849 0.030485 0.096153
v 0.762387 0.036774 0.133167
v 0.760819 0.075241 0.170207
v 0.737126 0.083168 0.208669
v 0.707782 0.090319 0.239477
v 0.675658 0.095994 0.259617
v 0.643898 0.099637 0.267118
v 0.615613 0.100893 0.261244
v 0.593570 0.099637 0.242571
v 0.579928 0.095994 0.212927
v 0.576021 0.090319 0.175213
v 0.582232 0.083168 0.133122
v 0.597953 0.075241 0.090772
v 0.621646 0.067314 0.052311
v 0.650990 0.060163 0.021503
v 0.683114 0.054489 0.001363
v 0.714873 0.050845 -0.006138
v 0.743159 0.049590 -0.000264
v 0.765202 0.050845 0.018409
v 0.778844 0.054489 0.048053
v 0.782751 0.060163 0.085767
v 0.776540 0.067314 0.127858
v 0.763410 0.108759 0.164895
v 0.739717 0.116686 0.203357
v 0.710372 0.123837 0.234165
v 0.678248 0.129511 0.254305
v 0.646489 0.133155 0.261806
v 0.618204 0.134410 0.255932
v 0.596161 0.133155 0.237259
v 0.582518 0.129511 0.207615
v 0.578611 0.123837 0.169901
v 0.584823 0.116686 0.127810
v 0.600544 0.108759 0.085461
v 0.624236 0.100832 0.046999
v 0.653581 0.093681 0.016191
v 0.685705 0.088006 -0.003949
v 0.717464 0.084363 -0.011450
v 0.745750 0.083107 -0.005576
v 0.767792 0.084363 0.013097
v 0.781435 0.088006 0.042741
v 0.785342 0.093681 0.080455
v 0.779131 0.100832 0.122546
v 0.756022 0.140256 0.155113
v 0.735187 0.147226 0.188935
v 0.709382 0.153515 0.216028
v 0.681133 0.158505 0.233739
v 0.653204 0.161709 0.240335
v 0.628330 0.162813 0.235169
v 0.608946 0.161709 0.218749
v 0.596949 0.158505 0.192680
v 0.593513 0.153515 0.159515
v 0.598975 0.147226 0.122501
v 0.612800 0.140256 0.085259
v 0.633635 0.133285 0.051437
v 0.659440 0.126997 0.024345
v 0.687690 0.122006 0.006634
v 0.715618 0.118802 0.000038
v 0.740492 0.117698 0.005203
v 0.759876 0.118802 0.021624
v 0.771874 0.122006 0.047693
v 0.775309 0.126997 0.080857
v 0.769847 0.133285 0.117872
v 0.739547 0.165932 0.142041
v 0.724083 0.171106 0.167145
v 0.704930 0.175773 0.187253
v 0.683962 0.179477 0.200399
v 0.663233 0.181855 0.205294
v 0.644771 0.182675 0.201461
v 0.630384 0.181855 0.189273
v 0.621479 0.179477 0.169924
v 0.618929 0.175773 0.145308
v 0.622983 0.171106 0.117835
v 0.633244 0.165932 0.090193
v 0.648709 0.160758 0.065090
v 0.667862 0.156091 0.044981
v 0.688829 0.152387 0.031835
v 0.709559 0.150008 0.026940
v 0.728021 0.149189 0.030774
v 0.742408 0.150008 0.042961
v 0.751313 0.152387 0.062310
v 0.753863 0.156091 0.086926
v 0.749809 0.160758 0.114399
v 0.715973 0.182691 0.127255
v 0.707744 0.185444 0.140612
v 0.697553 0.187927 0.151312
v 0.686397 0.189898 0.158307
v 0.675367 0.191163 0.160911
v 0.665543 0.191600 0.158871
v 0.657888 0.191163 0.152386
v 0.653150 0.189898 0.142091
v 0.651793 0.187927 0.128993
v 0.653950 0.185444 0.114375
v 0.659410 0.182691 0.099667
v 0.667638 0.179938 0.086310
v 0.677830 0.177454 0.075610
v 0.688986 0.175484 0.068616
v 0.700016 0.174218 0.066011
v 0.709839 0.173782 0.068051
v 0.717495 0.174218 0.074536
v 0.722233 0.175484 0.084831
v 0.723590 0.177454 0.097929
v 0.721433 0.179938 0.112547
v 0.673221 -0.004511 0.143129
v 0.688141 0.188511 0.112539
v 0.200137 0.001309 0.033772
v 0.199142 0.004062 0.049428
v 0.195167 0.006546 0.063660
v 0.188600 0.008516 0.075074
v 0.180085 0.009782 0.082552
v 0.170453 0.010218 0.085363
v 0.160649 0.009782 0.083231
v 0.151633 0.008516 0.076365
v 0.144286 0.006546 0.065437
v 0.139327 0.004062 0.051517
v 0.137243 0.001309 0.035968
v 0.138238 -0.001444 0.020311
v 0.142213 -0.003927 0.006079
v 0.148780 -0.005898 -0.005334
v 0.157296 -0.007163 -0.012812
v 0.166927 -0.007600 -0.015623
v 0.176731 -0.007163 -0.013491
v 0.185747 -0.005898 -0.006625
v 0.193095 -0.003927 0.004302
v 0.198053 -0.001444 0.018222
v 0.227687 0.018068 0.029853
v 0.225819 0.023242 0.059278
v 0.218348 0.027909 0.086025
v 0.206006 0.031613 0.107475
v 0.190002 0.033992 0.121530
v 0.171901 0.034811 0.126812
v 0.153476 0.033992 0.122805
v 0.136529 0.031613 0.109902
v 0.122721 0.027909 0.089364
v 0.113403 0.023242 0.063204
v 0.109486 0.018068 0.033980
v 0.111355 0.012894 0.004555
v 0.118826 0.008227 -0.022192
v 0.131168 0.004523 -0.043643
v 0.147172 0.002145 -0.057697
v 0.165273 0.001325 -0.062979
v 0.183698 0.002145 -0.058972
v 0.200644 0.004523 -0.046069
v 0.214452 0.008227 -0.025531
v 0.223771 0.012894 0.000629
v 0.248055 0.043744 0.024611
v 0.245537 0.050715 0.064256
v 0.235472 0.057003 0.100292
v 0.218844 0.061994 0.129192
v 0.197281 0.065198 0.148127
v 0.172894 0.066302 0.155244
v 0.148069 0.065198 0.149846
v 0.125238 0.061994 0.132461
v 0.106635 0.057003 0.104791
v 0.094080 0.050715 0.069545
v 0.088803 0.043744 0.030172
v 0.091321 0.036774 -0.009472
v 0.101386 0.030485 -0.045508
v 0.118014 0.025495 -0.074409
v 0.139577 0.022291 -0.093344
v 0.163964 0.021187 -0.100461
v 0.188788 0.022291 -0.095062
v 0.211620 0.025495 -0.077677
v 0.230223 0.030485 -0.050007
v 0.242778 0.036774 -0.014761
v 0.258782 0.075241 0.018679
v 0.255919 0.083168 0.063762
v 0.244473 0.090319 0.104740
v 0.225565 0.095994 0.137605
v 0.201044 0.099637 0.159137
v 0.173312 0.100893 0.167230
v 0.145083 0.099637 0.161091
v 0.119120 0.095994 0.141322
v 0.097965 0.090319 0.109857
v 0.083689 0.083168 0.069776
v 0.077688 0.075241 0.025003
v 0.080551 0.067314 -0.020079
v 0.091997 0.060163 -0.061058
v 0.110905 0.054489 -0.093922
v 0.135426 0.050845 -0.115454
v 0.163158 0.049590 -0.123547
v 0.191387 0.050845 -0.117408
v 0.217350 0.054489 -0.097639
v 0.238505 0.060163 -0.066174
v 0.252782 0.067314 -0.026093
v 0.258576 0.108759 0.012773
v 0.255713 0.116686 0.057855
v 0.244267 0.123837 0.098834
v 0.225359 0.129511 0.131698
v 0.200838 0.133155 0.153230
v 0.173106 0.134410 0.161323
v 0.144877 0.133155 0.155185
v 0.118914 0.129511 0.135415
v 0.097759 0.123837 0.103950
v 0.083482 0.116686 0.063870
v 0.077482 0.108759 0.019097
v 0.080344 0.100832 -0.025985
v 0.091790 0.093681 -0.066964
v 0.110699 0.088006 -0.099828
v 0.135220 0.084363 -0.121360
v 0.162952 0.083107 -0.129453
v 0.191181 0.084363 -0.123315
v 0.217144 0.088006 -0.103545
v 0.238299 0.093681 -0.072080
v 0.252575 0.100832 -0.032000
v 0.247461 0.140256 0.007604
v 0.244943 0.147226 0.047249
v 0.234878 0.153515 0.083285
v 0.218250 0.158505 0.112185
v 0.196687 0.161709 0.131120
v 0.172300 0.162813 0.138237
v 0.147475 0.161709 0.132839
v 0.124644 0.158505 0.115454
v 0.106041 0.153515 0.087784
v 0.093486 0.147226 0.052538
v 0.088209 0.140256 0.013165
v 0.090727 0.133285 -0.026479
v 0.100792 0.126997 -0.062516
v 0.117420 0.122006 -0.091416
v 0.138983 0.118802 -0.110351
v 0.163370 0.117698 -0.117468
v 0.188195 0.118802 -0.112069
v 0.211026 0.122006 -0.094684
v 0.229629 0.126997 -0.067015
v 0.242184 0.133285 -0.031768
v 0.226777 0.165932 0.003796
v 0.224909 0.171106 0.033221
v 0.217438 0.175773 0.059968
v 0.205096 0.179477 0.081419
v 0.189092 0.181855 0.095473
v 0.170991 0.182675 0.100755
v 0.152566 0.181855 0.096749
v 0.135620 0.179477 0.083845
v 0.121812 0.175773 0.063308
v 0.112493 0.171106 0.037147
v 0.108577 0.165932 0.007924
v 0.110445 0.160758 -0.021502
v 0.117916 0.156091 -0.048249
v 0.130258 0.152387 -0.069699
v 0.146262 0.150008 -0.083753
v 0.164363 0.149189 -0.089036
v 0.182788 0.150008 -0.085029
v 0.199734 0.152387 -0.072125
v 0.213542 0.156091 -0.051588
v 0.222861 0.160758 -0.025427
v 0.199021 0.182691 0.001809
v 0.198026 0.185444 0.017465
v 0.194051 0.187927 0.031697
v 0.187484 0.189898 0.043111
v 0.178968 0.191163 0.050589
v 0.169337 0.191600 0.053400
v 0.159533 0.191163 0.051268
v 0.150516 0.189898 0.044402
v 0.143169 0.187927 0.033474
v 0.138211 0.185444 0.019554
v 0.136127 0.182691 0.004005
v 0.137121 0.179938 -0.011652
v 0.141097 0.177454 -0.025884
v 0.147663 0.175484 -0.037297
v 0.156179 0.174218 -0.044775
v 0.165811 0.173782 -0.047586
v 0.175614 0.174218 -0.045454
v 0.184631 0.175484 -0.038588
v 0.191978 0.177454 -0.027661
v 0.196937 0.179938 -0.013741
v 0.168726 -0.004511 0.035895
v 0.167538 0.188511 0.001881
v 0.591833 0.014270 -0.170671
v 0.595022 0.021810 -0.166278
v 0.600063 0.021810 -0.156783
v 0.601915 0.014270 -0.151681
v 0.598726 0.006730 -0.156074
v 0.593685 0.006730 -0.165569
v 0.601332 0.012772 -0.184624
v 0.606855 0.025831 -0.177015
v 0.615585 0.025831 -0.160570
v 0.618794 0.012772 -0.151732
v 0.613271 -0.000287 -0.159341
v 0.604540 -0.000287 -0.175786
v 0.617997 0.010725 -0.196732
v 0.624374 0.025805 -0.187947
v 0.634456 0.025805 -0.168957
v 0.638160 0.010725 -0.158753
v 0.631783 -0.004354 -0.167538
v 0.621702 -0.004354 -0.186528
v 0.637364 0.008679 -0.203753
v 0.642887 0.021738 -0.196145
v 0.651618 0.021738 -0.179699
v 0.654826 0.008679 -0.170862
v 0.649303 -0.004381 -0.178470
v 0.640572 -0.004381 -0.194916
v 0.654243 0.007181 -0.203804
v 0.657431 0.014721 -0.199411
v 0.662472 0.014721 -0.189916
v 0.664324 0.007181 -0.184814
v 0.661136 -0.000359 -0.189207
v 0.656095 -0.000359 -0.198702
v 0.592047 0.014819 -0.158613
v 0.664111 0.006632 -0.196872
v 0.588317 0.014292 -0.164544
v 0.593479 0.021832 -0.162864
v 0.603138 0.021832 -0.158146
v 0.607635 0.014292 -0.155107
v 0.602474 0.006752 -0.156786
v 0.592815 0.006752 -0.161505
v 0.588325 0.012674 -0.182488
v 0.597265 0.025733 -0.179579
v 0.613995 0.025733 -0.171406
v 0.621785 0.012674 -0.166143
v 0.612845 -0.000386 -0.169052
v 0.596115 -0.000386 -0.177224
v 0.595406 0.010464 -0.203546
v 0.605729 0.025543 -0.200187
v 0.625048 0.025543 -0.190750
v 0.634042 0.010464 -0.184672
v 0.623719 -0.004616 -0.188031
v 0.604401 -0.004616 -0.197468
v 0.607664 0.008253 -0.222076
v 0.616604 0.021313 -0.219167
v 0.633334 0.021313 -0.210994
v 0.641124 0.008253 -0.205730
v 0.632184 -0.004806 -0.208639
v 0.615454 -0.004806 -0.216812
v 0.621814 0.006635 -0.233112
v 0.626975 0.014175 -0.231432
v 0.636634 0.014175 -0.226713
v 0.641132 0.006635 -0.223674
v 0.635970 -0.000905 -0.225354
v 0.626311 -0.000905 -0.230073
v 0.595385 0.014884 -0.154522
v 0.634064 0.006043 -0.233697
v 0.589131 0.014270 -0.157926
v 0.594294 0.021810 -0.159601
v 0.604882 0.021810 -0.161461
v 0.610307 0.014270 -0.161646
v 0.605144 0.006730 -0.159971
v 0.594556 0.006730 -0.158111
v 0.578797 0.012772 -0.171271
v 0.587739 0.025831 -0.174173
v 0.606078 0.025831 -0.177394
v 0.615474 0.012772 -0.177715
v 0.606532 -0.000287 -0.174813
v 0.588193 -0.000287 -0.171592
v 0.572430 0.010725 -0.190863
v 0.582757 0.025805 -0.194213
v 0.603932 0.025805 -0.197933
v 0.614782 0.010725 -0.198303
v 0.604456 -0.004354 -0.194953
v 0.583280 -0.004354 -0.191233
v 0.571738 0.008679 -0.211451
v 0.580681 0.021738 -0.214353
v 0.599020 0.021738 -0.217574
v 0.608416 0.008679 -0.217895
v 0.599473 -0.004381 -0.214993
v 0.581134 -0.004381 -0.211772
v 0.576905 0.007181 -0.227520
v 0.582068 0.014721 -0.229195
v 0.592656 0.014721 -0.231055
v 0.598081 0.007181 -0.231240
v 0.592918 -0.000359 -0.229565
v 0.582330 -0.000359 -0.227705
v 0.600665 0.014819 -0.154403
v 0.586548 0.006632 -0.234763
v 0.350164 0.014270 -0.216941
v 0.355045 0.021810 -0.214566
v 0.363961 0.021810 -0.208560
v 0.367996 0.014270 -0.204930
v 0.363116 0.006730 -0.207305
v 0.354200 0.006730 -0.213311
v 0.351979 0.012772 -0.233722
v 0.360433 0.025831 -0.229608
v 0.375876 0.025831 -0.219206
v 0.382865 0.012772 -0.212918
v 0.374412 -0.000287 -0.217032
v 0.358969 -0.000287 -0.227434
v 0.360986 0.010725 -0.252249
v 0.370747 0.025805 -0.247498
v 0.388579 0.025805 -0.235487
v 0.396650 0.010725 -0.228226
v 0.386888 -0.004354 -0.232977
v 0.369057 -0.004354 -0.244988
v 0.374770 0.008679 -0.267557
v 0.383224 0.021738 -0.263443
v 0.398667 0.021738 -0.253041
v 0.405656 0.008679 -0.246753
v 0.397203 -0.004381 -0.250867
v 0.381760 -0.004381 -0.261270
v 0.389639 0.007181 -0.275545
v 0.394520 0.014721 -0.273170
v 0.403436 0.014721 -0.267164
v 0.407471 0.007181 -0.263534
v 0.402591 -0.000359 -0.265910
v 0.393675 -0.000359 -0.271915
v 0.356027 0.014819 -0.206403
v 0.401609 0.006632 -0.274073
v 0.349945 0.014292 -0.209880
v 0.355290 0.021832 -0.210827
v 0.366033 0.021832 -0.211209
v 0.371432 0.014292 -0.210644
v 0.366087 0.006752 -0.209697
v 0.355344 0.006752 -0.209315
v 0.341508 0.012674 -0.225717
v 0.350765 0.025733 -0.227358
v 0.369373 0.025733 -0.228019
v 0.378723 0.012674 -0.227040
v 0.369466 -0.000386 -0.225400
v 0.350858 -0.000386 -0.224739
v 0.337846 0.010464 -0.247630
v 0.348536 0.025543 -0.249524
v 0.370022 0.025543 -0.250288
v 0.380819 0.010464 -0.249158
v 0.370130 -0.004616 -0.247264
v 0.348643 -0.004616 -0.246500
v 0.339942 0.008253 -0.269748
v 0.349199 0.021313 -0.271389
v 0.367807 0.021313 -0.272050
v 0.377158 0.008253 -0.271071
v 0.367900 -0.004806 -0.269431
v 0.349293 -0.004806 -0.268770
v 0.347234 0.006635 -0.286144
v 0.352578 0.014175 -0.287091
v 0.363322 0.014175 -0.287473
v 0.368720 0.006635 -0.286908
v 0.363375 -0.000905 -0.285961
v 0.352632 -0.000905 -0.285579
v 0.360898 0.014884 -0.204363
v 0.357767 0.006043 -0.292425
v 0.353778 0.014270 -0.204424
v 0.357545 0.021810 -0.208332
v 0.366012 0.021810 -0.214956
v 0.370712 0.014270 -0.217672
v 0.366944 0.006730 -0.213764
v 0.358477 0.006730 -0.207140
v 0.338379 0.012772 -0.211336
v 0.344904 0.025831 -0.218105
v 0.359569 0.025831 -0.229577
v 0.367709 0.012772 -0.234282
v 0.361184 -0.000287 -0.227513
v 0.346519 -0.000287 -0.216041
v 0.323542 0.010725 -0.225627
v 0.331077 0.025805 -0.233442
v 0.348011 0.025805 -0.246690
v 0.357410 0.010725 -0.252122
v 0.349875 -0.004354 -0.244307
v 0.332941 -0.004354 -0.231059
v 0.313243 0.008679 -0.243467
v 0.319768 0.021738 -0.250236
v 0.334433 0.021738 -0.261708
v 0.342573 0.008679 -0.266413
v 0.336048 -0.004381 -0.259644
v 0.321383 -0.004381 -0.248172
v 0.310240 0.007181 -0.260077
v 0.314008 0.014721 -0.263985
v 0.322475 0.014721 -0.270609
v 0.327174 0.007181 -0.273325
v 0.323407 -0.000359 -0.269417
v 0.314940 -0.000359 -0.262793
v 0.365612 0.014819 -0.206743
v 0.315340 0.006632 -0.271006
v 0.721190 0.014037 0.022468
v 0.723272 0.022901 0.028499
v 0.725691 0.022901 0.040903
v 0.726028 0.014037 0.047275
v 0.723946 0.005173 0.041244
v 0.721526 0.005173 0.028840
v 0.739715 0.011990 0.010897
v 0.743084 0.026332 0.020657
v 0.746999 0.026332 0.040726
v 0.747543 0.011990 0.051036
v 0.744174 -0.002351 0.041277
v 0.740260 -0.002351 0.021208
v 0.764461 0.009461 0.006071
v 0.767831 0.023802 0.015830
v 0.771745 0.023802 0.035900
v 0.772290 0.009461 0.046210
v 0.768920 -0.004881 0.036451
v 0.765006 -0.004881 0.016381
v 0.785977 0.007414 0.009832
v 0.788059 0.016278 0.015864
v 0.790479 0.016278 0.028267
v 0.790815 0.007414 0.034639
v 0.788733 -0.001450 0.028608
v 0.786314 -0.001450 0.016204
v 0.715962 0.014819 0.036363
v 0.796043 0.006632 0.020744
v 0.714451 0.014040 0.026479
v 0.719681 0.022904 0.030135
v 0.728929 0.022904 0.038747
v 0.732947 0.014040 0.043705
v 0.727717 0.005176 0.040049
v 0.718469 0.005176 0.031436
v 0.723750 0.011830 0.005035
v 0.732212 0.026171 0.010950
v 0.747175 0.026171 0.024886
v 0.753676 0.011830 0.032907
v 0.745214 -0.002512 0.026992
v 0.730251 -0.002512 0.013056
v 0.742308 0.009097 -0.014891
v 0.750770 0.023439 -0.008976
v 0.765733 0.023439 0.004960
v 0.772234 0.009097 0.012981
v 0.763772 -0.005244 0.007066
v 0.748809 -0.005244 -0.006870
v 0.763037 0.006887 -0.025689
v 0.768267 0.015751 -0.022033
v 0.777515 0.015751 -0.013420
v 0.781533 0.006887 -0.008463
v 0.776303 -0.001977 -0.012119
v 0.767055 -0.001977 -0.020732
v 0.717964 0.014884 0.041249
v 0.778020 0.006043 -0.023234
v 0.711381 0.014037 0.033634
v 0.717761 0.022901 0.033517
v 0.730305 0.022901 0.035050
v 0.736469 0.014037 0.036698
v 0.730090 0.005173 0.036815
v 0.717545 0.005173 0.035283
v 0.706101 0.011990 0.012440
v 0.716424 0.026332 0.012251
v 0.736721 0.026332 0.014730
v 0.746695 0.011990 0.017398
v 0.736372 -0.002351 0.017587
v 0.716075 -0.002351 0.015108
v 0.709158 0.009461 -0.012587
v 0.719481 0.023802 -0.012776
v 0.739778 0.023802 -0.010296
v 0.749752 0.009461 -0.007629
v 0.739429 -0.004881 -0.007440
v 0.719132 -0.004881 -0.009919
v 0.719384 0.007414 -0.031887
v 0.725764 0.016278 -0.032004
v 0.738308 0.016278 -0.030471
v 0.744472 0.007414 -0.028823
v 0.738092 -0.001450 -0.028706
v 0.725548 -0.001450 -0.030238
v 0.722981 0.014819 0.042900
v 0.732873 0.006632 -0.038088
v 0.154235 0.014037 -0.087059
v 0.160537 0.022901 -0.086058
v 0.172620 0.022901 -0.082356
v 0.178401 0.014037 -0.079654
v 0.172099 0.005173 -0.080655
v 0.160016 0.005173 -0.084358
v 0.152744 0.011990 -0.108850
v 0.162940 0.026332 -0.107231
v 0.182491 0.026332 -0.101240
v 0.191844 0.011990 -0.096869
v 0.181648 -0.002351 -0.098488
v 0.162097 -0.002351 -0.104479
v 0.160130 0.009461 -0.132957
v 0.170327 0.023802 -0.131337
v 0.189878 0.023802 -0.125346
v 0.199231 0.009461 -0.120975
v 0.189034 -0.004881 -0.122595
v 0.169484 -0.004881 -0.128585
v 0.173574 0.007414 -0.150171
v 0.179876 0.016278 -0.149170
v 0.191959 0.016278 -0.145467
v 0.197740 0.007414 -0.142766
v 0.191438 -0.001450 -0.143767
v 0.179355 -0.001450 -0.147469
v 0.164035 0.014819 -0.075908
v 0.187939 0.006632 -0.153918
v 0.154603 0.014040 -0.079226
v 0.160290 0.022904 -0.082120
v 0.172242 0.022904 -0.086227
v 0.178506 0.014040 -0.087440
v 0.172820 0.005176 -0.084545
v 0.160868 0.005176 -0.080438
v 0.140058 0.011830 -0.097522
v 0.149259 0.026171 -0.102205
v 0.168597 0.026171 -0.108850
v 0.178734 0.011830 -0.110811
v 0.169533 -0.002512 -0.106128
v 0.150195 -0.002512 -0.099483
v 0.131209 0.009097 -0.123274
v 0.140410 0.023439 -0.127957
v 0.159748 0.023439 -0.134602
v 0.169885 0.009097 -0.136563
v 0.160684 -0.005244 -0.131880
v 0.141346 -0.005244 -0.125235
v 0.131437 0.006887 -0.146645
v 0.137123 0.015751 -0.149540
v 0.149075 0.015751 -0.153647
v 0.155340 0.006887 -0.154859
v 0.149653 -0.001977 -0.151965
v 0.137701 -0.001977 -0.147858
v 0.169289 0.014884 -0.075375
v 0.140654 0.006043 -0.158710
v 0.159472 0.014037 -0.073150
v 0.162371 0.022901 -0.078834
v 0.169626 0.022901 -0.089182
v 0.173982 0.014037 -0.093845
v 0.171083 0.005173 -0.088160
v 0.163828 0.005173 -0.077813
v 0.138287 0.011990 -0.078465
v 0.142978 0.026332 -0.087662
v 0.154717 0.026332 -0.104405
v 0.161765 0.011990 -0.111950
v 0.157073 -0.002351 -0.102753
v 0.145334 -0.002351 -0.086010
v 0.117643 0.009461 -0.092940
v 0.122334 0.023802 -0.102137
v 0.134073 0.023802 -0.118879
v 0.141121 0.009461 -0.126424
v 0.136429 -0.004881 -0.117227
v 0.124690 -0.004881 -0.100485
v 0.105425 0.007414 -0.111045
v 0.108325 0.016278 -0.116729
v 0.115580 0.016278 -0.127076
v 0.119935 0.007414 -0.131740
v 0.117036 -0.001450 -0.126055
v 0.109781 -0.001450 -0.115708
v 0.173106 0.014819 -0.079024
v 0.106301 0.006632 -0.125865
vt 0.000000 0.418400
vt 0.033815 0.418400
vt 0.063635 0.418400
vt 0.091722 0.418400
vt 0.118513 0.418400
vt 0.144326 0.418400
vt 0.169532 0.418400
vt 0.194619 0.418400
vt 0.220315 0.418400
vt 0.248961 0.418400
vt 0.277722 0.418400
vt 0.303712 0.418400
vt 0.329200 0.418400
vt 0.354828 0.418400
vt 0.381009 0.418400
vt 0.408066 0.418400
vt 0.436303 0.418400
vt 0.466179 0.418400
vt 0.500000 0.418400
vt 0.533821 0.418400
vt 0.563697 0.418400
vt 0.591934 0.418400
vt 0.618991 0.418400
vt 0.645172 0.418400
vt 0.670800 0.418400
vt 0.696288 0.418400
vt 0.722278 0.418400
vt 0.751039 0.418400
vt 0.779685 0.418400
vt 0.805381 0.418400
vt 0.830468 0.418400
vt 0.855674 0.418400
vt 0.881487 0.418400
vt 0.908278 0.418400
vt 0.936365 0.418400
vt 0.966185 0.418400
vt 1.000000 0.418400
vt 0.000000 0.437600
vt 0.033813 0.437600
vt 0.063633 0.437600
vt 0.091718 0.437600
vt 0.118508 0.437600
vt 0.144320 0.437600
vt 0.169524 0.437600
vt 0.194610 0.437600
vt 0.220305 0.437600
vt 0.248950 0.437600
vt 0.277710 0.437600
vt 0.303702 0.437600
vt 0.329194 0.437600
vt 0.354825 0.437600
vt 0.381009 0.437600
vt 0.408067 0.437600
vt 0.436305 0.437600
vt 0.466181 0.437600
vt 0.500000 0.437600
vt 0.533819 0.437600
vt 0.563695 0.437600
vt 0.591933 0.437600
vt 0.618991 0.437600
vt 0.645175 0.437600
vt 0.670806 0.437600
vt 0.696298 0.437600
vt 0.722290 0.437600
vt 0.751050 0.437600
vt 0.779695 0.437600
vt 0.805390 0.437600
vt 0.830476 0.437600
vt 0.855680 0.437600
vt 0.881492 0.437600
vt 0.908282 0.437600
vt 0.936367 0.437600
vt 0.966187 0.437600
vt 1.000000 0.437600
vt 0.000000 0.463200
vt 0.033809 0.463200
vt 0.063624 0.463200
vt 0.091705 0.463200
vt 0.118491 0.463200
vt 0.144299 0.463200
vt 0.169499 0.463200
vt 0.194582 0.463200
vt 0.220272 0.463200
vt 0.248913 0.463200
vt 0.277673 0.463200
vt 0.303671 0.463200
vt 0.329173 0.463200
vt 0.354815 0.463200
vt 0.381009 0.463200
vt 0.408073 0.463200
vt 0.436311 0.463200
vt 0.466185 0.463200
vt 0.500000 0.463200
vt 0.533815 0.463200
vt 0.563689 0.463200
vt 0.591927 0.463200
vt 0.618991 0.463200
vt 0.645185 0.463200
vt 0.670827 0.463200
vt 0.696329 0.463200
vt 0.722327 0.463200
vt 0.751087 0.463200
vt 0.779728 0.463200
vt 0.805418 0.463200
vt 0.830501 0.463200
vt 0.855701 0.463200
vt 0.881509 0.463200
vt 0.908295 0.463200
vt 0.936376 0.463200
vt 0.966191 0.463200
vt 1.000000 0.463200
vt 0.000000 0.501600
vt 0.033795 0.501600
vt 0.063598 0.501600
vt 0.091669 0.501600
vt 0.118443 0.501600
vt 0.144240 0.501600
vt 0.169430 0.501600
vt 0.194501 0.501600
vt 0.220179 0.501600
vt 0.248806 0.501600
vt 0.277564 0.501600
vt 0.303580 0.501600
vt 0.329112 0.501600
vt 0.354787 0.501600
vt 0.381007 0.501600
vt 0.408087 0.501600
vt 0.436330 0.501600
vt 0.466198 0.501600
vt 0.500000 0.501600
vt 0.533802 0.501600
vt 0.563670 0.501600
vt 0.591913 0.501600
vt 0.618993 0.501600
vt 0.645213 0.501600
vt 0.670888 0.501600
vt 0.696420 0.501600
vt 0.722436 0.501600
vt 0.751194 0.501600
vt 0.779821 0.501600
vt 0.805499 0.501600
vt 0.830570 0.501600
vt 0.855760 0.501600
vt 0.881557 0.501600
vt 0.908331 0.501600
vt 0.936402 0.501600
vt 0.966205 0.501600
vt 1.000000 0.501600
vt 0.000000 0.552800
vt 0.033765 0.552800
vt 0.063541 0.552800
vt 0.091585 0.552800
vt 0.118334 0.552800
vt 0.144105 0.552800
vt 0.169268 0.552800
vt 0.194311 0.552800
vt 0.219961 0.552800
vt 0.248555 0.552800
vt 0.277307 0.552800
vt 0.303365 0.552800
vt 0.328965 0.552800
vt 0.354715 0.552800
vt 0.380999 0.552800
vt 0.408118 0.552800
vt 0.436372 0.552800
vt 0.466227 0.552800
vt 0.500000 0.552800
vt 0.533773 0.552800
vt 0.563628 0.552800
vt 0.591882 0.552800
vt 0.619001 0.552800
vt 0.645285 0.552800
vt 0.671035 0.552800
vt 0.696635 0.552800
vt 0.722693 0.552800
vt 0.751445 0.552800
vt 0.780039 0.552800
vt 0.805689 0.552800
vt 0.830732 0.552800
vt 0.855895 0.552800
vt 0.881666 0.552800
vt 0.908415 0.552800
vt 0.936459 0.552800
vt 0.966235 0.552800
vt 1.000000 0.552800
vt 0.000000 0.616800
vt 0.033711 0.616800
vt 0.063439 0.616800
vt 0.091434 0.616800
vt 0.118133 0.616800
vt 0.143850 0.616800
vt 0.168955 0.616800
vt 0.193935 0.616800
vt 0.219515 0.616800
vt 0.248030 0.616800
vt 0.276760 0.616800
vt 0.302895 0.616800
vt 0.328632 0.616800
vt 0.354537 0.616800
vt 0.380954 0.616800
vt 0.408159 0.616800
vt 0.436442 0.616800
vt 0.466278 0.616800
vt 0.500000 0.616800
vt 0.533722 0.616800
vt 0.563558 0.616800
vt 0.591841 0.616800
vt 0.619046 0.616800
vt 0.645463 0.616800
vt 0.671368 0.616800
vt 0.697105 0.616800
vt 0.723240 0.616800
vt 0.751970 0.616800
vt 0.780485 0.616800
vt 0.806065 0.616800
vt 0.831045 0.616800
vt 0.856150 0.616800
vt 0.881867 0.616800
vt 0.908566 0.616800
vt 0.936561 0.616800
vt 0.966289 0.616800
vt 1.000000 0.616800
vt 0.000000 0.674400
vt 0.033708 0.674400
vt 0.063428 0.674400
vt 0.091403 0.674400
vt 0.118064 0.674400
vt 0.143721 0.674400
vt 0.168741 0.674400
vt 0.193611 0.674400
vt 0.219060 0.674400
vt 0.247418 0.674400
vt 0.276057 0.674400
vt 0.302232 0.674400
vt 0.328094 0.674400
vt 0.354161 0.674400
vt 0.380736 0.674400
vt 0.408062 0.674400
vt 0.436416 0.674400
vt 0.466277 0.674400
vt 0.500000 0.674400
vt 0.533723 0.674400
vt 0.563584 0.674400
vt 0.591938 0.674400
vt 0.619264 0.674400
vt 0.645839 0.674400
vt 0.671906 0.674400
vt 0.697768 0.674400
vt 0.723943 0.674400
vt 0.752582 0.674400
vt 0.780940 0.674400
vt 0.806389 0.674400
vt 0.831259 0.674400
vt 0.856279 0.674400
vt 0.881936 0.674400
vt 0.908597 0.674400
vt 0.936572 0.674400
vt 0.966292 0.674400
vt 1.000000 0.674400
vt 0.000000 0.732000
vt 0.034136 0.732000
vt 0.064209 0.732000
vt 0.092467 0.732000
vt 0.119323 0.732000
vt 0.145073 0.732000
vt 0.170077 0.732000
vt 0.194831 0.732000
vt 0.220081 0.732000
vt 0.248173 0.732000
vt 0.276467 0.732000
vt 0.302237 0.732000
vt 0.327697 0.732000
vt 0.353444 0.732000
vt 0.379840 0.732000
vt 0.407161 0.732000
vt 0.435683 0.732000
vt 0.465854 0.732000
vt 0.500000 0.732000
vt 0.534146 0.732000
vt 0.564317 0.732000
vt 0.592839 0.732000
vt 0.620160 0.732000
vt 0.646556 0.732000
vt 0.672303 0.732000
vt 0.697763 0.732000
vt 0.723533 0.732000
vt 0.751827 0.732000
vt 0.779919 0.732000
vt 0.805169 0.732000
vt 0.829923 0.732000
vt 0.854927 0.732000
vt 0.880677 0.732000
vt 0.907533 0.732000
vt 0.935791 0.732000
vt 0.965864 0.732000
vt 1.000000 0.732000
vt 0.000000 0.783200
vt 0.034145 0.783200
vt 0.064235 0.783200
vt 0.092528 0.783200
vt 0.119445 0.783200
vt 0.145291 0.783200
vt 0.170429 0.783200
vt 0.195354 0.783200
vt 0.220811 0.783200
vt 0.249150 0.783200
vt 0.277584 0.783200
vt 0.303283 0.783200
vt 0.328538 0.783200
vt 0.354022 0.783200
vt 0.380168 0.783200
vt 0.407300 0.783200
vt 0.435715 0.783200
vt 0.465850 0.783200
vt 0.500000 0.783200
vt 0.534150 0.783200
vt 0.564285 0.783200
vt 0.592700 0.783200
vt 0.619832 0.783200
vt 0.645978 0.783200
vt 0.671462 0.783200
vt 0.696717 0.783200
vt 0.722416 0.783200
vt 0.750850 0.783200
vt 0.779189 0.783200
vt 0.804646 0.783200
vt 0.829571 0.783200
vt 0.854709 0.783200
vt 0.880555 0.783200
vt 0.907472 0.783200
vt 0.935765 0.783200
vt 0.965855 0.783200
vt 1.000000 0.783200
vt 0.000000 0.828000
vt 0.034045 0.828000
vt 0.064058 0.828000
vt 0.092305 0.828000
vt 0.119216 0.828000
vt 0.145103 0.828000
vt 0.170336 0.828000
vt 0.195407 0.828000
vt 0.221053 0.828000
vt 0.249625 0.828000
vt 0.278239 0.828000
vt 0.303991 0.828000
vt 0.329208 0.828000
vt 0.354593 0.828000
vt 0.380614 0.828000
vt 0.407620 0.828000
vt 0.435920 0.828000
vt 0.465953 0.828000
vt 0.500000 0.828000
vt 0.534047 0.828000
vt 0.564080 0.828000
vt 0.592380 0.828000
vt 0.619386 0.828000
vt 0.645407 0.828000
vt 0.670792 0.828000
vt 0.696009 0.828000
vt 0.721761 0.828000
vt 0.750375 0.828000
vt 0.778947 0.828000
vt 0.804593 0.828000
vt 0.829664 0.828000
vt 0.854897 0.828000
vt 0.880784 0.828000
vt 0.907695 0.828000
vt 0.935942 0.828000
vt 0.965955 0.828000
vt 1.000000 0.828000
vt 0.000000 0.866400
vt 0.033993 0.866400
vt 0.063965 0.866400
vt 0.092186 0.866400
vt 0.119090 0.866400
vt 0.144994 0.866400
vt 0.170268 0.866400
vt 0.195405 0.866400
vt 0.221136 0.866400
vt 0.249814 0.866400
vt 0.278512 0.866400
vt 0.304296 0.866400
vt 0.329505 0.866400
vt 0.354855 0.866400
vt 0.380825 0.866400
vt 0.407776 0.866400
vt 0.436024 0.866400
vt 0.466006 0.866400
vt 0.500000 0.866400
vt 0.533994 0.866400
vt 0.563976 0.866400
vt 0.592224 0.866400
vt 0.619175 0.866400
vt 0.645145 0.866400
vt 0.670495 0.866400
vt 0.695704 0.866400
vt 0.721488 0.866400
vt 0.750186 0.866400
vt 0.778864 0.866400
vt 0.804595 0.866400
vt 0.829732 0.866400
vt 0.855006 0.866400
vt 0.880910 0.866400
vt 0.907814 0.866400
vt 0.936035 0.866400
vt 0.966007 0.866400
vt 1.000000 0.866400
vt 0.000000 0.898400
vt 0.033973 0.898400
vt 0.063930 0.898400
vt 0.092141 0.898400
vt 0.119043 0.898400
vt 0.144953 0.898400
vt 0.170243 0.898400
vt 0.195405 0.898400
vt 0.221169 0.898400
vt 0.249888 0.898400
vt 0.278619 0.898400
vt 0.304415 0.898400
vt 0.329620 0.898400
vt 0.354956 0.898400
vt 0.380906 0.898400
vt 0.407836 0.898400
vt 0.436063 0.898400
vt 0.466027 0.898400
vt 0.500000 0.898400
vt 0.533973 0.898400
vt 0.563937 0.898400
vt 0.592164 0.898400
vt 0.619094 0.898400
vt 0.645044 0.898400
vt 0.670380 0.898400
vt 0.695585 0.898400
vt 0.721381 0.898400
vt 0.750112 0.898400
vt 0.778831 0.898400
vt 0.804595 0.898400
vt 0.829757 0.898400
vt 0.855047 0.898400
vt 0.880957 0.898400
vt 0.907859 0.898400
vt 0.936070 0.898400
vt 0.966027 0.898400
vt 1.000000 0.898400
vt 0.000000 0.927200
vt 0.033965 0.927200
vt 0.063916 0.927200
vt 0.092123 0.927200
vt 0.119024 0.927200
vt 0.144937 0.927200
vt 0.170234 0.927200
vt 0.195407 0.927200
vt 0.221185 0.927200
vt 0.249921 0.927200
vt 0.278666 0.927200
vt 0.304467 0.927200
vt 0.329670 0.927200
vt 0.354999 0.927200
vt 0.380940 0.927200
vt 0.407861 0.927200
vt 0.436079 0.927200
vt 0.466035 0.927200
vt 0.500000 0.927200
vt 0.533965 0.927200
vt 0.563921 0.927200
vt 0.592139 0.927200
vt 0.619060 0.927200
vt 0.645001 0.927200
vt 0.670330 0.927200
vt 0.695533 0.927200
vt 0.721334 0.927200
vt 0.750079 0.927200
vt 0.778815 0.927200
vt 0.804593 0.927200
vt 0.829766 0.927200
vt 0.855063 0.927200
vt 0.880976 0.927200
vt 0.907877 0.927200
vt 0.936084 0.927200
vt 0.966035 0.927200
vt 1.000000 0.927200
vt 0.000000 0.952800
vt 0.033961 0.952800
vt 0.063910 0.952800
vt 0.092116 0.952800
vt 0.119016 0.952800
vt 0.144931 0.952800
vt 0.170231 0.952800
vt 0.195409 0.952800
vt 0.221193 0.952800
vt 0.249937 0.952800
vt 0.278687 0.952800
vt 0.304489 0.952800
vt 0.329692 0.952800
vt 0.355018 0.952800
vt 0.380955 0.952800
vt 0.407872 0.952800
vt 0.436086 0.952800
vt 0.466038 0.952800
vt 0.500000 0.952800
vt 0.533962 0.952800
vt 0.563914 0.952800
vt 0.592128 0.952800
vt 0.619045 0.952800
vt 0.644982 0.952800
vt 0.670308 0.952800
vt 0.695511 0.952800
vt 0.721313 0.952800
vt 0.750063 0.952800
vt 0.778807 0.952800
vt 0.804591 0.952800
vt 0.829769 0.952800
vt 0.855069 0.952800
vt 0.880984 0.952800
vt 0.907884 0.952800
vt 0.936090 0.952800
vt 0.966039 0.952800
vt 1.000000 0.952800
vt 0.000000 0.972000
vt 0.033960 0.972000
vt 0.063908 0.972000
vt 0.092113 0.972000
vt 0.119014 0.972000
vt 0.144929 0.972000
vt 0.170230 0.972000
vt 0.195409 0.972000
vt 0.221196 0.972000
vt 0.249942 0.972000
vt 0.278694 0.972000
vt 0.304497 0.972000
vt 0.329699 0.972000
vt 0.355024 0.972000
vt 0.380960 0.972000
vt 0.407875 0.972000
vt 0.436088 0.972000
vt 0.466039 0.972000
vt 0.500000 0.972000
vt 0.533961 0.972000
vt 0.563912 0.972000
vt 0.592125 0.972000
vt 0.619040 0.972000
vt 0.644976 0.972000
vt 0.670301 0.972000
vt 0.695503 0.972000
vt 0.721306 0.972000
vt 0.750058 0.972000
vt 0.778804 0.972000
vt 0.804591 0.972000
vt 0.829770 0.972000
vt 0.855071 0.972000
vt 0.880986 0.972000
vt 0.907887 0.972000
vt 0.936092 0.972000
vt 0.966040 0.972000
vt 1.000000 0.972000
vt 0.016907 0.400000
vt 0.048725 0.400000
vt 0.077679 0.400000
vt 0.105118 0.400000
vt 0.131420 0.400000
vt 0.156929 0.400000
vt 0.182075 0.400000
vt 0.207467 0.400000
vt 0.234638 0.400000
vt 0.263342 0.400000
vt 0.290717 0.400000
vt 0.316456 0.400000
vt 0.342014 0.400000
vt 0.367919 0.400000
vt 0.394538 0.400000
vt 0.422184 0.400000
vt 0.451241 0.400000
vt 0.483090 0.400000
vt 0.516910 0.400000
vt 0.548759 0.400000
vt 0.577816 0.400000
vt 0.605462 0.400000
vt 0.632081 0.400000
vt 0.657986 0.400000
vt 0.683544 0.400000
vt 0.709283 0.400000
vt 0.736658 0.400000
vt 0.765362 0.400000
vt 0.792533 0.400000
vt 0.817925 0.400000
vt 0.843071 0.400000
vt 0.868580 0.400000
vt 0.894882 0.400000
vt 0.922321 0.400000
vt 0.951275 0.400000
vt 0.983093 0.400000
vt 0.016980 1.000000
vt 0.048934 1.000000
vt 0.078011 1.000000
vt 0.105563 1.000000
vt 0.131971 1.000000
vt 0.157580 1.000000
vt 0.182820 1.000000
vt 0.208302 1.000000
vt 0.235569 1.000000
vt 0.264318 1.000000
vt 0.291596 1.000000
vt 0.317098 1.000000
vt 0.342361 1.000000
vt 0.367992 1.000000
vt 0.394417 1.000000
vt 0.421982 1.000000
vt 0.451064 1.000000
vt 0.483020 1.000000
vt 0.516980 1.000000
vt 0.548936 1.000000
vt 0.578018 1.000000
vt 0.605583 1.000000
vt 0.632008 1.000000
vt 0.657639 1.000000
vt 0.682902 1.000000
vt 0.708404 1.000000
vt 0.735682 1.000000
vt 0.764431 1.000000
vt 0.791698 1.000000
vt 0.817180 1.000000
vt 0.842420 1.000000
vt 0.868029 1.000000
vt 0.894437 1.000000
vt 0.921989 1.000000
vt 0.951066 1.000000
vt 0.983020 1.000000
vt 0.006000 0.161000
vt 0.015958 0.161000
vt 0.025917 0.161000
vt 0.035875 0.161000
vt 0.045833 0.161000
vt 0.055792 0.161000
vt 0.065750 0.161000
vt 0.075708 0.161000
vt 0.085667 0.161000
vt 0.095625 0.161000
vt 0.105583 0.161000
vt 0.115542 0.161000
vt 0.125500 0.161000
vt 0.135458 0.161000
vt 0.145417 0.161000
vt 0.155375 0.161000
vt 0.165333 0.161000
vt 0.175292 0.161000
vt 0.185250 0.161000
vt 0.195208 0.161000
vt 0.205167 0.161000
vt 0.215125 0.161000
vt 0.225083 0.161000
vt 0.235042 0.161000
vt 0.245000 0.161000
vt 0.006000 0.187000
vt 0.015958 0.187000
vt 0.025917 0.187000
vt 0.035875 0.187000
vt 0.045833 0.187000
vt 0.055792 0.187000
vt 0.065750 0.187000
vt 0.075708 0.187000
vt 0.085667 0.187000
vt 0.095625 0.187000
vt 0.105583 0.187000
vt 0.115542 0.187000
vt 0.125500 0.187000
vt 0.135458 0.187000
vt 0.145417 0.187000
vt 0.155375 0.187000
vt 0.165333 0.187000
vt 0.175292 0.187000
vt 0.185250 0.187000
vt 0.195208 0.187000
vt 0.205167 0.187000
vt 0.215125 0.187000
vt 0.225083 0.187000
vt 0.235042 0.187000
vt 0.245000 0.187000
vt 0.006000 0.213000
vt 0.015958 0.213000
vt 0.025917 0.213000
vt 0.035875 0.213000
vt 0.045833 0.213000
vt 0.055792 0.213000
vt 0.065750 0.213000
vt 0.075708 0.213000
vt 0.085667 0.213000
vt 0.095625 0.213000
vt 0.105583 0.213000
vt 0.115542 0.213000
vt 0.125500 0.213000
vt 0.135458 0.213000
vt 0.145417 0.213000
vt 0.155375 0.213000
vt 0.165333 0.213000
vt 0.175292 0.213000
vt 0.185250 0.213000
vt 0.195208 0.213000
vt 0.205167 0.213000
vt 0.215125 0.213000
vt 0.225083 0.213000
vt 0.235042 0.213000
vt 0.245000 0.213000
vt 0.006000 0.239000
vt 0.015958 0.239000
vt 0.025917 0.239000
vt 0.035875 0.239000
vt 0.045833 0.239000
vt 0.055792 0.239000
vt 0.065750 0.239000
vt 0.075708 0.239000
vt 0.085667 0.239000
vt 0.095625 0.239000
vt 0.105583 0.239000
vt 0.115542 0.239000
vt 0.125500 0.239000
vt 0.135458 0.239000
vt 0.145417 0.239000
vt 0.155375 0.239000
vt 0.165333 0.239000
vt 0.175292 0.239000
vt 0.185250 0.239000
vt 0.195208 0.239000
vt 0.205167 0.239000
vt 0.215125 0.239000
vt 0.225083 0.239000
vt 0.235042 0.239000
vt 0.245000 0.239000
vt 0.006000 0.265000
vt 0.015958 0.265000
vt 0.025917 0.265000
vt 0.035875 0.265000
vt 0.045833 0.265000
vt 0.055792 0.265000
vt 0.065750 0.265000
vt 0.075708 0.265000
vt 0.085667 0.265000
vt 0.095625 0.265000
vt 0.105583 0.265000
vt 0.115542 0.265000
vt 0.125500 0.265000
vt 0.135458 0.265000
vt 0.145417 0.265000
vt 0.155375 0.265000
vt 0.165333 0.265000
vt 0.175292 0.265000
vt 0.185250 0.265000
vt 0.195208 0.265000
vt 0.205167 0.265000
vt 0.215125 0.265000
vt 0.225083 0.265000
vt 0.235042 0.265000
vt 0.245000 0.265000
vt 0.006000 0.291000
vt 0.015958 0.291000
vt 0.025917 0.291000
vt 0.035875 0.291000
vt 0.045833 0.291000
vt 0.055792 0.291000
vt 0.065750 0.291000
vt 0.075708 0.291000
vt 0.085667 0.291000
vt 0.095625 0.291000
vt 0.105583 0.291000
vt 0.115542 0.291000
vt 0.125500 0.291000
vt 0.135458 0.291000
vt 0.145417 0.291000
vt 0.155375 0.291000
vt 0.165333 0.291000
vt 0.175292 0.291000
vt 0.185250 0.291000
vt 0.195208 0.291000
vt 0.205167 0.291000
vt 0.215125 0.291000
vt 0.225083 0.291000
vt 0.235042 0.291000
vt 0.245000 0.291000
vt 0.006000 0.317000
vt 0.015958 0.317000
vt 0.025917 0.317000
vt 0.035875 0.317000
vt 0.045833 0.317000
vt 0.055792 0.317000
vt 0.065750 0.317000
vt 0.075708 0.317000
vt 0.085667 0.317000
vt 0.095625 0.317000
vt 0.105583 0.317000
vt 0.115542 0.317000
vt 0.125500 0.317000
vt 0.135458 0.317000
vt 0.145417 0.317000
vt 0.155375 0.317000
vt 0.165333 0.317000
vt 0.175292 0.317000
vt 0.185250 0.317000
vt 0.195208 0.317000
vt 0.205167 0.317000
vt 0.215125 0.317000
vt 0.225083 0.317000
vt 0.235042 0.317000
vt 0.245000 0.317000
vt 0.006000 0.343000
vt 0.015958 0.343000
vt 0.025917 0.343000
vt 0.035875 0.343000
vt 0.045833 0.343000
vt 0.055792 0.343000
vt 0.065750 0.343000
vt 0.075708 0.343000
vt 0.085667 0.343000
vt 0.095625 0.343000
vt 0.105583 0.343000
vt 0.115542 0.343000
vt 0.125500 0.343000
vt 0.135458 0.343000
vt 0.145417 0.343000
vt 0.155375 0.343000
vt 0.165333 0.343000
vt 0.175292 0.343000
vt 0.185250 0.343000
vt 0.195208 0.343000
vt 0.205167 0.343000
vt 0.215125 0.343000
vt 0.225083 0.343000
vt 0.235042 0.343000
vt 0.245000 0.343000
vt 0.006000 0.369000
vt 0.015958 0.369000
vt 0.025917 0.369000
vt 0.035875 0.369000
vt 0.045833 0.369000
vt 0.055792 0.369000
vt 0.065750 0.369000
vt 0.075708 0.369000
vt 0.085667 0.369000
vt 0.095625 0.369000
vt 0.105583 0.369000
vt 0.115542 0.369000
vt 0.125500 0.369000
vt 0.135458 0.369000
vt 0.145417 0.369000
vt 0.155375 0.369000
vt 0.165333 0.369000
vt 0.175292 0.369000
vt 0.185250 0.369000
vt 0.195208 0.369000
vt 0.205167 0.369000
vt 0.215125 0.369000
vt 0.225083 0.369000
vt 0.235042 0.369000
vt 0.245000 0.369000
vt 0.010979 0.135000
vt 0.020938 0.135000
vt 0.030896 0.135000
vt 0.040854 0.135000
vt 0.050812 0.135000
vt 0.060771 0.135000
vt 0.070729 0.135000
vt 0.080687 0.135000
vt 0.090646 0.135000
vt 0.100604 0.135000
vt 0.110562 0.135000
vt 0.120521 0.135000
vt 0.130479 0.135000
vt 0.140437 0.135000
vt 0.150396 0.135000
vt 0.160354 0.135000
vt 0.170312 0.135000
vt 0.180271 0.135000
vt 0.190229 0.135000
vt 0.200187 0.135000
vt 0.210146 0.135000
vt 0.220104 0.135000
vt 0.230062 0.135000
vt 0.240021 0.135000
vt 0.010979 0.395000
vt 0.020937 0.395000
vt 0.030896 0.395000
vt 0.040854 0.395000
vt 0.050812 0.395000
vt 0.060771 0.395000
vt 0.070729 0.395000
vt 0.080687 0.395000
vt 0.090646 0.395000
vt 0.100604 0.395000
vt 0.110563 0.395000
vt 0.120521 0.395000
vt 0.130479 0.395000
vt 0.140437 0.395000
vt 0.150396 0.395000
vt 0.160354 0.395000
vt 0.170313 0.395000
vt 0.180271 0.395000
vt 0.190229 0.395000
vt 0.200188 0.395000
vt 0.210146 0.395000
vt 0.220104 0.395000
vt 0.230062 0.395000
vt 0.240021 0.395000
vt 0.256000 0.161000
vt 0.265958 0.161000
vt 0.275917 0.161000
vt 0.285875 0.161000
vt 0.295833 0.161000
vt 0.305792 0.161000
vt 0.315750 0.161000
vt 0.325708 0.161000
vt 0.335667 0.161000
vt 0.345625 0.161000
vt 0.355583 0.161000
vt 0.365542 0.161000
vt 0.375500 0.161000
vt 0.385458 0.161000
vt 0.395417 0.161000
vt 0.405375 0.161000
vt 0.415333 0.161000
vt 0.425292 0.161000
vt 0.435250 0.161000
vt 0.445208 0.161000
vt 0.455167 0.161000
vt 0.465125 0.161000
vt 0.475083 0.161000
vt 0.485042 0.161000
vt 0.495000 0.161000
vt 0.256000 0.187000
vt 0.265958 0.187000
vt 0.275917 0.187000
vt 0.285875 0.187000
vt 0.295833 0.187000
vt 0.305792 0.187000
vt 0.315750 0.187000
vt 0.325708 0.187000
vt 0.335667 0.187000
vt 0.345625 0.187000
vt 0.355583 0.187000
vt 0.365542 0.187000
vt 0.375500 0.187000
vt 0.385458 0.187000
vt 0.395417 0.187000
vt 0.405375 0.187000
vt 0.415333 0.187000
vt 0.425292 0.187000
vt 0.435250 0.187000
vt 0.445208 0.187000
vt 0.455167 0.187000
vt 0.465125 0.187000
vt 0.475083 0.187000
vt 0.485042 0.187000
vt 0.495000 0.187000
vt 0.256000 0.213000
vt 0.265958 0.213000
vt 0.275917 0.213000
vt 0.285875 0.213000
vt 0.295833 0.213000
vt 0.305792 0.213000
vt 0.315750 0.213000
vt 0.325708 0.213000
vt 0.335667 0.213000
vt 0.345625 0.213000
vt 0.355583 0.213000
vt 0.365542 0.213000
vt 0.375500 0.213000
vt 0.385458 0.213000
vt 0.395417 0.213000
vt 0.405375 0.213000
vt 0.415333 0.213000
vt 0.425292 0.213000
vt 0.435250 0.213000
vt 0.445208 0.213000
vt 0.455167 0.213000
vt 0.465125 0.213000
vt 0.475083 0.213000
vt 0.485042 0.213000
vt 0.495000 0.213000
vt 0.256000 0.239000
vt 0.265958 0.239000
vt 0.275917 0.239000
vt 0.285875 0.239000
vt 0.295833 0.239000
vt 0.305792 0.239000
vt 0.315750 0.239000
vt 0.325708 0.239000
vt 0.335667 0.239000
vt 0.345625 0.239000
vt 0.355583 0.239000
vt 0.365542 0.239000
vt 0.375500 0.239000
vt 0.385458 0.239000
vt 0.395417 0.239000
vt 0.405375 0.239000
vt 0.415333 0.239000
vt 0.425292 0.239000
vt 0.435250 0.239000
vt 0.445208 0.239000
vt 0.455167 0.239000
vt 0.465125 0.239000
vt 0.475083 0.239000
vt 0.485042 0.239000
vt 0.495000 0.239000
vt 0.256000 0.265000
vt 0.265958 0.265000
vt 0.275917 0.265000
vt 0.285875 0.265000
vt 0.295833 0.265000
vt 0.305792 0.265000
vt 0.315750 0.265000
vt 0.325708 0.265000
vt 0.335667 0.265000
vt 0.345625 0.265000
vt 0.355583 0.265000
vt 0.365542 0.265000
vt 0.375500 0.265000
vt 0.385458 0.265000
vt 0.395417 0.265000
vt 0.405375 0.265000
vt 0.415333 0.265000
vt 0.425292 0.265000
vt 0.435250 0.265000
vt 0.445208 0.265000
vt 0.455167 0.265000
vt 0.465125 0.265000
vt 0.475083 0.265000
vt 0.485042 0.265000
vt 0.495000 0.265000
vt 0.256000 0.291000
vt 0.265958 0.291000
vt 0.275917 0.291000
vt 0.285875 0.291000
vt 0.295833 0.291000
vt 0.305792 0.291000
vt 0.315750 0.291000
vt 0.325708 0.291000
vt 0.335667 0.291000
vt 0.345625 0.291000
vt 0.355583 0.291000
vt 0.365542 0.291000
vt 0.375500 0.291000
vt 0.385458 0.291000
vt 0.395417 0.291000
vt 0.405375 0.291000
vt 0.415333 0.291000
vt 0.425292 0.291000
vt 0.435250 0.291000
vt 0.445208 0.291000
vt 0.455167 0.291000
vt 0.465125 0.291000
vt 0.475083 0.291000
vt 0.485042 0.291000
vt 0.495000 0.291000
vt 0.256000 0.317000
vt 0.265958 0.317000
vt 0.275917 0.317000
vt 0.285875 0.317000
vt 0.295833 0.317000
vt 0.305792 0.317000
vt 0.315750 0.317000
vt 0.325708 0.317000
vt 0.335667 0.317000
vt 0.345625 0.317000
vt 0.355583 0.317000
vt 0.365542 0.317000
vt 0.375500 0.317000
vt 0.385458 0.317000
vt 0.395417 0.317000
vt 0.405375 0.317000
vt 0.415333 0.317000
vt 0.425292 0.317000
vt 0.435250 0.317000
vt 0.445208 0.317000
vt 0.455167 0.317000
vt 0.465125 0.317000
vt 0.475083 0.317000
vt 0.485042 0.317000
vt 0.495000 0.317000
vt 0.256000 0.343000
vt 0.265958 0.343000
vt 0.275917 0.343000
vt 0.285875 0.343000
vt 0.295833 0.343000
vt 0.305792 0.343000
vt 0.315750 0.343000
vt 0.325708 0.343000
vt 0.335667 0.343000
vt 0.345625 0.343000
vt 0.355583 0.343000
vt 0.365542 0.343000
vt 0.375500 0.343000
vt 0.385458 0.343000
vt 0.395417 0.343000
vt 0.405375 0.343000
vt 0.415333 0.343000
vt 0.425292 0.343000
vt 0.435250 0.343000
vt 0.445208 0.343000
vt 0.455167 0.343000
vt 0.465125 0.343000
vt 0.475083 0.343000
vt 0.485042 0.343000
vt 0.495000 0.343000
vt 0.256000 0.369000
vt 0.265958 0.369000
vt 0.275917 0.369000
vt 0.285875 0.369000
vt 0.295833 0.369000
vt 0.305792 0.369000
vt 0.315750 0.369000
vt 0.325708 0.369000
vt 0.335667 0.369000
vt 0.345625 0.369000
vt 0.355583 0.369000
vt 0.365542 0.369000
vt 0.375500 0.369000
vt 0.385458 0.369000
vt 0.395417 0.369000
vt 0.405375 0.369000
vt 0.415333 0.369000
vt 0.425292 0.369000
vt 0.435250 0.369000
vt 0.445208 0.369000
vt 0.455167 0.369000
vt 0.465125 0.369000
vt 0.475083 0.369000
vt 0.485042 0.369000
vt 0.495000 0.369000
vt 0.260979 0.135000
vt 0.270937 0.135000
vt 0.280896 0.135000
vt 0.290854 0.135000
vt 0.300812 0.135000
vt 0.310771 0.135000
vt 0.320729 0.135000
vt 0.330687 0.135000
vt 0.340646 0.135000
vt 0.350604 0.135000
vt 0.360562 0.135000
vt 0.370521 0.135000
vt 0.380479 0.135000
vt 0.390437 0.135000
vt 0.400396 0.135000
vt 0.410354 0.135000
vt 0.420312 0.135000
vt 0.430271 0.135000
vt 0.440229 0.135000
vt 0.450187 0.135000
vt 0.460146 0.135000
vt 0.470104 0.135000
vt 0.480062 0.135000
vt 0.490021 0.135000
vt 0.260979 0.395000
vt 0.270937 0.395000
vt 0.280896 0.395000
vt 0.290854 0.395000
vt 0.300812 0.395000
vt 0.310771 0.395000
vt 0.320729 0.395000
vt 0.330688 0.395000
vt 0.340646 0.395000
vt 0.350604 0.395000
vt 0.360563 0.395000
vt 0.370521 0.395000
vt 0.380479 0.395000
vt 0.390437 0.395000
vt 0.400396 0.395000
vt 0.410354 0.395000
vt 0.420312 0.395000
vt 0.430271 0.395000
vt 0.440229 0.395000
vt 0.450187 0.395000
vt 0.460146 0.395000
vt 0.470104 0.395000
vt 0.480062 0.395000
vt 0.490021 0.395000
vt 0.506000 0.332871
vt 0.515958 0.332871
vt 0.525917 0.332871
vt 0.535875 0.332871
vt 0.545833 0.332871
vt 0.555792 0.332871
vt 0.565750 0.332871
vt 0.575708 0.332871
vt 0.585667 0.332871
vt 0.595625 0.332871
vt 0.605583 0.332871
vt 0.615542 0.332871
vt 0.625500 0.332871
vt 0.635458 0.332871
vt 0.645417 0.332871
vt 0.655375 0.332871
vt 0.665333 0.332871
vt 0.675292 0.332871
vt 0.685250 0.332871
vt 0.695208 0.332871
vt 0.705167 0.332871
vt 0.715125 0.332871
vt 0.725083 0.332871
vt 0.735042 0.332871
vt 0.745000 0.332871
vt 0.506000 0.307456
vt 0.515958 0.307456
vt 0.525917 0.307456
vt 0.535875 0.307456
vt 0.545833 0.307456
vt 0.555792 0.307456
vt 0.565750 0.307456
vt 0.575708 0.307456
vt 0.585667 0.307456
vt 0.595625 0.307456
vt 0.605583 0.307456
vt 0.615542 0.307456
vt 0.625500 0.307456
vt 0.635458 0.307456
vt 0.645417 0.307456
vt 0.655375 0.307456
vt 0.665333 0.307456
vt 0.675292 0.307456
vt 0.685250 0.307456
vt 0.695208 0.307456
vt 0.705167 0.307456
vt 0.715125 0.307456
vt 0.725083 0.307456
vt 0.735042 0.307456
vt 0.745000 0.307456
vt 0.506000 0.289705
vt 0.515958 0.289705
vt 0.525917 0.289705
vt 0.535875 0.289705
vt 0.545833 0.289705
vt 0.555792 0.289705
vt 0.565750 0.289705
vt 0.575708 0.289705
vt 0.585667 0.289705
vt 0.595625 0.289705
vt 0.605583 0.289705
vt 0.615542 0.289705
vt 0.625500 0.289705
vt 0.635458 0.289705
vt 0.645417 0.289705
vt 0.655375 0.289705
vt 0.665333 0.289705
vt 0.675292 0.289705
vt 0.685250 0.289705
vt 0.695208 0.289705
vt 0.705167 0.289705
vt 0.715125 0.289705
vt 0.725083 0.289705
vt 0.735042 0.289705
vt 0.745000 0.289705
vt 0.506000 0.271865
vt 0.515958 0.271865
vt 0.525917 0.271865
vt 0.535875 0.271865
vt 0.545833 0.271865
vt 0.555792 0.271865
vt 0.565750 0.271865
vt 0.575708 0.271865
vt 0.585667 0.271865
vt 0.595625 0.271865
vt 0.605583 0.271865
vt 0.615542 0.271865
vt 0.625500 0.271865
vt 0.635458 0.271865
vt 0.645417 0.271865
vt 0.655375 0.271865
vt 0.665333 0.271865
vt 0.675292 0.271865
vt 0.685250 0.271865
vt 0.695208 0.271865
vt 0.705167 0.271865
vt 0.715125 0.271865
vt 0.725083 0.271865
vt 0.735042 0.271865
vt 0.745000 0.271865
vt 0.506000 0.247721
vt 0.515958 0.247721
vt 0.525917 0.247721
vt 0.535875 0.247721
vt 0.545833 0.247721
vt 0.555792 0.247721
vt 0.565750 0.247721
vt 0.575708 0.247721
vt 0.585667 0.247721
vt 0.595625 0.247721
vt 0.605583 0.247721
vt 0.615542 0.247721
vt 0.625500 0.247721
vt 0.635458 0.247721
vt 0.645417 0.247721
vt 0.655375 0.247721
vt 0.665333 0.247721
vt 0.675292 0.247721
vt 0.685250 0.247721
vt 0.695208 0.247721
vt 0.705167 0.247721
vt 0.715125 0.247721
vt 0.725083 0.247721
vt 0.735042 0.247721
vt 0.745000 0.247721
vt 0.506000 0.219654
vt 0.515958 0.219654
vt 0.525917 0.219654
vt 0.535875 0.219654
vt 0.545833 0.219654
vt 0.555792 0.219654
vt 0.565750 0.219654
vt 0.575708 0.219654
vt 0.585667 0.219654
vt 0.595625 0.219654
vt 0.605583 0.219654
vt 0.615542 0.219654
vt 0.625500 0.219654
vt 0.635458 0.219654
vt 0.645417 0.219654
vt 0.655375 0.219654
vt 0.665333 0.219654
vt 0.675292 0.219654
vt 0.685250 0.219654
vt 0.695208 0.219654
vt 0.705167 0.219654
vt 0.715125 0.219654
vt 0.725083 0.219654
vt 0.735042 0.219654
vt 0.745000 0.219654
vt 0.506000 0.190540
vt 0.515958 0.190540
vt 0.525917 0.190540
vt 0.535875 0.190540
vt 0.545833 0.190540
vt 0.555792 0.190540
vt 0.565750 0.190540
vt 0.575708 0.190540
vt 0.585667 0.190540
vt 0.595625 0.190540
vt 0.605583 0.190540
vt 0.615542 0.190540
vt 0.625500 0.190540
vt 0.635458 0.190540
vt 0.645417 0.190540
vt 0.655375 0.190540
vt 0.665333 0.190540
vt 0.675292 0.190540
vt 0.685250 0.190540
vt 0.695208 0.190540
vt 0.705167 0.190540
vt 0.715125 0.190540
vt 0.725083 0.190540
vt 0.735042 0.190540
vt 0.745000 0.190540
vt 0.506000 0.161862
vt 0.515958 0.161862
vt 0.525917 0.161862
vt 0.535875 0.161862
vt 0.545833 0.161862
vt 0.555792 0.161862
vt 0.565750 0.161862
vt 0.575708 0.161862
vt 0.585667 0.161862
vt 0.595625 0.161862
vt 0.605583 0.161862
vt 0.615542 0.161862
vt 0.625500 0.161862
vt 0.635458 0.161862
vt 0.645417 0.161862
vt 0.655375 0.161862
vt 0.665333 0.161862
vt 0.675292 0.161862
vt 0.685250 0.161862
vt 0.695208 0.161862
vt 0.705167 0.161862
vt 0.715125 0.161862
vt 0.725083 0.161862
vt 0.735042 0.161862
vt 0.745000 0.161862
vt 0.510979 0.395000
vt 0.520938 0.395000
vt 0.530896 0.395000
vt 0.540854 0.395000
vt 0.550813 0.395000
vt 0.560771 0.395000
vt 0.570729 0.395000
vt 0.580688 0.395000
vt 0.590646 0.395000
vt 0.600604 0.395000
vt 0.610563 0.395000
vt 0.620521 0.395000
vt 0.630479 0.395000
vt 0.640437 0.395000
vt 0.650396 0.395000
vt 0.660354 0.395000
vt 0.670312 0.395000
vt 0.680271 0.395000
vt 0.690229 0.395000
vt 0.700187 0.395000
vt 0.710146 0.395000
vt 0.720104 0.395000
vt 0.730063 0.395000
vt 0.740021 0.395000
vt 0.510979 0.135000
vt 0.520938 0.135000
vt 0.530896 0.135000
vt 0.540854 0.135000
vt 0.550813 0.135000
vt 0.560771 0.135000
vt 0.570729 0.135000
vt 0.580688 0.135000
vt 0.590646 0.135000
vt 0.600604 0.135000
vt 0.610563 0.135000
vt 0.620521 0.135000
vt 0.630479 0.135000
vt 0.640437 0.135000
vt 0.650396 0.135000
vt 0.660354 0.135000
vt 0.670312 0.135000
vt 0.680271 0.135000
vt 0.690229 0.135000
vt 0.700187 0.135000
vt 0.710146 0.135000
vt 0.720104 0.135000
vt 0.730063 0.135000
vt 0.740021 0.135000
vt 0.756000 0.259460
vt 0.767157 0.259460
vt 0.778151 0.259460
vt 0.781649 0.259460
vt 0.792643 0.259460
vt 0.803800 0.259460
vt 0.814957 0.259460
vt 0.825951 0.259460
vt 0.829449 0.259460
vt 0.840443 0.259460
vt 0.851600 0.259460
vt 0.862757 0.259460
vt 0.873751 0.259460
vt 0.877249 0.259460
vt 0.888243 0.259460
vt 0.899400 0.259460
vt 0.910557 0.259460
vt 0.921551 0.259460
vt 0.925049 0.259460
vt 0.936043 0.259460
vt 0.947200 0.259460
vt 0.958357 0.259460
vt 0.969351 0.259460
vt 0.972849 0.259460
vt 0.983843 0.259460
vt 0.995000 0.259460
vt 0.756000 0.297962
vt 0.767157 0.297962
vt 0.778151 0.297962
vt 0.781649 0.297962
vt 0.792643 0.297962
vt 0.803800 0.297962
vt 0.814957 0.297962
vt 0.825951 0.297962
vt 0.829449 0.297962
vt 0.840443 0.297962
vt 0.851600 0.297962
vt 0.862757 0.297962
vt 0.873751 0.297962
vt 0.877249 0.297962
vt 0.888243 0.297962
vt 0.899400 0.297962
vt 0.910557 0.297962
vt 0.921551 0.297962
vt 0.925049 0.297962
vt 0.936043 0.297962
vt 0.947200 0.297962
vt 0.958357 0.297962
vt 0.969351 0.297962
vt 0.972849 0.297962
vt 0.983843 0.297962
vt 0.995000 0.297962
vt 0.756000 0.305000
vt 0.767157 0.305000
vt 0.778151 0.305000
vt 0.781649 0.305000
vt 0.792643 0.305000
vt 0.803800 0.305000
vt 0.814957 0.305000
vt 0.825951 0.305000
vt 0.829449 0.305000
vt 0.840443 0.305000
vt 0.851600 0.305000
vt 0.862757 0.305000
vt 0.873751 0.305000
vt 0.877249 0.305000
vt 0.888243 0.305000
vt 0.899400 0.305000
vt 0.910557 0.305000
vt 0.921551 0.305000
vt 0.925049 0.305000
vt 0.936043 0.305000
vt 0.947200 0.305000
vt 0.958357 0.305000
vt 0.969351 0.305000
vt 0.972849 0.305000
vt 0.983843 0.305000
vt 0.995000 0.305000
vt 0.756000 0.312038
vt 0.767157 0.312038
vt 0.778151 0.312038
vt 0.781649 0.312038
vt 0.792643 0.312038
vt 0.803800 0.312038
vt 0.814957 0.312038
vt 0.825951 0.312038
vt 0.829449 0.312038
vt 0.840443 0.312038
vt 0.851600 0.312038
vt 0.862757 0.312038
vt 0.873751 0.312038
vt 0.877249 0.312038
vt 0.888243 0.312038
vt 0.899400 0.312038
vt 0.910557 0.312038
vt 0.921551 0.312038
vt 0.925049 0.312038
vt 0.936043 0.312038
vt 0.947200 0.312038
vt 0.958357 0.312038
vt 0.969351 0.312038
vt 0.972849 0.312038
vt 0.983843 0.312038
vt 0.995000 0.312038
vt 0.756000 0.350540
vt 0.767157 0.350540
vt 0.778151 0.350540
vt 0.781649 0.350540
vt 0.792643 0.350540
vt 0.803800 0.350540
vt 0.814957 0.350540
vt 0.825951 0.350540
vt 0.829449 0.350540
vt 0.840443 0.350540
vt 0.851600 0.350540
vt 0.862757 0.350540
vt 0.873751 0.350540
vt 0.877249 0.350540
vt 0.888243 0.350540
vt 0.899400 0.350540
vt 0.910557 0.350540
vt 0.921551 0.350540
vt 0.925049 0.350540
vt 0.936043 0.350540
vt 0.947200 0.350540
vt 0.958357 0.350540
vt 0.969351 0.350540
vt 0.972849 0.350540
vt 0.983843 0.350540
vt 0.995000 0.350540
vt 0.761579 0.215000
vt 0.772654 0.215000
vt 0.779900 0.215000
vt 0.787146 0.215000
vt 0.798221 0.215000
vt 0.809379 0.215000
vt 0.820454 0.215000
vt 0.827700 0.215000
vt 0.834946 0.215000
vt 0.846021 0.215000
vt 0.857179 0.215000
vt 0.868254 0.215000
vt 0.875500 0.215000
vt 0.882746 0.215000
vt 0.893821 0.215000
vt 0.904979 0.215000
vt 0.916054 0.215000
vt 0.923300 0.215000
vt 0.930546 0.215000
vt 0.941621 0.215000
vt 0.952779 0.215000
vt 0.963854 0.215000
vt 0.971100 0.215000
vt 0.978346 0.215000
vt 0.989421 0.215000
vt 0.761579 0.395000
vt 0.772654 0.395000
vt 0.779900 0.395000
vt 0.787146 0.395000
vt 0.798221 0.395000
vt 0.809379 0.395000
vt 0.820454 0.395000
vt 0.827700 0.395000
vt 0.834946 0.395000
vt 0.846021 0.395000
vt 0.857179 0.395000
vt 0.868254 0.395000
vt 0.875500 0.395000
vt 0.882746 0.395000
vt 0.893821 0.395000
vt 0.904979 0.395000
vt 0.916054 0.395000
vt 0.923300 0.395000
vt 0.930546 0.395000
vt 0.941621 0.395000
vt 0.952779 0.395000
vt 0.963854 0.395000
vt 0.971100 0.395000
vt 0.978346 0.395000
vt 0.989421 0.395000
vt 0.756000 0.138000
vt 0.773333 0.138000
vt 0.790667 0.138000
vt 0.808000 0.138000
vt 0.825333 0.138000
vt 0.842667 0.138000
vt 0.860000 0.138000
vt 0.756000 0.161000
vt 0.773333 0.161000
vt 0.790667 0.161000
vt 0.808000 0.161000
vt 0.825333 0.161000
vt 0.842667 0.161000
vt 0.860000 0.161000
vt 0.756000 0.184000
vt 0.773333 0.184000
vt 0.790667 0.184000
vt 0.808000 0.184000
vt 0.825333 0.184000
vt 0.842667 0.184000
vt 0.860000 0.184000
vt 0.756000 0.207000
vt 0.773333 0.207000
vt 0.790667 0.207000
vt 0.808000 0.207000
vt 0.825333 0.207000
vt 0.842667 0.207000
vt 0.860000 0.207000
vt 0.764667 0.135000
vt 0.782000 0.135000
vt 0.799333 0.135000
vt 0.816667 0.135000
vt 0.834000 0.135000
vt 0.851333 0.135000
vt 0.764667 0.210000
vt 0.782000 0.210000
vt 0.799333 0.210000
vt 0.816667 0.210000
vt 0.834000 0.210000
vt 0.851333 0.210000
vt 0.006000 0.019778
vt 0.017460 0.019778
vt 0.028240 0.019778
vt 0.037820 0.019778
vt 0.046025 0.019778
vt 0.053250 0.019778
vt 0.060475 0.019778
vt 0.068680 0.019778
vt 0.078260 0.019778
vt 0.089040 0.019778
vt 0.100500 0.019778
vt 0.111960 0.019778
vt 0.122740 0.019778
vt 0.132320 0.019778
vt 0.140525 0.019778
vt 0.147750 0.019778
vt 0.154975 0.019778
vt 0.163180 0.019778
vt 0.172760 0.019778
vt 0.183540 0.019778
vt 0.195000 0.019778
vt 0.006000 0.033556
vt 0.017460 0.033556
vt 0.028240 0.033556
vt 0.037820 0.033556
vt 0.046025 0.033556
vt 0.053250 0.033556
vt 0.060475 0.033556
vt 0.068680 0.033556
vt 0.078260 0.033556
vt 0.089040 0.033556
vt 0.100500 0.033556
vt 0.111960 0.033556
vt 0.122740 0.033556
vt 0.132320 0.033556
vt 0.140525 0.033556
vt 0.147750 0.033556
vt 0.154975 0.033556
vt 0.163180 0.033556
vt 0.172760 0.033556
vt 0.183540 0.033556
vt 0.195000 0.033556
vt 0.006000 0.047333
vt 0.017460 0.047333
vt 0.028240 0.047333
vt 0.037820 0.047333
vt 0.046025 0.047333
vt 0.053250 0.047333
vt 0.060475 0.047333
vt 0.068680 0.047333
vt 0.078260 0.047333
vt 0.089040 0.047333
vt 0.100500 0.047333
vt 0.111960 0.047333
vt 0.122740 0.047333
vt 0.132320 0.047333
vt 0.140525 0.047333
vt 0.147750 0.047333
vt 0.154975 0.047333
vt 0.163180 0.047333
vt 0.172760 0.047333
vt 0.183540 0.047333
vt 0.195000 0.047333
vt 0.006000 0.061111
vt 0.017460 0.061111
vt 0.028240 0.061111
vt 0.037820 0.061111
vt 0.046025 0.061111
vt 0.053250 0.061111
vt 0.060475 0.061111
vt 0.068680 0.061111
vt 0.078260 0.061111
vt 0.089040 0.061111
vt 0.100500 0.061111
vt 0.111960 0.061111
vt 0.122740 0.061111
vt 0.132320 0.061111
vt 0.140525 0.061111
vt 0.147750 0.061111
vt 0.154975 0.061111
vt 0.163180 0.061111
vt 0.172760 0.061111
vt 0.183540 0.061111
vt 0.195000 0.061111
vt 0.006000 0.074889
vt 0.017460 0.074889
vt 0.028240 0.074889
vt 0.037820 0.074889
vt 0.046025 0.074889
vt 0.053250 0.074889
vt 0.060475 0.074889
vt 0.068680 0.074889
vt 0.078260 0.074889
vt 0.089040 0.074889
vt 0.100500 0.074889
vt 0.111960 0.074889
vt 0.122740 0.074889
vt 0.132320 0.074889
vt 0.140525 0.074889
vt 0.147750 0.074889
vt 0.154975 0.074889
vt 0.163180 0.074889
vt 0.172760 0.074889
vt 0.183540 0.074889
vt 0.195000 0.074889
vt 0.006000 0.088667
vt 0.017460 0.088667
vt 0.028240 0.088667
vt 0.037820 0.088667
vt 0.046025 0.088667
vt 0.053250 0.088667
vt 0.060475 0.088667
vt 0.068680 0.088667
vt 0.078260 0.088667
vt 0.089040 0.088667
vt 0.100500 0.088667
vt 0.111960 0.088667
vt 0.122740 0.088667
vt 0.132320 0.088667
vt 0.140525 0.088667
vt 0.147750 0.088667
vt 0.154975 0.088667
vt 0.163180 0.088667
vt 0.172760 0.088667
vt 0.183540 0.088667
vt 0.195000 0.088667
vt 0.006000 0.102444
vt 0.017460 0.102444
vt 0.028240 0.102444
vt 0.037820 0.102444
vt 0.046025 0.102444
vt 0.053250 0.102444
vt 0.060475 0.102444
vt 0.068680 0.102444
vt 0.078260 0.102444
vt 0.089040 0.102444
vt 0.100500 0.102444
vt 0.111960 0.102444
vt 0.122740 0.102444
vt 0.132320 0.102444
vt 0.140525 0.102444
vt 0.147750 0.102444
vt 0.154975 0.102444
vt 0.163180 0.102444
vt 0.172760 0.102444
vt 0.183540 0.102444
vt 0.195000 0.102444
vt 0.006000 0.116222
vt 0.017460 0.116222
vt 0.028240 0.116222
vt 0.037820 0.116222
vt 0.046025 0.116222
vt 0.053250 0.116222
vt 0.060475 0.116222
vt 0.068680 0.116222
vt 0.078260 0.116222
vt 0.089040 0.116222
vt 0.100500 0.116222
vt 0.111960 0.116222
vt 0.122740 0.116222
vt 0.132320 0.116222
vt 0.140525 0.116222
vt 0.147750 0.116222
vt 0.154975 0.116222
vt 0.163180 0.116222
vt 0.172760 0.116222
vt 0.183540 0.116222
vt 0.195000 0.116222
vt 0.011730 0.006000
vt 0.022850 0.006000
vt 0.033030 0.006000
vt 0.041922 0.006000
vt 0.049637 0.006000
vt 0.056863 0.006000
vt 0.064578 0.006000
vt 0.073470 0.006000
vt 0.083650 0.006000
vt 0.094770 0.006000
vt 0.106230 0.006000
vt 0.117350 0.006000
vt 0.127530 0.006000
vt 0.136422 0.006000
vt 0.144137 0.006000
vt 0.151363 0.006000
vt 0.159078 0.006000
vt 0.167970 0.006000
vt 0.178150 0.006000
vt 0.189270 0.006000
vt 0.011730 0.130000
vt 0.022850 0.130000
vt 0.033030 0.130000
vt 0.041922 0.130000
vt 0.049637 0.130000
vt 0.056863 0.130000
vt 0.064578 0.130000
vt 0.073470 0.130000
vt 0.083650 0.130000
vt 0.094770 0.130000
vt 0.106230 0.130000
vt 0.117350 0.130000
vt 0.127530 0.130000
vt 0.136422 0.130000
vt 0.144137 0.130000
vt 0.151363 0.130000
vt 0.159078 0.130000
vt 0.167970 0.130000
vt 0.178150 0.130000
vt 0.189270 0.130000
vt 0.206000 0.019778
vt 0.217460 0.019778
vt 0.228240 0.019778
vt 0.237820 0.019778
vt 0.246025 0.019778
vt 0.253250 0.019778
vt 0.260475 0.019778
vt 0.268680 0.019778
vt 0.278260 0.019778
vt 0.289040 0.019778
vt 0.300500 0.019778
vt 0.311960 0.019778
vt 0.322740 0.019778
vt 0.332320 0.019778
vt 0.340525 0.019778
vt 0.347750 0.019778
vt 0.354975 0.019778
vt 0.363180 0.019778
vt 0.372760 0.019778
vt 0.383540 0.019778
vt 0.395000 0.019778
vt 0.206000 0.033556
vt 0.217460 0.033556
vt 0.228240 0.033556
vt 0.237820 0.033556
vt 0.246025 0.033556
vt 0.253250 0.033556
vt 0.260475 0.033556
vt 0.268680 0.033556
vt 0.278260 0.033556
vt 0.289040 0.033556
vt 0.300500 0.033556
vt 0.311960 0.033556
vt 0.322740 0.033556
vt 0.332320 0.033556
vt 0.340525 0.033556
vt 0.347750 0.033556
vt 0.354975 0.033556
vt 0.363180 0.033556
vt 0.372760 0.033556
vt 0.383540 0.033556
vt 0.395000 0.033556
vt 0.206000 0.047333
vt 0.217460 0.047333
vt 0.228240 0.047333
vt 0.237820 0.047333
vt 0.246025 0.047333
vt 0.253250 0.047333
vt 0.260475 0.047333
vt 0.268680 0.047333
vt 0.278260 0.047333
vt 0.289040 0.047333
vt 0.300500 0.047333
vt 0.311960 0.047333
vt 0.322740 0.047333
vt 0.332320 0.047333
vt 0.340525 0.047333
vt 0.347750 0.047333
vt 0.354975 0.047333
vt 0.363180 0.047333
vt 0.372760 0.047333
vt 0.383540 0.047333
vt 0.395000 0.047333
vt 0.206000 0.061111
vt 0.217460 0.061111
vt 0.228240 0.061111
vt 0.237820 0.061111
vt 0.246025 0.061111
vt 0.253250 0.061111
vt 0.260475 0.061111
vt 0.268680 0.061111
vt 0.278260 0.061111
vt 0.289040 0.061111
vt 0.300500 0.061111
vt 0.311960 0.061111
vt 0.322740 0.061111
vt 0.332320 0.061111
vt 0.340525 0.061111
vt 0.347750 0.061111
vt 0.354975 0.061111
vt 0.363180 0.061111
vt 0.372760 0.061111
vt 0.383540 0.061111
vt 0.395000 0.061111
vt 0.206000 0.074889
vt 0.217460 0.074889
vt 0.228240 0.074889
vt 0.237820 0.074889
vt 0.246025 0.074889
vt 0.253250 0.074889
vt 0.260475 0.074889
vt 0.268680 0.074889
vt 0.278260 0.074889
vt 0.289040 0.074889
vt 0.300500 0.074889
vt 0.311960 0.074889
vt 0.322740 0.074889
vt 0.332320 0.074889
vt 0.340525 0.074889
vt 0.347750 0.074889
vt 0.354975 0.074889
vt 0.363180 0.074889
vt 0.372760 0.074889
vt 0.383540 0.074889
vt 0.395000 0.074889
vt 0.206000 0.088667
vt 0.217460 0.088667
vt 0.228240 0.088667
vt 0.237820 0.088667
vt 0.246025 0.088667
vt 0.253250 0.088667
vt 0.260475 0.088667
vt 0.268680 0.088667
vt 0.278260 0.088667
vt 0.289040 0.088667
vt 0.300500 0.088667
vt 0.311960 0.088667
vt 0.322740 0.088667
vt 0.332320 0.088667
vt 0.340525 0.088667
vt 0.347750 0.088667
vt 0.354975 0.088667
vt 0.363180 0.088667
vt 0.372760 0.088667
vt 0.383540 0.088667
vt 0.395000 0.088667
vt 0.206000 0.102444
vt 0.217460 0.102444
vt 0.228240 0.102444
vt 0.237820 0.102444
vt 0.246025 0.102444
vt 0.253250 0.102444
vt 0.260475 0.102444
vt 0.268680 0.102444
vt 0.278260 0.102444
vt 0.289040 0.102444
vt 0.300500 0.102444
vt 0.311960 0.102444
vt 0.322740 0.102444
vt 0.332320 0.102444
vt 0.340525 0.102444
vt 0.347750 0.102444
vt 0.354975 0.102444
vt 0.363180 0.102444
vt 0.372760 0.102444
vt 0.383540 0.102444
vt 0.395000 0.102444
vt 0.206000 0.116222
vt 0.217460 0.116222
vt 0.228240 0.116222
vt 0.237820 0.116222
vt 0.246025 0.116222
vt 0.253250 0.116222
vt 0.260475 0.116222
vt 0.268680 0.116222
vt 0.278260 0.116222
vt 0.289040 0.116222
vt 0.300500 0.116222
vt 0.311960 0.116222
vt 0.322740 0.116222
vt 0.332320 0.116222
vt 0.340525 0.116222
vt 0.347750 0.116222
vt 0.354975 0.116222
vt 0.363180 0.116222
vt 0.372760 0.116222
vt 0.383540 0.116222
vt 0.395000 0.116222
vt 0.211730 0.006000
vt 0.222850 0.006000
vt 0.233030 0.006000
vt 0.241922 0.006000
vt 0.249637 0.006000
vt 0.256863 0.006000
vt 0.264578 0.006000
vt 0.273470 0.006000
vt 0.283650 0.006000
vt 0.294770 0.006000
vt 0.306230 0.006000
vt 0.317350 0.006000
vt 0.327530 0.006000
vt 0.336422 0.006000
vt 0.344137 0.006000
vt 0.351363 0.006000
vt 0.359078 0.006000
vt 0.367970 0.006000
vt 0.378150 0.006000
vt 0.389270 0.006000
vt 0.211730 0.130000
vt 0.222850 0.130000
vt 0.233030 0.130000
vt 0.241922 0.130000
vt 0.249637 0.130000
vt 0.256863 0.130000
vt 0.264578 0.130000
vt 0.273470 0.130000
vt 0.283650 0.130000
vt 0.294770 0.130000
vt 0.306230 0.130000
vt 0.317350 0.130000
vt 0.327530 0.130000
vt 0.336422 0.130000
vt 0.344137 0.130000
vt 0.351363 0.130000
vt 0.359078 0.130000
vt 0.367970 0.130000
vt 0.378150 0.130000
vt 0.389270 0.130000
vt 0.406000 0.026667
vt 0.412968 0.026667
vt 0.421032 0.026667
vt 0.428000 0.026667
vt 0.434968 0.026667
vt 0.443032 0.026667
vt 0.450000 0.026667
vt 0.406000 0.047333
vt 0.412968 0.047333
vt 0.421032 0.047333
vt 0.428000 0.047333
vt 0.434968 0.047333
vt 0.443032 0.047333
vt 0.450000 0.047333
vt 0.406000 0.068000
vt 0.412968 0.068000
vt 0.421032 0.068000
vt 0.428000 0.068000
vt 0.434968 0.068000
vt 0.443032 0.068000
vt 0.450000 0.068000
vt 0.406000 0.088667
vt 0.412968 0.088667
vt 0.421032 0.088667
vt 0.428000 0.088667
vt 0.434968 0.088667
vt 0.443032 0.088667
vt 0.450000 0.088667
vt 0.406000 0.109333
vt 0.412968 0.109333
vt 0.421032 0.109333
vt 0.428000 0.109333
vt 0.434968 0.109333
vt 0.443032 0.109333
vt 0.450000 0.109333
vt 0.409484 0.006000
vt 0.417000 0.006000
vt 0.424516 0.006000
vt 0.431484 0.006000
vt 0.439000 0.006000
vt 0.446516 0.006000
vt 0.409484 0.130000
vt 0.417000 0.130000
vt 0.424516 0.130000
vt 0.431484 0.130000
vt 0.439000 0.130000
vt 0.446516 0.130000
vt 0.456000 0.026667
vt 0.462968 0.026667
vt 0.471032 0.026667
vt 0.478000 0.026667
vt 0.484968 0.026667
vt 0.493032 0.026667
vt 0.500000 0.026667
vt 0.456000 0.047333
vt 0.462968 0.047333
vt 0.471032 0.047333
vt 0.478000 0.047333
vt 0.484968 0.047333
vt 0.493032 0.047333
vt 0.500000 0.047333
vt 0.456000 0.068000
vt 0.462968 0.068000
vt 0.471032 0.068000
vt 0.478000 0.068000
vt 0.484968 0.068000
vt 0.493032 0.068000
vt 0.500000 0.068000
vt 0.456000 0.088667
vt 0.462968 0.088667
vt 0.471032 0.088667
vt 0.478000 0.088667
vt 0.484968 0.088667
vt 0.493032 0.088667
vt 0.500000 0.088667
vt 0.456000 0.109333
vt 0.462968 0.109333
vt 0.471032 0.109333
vt 0.478000 0.109333
vt 0.484968 0.109333
vt 0.493032 0.109333
vt 0.500000 0.109333
vt 0.459484 0.006000
vt 0.467000 0.006000
vt 0.474516 0.006000
vt 0.481484 0.006000
vt 0.489000 0.006000
vt 0.496516 0.006000
vt 0.459484 0.130000
vt 0.467000 0.130000
vt 0.474516 0.130000
vt 0.481484 0.130000
vt 0.489000 0.130000
vt 0.496516 0.130000
vt 0.506000 0.026667
vt 0.512968 0.026667
vt 0.521032 0.026667
vt 0.528000 0.026667
vt 0.534968 0.026667
vt 0.543032 0.026667
vt 0.550000 0.026667
vt 0.506000 0.047333
vt 0.512968 0.047333
vt 0.521032 0.047333
vt 0.528000 0.047333
vt 0.534968 0.047333
vt 0.543032 0.047333
vt 0.550000 0.047333
vt 0.506000 0.068000
vt 0.512968 0.068000
vt 0.521032 0.068000
vt 0.528000 0.068000
vt 0.534968 0.068000
vt 0.543032 0.068000
vt 0.550000 0.068000
vt 0.506000 0.088667
vt 0.512968 0.088667
vt 0.521032 0.088667
vt 0.528000 0.088667
vt 0.534968 0.088667
vt 0.543032 0.088667
vt 0.550000 0.088667
vt 0.506000 0.109333
vt 0.512968 0.109333
vt 0.521032 0.109333
vt 0.528000 0.109333
vt 0.534968 0.109333
vt 0.543032 0.109333
vt 0.550000 0.109333
vt 0.509484 0.006000
vt 0.517000 0.006000
vt 0.524516 0.006000
vt 0.531484 0.006000
vt 0.539000 0.006000
vt 0.546516 0.006000
vt 0.509484 0.130000
vt 0.517000 0.130000
vt 0.524516 0.130000
vt 0.531484 0.130000
vt 0.539000 0.130000
vt 0.546516 0.130000
vt 0.556000 0.026667
vt 0.562968 0.026667
vt 0.571032 0.026667
vt 0.578000 0.026667
vt 0.584968 0.026667
vt 0.593032 0.026667
vt 0.600000 0.026667
vt 0.556000 0.047333
vt 0.562968 0.047333
vt 0.571032 0.047333
vt 0.578000 0.047333
vt 0.584968 0.047333
vt 0.593032 0.047333
vt 0.600000 0.047333
vt 0.556000 0.068000
vt 0.562968 0.068000
vt 0.571032 0.068000
vt 0.578000 0.068000
vt 0.584968 0.068000
vt 0.593032 0.068000
vt 0.600000 0.068000
vt 0.556000 0.088667
vt 0.562968 0.088667
vt 0.571032 0.088667
vt 0.578000 0.088667
vt 0.584968 0.088667
vt 0.593032 0.088667
vt 0.600000 0.088667
vt 0.556000 0.109333
vt 0.562968 0.109333
vt 0.571032 0.109333
vt 0.578000 0.109333
vt 0.584968 0.109333
vt 0.593032 0.109333
vt 0.600000 0.109333
vt 0.559484 0.006000
vt 0.567000 0.006000
vt 0.574516 0.006000
vt 0.581484 0.006000
vt 0.589000 0.006000
vt 0.596516 0.006000
vt 0.559484 0.130000
vt 0.567000 0.130000
vt 0.574516 0.130000
vt 0.581484 0.130000
vt 0.589000 0.130000
vt 0.596516 0.130000
vt 0.606000 0.026667
vt 0.612968 0.026667
vt 0.621032 0.026667
vt 0.628000 0.026667
vt 0.634968 0.026667
vt 0.643032 0.026667
vt 0.650000 0.026667
vt 0.606000 0.047333
vt 0.612968 0.047333
vt 0.621032 0.047333
vt 0.628000 0.047333
vt 0.634968 0.047333
vt 0.643032 0.047333
vt 0.650000 0.047333
vt 0.606000 0.068000
vt 0.612968 0.068000
vt 0.621032 0.068000
vt 0.628000 0.068000
vt 0.634968 0.068000
vt 0.643032 0.068000
vt 0.650000 0.068000
vt 0.606000 0.088667
vt 0.612968 0.088667
vt 0.621032 0.088667
vt 0.628000 0.088667
vt 0.634968 0.088667
vt 0.643032 0.088667
vt 0.650000 0.088667
vt 0.606000 0.109333
vt 0.612968 0.109333
vt 0.621032 0.109333
vt 0.628000 0.109333
vt 0.634968 0.109333
vt 0.643032 0.109333
vt 0.650000 0.109333
vt 0.609484 0.006000
vt 0.617000 0.006000
vt 0.624516 0.006000
vt 0.631484 0.006000
vt 0.639000 0.006000
vt 0.646516 0.006000
vt 0.609484 0.130000
vt 0.617000 0.130000
vt 0.624516 0.130000
vt 0.631484 0.130000
vt 0.639000 0.130000
vt 0.646516 0.130000
vt 0.656000 0.026667
vt 0.662968 0.026667
vt 0.671032 0.026667
vt 0.678000 0.026667
vt 0.684968 0.026667
vt 0.693032 0.026667
vt 0.700000 0.026667
vt 0.656000 0.047333
vt 0.662968 0.047333
vt 0.671032 0.047333
vt 0.678000 0.047333
vt 0.684968 0.047333
vt 0.693032 0.047333
vt 0.700000 0.047333
vt 0.656000 0.068000
vt 0.662968 0.068000
vt 0.671032 0.068000
vt 0.678000 0.068000
vt 0.684968 0.068000
vt 0.693032 0.068000
vt 0.700000 0.068000
vt 0.656000 0.088667
vt 0.662968 0.088667
vt 0.671032 0.088667
vt 0.678000 0.088667
vt 0.684968 0.088667
vt 0.693032 0.088667
vt 0.700000 0.088667
vt 0.656000 0.109333
vt 0.662968 0.109333
vt 0.671032 0.109333
vt 0.678000 0.109333
vt 0.684968 0.109333
vt 0.693032 0.109333
vt 0.700000 0.109333
vt 0.659484 0.006000
vt 0.667000 0.006000
vt 0.674516 0.006000
vt 0.681484 0.006000
vt 0.689000 0.006000
vt 0.696516 0.006000
vt 0.659484 0.130000
vt 0.667000 0.130000
vt 0.674516 0.130000
vt 0.681484 0.130000
vt 0.689000 0.130000
vt 0.696516 0.130000
vt 0.706000 0.030800
vt 0.712968 0.030800
vt 0.721032 0.030800
vt 0.728000 0.030800
vt 0.734968 0.030800
vt 0.743032 0.030800
vt 0.750000 0.030800
vt 0.706000 0.055600
vt 0.712968 0.055600
vt 0.721032 0.055600
vt 0.728000 0.055600
vt 0.734968 0.055600
vt 0.743032 0.055600
vt 0.750000 0.055600
vt 0.706000 0.080400
vt 0.712968 0.080400
vt 0.721032 0.080400
vt 0.728000 0.080400
vt 0.734968 0.080400
vt 0.743032 0.080400
vt 0.750000 0.080400
vt 0.706000 0.105200
vt 0.712968 0.105200
vt 0.721032 0.105200
vt 0.728000 0.105200
vt 0.734968 0.105200
vt 0.743032 0.105200
vt 0.750000 0.105200
vt 0.709484 0.006000
vt 0.717000 0.006000
vt 0.724516 0.006000
vt 0.731484 0.006000
vt 0.739000 0.006000
vt 0.746516 0.006000
vt 0.709484 0.130000
vt 0.717000 0.130000
vt 0.724516 0.130000
vt 0.731484 0.130000
vt 0.739000 0.130000
vt 0.746516 0.130000
vt 0.756000 0.030800
vt 0.762968 0.030800
vt 0.771032 0.030800
vt 0.778000 0.030800
vt 0.784968 0.030800
vt 0.793032 0.030800
vt 0.800000 0.030800
vt 0.756000 0.055600
vt 0.762968 0.055600
vt 0.771032 0.055600
vt 0.778000 0.055600
vt 0.784968 0.055600
vt 0.793032 0.055600
vt 0.800000 0.055600
vt 0.756000 0.080400
vt 0.762968 0.080400
vt 0.771032 0.080400
vt 0.778000 0.080400
vt 0.784968 0.080400
vt 0.793032 0.080400
vt 0.800000 0.080400
vt 0.756000 0.105200
vt 0.762968 0.105200
vt 0.771032 0.105200
vt 0.778000 0.105200
vt 0.784968 0.105200
vt 0.793032 0.105200
vt 0.800000 0.105200
vt 0.759484 0.006000
vt 0.767000 0.006000
vt 0.774516 0.006000
vt 0.781484 0.006000
vt 0.789000 0.006000
vt 0.796516 0.006000
vt 0.759484 0.130000
vt 0.767000 0.130000
vt 0.774516 0.130000
vt 0.781484 0.130000
vt 0.789000 0.130000
vt 0.796516 0.130000
vt 0.806000 0.030800
vt 0.812968 0.030800
vt 0.821032 0.030800
vt 0.828000 0.030800
vt 0.834968 0.030800
vt 0.843032 0.030800
vt 0.850000 0.030800
vt 0.806000 0.055600
vt 0.812968 0.055600
vt 0.821032 0.055600
vt 0.828000 0.055600
vt 0.834968 0.055600
vt 0.843032 0.055600
vt 0.850000 0.055600
vt 0.806000 0.080400
vt 0.812968 0.080400
vt 0.821032 0.080400
vt 0.828000 0.080400
vt 0.834968 0.080400
vt 0.843032 0.080400
vt 0.850000 0.080400
vt 0.806000 0.105200
vt 0.812968 0.105200
vt 0.821032 0.105200
vt 0.828000 0.105200
vt 0.834968 0.105200
vt 0.843032 0.105200
vt 0.850000 0.105200
vt 0.809484 0.006000
vt 0.817000 0.006000
vt 0.824516 0.006000
vt 0.831484 0.006000
vt 0.839000 0.006000
vt 0.846516 0.006000
vt 0.809484 0.130000
vt 0.817000 0.130000
vt 0.824516 0.130000
vt 0.831484 0.130000
vt 0.839000 0.130000
vt 0.846516 0.130000
vt 0.856000 0.030800
vt 0.862968 0.030800
vt 0.871032 0.030800
vt 0.878000 0.030800
vt 0.884968 0.030800
vt 0.893032 0.030800
vt 0.900000 0.030800
vt 0.856000 0.055600
vt 0.862968 0.055600
vt 0.871032 0.055600
vt 0.878000 0.055600
vt 0.884968 0.055600
vt 0.893032 0.055600
vt 0.900000 0.055600
vt 0.856000 0.080400
vt 0.862968 0.080400
vt 0.871032 0.080400
vt 0.878000 0.080400
vt 0.884968 0.080400
vt 0.893032 0.080400
vt 0.900000 0.080400
vt 0.856000 0.105200
vt 0.862968 0.105200
vt 0.871032 0.105200
vt 0.878000 0.105200
vt 0.884968 0.105200
vt 0.893032 0.105200
vt 0.900000 0.105200
vt 0.859484 0.006000
vt 0.867000 0.006000
vt 0.874516 0.006000
vt 0.881484 0.006000
vt 0.889000 0.006000
vt 0.896516 0.006000
vt 0.859484 0.130000
vt 0.867000 0.130000
vt 0.874516 0.130000
vt 0.881484 0.130000
vt 0.889000 0.130000
vt 0.896516 0.130000
vt 0.906000 0.030800
vt 0.912968 0.030800
vt 0.921032 0.030800
vt 0.928000 0.030800
vt 0.934968 0.030800
vt 0.943032 0.030800
vt 0.950000 0.030800
vt 0.906000 0.055600
vt 0.912968 0.055600
vt 0.921032 0.055600
vt 0.928000 0.055600
vt 0.934968 0.055600
vt 0.943032 0.055600
vt 0.950000 0.055600
vt 0.906000 0.080400
vt 0.912968 0.080400
vt 0.921032 0.080400
vt 0.928000 0.080400
vt 0.934968 0.080400
vt 0.943032 0.080400
vt 0.950000 0.080400
vt 0.906000 0.105200
vt 0.912968 0.105200
vt 0.921032 0.105200
vt 0.928000 0.105200
vt 0.934968 0.105200
vt 0.943032 0.105200
vt 0.950000 0.105200
vt 0.909484 0.006000
vt 0.917000 0.006000
vt 0.924516 0.006000
vt 0.931484 0.006000
vt 0.939000 0.006000
vt 0.946516 0.006000
vt 0.909484 0.130000
vt 0.917000 0.130000
vt 0.924516 0.130000
vt 0.931484 0.130000
vt 0.939000 0.130000
vt 0.946516 0.130000
vt 0.956000 0.030800
vt 0.962968 0.030800
vt 0.971032 0.030800
vt 0.978000 0.030800
vt 0.984968 0.030800
vt 0.993032 0.030800
vt 1.000000 0.030800
vt 0.956000 0.055600
vt 0.962968 0.055600
vt 0.971032 0.055600
vt 0.978000 0.055600
vt 0.984968 0.055600
vt 0.993032 0.055600
vt 1.000000 0.055600
vt 0.956000 0.080400
vt 0.962968 0.080400
vt 0.971032 0.080400
vt 0.978000 0.080400
vt 0.984968 0.080400
vt 0.993032 0.080400
vt 1.000000 0.080400
vt 0.956000 0.105200
vt 0.962968 0.105200
vt 0.971032 0.105200
vt 0.978000 0.105200
vt 0.984968 0.105200
vt 0.993032 0.105200
vt 1.000000 0.105200
vt 0.959484 0.006000
vt 0.967000 0.006000
vt 0.974516 0.006000
vt 0.981484 0.006000
vt 0.989000 0.006000
vt 0.996516 0.006000
vt 0.959484 0.130000
vt 0.967000 0.130000
vt 0.974516 0.130000
vt 0.981484 0.130000
vt 0.989000 0.130000
vt 0.996516 0.130000
vn -0.00203 -0.99994 0.01108
vn -0.00336 -0.99994 0.01080
vn -0.00479 -0.99994 0.00996
vn -0.00612 -0.99994 0.00883
vn -0.00729 -0.99995 0.00742
vn -0.00825 -0.99995 0.00578
vn -0.00895 -0.99995 0.00396
vn -0.00937 -0.99995 0.00206
vn -0.00945 -0.99996 0.00013
vn -0.00939 -0.99995 -0.00161
vn -0.00906 -0.99995 -0.00318
vn -0.00825 -0.99995 -0.00487
vn -0.00721 -0.99995 -0.00645
vn -0.00595 -0.99995 -0.00787
vn -0.00450 -0.99995 -0.00905
vn -0.00291 -0.99995 -0.00997
vn -0.00124 -0.99994 -0.01057
vn 0.00045 -0.99994 -0.01079
vn 0.00196 -0.99994 -0.01083
vn 0.00333 -0.99994 -0.01054
vn 0.00479 -0.99994 -0.00970
vn 0.00614 -0.99994 -0.00858
vn 0.00731 -0.99995 -0.00719
vn 0.00826 -0.99995 -0.00559
vn 0.00896 -0.99995 -0.00384
vn 0.00937 -0.99995 -0.00199
vn 0.00946 -0.99996 -0.00011
vn 0.00940 -0.99995 0.00161
vn 0.00906 -0.99995 0.00319
vn 0.00824 -0.99995 0.00491
vn 0.00718 -0.99995 0.00654
vn 0.00588 -0.99995 0.00801
vn 0.00440 -0.99995 0.00924
vn 0.00280 -0.99994 0.01018
vn 0.00113 -0.99994 0.01080
vn -0.00054 -0.99994 0.01103
vn -0.00793 -0.99913 0.04087
vn -0.01292 -0.99913 0.03976
vn -0.01818 -0.99917 0.03648
vn -0.02305 -0.99922 0.03220
vn -0.02730 -0.99927 0.02689
vn -0.03076 -0.99931 0.02074
vn -0.03326 -0.99935 0.01400
vn -0.03470 -0.99937 0.00694
vn -0.03488 -0.99939 -0.00018
vn -0.03461 -0.99938 -0.00647
vn -0.03332 -0.99937 -0.01233
vn -0.03019 -0.99937 -0.01856
vn -0.02627 -0.99936 -0.02435
vn -0.02153 -0.99933 -0.02949
vn -0.01612 -0.99930 -0.03378
vn -0.01020 -0.99926 -0.03704
vn -0.00401 -0.99923 -0.03914
vn 0.00221 -0.99921 -0.03979
vn 0.00771 -0.99917 -0.03989
vn 0.01281 -0.99917 -0.03874
vn 0.01816 -0.99921 -0.03546
vn 0.02309 -0.99925 -0.03123
vn 0.02736 -0.99929 -0.02603
vn 0.03080 -0.99932 -0.02007
vn 0.03328 -0.99935 -0.01356
vn 0.03471 -0.99937 -0.00671
vn 0.03489 -0.99939 0.00025
vn 0.03464 -0.99938 0.00647
vn 0.03333 -0.99937 0.01237
vn 0.03014 -0.99937 0.01873
vn 0.02612 -0.99935 0.02471
vn 0.02126 -0.99932 0.03005
vn 0.01574 -0.99928 0.03450
vn 0.00977 -0.99923 0.03788
vn 0.00359 -0.99919 0.04004
vn -0.00254 -0.99917 0.04073
vn -0.02378 -0.99244 0.12042
vn -0.03843 -0.99241 0.11678
vn -0.05397 -0.99277 0.10721
vn -0.06833 -0.99317 0.09456
vn -0.08087 -0.99360 0.07888
vn -0.09103 -0.99399 0.06073
vn -0.09839 -0.99431 0.04081
vn -0.10261 -0.99452 0.01994
vn -0.10321 -0.99466 -0.00109
vn -0.10214 -0.99458 -0.01956
vn -0.09800 -0.99450 -0.03683
vn -0.08882 -0.99452 -0.05523
vn -0.07719 -0.99439 -0.07225
vn -0.06314 -0.99418 -0.08728
vn -0.04710 -0.99390 -0.09973
vn -0.02962 -0.99358 -0.10915
vn -0.01138 -0.99328 -0.11513
vn 0.00693 -0.99310 -0.11704
vn 0.02298 -0.99288 -0.11692
vn 0.03793 -0.99285 -0.11321
vn 0.05375 -0.99315 -0.10372
vn 0.06829 -0.99348 -0.09132
vn 0.08089 -0.99381 -0.07610
vn 0.09105 -0.99412 -0.05859
vn 0.09838 -0.99437 -0.03941
vn 0.10262 -0.99453 -0.01925
vn 0.10325 -0.99465 0.00128
vn 0.10220 -0.99457 0.01957
vn 0.09802 -0.99450 0.03696
vn 0.08867 -0.99450 0.05577
vn 0.07675 -0.99434 0.07340
vn 0.06235 -0.99407 0.08908
vn 0.04600 -0.99371 0.10213
vn 0.02834 -0.99330 0.11200
vn 0.01012 -0.99293 0.11830
vn -0.00799 -0.99269 0.12040
vn -0.05562 -0.95912 0.27750
vn -0.08945 -0.95903 0.26880
vn -0.12543 -0.96088 0.24692
vn -0.15877 -0.96297 0.21791
vn -0.18800 -0.96520 0.18181
vn -0.21174 -0.96727 0.13986
vn -0.22894 -0.96892 0.09368
vn -0.23879 -0.97002 0.04521
vn -0.24017 -0.97072 -0.00369
vn -0.23737 -0.97031 -0.04643
vn -0.22743 -0.96993 -0.08662
vn -0.20594 -0.96999 -0.12924
vn -0.17862 -0.96941 -0.16836
vn -0.14563 -0.96840 -0.20249
vn -0.10814 -0.96708 -0.23033
vn -0.06754 -0.96564 -0.25094
vn -0.02545 -0.96430 -0.26360
vn 0.01656 -0.96350 -0.26721
vn 0.05312 -0.96245 -0.26621
vn 0.08742 -0.96233 -0.25746
vn 0.12396 -0.96376 -0.23623
vn 0.15776 -0.96524 -0.20837
vn 0.18730 -0.96678 -0.17393
vn 0.21127 -0.96820 -0.13402
vn 0.22866 -0.96934 -0.08999
vn 0.23871 -0.97012 -0.04341
vn 0.24026 -0.97070 0.00418
vn 0.23751 -0.97027 0.04647
vn 0.22746 -0.96990 0.08696
vn 0.20557 -0.96987 0.13070
vn 0.17760 -0.96904 0.17151
vn 0.14383 -0.96758 0.20759
vn 0.10563 -0.96566 0.23736
vn 0.06456 -0.96355 0.25963
vn 0.02234 -0.96159 0.27358
vn -0.01944 -0.96039 0.27799
vn -0.11617 -0.81092 0.57351
vn -0.18627 -0.81045 0.55541
vn -0.26211 -0.81752 0.51279
vn -0.33360 -0.82549 0.45527
vn -0.39753 -0.83418 0.38224
vn -0.45048 -0.84244 0.29557
vn -0.48941 -0.84918 0.19842
vn -0.51194 -0.85373 0.09516
vn -0.51557 -0.85679 -0.00965
vn -0.50875 -0.85497 -0.10103
vn -0.48677 -0.85326 -0.18709
vn -0.44039 -0.85378 -0.27769
vn -0.38062 -0.85207 -0.35930
vn -0.30857 -0.84923 -0.42847
vn -0.22746 -0.84575 -0.48267
vn -0.14093 -0.84209 -0.52059
vn -0.05269 -0.83878 -0.54192
vn 0.03422 -0.83717 -0.54587
vn 0.10903 -0.83379 -0.54121
vn 0.17989 -0.83297 -0.52326
vn 0.25684 -0.83723 -0.48277
vn 0.32944 -0.84117 -0.42883
vn 0.39439 -0.84519 -0.36071
vn 0.44830 -0.84896 -0.27982
vn 0.48814 -0.85215 -0.18858
vn 0.51151 -0.85451 -0.09042
vn 0.51575 -0.85667 0.01091
vn 0.50909 -0.85476 0.10110
vn 0.48679 -0.85305 0.18799
vn 0.43945 -0.85298 0.28164
vn 0.37818 -0.84948 0.36791
vn 0.30434 -0.84349 0.44261
vn 0.22154 -0.83579 0.50236
vn 0.13377 -0.82754 0.54523
vn 0.04496 -0.82011 0.57043
vn -0.04183 -0.81578 0.57685
vn -0.18080 -0.44785 0.87564
vn -0.28804 -0.44655 0.84713
vn -0.40808 -0.45775 0.78990
vn -0.52472 -0.47058 0.70938
vn -0.63312 -0.48530 0.60303
vn -0.72640 -0.50012 0.47141
vn -0.79722 -0.51299 0.31826
vn -0.83925 -0.52233 0.15111
vn -0.84822 -0.52923 -0.02082
vn -0.83340 -0.52589 -0.16996
vn -0.79432 -0.52217 -0.31048
vn -0.71862 -0.52366 -0.45757
vn -0.61886 -0.52214 -0.58684
vn -0.49895 -0.52023 -0.69312
vn -0.36532 -0.51855 -0.77308
vn -0.22455 -0.51718 -0.82589
vn -0.08282 -0.51610 -0.85252
vn 0.05538 -0.51691 -0.85425
vn 0.17282 -0.51187 -0.84150
vn 0.28545 -0.50889 -0.81213
vn 0.41045 -0.51318 -0.75377
vn 0.52993 -0.51540 -0.67345
vn 0.63857 -0.51735 -0.56972
vn 0.73011 -0.51949 -0.44392
vn 0.79869 -0.52201 -0.29933
vn 0.83940 -0.52478 -0.14144
vn 0.84834 -0.52894 0.02338
vn 0.83374 -0.52532 0.17004
vn 0.79403 -0.52145 0.31243
vn 0.71554 -0.52076 0.46563
vn 0.61081 -0.51338 0.60279
vn 0.48509 -0.50175 0.71620
vn 0.34694 -0.48779 0.80106
vn 0.20466 -0.47375 0.85655
vn 0.06488 -0.46186 0.88458
vn -0.06864 -0.45563 0.88752
vn -0.19986 -0.05924 0.97803
vn -0.31801 -0.05850 0.94628
vn -0.45353 -0.06458 0.88890
vn -0.58792 -0.07255 0.80566
vn -0.71640 -0.08269 0.69278
vn -0.83066 -0.09402 0.54878
vn -0.92058 -0.10511 0.37615
vn -0.97642 -0.11443 0.18303
vn -0.99240 -0.12164 -0.01885
vn -0.97323 -0.12157 -0.19507
vn -0.92576 -0.11883 -0.35895
vn -0.83916 -0.11619 -0.53133
vn -0.72325 -0.10931 -0.68188
vn -0.58408 -0.09993 -0.80552
vn -0.42898 -0.08926 -0.89889
vn -0.26522 -0.07869 -0.96097
vn -0.09983 -0.06965 -0.99256
vn 0.06187 -0.06459 -0.99599
vn 0.19924 -0.05820 -0.97822
vn 0.32965 -0.05580 -0.94245
vn 0.47610 -0.06222 -0.87719
vn 0.61553 -0.07052 -0.78495
vn 0.74207 -0.08107 -0.66540
vn 0.84888 -0.09274 -0.52039
vn 0.92963 -0.10407 -0.35350
vn 0.97880 -0.11364 -0.17040
vn 0.99239 -0.12113 0.02229
vn 0.97326 -0.12124 0.19508
vn 0.92486 -0.11830 0.36144
vn 0.83307 -0.11498 0.54108
vn 0.70747 -0.10710 0.69858
vn 0.55740 -0.09677 0.82458
vn 0.39511 -0.08574 0.91462
vn 0.23128 -0.07560 0.96994
vn 0.07335 -0.06761 0.99501
vn -0.07558 -0.06344 0.99512
vn -0.21219 0.12265 0.96950
vn -0.33024 0.12492 0.93559
vn -0.46428 0.12368 0.87701
vn -0.59711 0.12382 0.79254
vn -0.72417 0.12411 0.67836
vn -0.83710 0.12424 0.53276
vn -0.92541 0.12396 0.35813
vn -0.97893 0.12306 0.16292
vn -0.99193 0.12013 -0.04042
vn -0.96887 0.12349 -0.21458
vn -0.91521 0.12844 -0.38197
vn -0.82183 0.12963 -0.55479
vn -0.69849 0.13536 -0.70270
vn -0.55319 0.14376 -0.82055
vn -0.39495 0.15356 -0.90578
vn -0.23195 0.16308 -0.95896
vn -0.07109 0.17052 -0.98279
vn 0.08334 0.17342 -0.98131
vn 0.21160 0.17726 -0.96115
vn 0.33839 0.17808 -0.92400
vn 0.48010 0.17062 -0.86046
vn 0.61633 0.16156 -0.77074
vn 0.74181 0.15101 -0.65339
vn 0.84926 0.14057 -0.50893
vn 0.93104 0.13183 -0.34028
vn 0.98009 0.12568 -0.15370
vn 0.99178 0.12070 0.04250
vn 0.96881 0.12394 0.21458
vn 0.91403 0.12881 0.38465
vn 0.81597 0.12790 0.56377
vn 0.68475 0.12831 0.71739
vn 0.53142 0.12815 0.83736
vn 0.36863 0.12731 0.92082
vn 0.20659 0.12592 0.97029
vn 0.05190 0.12416 0.99090
vn -0.09307 0.12121 0.98825
vn -0.19382 0.41390 0.88945
vn -0.30139 0.42018 0.85593
vn -0.42226 0.42890 0.79859
vn -0.53917 0.44340 0.71602
vn -0.64766 0.46082 0.60678
vn -0.74071 0.47868 0.47140
vn -0.81069 0.49429 0.31379
vn -0.85125 0.50521 0.14191
vn -0.85995 0.50920 -0.03451
vn -0.83854 0.51247 -0.18500
vn -0.79156 0.51420 -0.33020
vn -0.71202 0.50895 -0.48373
vn -0.60512 0.50271 -0.61734
vn -0.47804 0.49557 -0.72518
vn -0.33928 0.48848 -0.80391
vn -0.19670 0.48205 -0.85378
vn -0.05661 0.47649 -0.87735
vn 0.07748 0.47115 -0.87864
vn 0.18858 0.47125 -0.86160
vn 0.29777 0.47452 -0.82835
vn 0.42023 0.47667 -0.77214
vn 0.53818 0.48126 -0.69192
vn 0.64706 0.48728 -0.58640
vn 0.74006 0.49429 -0.45606
vn 0.80996 0.50145 -0.30415
vn 0.85070 0.50735 -0.13750
vn 0.85974 0.50951 0.03542
vn 0.83843 0.51265 0.18498
vn 0.79111 0.51404 0.33153
vn 0.71046 0.50626 0.48882
vn 0.60171 0.49412 0.62753
vn 0.47250 0.47774 0.74061
vn 0.33201 0.45937 0.82386
vn 0.18866 0.44156 0.87717
vn 0.04887 0.42653 0.90315
vn -0.08411 0.41496 0.90594
vn -0.16431 0.64284 0.74818
vn -0.25505 0.64864 0.71709
vn -0.35531 0.65742 0.66450
vn -0.44963 0.67084 0.58974
vn -0.53433 0.68617 0.49363
vn -0.60441 0.70109 0.37837
vn -0.65528 0.71342 0.24827
vn -0.68361 0.72155 0.10975
vn -0.68877 0.72434 -0.03054
vn -0.67121 0.72602 -0.14961
vn -0.63337 0.72687 -0.26552
vn -0.57107 0.72233 -0.39002
vn -0.48731 0.71507 -0.50121
vn -0.38686 0.70516 -0.59421
vn -0.27560 0.69386 -0.66529
vn -0.15948 0.68260 -0.71318
vn -0.04380 0.67274 -0.73858
vn 0.06804 0.66482 -0.74390
vn 0.16076 0.66386 -0.73037
vn 0.25143 0.66834 -0.70008
vn 0.35177 0.67449 -0.64909
vn 0.44646 0.68406 -0.57683
vn 0.53175 0.69515 -0.48374
vn 0.60260 0.70622 -0.37165
vn 0.65423 0.71571 -0.24443
vn 0.68318 0.72221 -0.10811
vn 0.68866 0.72442 0.03086
vn 0.67116 0.72606 0.14960
vn 0.63324 0.72679 0.26604
vn 0.57079 0.72141 0.39213
vn 0.48678 0.71217 0.50582
vn 0.38597 0.69907 0.60194
vn 0.27420 0.68369 0.67630
vn 0.15747 0.66817 0.72715
vn 0.04115 0.65463 0.75483
vn -0.07127 0.64418 0.76154
vn -0.12952 0.80049 0.58518
vn -0.20063 0.80437 0.55923
vn -0.27835 0.81015 0.51592
vn -0.35028 0.81869 0.45503
vn -0.41376 0.82811 0.37819
vn -0.46548 0.83697 0.28777
vn -0.50257 0.84401 0.18730
vn -0.52309 0.84837 0.08146
vn -0.52687 0.84957 -0.02521
vn -0.51325 0.85043 -0.11552
vn -0.48370 0.85117 -0.20382
vn -0.43633 0.84859 -0.29920
vn -0.37297 0.84399 -0.38545
vn -0.29698 0.83724 -0.45916
vn -0.21223 0.82909 -0.51726
vn -0.12284 0.82062 -0.55811
vn -0.03276 0.81299 -0.58136
vn 0.05512 0.80686 -0.58817
vn 0.12804 0.80602 -0.57787
vn 0.19908 0.80952 -0.55230
vn 0.27681 0.81458 -0.50974
vn 0.34890 0.82208 -0.44995
vn 0.41267 0.83039 -0.37438
vn 0.46473 0.83825 -0.28523
vn 0.50216 0.84457 -0.18588
vn 0.52293 0.84853 -0.08086
vn 0.52683 0.84959 0.02533
vn 0.51322 0.85045 0.11552
vn 0.48364 0.85116 0.20401
vn 0.43622 0.84837 0.29998
vn 0.37280 0.84328 0.38718
vn 0.29669 0.83571 0.46213
vn 0.21177 0.82651 0.52157
vn 0.12212 0.81691 0.56369
vn 0.03176 0.80827 0.58796
vn -0.05642 0.80144 0.59541
vn -0.09460 0.90010 0.42528
vn -0.14621 0.90233 0.40549
vn -0.20224 0.90552 0.37301
vn -0.25349 0.91017 0.32762
vn -0.29821 0.91521 0.27105
vn -0.33427 0.91985 0.20529
vn -0.35995 0.92345 0.13297
vn -0.37413 0.92560 0.05729
vn -0.37685 0.92609 -0.01879
vn -0.36690 0.92654 -0.08310
vn -0.34536 0.92703 -0.14606
vn -0.31168 0.92570 -0.21433
vn -0.26676 0.92324 -0.27652
vn -0.21289 0.91952 -0.33040
vn -0.15254 0.91491 -0.37373
vn -0.08838 0.91001 -0.40507
vn -0.02319 0.90550 -0.42371
vn 0.04088 0.90184 -0.43013
vn 0.09407 0.90137 -0.42270
vn 0.14570 0.90351 -0.40303
vn 0.20177 0.90654 -0.37079
vn 0.25309 0.91094 -0.32576
vn 0.29791 0.91573 -0.26962
vn 0.33406 0.92014 -0.20432
vn 0.35984 0.92357 -0.13241
vn 0.37408 0.92564 -0.05704
vn 0.37683 0.92609 0.01884
vn 0.36689 0.92655 0.08309
vn 0.34533 0.92703 0.14613
vn 0.31161 0.92565 0.21463
vn 0.26664 0.92308 0.27716
vn 0.21269 0.91918 0.33148
vn 0.15225 0.91432 0.37528
vn 0.08801 0.90916 0.40705
vn 0.02274 0.90442 0.42603
vn -0.04138 0.90060 0.43268
vn -0.06438 0.95628 0.28527
vn -0.09899 0.95741 0.27123
vn -0.13636 0.95888 0.24892
vn -0.17022 0.96103 0.21784
vn -0.19950 0.96333 0.17944
vn -0.22291 0.96542 0.13521
vn -0.23945 0.96701 0.08692
vn -0.24849 0.96794 0.03664
vn -0.25020 0.96810 -0.01376
vn -0.24324 0.96834 -0.05618
vn -0.22847 0.96861 -0.09798
vn -0.20614 0.96797 -0.14331
vn -0.17639 0.96683 -0.18472
vn -0.14074 0.96510 -0.22084
vn -0.10072 0.96294 -0.25020
vn -0.05801 0.96063 -0.27172
vn -0.01441 0.95848 -0.28478
vn 0.02859 0.95671 -0.28963
vn 0.06419 0.95657 -0.28436
vn 0.09884 0.95768 -0.27034
vn 0.13624 0.95911 -0.24810
vn 0.17014 0.96120 -0.21712
vn 0.19945 0.96344 -0.17887
vn 0.22287 0.96548 -0.13481
vn 0.23942 0.96704 -0.08668
vn 0.24848 0.96795 -0.03653
vn 0.25019 0.96810 0.01378
vn 0.24323 0.96834 0.05618
vn 0.22845 0.96861 0.09801
vn 0.20610 0.96796 0.14344
vn 0.17630 0.96680 0.18498
vn 0.14060 0.96502 0.22127
vn 0.10054 0.96281 0.25079
vn 0.05780 0.96043 0.27245
vn 0.01419 0.95824 0.28561
vn -0.02880 0.95643 0.29053
vn -0.03958 0.98450 0.17087
vn -0.06038 0.98496 0.16190
vn -0.08268 0.98549 0.14824
vn -0.10273 0.98628 0.12926
vn -0.11995 0.98711 0.10598
vn -0.13361 0.98785 0.07933
vn -0.14316 0.98842 0.05040
vn -0.14829 0.98873 0.02040
vn -0.14916 0.98877 -0.00956
vn -0.14470 0.98887 -0.03463
vn -0.13549 0.98898 -0.05963
vn -0.12209 0.98873 -0.08663
vn -0.10425 0.98831 -0.11127
vn -0.08294 0.98767 -0.13281
vn -0.05903 0.98687 -0.15035
vn -0.03349 0.98602 -0.16325
vn -0.00740 0.98523 -0.17109
vn 0.01834 0.98457 -0.17404
vn 0.03951 0.98456 -0.17054
vn 0.06034 0.98501 -0.16157
vn 0.08266 0.98554 -0.14792
vn 0.10273 0.98631 -0.12897
vn 0.11995 0.98713 -0.10573
vn 0.13361 0.98787 -0.07915
vn 0.14316 0.98842 -0.05029
vn 0.14828 0.98874 -0.02035
vn 0.14916 0.98877 0.00957
vn 0.14470 0.98887 0.03463
vn 0.13548 0.98898 0.05965
vn 0.12206 0.98873 0.08669
vn 0.10420 0.98830 0.11139
vn 0.08286 0.98765 0.13299
vn 0.05893 0.98684 0.15059
vn 0.03338 0.98597 0.16353
vn 0.00729 0.98517 0.17140
vn -0.01843 0.98451 0.17437
vn -0.01898 0.99669 0.07902
vn -0.02868 0.99680 0.07456
vn -0.03896 0.99692 0.06808
vn -0.04814 0.99709 0.05912
vn -0.05598 0.99727 0.04820
vn -0.06215 0.99743 0.03578
vn -0.06641 0.99754 0.02234
vn -0.06862 0.99761 0.00847
vn -0.06892 0.99761 -0.00531
vn -0.06668 0.99763 -0.01676
vn -0.06217 0.99766 -0.02841
vn -0.05589 0.99760 -0.04084
vn -0.04755 0.99751 -0.05217
vn -0.03762 0.99736 -0.06205
vn -0.02652 0.99719 -0.07007
vn -0.01468 0.99700 -0.07594
vn -0.00260 0.99683 -0.07946
vn 0.00927 0.99669 -0.08074
vn 0.01896 0.99670 -0.07890
vn 0.02867 0.99681 -0.07444
vn 0.03896 0.99693 -0.06797
vn 0.04815 0.99710 -0.05901
vn 0.05598 0.99727 -0.04811
vn 0.06215 0.99743 -0.03571
vn 0.06640 0.99754 -0.02230
vn 0.06862 0.99761 -0.00845
vn 0.06892 0.99761 0.00532
vn 0.06667 0.99763 0.01676
vn 0.06217 0.99766 0.02841
vn 0.05588 0.99760 0.04087
vn 0.04753 0.99750 0.05222
vn 0.03759 0.99736 0.06212
vn 0.02647 0.99718 0.07016
vn 0.01463 0.99700 0.07604
vn 0.00256 0.99683 0.07957
vn -0.00930 0.99668 0.08085
vn 0.00000 -1.00000 0.00000
vn -0.00000 1.00000 0.00000
vn -0.12489 -0.30080 0.94548
vn -0.14392 -0.21517 0.96591
vn -0.18243 -0.13417 0.97402
vn -0.23779 -0.06329 0.96925
vn -0.30624 -0.00738 0.95193
vn -0.38310 0.02975 0.92323
vn -0.46315 0.04558 0.88511
vn -0.54092 0.03902 0.84017
vn -0.61112 0.01053 0.79147
vn -0.66895 -0.03796 0.74233
vn -0.71049 -0.10314 0.69610
vn -0.73290 -0.18057 0.65594
vn -0.73465 -0.26497 0.62456
vn -0.71563 -0.35059 0.60413
vn -0.67712 -0.43160 0.59602
vn -0.62175 -0.50247 0.60079
vn -0.55331 -0.55838 0.61811
vn -0.47644 -0.59552 0.64681
vn -0.39640 -0.61134 0.68493
vn -0.31862 -0.60479 0.72987
vn -0.24843 -0.57630 0.77857
vn -0.19059 -0.52781 0.82770
vn -0.14905 -0.46263 0.87393
vn -0.12664 -0.38520 0.91410
vn 0.15065 -0.25862 0.95416
vn 0.11448 -0.11241 0.98705
vn 0.04532 0.02489 0.99866
vn -0.05210 0.14391 0.98822
vn -0.17115 0.23656 0.95642
vn -0.30372 0.29651 0.90545
vn -0.44078 0.31967 0.83876
vn -0.57298 0.30448 0.76091
vn -0.69131 0.25196 0.67721
vn -0.78771 0.16570 0.59335
vn -0.85561 0.05157 0.51504
vn -0.89039 -0.08265 0.44764
vn -0.88966 -0.22781 0.39573
vn -0.85349 -0.37402 0.36284
vn -0.78434 -0.51132 0.35122
vn -0.68692 -0.63035 0.36167
vn -0.56787 -0.72299 0.39346
vn -0.43529 -0.78294 0.44444
vn -0.29824 -0.80611 0.51112
vn -0.16604 -0.79091 0.58897
vn -0.04771 -0.73839 0.67268
vn 0.04869 -0.65213 0.75654
vn 0.11659 -0.53800 0.83484
vn 0.15137 -0.40378 0.90225
vn 0.43568 -0.19025 0.87977
vn 0.38413 0.00870 0.92324
vn 0.28787 0.19487 0.93763
vn 0.15348 0.35557 0.92196
vn -0.00990 0.47984 0.87730
vn -0.19113 0.55922 0.80669
vn -0.37786 0.58830 0.71494
vn -0.55736 0.56509 0.60830
vn -0.71740 0.49117 0.49405
vn -0.84708 0.37160 0.37996
vn -0.93756 0.21450 0.27382
vn -0.98266 0.03059 0.18286
vn -0.97933 -0.16759 0.11327
vn -0.92778 -0.36655 0.06979
vn -0.83153 -0.55272 0.05540
vn -0.69713 -0.71341 0.07107
vn -0.53375 -0.83768 0.11573
vn -0.35252 -0.91706 0.18635
vn -0.16580 -0.94614 0.27810
vn 0.01371 -0.92293 0.38473
vn 0.17375 -0.84901 0.49899
vn 0.30343 -0.72944 0.61307
vn 0.39390 -0.57234 0.71921
vn 0.43901 -0.38844 0.81018
vn 0.68893 -0.10105 0.71775
vn 0.62642 0.13335 0.76799
vn 0.51138 0.35218 0.78387
vn 0.35166 0.54054 0.76430
vn 0.15813 0.68558 0.71062
vn -0.05601 0.77743 0.62648
vn -0.27618 0.80981 0.51761
vn -0.48736 0.78054 0.39145
vn -0.67517 0.69160 0.25658
vn -0.82681 0.54905 0.12219
vn -0.93194 0.36260 -0.00254
vn -0.98340 0.14497 -0.10914
vn -0.97768 -0.08901 -0.19033
vn -0.91517 -0.32341 -0.24057
vn -0.80013 -0.54224 -0.25645
vn -0.64041 -0.73059 -0.23688
vn -0.44688 -0.87564 -0.18319
vn -0.23273 -0.96748 -0.09905
vn -0.01257 -0.99987 0.00981
vn 0.19862 -0.97060 0.13598
vn 0.38643 -0.88166 0.27085
vn 0.53806 -0.73911 0.40523
vn 0.64319 -0.55266 0.52997
vn 0.69465 -0.33503 0.63656
vn 0.87715 0.00000 0.48021
vn 0.80981 0.24678 0.53227
vn 0.68727 0.47675 0.54806
vn 0.51790 0.67423 0.52649
vn 0.31324 0.82576 0.46905
vn 0.08723 0.92101 0.37964
vn -0.14473 0.95350 0.26436
vn -0.36682 0.92101 0.13107
vn -0.56392 0.82576 -0.01116
vn -0.72258 0.67423 -0.15263
vn -0.83200 0.47675 -0.28370
vn -0.88472 0.24678 -0.39543
vn -0.87715 0.00000 -0.48021
vn -0.80981 -0.24678 -0.53227
vn -0.68727 -0.47675 -0.54806
vn -0.51790 -0.67423 -0.52649
vn -0.31324 -0.82576 -0.46905
vn -0.08723 -0.92101 -0.37964
vn 0.14473 -0.95350 -0.26436
vn 0.36682 -0.92101 -0.13107
vn 0.56392 -0.82576 0.01116
vn 0.72258 -0.67423 0.15263
vn 0.83200 -0.47675 0.28370
vn 0.88472 -0.24678 0.39543
vn 0.97585 0.10105 0.19366
vn 0.91054 0.33503 0.24222
vn 0.79301 0.55266 0.25631
vn 0.63129 0.73911 0.23495
vn 0.43637 0.88166 0.17961
vn 0.22156 0.97060 0.09406
vn 0.00149 0.99987 -0.01587
vn -0.20884 0.96748 -0.14270
vn -0.39510 0.87564 -0.27776
vn -0.54460 0.73059 -0.41188
vn -0.64715 0.54224 -0.53589
vn -0.69575 0.32341 -0.64136
vn -0.68710 0.08901 -0.72109
vn -0.62179 -0.14497 -0.76965
vn -0.50427 -0.36260 -0.78373
vn -0.34254 -0.54905 -0.76237
vn -0.14763 -0.69160 -0.70704
vn 0.06718 -0.78054 -0.62148
vn 0.28725 -0.80981 -0.51155
vn 0.49759 -0.77743 -0.38473
vn 0.68385 -0.68558 -0.24966
vn 0.83335 -0.54054 -0.11555
vn 0.93589 -0.35218 0.00847
vn 0.98450 -0.13335 0.11393
vn 0.97589 0.19025 -0.10698
vn 0.91906 0.38844 -0.06668
vn 0.81812 0.57234 -0.05567
vn 0.67996 0.72944 -0.07470
vn 0.51398 0.84901 -0.12248
vn 0.33150 0.92293 -0.19575
vn 0.14495 0.94614 -0.28951
vn -0.03295 0.91706 -0.39738
vn -0.19008 0.83768 -0.51201
vn -0.31574 0.71341 -0.62558
vn -0.40135 0.55272 -0.73036
vn -0.44108 0.36655 -0.81920
vn -0.43224 0.16759 -0.88605
vn -0.37541 -0.03059 -0.92635
vn -0.27447 -0.21450 -0.93737
vn -0.13631 -0.37160 -0.91833
vn 0.02967 -0.49117 -0.87056
vn 0.21216 -0.56509 -0.79729
vn 0.39870 -0.58830 -0.70352
vn 0.57660 -0.55922 -0.59565
vn 0.73374 -0.47984 -0.48102
vn 0.85939 -0.35557 -0.36745
vn 0.94500 -0.19487 -0.26267
vn 0.98474 -0.00870 -0.17383
vn 0.88499 0.25862 -0.38719
vn 0.84164 0.40378 -0.35861
vn 0.76612 0.53800 -0.35158
vn 0.66357 0.65213 -0.36660
vn 0.54098 0.73839 -0.40263
vn 0.40671 0.79091 -0.45721
vn 0.26990 0.80611 -0.52664
vn 0.13988 0.78294 -0.60617
vn 0.02551 0.72299 -0.69039
vn -0.06542 0.63035 -0.77355
vn -0.12671 0.51132 -0.85000
vn -0.15419 0.37402 -0.91451
vn -0.14597 0.22781 -0.96270
vn -0.10262 0.08265 -0.99128
vn -0.02710 -0.05157 -0.99830
vn 0.07544 -0.16570 -0.98329
vn 0.19803 -0.25196 -0.94726
vn 0.33231 -0.30448 -0.89267
vn 0.46912 -0.31967 -0.82325
vn 0.59914 -0.29651 -0.74372
vn 0.71351 -0.23656 -0.65950
vn 0.80444 -0.14391 -0.57634
vn 0.86573 -0.02489 -0.49989
vn 0.89320 0.11241 -0.43537
vn 0.72921 0.30080 -0.61463
vn 0.70184 0.38520 -0.59920
vn 0.65593 0.46263 -0.59643
vn 0.59460 0.52781 -0.60652
vn 0.52204 0.57630 -0.62877
vn 0.44320 0.60479 -0.66167
vn 0.36344 0.61134 -0.70297
vn 0.28819 0.59552 -0.74987
vn 0.22260 0.55838 -0.79916
vn 0.17113 0.50247 -0.84749
vn 0.13728 0.43160 -0.89156
vn 0.12336 0.35059 -0.92837
vn 0.13033 0.26497 -0.95541
vn 0.15770 0.18057 -0.97084
vn 0.20362 0.10314 -0.97360
vn 0.26494 0.03796 -0.96352
vn 0.33750 -0.01053 -0.94127
vn 0.41635 -0.03902 -0.90837
vn 0.49611 -0.04558 -0.86706
vn 0.57135 -0.02975 -0.82017
vn 0.63694 0.00738 -0.77088
vn 0.68842 0.06329 -0.72255
vn 0.72226 0.13417 -0.67848
vn 0.73618 0.21517 -0.64167
vn -0.45788 -0.30139 0.83637
vn 0.45788 0.30139 -0.83637
vn 0.41618 -0.30080 0.85809
vn 0.41154 -0.21517 0.88563
vn 0.38386 -0.13417 0.91359
vn 0.33501 -0.06329 0.94009
vn 0.26833 -0.00738 0.96330
vn 0.18836 0.02975 0.98165
vn 0.10055 0.04558 0.99389
vn 0.01089 0.03902 0.99918
vn -0.07453 0.01053 0.99716
vn -0.14986 -0.03796 0.98798
vn -0.20999 -0.10314 0.97225
vn -0.25081 -0.18057 0.95105
vn -0.26954 -0.26497 0.92582
vn -0.26490 -0.35059 0.89828
vn -0.23722 -0.43160 0.87032
vn -0.18837 -0.50247 0.84382
vn -0.12169 -0.55838 0.82061
vn -0.04172 -0.59552 0.80226
vn 0.04609 -0.61134 0.79002
vn 0.13575 -0.60479 0.78473
vn 0.22117 -0.57630 0.78675
vn 0.29650 -0.52781 0.79593
vn 0.35663 -0.46263 0.81166
vn 0.39745 -0.38520 0.83286
vn 0.65099 -0.25862 0.71367
vn 0.63890 -0.11241 0.76103
vn 0.58756 0.02489 0.80880
vn 0.50048 0.14391 0.85370
vn 0.38358 0.23656 0.89269
vn 0.24484 0.29651 0.92311
vn 0.09372 0.31967 0.94288
vn -0.05950 0.30448 0.95066
vn -0.20437 0.25196 0.94591
vn -0.33102 0.16570 0.92896
vn -0.43081 0.05157 0.90097
vn -0.49694 -0.08265 0.86384
vn -0.52492 -0.22781 0.82010
vn -0.51282 -0.37402 0.77274
vn -0.46148 -0.51132 0.72497
vn -0.37440 -0.63035 0.68006
vn -0.25750 -0.72299 0.64107
vn -0.11877 -0.78294 0.61066
vn 0.03236 -0.80611 0.59089
vn 0.18558 -0.79091 0.58311
vn 0.33045 -0.73839 0.58786
vn 0.45710 -0.65213 0.60481
vn 0.55689 -0.53800 0.63280
vn 0.62302 -0.40378 0.66993
vn 0.84801 -0.19025 0.49466
vn 0.82890 0.00870 0.55933
vn 0.75646 0.19487 0.62433
vn 0.63564 0.35557 0.68523
vn 0.47465 0.47984 0.73787
vn 0.28448 0.55922 0.77868
vn 0.07809 0.58830 0.80487
vn -0.13047 0.56509 0.81465
vn -0.32698 0.49117 0.80736
vn -0.49804 0.37160 0.78350
vn -0.63200 0.21450 0.74469
vn -0.71973 0.03059 0.69358
vn -0.75526 -0.16759 0.63364
vn -0.73615 -0.36655 0.56897
vn -0.66371 -0.55272 0.50397
vn -0.54289 -0.71341 0.44308
vn -0.38190 -0.83768 0.39043
vn -0.19173 -0.91706 0.34962
vn 0.01466 -0.94614 0.32344
vn 0.22322 -0.92293 0.31365
vn 0.41973 -0.84901 0.32094
vn 0.59079 -0.72944 0.34480
vn 0.72475 -0.57234 0.38362
vn 0.81248 -0.38844 0.43473
vn 0.97025 -0.10105 0.21999
vn 0.94572 0.13335 0.29635
vn 0.85842 0.35218 0.37293
vn 0.71430 0.54054 0.44451
vn 0.52318 0.68558 0.50622
vn 0.29808 0.77743 0.55385
vn 0.05435 0.80981 0.58416
vn -0.19141 0.78054 0.59508
vn -0.42244 0.69160 0.58586
vn -0.62301 0.54905 0.55714
vn -0.77944 0.36260 0.51087
vn -0.88108 0.14497 0.45020
vn -0.92099 -0.08901 0.37928
vn -0.89646 -0.32341 0.30292
vn -0.80916 -0.54224 0.22634
vn -0.66504 -0.73059 0.15476
vn -0.47392 -0.87564 0.09305
vn -0.24882 -0.96748 0.04542
vn -0.00509 -0.99987 0.01511
vn 0.24067 -0.97060 0.00419
vn 0.47170 -0.88166 0.01341
vn 0.67227 -0.73911 0.04213
vn 0.82870 -0.55266 0.08840
vn 0.93034 -0.33503 0.14907
vn 0.99664 -0.00000 -0.08193
vn 0.96907 0.24678 -0.00139
vn 0.87546 0.47675 0.07924
vn 0.72219 0.67423 0.15447
vn 0.51970 0.82576 0.21917
vn 0.28180 0.92101 0.26893
vn 0.02469 0.95350 0.30037
vn -0.23410 0.92101 0.31134
vn -0.47694 0.82576 0.30109
vn -0.68727 0.67423 0.27033
vn -0.85077 0.47675 0.22114
vn -0.95629 0.24678 0.15688
vn -0.99664 -0.00000 0.08193
vn -0.96907 -0.24678 0.00139
vn -0.87546 -0.47675 -0.07924
vn -0.72219 -0.67423 -0.15447
vn -0.51970 -0.82576 -0.21917
vn -0.28180 -0.92101 -0.26893
vn -0.02469 -0.95350 -0.30037
vn 0.23410 -0.92101 -0.31134
vn 0.47694 -0.82576 -0.30109
vn 0.68727 -0.67423 -0.27033
vn 0.85077 -0.47675 -0.22114
vn 0.95629 -0.24678 -0.15688
vn 0.92130 0.10105 -0.37548
vn 0.89351 0.33503 -0.29899
vn 0.80314 0.55266 -0.22254
vn 0.65637 0.73911 -0.15135
vn 0.46318 0.88166 -0.09026
vn 0.23675 0.97060 -0.04344
vn -0.00749 0.99987 -0.01407
vn -0.25290 0.96748 -0.00417
vn -0.48275 0.87564 -0.01441
vn -0.68139 0.73059 -0.04408
vn -0.83526 0.54224 -0.09117
vn -0.93390 0.32341 -0.15246
vn -0.97057 0.08901 -0.22379
vn -0.94277 -0.14497 -0.30028
vn -0.85240 -0.36260 -0.37673
vn -0.70563 -0.54905 -0.44792
vn -0.51244 -0.69160 -0.50901
vn -0.28601 -0.78054 -0.55584
vn -0.04177 -0.80981 -0.58520
vn 0.20364 -0.77743 -0.59510
vn 0.43349 -0.68558 -0.58486
vn 0.63213 -0.54054 -0.55519
vn 0.78600 -0.35218 -0.50810
vn 0.88464 -0.13335 -0.44681
vn 0.75584 0.19025 -0.62650
vn 0.73059 0.38844 -0.56157
vn 0.65238 0.57234 -0.49682
vn 0.52655 0.72944 -0.43665
vn 0.36168 0.84901 -0.38518
vn 0.16901 0.92293 -0.34590
vn -0.03835 0.94614 -0.32149
vn -0.24625 0.91706 -0.31362
vn -0.44053 0.83768 -0.32283
vn -0.60795 0.71341 -0.34848
vn -0.73710 0.55272 -0.38882
vn -0.81918 0.36655 -0.44112
vn -0.84859 0.16759 -0.50180
vn -0.82333 -0.03059 -0.56673
vn -0.74513 -0.21450 -0.63149
vn -0.61930 -0.37160 -0.69165
vn -0.45443 -0.49117 -0.74313
vn -0.26175 -0.56509 -0.78241
vn -0.05440 -0.58830 -0.80681
vn 0.15350 -0.55922 -0.81468
vn 0.34779 -0.47984 -0.80548
vn 0.51521 -0.35557 -0.77983
vn 0.64436 -0.19487 -0.73948
vn 0.72643 -0.00870 -0.68718
vn 0.52571 0.25862 -0.81040
vn 0.50526 0.40378 -0.76268
vn 0.44607 0.53800 -0.71524
vn 0.35219 0.65213 -0.67133
vn 0.23002 0.73839 -0.63393
vn 0.08787 0.79091 -0.60559
vn -0.06456 0.80611 -0.58824
vn -0.21689 0.78294 -0.58306
vn -0.35874 0.72299 -0.59042
vn -0.48043 0.63035 -0.60980
vn -0.57368 0.51132 -0.63988
vn -0.63213 0.37402 -0.67862
vn -0.65179 0.22781 -0.72337
vn -0.63134 0.08265 -0.77109
vn -0.57215 -0.05157 -0.81852
vn -0.47827 -0.16570 -0.86244
vn -0.35610 -0.25196 -0.89984
vn -0.21395 -0.30448 -0.92818
vn -0.06152 -0.31967 -0.94553
vn 0.09081 -0.29651 -0.95070
vn 0.23266 -0.23656 -0.94335
vn 0.35435 -0.14391 -0.92397
vn 0.44760 -0.02489 -0.89389
vn 0.50605 0.11241 -0.85515
vn 0.27047 0.30080 -0.91453
vn 0.25611 0.38520 -0.88658
vn 0.21930 0.46263 -0.85900
vn 0.16255 0.52781 -0.83367
vn 0.08972 0.57630 -0.81230
vn 0.00579 0.60479 -0.79636
vn -0.08354 0.61134 -0.78694
vn -0.17217 0.59552 -0.78468
vn -0.25406 0.55838 -0.78972
vn -0.32364 0.50247 -0.80174
vn -0.37616 0.43160 -0.81990
vn -0.40804 0.35059 -0.84297
vn -0.41711 0.26497 -0.86938
vn -0.40275 0.18057 -0.89732
vn -0.36594 0.10314 -0.92491
vn -0.30919 0.03796 -0.95024
vn -0.23636 -0.01053 -0.97161
vn -0.15243 -0.03902 -0.98754
vn -0.06310 -0.04558 -0.99697
vn 0.02553 -0.02975 -0.99923
vn 0.10742 0.00738 -0.99419
vn 0.17700 0.06329 -0.98217
vn 0.22952 0.13417 -0.96401
vn 0.26140 0.21517 -0.94094
vn 0.07812 -0.30139 0.95030
vn -0.07812 0.30139 -0.95030
vn -0.13857 -0.97818 -0.15480
vn -0.15985 -0.97391 -0.16106
vn -0.17858 -0.96868 -0.17254
vn -0.19349 -0.96283 -0.18847
vn -0.20356 -0.95676 -0.20777
vn -0.20810 -0.95090 -0.22910
vn -0.20681 -0.94563 -0.25103
vn -0.19976 -0.94132 -0.27206
vn -0.18745 -0.93826 -0.29075
vn -0.17071 -0.93666 -0.30583
vn -0.15068 -0.93662 -0.31628
vn -0.12872 -0.93816 -0.32137
vn -0.10634 -0.94117 -0.32077
vn -0.08506 -0.94543 -0.31452
vn -0.06632 -0.95067 -0.30303
vn -0.05141 -0.95652 -0.28710
vn -0.04134 -0.96258 -0.26781
vn -0.03680 -0.96845 -0.24647
vn -0.03810 -0.97372 -0.22454
vn -0.04514 -0.97803 -0.20351
vn -0.05746 -0.98109 -0.18482
vn -0.07420 -0.98269 -0.16974
vn -0.09423 -0.98272 -0.15930
vn -0.11618 -0.98118 -0.15420
vn -0.21327 -0.93742 0.27525
vn -0.33616 -0.91189 0.23550
vn -0.44336 -0.88090 0.16566
vn -0.52759 -0.84657 0.07047
vn -0.58310 -0.81123 -0.04356
vn -0.60610 -0.77730 -0.16867
vn -0.59503 -0.74708 -0.29633
vn -0.55065 -0.72263 -0.41784
vn -0.47597 -0.70563 -0.52492
vn -0.37609 -0.69723 -0.61027
vn -0.25781 -0.69799 -0.66809
vn -0.12919 -0.70788 -0.69442
vn 0.00099 -0.72621 -0.68747
vn 0.12388 -0.75174 -0.64772
vn 0.23109 -0.78273 -0.57787
vn 0.31532 -0.81706 -0.48269
vn 0.37082 -0.85240 -0.36866
vn 0.39382 -0.88633 -0.24355
vn 0.38276 -0.91655 -0.11589
vn 0.33837 -0.94100 0.00562
vn 0.26369 -0.95800 0.11271
vn 0.16381 -0.96641 0.19806
vn 0.04553 -0.96564 0.25587
vn -0.08308 -0.95575 0.28220
vn -0.26004 -0.53623 0.80302
vn -0.48600 -0.48806 0.72498
vn -0.68184 -0.43005 0.59174
vn -0.83420 -0.36617 0.41236
vn -0.93269 -0.30075 0.19908
vn -0.97062 -0.23826 -0.03358
vn -0.94539 -0.18296 -0.26975
vn -0.85872 -0.13862 -0.49334
vn -0.71652 -0.10826 -0.68912
vn -0.52848 -0.09394 -0.84373
vn -0.30741 -0.09665 -0.94666
vn -0.06838 -0.11619 -0.99087
vn 0.17232 -0.15124 -0.97336
vn 0.39828 -0.19941 -0.89532
vn 0.59412 -0.25742 -0.76208
vn 0.74648 -0.32130 -0.58270
vn 0.84497 -0.38672 -0.36942
vn 0.88290 -0.44920 -0.13676
vn 0.85767 -0.50450 0.09941
vn 0.77100 -0.54885 0.32300
vn 0.62880 -0.57921 0.51878
vn 0.44076 -0.59353 0.67339
vn 0.21969 -0.59082 0.77632
vn -0.01934 -0.57128 0.82053
vn -0.21688 -0.08095 0.97284
vn -0.45650 -0.02966 0.88923
vn -0.66395 0.03203 0.74709
vn -0.82507 0.09991 0.55612
vn -0.92890 0.16935 0.32933
vn -0.96836 0.23563 0.08216
vn -0.94076 0.29422 -0.16852
vn -0.84798 0.34114 -0.40565
vn -0.69634 0.37318 -0.61306
vn -0.49618 0.38817 -0.77662
vn -0.26114 0.38507 -0.88517
vn -0.00723 0.36411 -0.93133
vn 0.24824 0.32671 -0.91194
vn 0.48786 0.27542 -0.82833
vn 0.69530 0.21373 -0.68620
vn 0.85643 0.14585 -0.49523
vn 0.96026 0.07641 -0.26843
vn 0.99972 0.01013 -0.02127
vn 0.97212 -0.04846 0.22942
vn 0.87934 -0.09538 0.46655
vn 0.72770 -0.12742 0.67396
vn 0.52754 -0.14241 0.83751
vn 0.29250 -0.13931 0.94606
vn 0.03859 -0.11835 0.99222
vn -0.16474 0.24229 0.95611
vn -0.38069 0.28911 0.87834
vn -0.56700 0.34521 0.74789
vn -0.71097 0.40675 0.57366
vn -0.80279 0.46955 0.36750
vn -0.83620 0.52932 0.14348
vn -0.80893 0.58199 -0.08313
vn -0.72284 0.62398 -0.29691
vn -0.58379 0.65241 -0.48327
vn -0.40126 0.66536 -0.62952
vn -0.18769 0.66193 -0.72568
vn 0.04237 0.64237 -0.76522
vn 0.27324 0.60801 -0.74543
vn 0.48919 0.56119 -0.66766
vn 0.67549 0.50509 -0.53721
vn 0.81946 0.44355 -0.36297
vn 0.91128 0.38075 -0.15682
vn 0.94470 0.32098 0.06720
vn 0.91743 0.26831 0.29382
vn 0.83134 0.22632 0.50759
vn 0.69229 0.19789 0.69396
vn 0.50976 0.18494 0.84020
vn 0.29619 0.18837 0.93637
vn 0.06613 0.20793 0.97591
vn -0.10275 0.50859 0.85485
vn -0.27811 0.54717 0.78947
vn -0.42881 0.59318 0.68136
vn -0.54457 0.64350 0.53791
vn -0.61752 0.69469 0.36888
vn -0.64268 0.74327 0.18579
vn -0.61833 0.78592 0.00113
vn -0.54614 0.81973 -0.17253
vn -0.43102 0.84242 -0.32335
vn -0.28082 0.85241 -0.44105
vn -0.10578 0.84905 -0.51762
vn 0.08218 0.83255 -0.54782
vn 0.27025 0.80404 -0.52961
vn 0.44560 0.76546 -0.46422
vn 0.59630 0.71945 -0.35612
vn 0.71206 0.66913 -0.21267
vn 0.78501 0.61794 -0.04363
vn 0.81017 0.56937 0.13945
vn 0.78582 0.52672 0.32412
vn 0.71363 0.49290 0.49778
vn 0.59851 0.47022 0.64860
vn 0.44831 0.46022 0.76630
vn 0.27327 0.46359 0.84286
vn 0.08531 0.48008 0.87306
vn -0.03253 0.72296 0.69012
vn -0.15523 0.75043 0.64247
vn -0.26017 0.78302 0.56497
vn -0.34020 0.81852 0.46292
vn -0.38987 0.85450 0.34326
vn -0.40578 0.88853 0.21415
vn -0.38687 0.91827 0.08439
vn -0.33441 0.94169 -0.03718
vn -0.25198 0.95722 -0.14228
vn -0.14520 0.96377 -0.22373
vn -0.02135 0.96092 -0.27600
vn 0.11114 0.94885 -0.29551
vn 0.24324 0.92839 -0.28095
vn 0.36594 0.90092 -0.23330
vn 0.47088 0.86833 -0.15580
vn 0.55091 0.83283 -0.05375
vn 0.60058 0.79685 0.06591
vn 0.61649 0.76282 0.19502
vn 0.59758 0.73309 0.32478
vn 0.54512 0.70966 0.44635
vn 0.46269 0.69413 0.55145
vn 0.35591 0.68758 0.63290
vn 0.23206 0.69043 0.68517
vn 0.09957 0.70250 0.70468
vn 0.03031 0.86177 0.50640
vn -0.03974 0.87798 0.47705
vn -0.09909 0.89703 0.43072
vn -0.14369 0.91762 0.37057
vn -0.17049 0.93836 0.30069
vn -0.17769 0.95782 0.22585
vn -0.16477 0.97468 0.15115
vn -0.13263 0.98779 0.08168
vn -0.08345 0.99626 0.02217
vn -0.02059 0.99952 -0.02332
vn 0.05167 0.99733 -0.05170
vn 0.12840 0.98984 -0.06102
vn 0.20439 0.97758 -0.05065
vn 0.27444 0.96137 -0.02130
vn 0.33379 0.94232 0.02503
vn 0.37838 0.92172 0.08518
vn 0.40519 0.90099 0.15506
vn 0.41238 0.88152 0.22990
vn 0.39947 0.86466 0.30460
vn 0.36733 0.85155 0.37407
vn 0.31815 0.84308 0.43358
vn 0.25529 0.83983 0.47908
vn 0.18303 0.84202 0.50745
vn 0.10629 0.84950 0.51677
vn -0.12291 -0.96329 -0.23868
vn 0.12291 0.96329 0.23868
vn -0.24330 -0.96840 -0.05483
vn -0.29871 -0.94716 -0.11689
vn -0.22740 -0.95085 -0.21015
vn 0.08333 -0.94549 -0.31480
vn 0.09519 -0.97090 -0.21976
vn 0.01153 -0.99761 -0.06819
vn -0.06737 -0.99714 -0.03432
vn -0.13138 -0.98254 -0.13171
vn -0.13088 -0.88588 -0.44506
vn -0.03442 -0.90237 -0.42958
vn 0.08467 -0.94722 -0.30919
vn 0.09112 -0.96972 -0.22658
vn -0.02265 -0.97971 -0.19914
vn -0.32996 -0.90086 -0.28210
vn -0.28225 -0.88609 -0.36767
vn -0.12496 -0.88688 -0.44478
vn -0.04228 -0.90280 -0.42798
vn -0.05147 -0.94627 -0.31926
vn -0.23877 -0.96973 -0.05111
vn -0.30581 -0.94455 -0.11959
vn -0.32766 -0.89997 -0.28758
vn -0.28320 -0.88885 -0.36019
vn -0.17801 -0.92844 -0.32607
vn 0.01665 -0.99731 -0.07132
vn -0.07254 -0.99697 -0.02817
vn -0.24841 -0.93851 -0.23978
vn -0.67516 -0.70323 -0.22279
vn -0.66020 -0.63737 -0.39736
vn 0.29797 -0.47621 -0.82731
vn 0.22197 -0.63089 -0.74344
vn -0.16763 -0.97854 -0.11980
vn -0.32221 -0.88605 0.33331
vn -0.49046 -0.82619 0.27725
vn -0.61038 -0.39520 -0.68648
vn -0.53366 -0.56213 -0.63184
vn -0.02366 -0.98660 -0.16141
vn 0.33782 -0.92744 0.16043
vn 0.22289 -0.92486 0.30814
vn -0.78044 -0.59282 0.19868
vn -0.68053 -0.72545 0.10295
vn -0.01547 -0.95155 -0.30711
vn 0.39280 -0.77019 -0.50251
vn 0.49403 -0.79703 -0.34738
vn 0.02280 -0.79597 0.60491
vn -0.01567 -0.89516 0.44547
vn -0.15437 -0.92182 -0.35554
vn -0.23326 -0.63162 -0.73936
vn -0.05175 -0.61936 -0.78340
vn 0.68929 -0.72390 -0.02919
vn 0.54211 -0.83672 -0.07763
vn 0.23940 0.20462 -0.94911
vn -0.84268 0.22265 -0.49022
vn -0.86574 0.21885 -0.45010
vn 0.28122 0.19981 -0.93861
vn 0.23238 0.21186 -0.94927
vn -0.84199 0.22853 -0.48869
vn -0.76057 -0.06925 0.64555
vn -0.72982 -0.07829 0.67914
vn -0.81810 0.23731 -0.52383
vn -0.84544 0.23323 -0.48046
vn -0.75978 -0.06339 0.64709
vn 0.37158 -0.27358 0.88718
vn 0.41417 -0.27127 0.86883
vn -0.78632 -0.04914 0.61586
vn -0.75385 -0.05964 0.65433
vn 0.37243 -0.26770 0.88861
vn 0.98919 -0.10797 -0.09926
vn 0.98528 -0.09339 -0.14317
vn 0.33264 -0.26367 0.90544
vn 0.38056 -0.26200 0.88686
vn 0.98995 -0.10206 -0.09789
vn 0.23873 0.19872 -0.95054
vn 0.19425 0.20952 -0.95831
vn 0.99241 -0.10981 -0.05527
vn 0.99008 -0.09421 -0.10422
vn 0.30611 0.90015 -0.30989
vn -0.34350 0.87276 -0.34685
vn -0.57724 0.77056 -0.27025
vn 0.12679 0.83541 -0.53480
vn 0.06421 0.87927 -0.47197
vn -0.32308 0.93684 -0.13396
vn -0.56124 0.70865 0.42758
vn -0.54934 0.54258 0.63548
vn -0.58158 0.81051 -0.06952
vn -0.54911 0.83550 0.02053
vn -0.36467 0.78479 0.50112
vn 0.11821 0.51799 0.84718
vn 0.34080 0.37258 0.86316
vn -0.36857 0.58763 0.72031
vn -0.27750 0.62518 0.72948
vn 0.23882 0.65412 0.71770
vn 0.75587 0.56425 0.33209
vn 0.86305 0.49550 0.09814
vn 0.47145 0.47477 0.74318
vn 0.50368 0.53897 0.67515
vn 0.65339 0.72541 0.21647
vn 0.47051 0.78351 -0.40586
vn 0.29567 0.74146 -0.60234
vn 0.77760 0.62791 -0.03252
vn 0.71487 0.69600 -0.06739
vn 0.18766 0.98046 -0.05904
vn 0.07602 0.99481 -0.06768
vn -0.05669 0.99839 -0.00059
vn 0.05332 0.99849 0.01354
vn 0.01763 0.99984 0.00073
vn -0.13768 0.98710 0.08170
vn -0.18353 0.96590 0.18266
vn -0.16361 0.93114 0.32590
vn -0.11526 0.96579 0.23230
vn -0.13885 0.95552 0.26018
vn -0.11080 0.89885 0.42402
vn -0.02782 0.86878 0.49442
vn 0.11772 0.84792 0.51690
vn 0.04049 0.89185 0.45052
vn 0.06055 0.87598 0.47854
vn 0.23116 0.83766 0.49485
vn 0.32795 0.83767 0.43675
vn 0.39853 0.86374 0.30844
vn 0.30532 0.87884 0.36662
vn 0.34027 0.87113 0.35403
vn 0.41562 0.88810 0.19631
vn 0.39213 0.91556 0.08936
vn 0.29074 0.95673 -0.01138
vn 0.31325 0.94475 0.09655
vn 0.31374 0.94769 0.05873
vn -0.12291 -0.96329 -0.23868
vn 0.12291 0.96329 0.23868
vn -0.22408 -0.65644 0.72033
vn 0.55815 -0.78407 0.27149
vn 0.64544 -0.48859 -0.58710
vn -0.05200 -0.06501 -0.99653
vn -0.83580 0.06166 -0.54556
vn -0.92040 -0.23444 0.31288
vn -0.26537 -0.22260 0.93810
vn 0.66264 -0.42889 0.61397
vn 0.94187 -0.14660 -0.30231
vn 0.30440 0.33564 -0.89145
vn -0.61372 0.54003 -0.57594
vn -0.90383 0.26417 0.33662
vn -0.29575 -0.30896 0.90392
vn 0.64590 -0.47332 0.59898
vn 0.95470 -0.11107 -0.27608
vn 0.33506 0.41101 -0.84782
vn -0.59837 0.57919 -0.55361
vn -0.92027 0.22190 0.32229
vn -0.34334 0.02192 0.93895
vn 0.54330 -0.21290 0.81209
vn 0.99532 0.07772 0.05748
vn 0.56017 0.60215 -0.56888
vn -0.32511 0.83642 -0.44126
vn -0.77689 0.54686 0.31208
vn -0.34090 -0.88144 -0.32688
vn 0.28668 0.81901 0.49704
vn 0.31156 -0.89842 0.30947
vn 0.26724 -0.88732 0.37582
vn 0.19136 -0.88542 0.42358
vn 0.08807 -0.89018 0.44701
vn -0.03477 -0.89704 0.44058
vn -0.16403 -0.90100 0.40162
vn -0.28316 -0.89927 0.33338
vn -0.37722 -0.89307 0.24524
vn -0.43736 -0.88681 0.14930
vn -0.46119 -0.88551 0.05639
vn -0.45000 -0.89266 -0.02561
vn -0.40611 -0.90927 -0.09109
vn -0.33196 -0.93354 -0.13531
vn -0.23113 -0.96071 -0.15368
vn -0.11060 -0.98359 -0.14254
vn 0.01750 -0.99471 -0.10119
vn 0.13713 -0.98997 -0.03397
vn 0.23312 -0.97115 0.05021
vn 0.29578 -0.94480 0.14097
vn 0.32174 -0.91859 0.22952
vn 0.56549 -0.72011 0.40206
vn 0.49065 -0.70543 0.51149
vn 0.36923 -0.71031 0.59927
vn 0.19757 -0.73008 0.65418
vn -0.02025 -0.75399 0.65658
vn -0.25818 -0.76644 0.58814
vn -0.46945 -0.75791 0.45297
vn -0.61640 -0.73504 0.28244
vn -0.69200 -0.71335 0.11079
vn -0.70795 -0.70493 -0.04339
vn -0.67646 -0.71550 -0.17454
vn -0.60289 -0.74656 -0.28138
vn -0.48569 -0.79634 -0.36049
vn -0.32028 -0.85753 -0.40257
vn -0.10864 -0.91339 -0.39233
vn 0.12630 -0.93973 -0.31775
vn 0.33961 -0.92184 -0.18676
vn 0.49234 -0.86995 -0.02808
vn 0.57440 -0.80813 0.13034
vn 0.59509 -0.75522 0.27479
vn 0.76319 -0.46079 0.45301
vn 0.66982 -0.44099 0.59738
vn 0.52447 -0.44238 0.72748
vn 0.30692 -0.46294 0.83155
vn 0.00056 -0.49328 0.86987
vn -0.35949 -0.51023 0.78130
vn -0.66254 -0.49605 0.56123
vn -0.83399 -0.46580 0.29579
vn -0.89444 -0.44364 0.05620
vn -0.88657 -0.44019 -0.14223
vn -0.83419 -0.45783 -0.30743
vn -0.74237 -0.49760 -0.44864
vn -0.60201 -0.56070 -0.56851
vn -0.39254 -0.64463 -0.65603
vn -0.09518 -0.73085 -0.67587
vn 0.26026 -0.77353 -0.57785
vn 0.56716 -0.73799 -0.36566
vn 0.74746 -0.65368 -0.11837
vn 0.81623 -0.56826 0.10417
vn 0.81368 -0.50284 0.29168
vn 0.87630 -0.15802 0.45511
vn 0.77553 -0.12920 0.61795
vn 0.62389 -0.10796 0.77402
vn 0.38837 -0.09355 0.91675
vn 0.02658 -0.08581 0.99596
vn -0.42999 -0.08365 0.89895
vn -0.79327 -0.08567 0.60281
vn -0.95894 -0.09321 0.26785
vn -0.99418 -0.10742 -0.00768
vn -0.96593 -0.12844 -0.22470
vn -0.90065 -0.15701 -0.40518
vn -0.80059 -0.19510 -0.56656
vn -0.65124 -0.24585 -0.71794
vn -0.41967 -0.31149 -0.85255
vn -0.06280 -0.38281 -0.92169
vn 0.39111 -0.41942 -0.81922
vn 0.75691 -0.38475 -0.52826
vn 0.92749 -0.31370 -0.20336
vn 0.96674 -0.24764 0.06395
vn 0.94081 -0.19645 0.27619
vn 0.89813 0.15802 0.41035
vn 0.79686 0.19645 0.57133
vn 0.64558 0.24764 0.72243
vn 0.41077 0.31370 0.85607
vn 0.04973 0.38475 0.92168
vn -0.40477 0.41942 0.81256
vn -0.76496 0.38281 0.51796
vn -0.93020 0.31149 0.19418
vn -0.96669 0.24585 -0.07117
vn -0.93935 0.19510 -0.28207
vn -0.87378 0.15701 -0.46027
vn -0.77175 0.12844 -0.62282
vn -0.61813 0.10742 -0.77870
vn -0.37932 0.09321 -0.92056
vn -0.01337 0.08567 -0.99623
vn 0.44365 0.08365 -0.89229
vn 0.80119 0.08581 -0.59223
vn 0.96151 0.09355 -0.25837
vn 0.99404 0.10796 0.01510
vn 0.96442 0.12920 0.23067
vn 0.82684 0.46079 0.32249
vn 0.73080 0.50284 0.46161
vn 0.58461 0.56826 0.57906
vn 0.36690 0.65368 0.66188
vn 0.06103 0.73799 0.67204
vn -0.29512 0.77353 0.56085
vn -0.59119 0.73085 0.34110
vn -0.75862 0.64463 0.09457
vn -0.81863 0.56070 -0.12438
vn -0.81058 0.49760 -0.30879
vn -0.75584 0.45783 -0.46808
vn -0.65791 0.44019 -0.61106
vn -0.50639 0.44364 -0.73943
vn -0.28037 0.46580 -0.83930
vn 0.03435 0.49605 -0.86762
vn 0.39435 0.51023 -0.76430
vn 0.68581 0.49328 -0.53511
vn 0.84424 0.46294 -0.27010
vn 0.89616 0.44238 -0.03459
vn 0.88313 0.44099 0.16004
vn 0.66498 0.72011 0.19808
vn 0.58291 0.75522 0.29976
vn 0.45634 0.80813 0.37239
vn 0.28099 0.86995 0.40526
vn 0.06192 0.92184 0.38260
vn -0.17263 0.93973 0.29515
vn -0.37604 0.91339 0.15594
vn -0.51442 0.85753 -0.00454
vn -0.58309 0.79634 -0.16078
vn -0.59290 0.74656 -0.30185
vn -0.55401 0.71550 -0.42560
vn -0.47005 0.70493 -0.53116
vn -0.33874 0.71335 -0.61351
vn -0.15693 0.73504 -0.65962
vn 0.06792 0.75791 -0.64881
vn 0.30451 0.76644 -0.56555
vn 0.50492 0.75399 -0.42018
vn 0.63713 0.73008 -0.24707
vn 0.69955 0.71031 -0.07799
vn 0.70514 0.70543 0.07173
vn 0.43568 0.89842 0.05499
vn 0.37895 0.91859 0.11223
vn 0.29319 0.94480 0.14629
vn 0.18309 0.97115 0.15279
vn 0.05765 0.98997 0.12897
vn -0.06897 0.99471 0.07609
vn -0.18041 0.98359 0.00060
vn -0.26340 0.96071 -0.08752
vn -0.31100 0.93354 -0.17829
vn -0.32181 0.90927 -0.26394
vn -0.29723 0.89266 -0.33884
vn -0.23950 0.88551 -0.39815
vn -0.15161 0.88681 -0.43657
vn -0.03899 0.89307 -0.44823
vn 0.08838 0.89927 -0.42838
vn 0.21550 0.90100 -0.37652
vn 0.32578 0.89704 -0.29865
vn 0.40647 0.89018 -0.20581
vn 0.45160 0.88542 -0.10998
vn 0.46068 0.88732 -0.02079
vn -0.07612 -0.98481 0.15607
vn 0.07612 0.98481 -0.15607
vn 0.42038 -0.89842 0.12697
vn 0.41240 -0.88732 0.20637
vn 0.36782 -0.88542 0.28416
vn 0.28762 -0.89018 0.35335
vn 0.17615 -0.89704 0.40533
vn 0.04372 -0.90100 0.43162
vn -0.09350 -0.89927 0.42729
vn -0.21793 -0.89307 0.39362
vn -0.31607 -0.88681 0.33716
vn -0.38073 -0.88551 0.26631
vn -0.40935 -0.89266 0.18865
vn -0.40134 -0.90927 0.11023
vn -0.35663 -0.93354 0.03638
vn -0.27623 -0.96071 -0.02718
vn -0.16457 -0.98359 -0.07393
vn -0.03206 -0.99471 -0.09756
vn 0.10513 -0.98997 -0.09437
vn 0.22940 -0.97115 -0.06511
vn 0.32734 -0.94480 -0.01439
vn 0.39184 -0.91859 0.05161
vn 0.68806 -0.72011 0.08951
vn 0.67335 -0.70543 0.22127
vn 0.60735 -0.71031 0.35578
vn 0.48156 -0.73008 0.48485
vn 0.29037 -0.75399 0.58923
vn 0.04815 -0.76644 0.64051
vn -0.20184 -0.75791 0.62034
vn -0.41165 -0.73504 0.53876
vn -0.55899 -0.71335 0.42269
vn -0.64545 -0.70493 0.29405
vn -0.67922 -0.71550 0.16347
vn -0.66442 -0.74656 0.03460
vn -0.59808 -0.79634 -0.09028
vn -0.47179 -0.85753 -0.20509
vn -0.28011 -0.91339 -0.29540
vn -0.03765 -0.93973 -0.33985
vn 0.21218 -0.92184 -0.32434
vn 0.42153 -0.86995 -0.25593
vn 0.56835 -0.80813 -0.15458
vn 0.65444 -0.75522 -0.03675
vn 0.88653 -0.46079 0.04169
vn 0.87187 -0.44099 0.21300
vn 0.80461 -0.44238 0.39610
vn 0.66139 -0.46294 0.59013
vn 0.40887 -0.49328 0.76779
vn 0.04939 -0.51023 0.85862
vn -0.32151 -0.49605 0.80658
vn -0.59751 -0.46580 0.65270
vn -0.76336 -0.44364 0.46953
vn -0.84957 -0.44019 0.29064
vn -0.88088 -0.45783 0.12018
vn -0.86610 -0.49760 -0.04760
vn -0.79844 -0.56070 -0.21934
vn -0.65457 -0.64463 -0.39495
vn -0.40134 -0.73085 -0.55207
vn -0.04149 -0.77353 -0.63240
vn 0.32910 -0.73799 -0.58912
vn 0.60439 -0.65368 -0.45542
vn 0.76959 -0.56826 -0.29122
vn 0.85537 -0.50284 -0.12446
vn 0.98739 -0.15802 -0.00956
vn 0.97486 -0.12920 0.18153
vn 0.91424 -0.10796 0.39052
vn 0.77329 -0.09355 0.62711
vn 0.49104 -0.08581 0.86690
vn 0.04237 -0.08365 0.99559
vn -0.41742 -0.08567 0.90467
vn -0.72095 -0.09321 0.68669
vn -0.88142 -0.10742 0.45996
vn -0.95835 -0.12844 0.25508
vn -0.98545 -0.15701 0.06508
vn -0.97287 -0.19510 -0.12438
vn -0.91206 -0.24585 -0.32817
vn -0.77080 -0.31149 -0.55574
vn -0.48816 -0.38281 -0.78432
vn -0.03927 -0.41942 -0.90694
vn 0.42031 -0.38475 -0.82177
vn 0.72345 -0.31370 -0.61499
vn 0.88360 -0.24764 -0.39739
vn 0.96035 -0.19645 -0.19782
vn 0.98565 0.15802 -0.05934
vn 0.97181 0.19645 0.13035
vn 0.90917 0.24764 0.33479
vn 0.76459 0.31370 0.56302
vn 0.47661 0.38475 0.79045
vn 0.02409 0.41942 0.90747
vn -0.43226 0.38281 0.81646
vn -0.73016 0.31149 0.60815
vn -0.88695 0.24585 0.39099
vn -0.96182 0.19510 0.19194
vn -0.98759 0.15701 0.00382
vn -0.97381 0.12844 -0.18760
vn -0.91136 0.10742 -0.39736
vn -0.76709 0.09321 -0.63473
vn -0.47951 0.08567 -0.87335
vn -0.02718 0.08365 -0.99612
vn 0.42937 0.08581 -0.89904
vn 0.72766 0.09355 -0.67953
vn 0.88477 0.10796 -0.45334
vn 0.95982 0.12920 -0.24909
vn 0.88146 0.46079 -0.10343
vn 0.86197 0.50284 0.06448
vn 0.78803 0.56826 0.23682
vn 0.63469 0.65368 0.41215
vn 0.36940 0.73799 0.56473
vn 0.00273 0.77353 0.63375
vn -0.36185 0.73085 0.57872
vn -0.62543 0.64463 0.43965
vn -0.78120 0.56070 0.27450
vn -0.86067 0.49760 0.10790
vn -0.88712 0.45783 -0.05845
vn -0.86777 0.44019 -0.23066
vn -0.79426 0.44364 -0.41514
vn -0.64158 0.46580 -0.60943
vn -0.37699 0.49605 -0.78219
vn -0.01063 0.51023 -0.85997
vn 0.35432 0.49328 -0.79444
vn 0.61861 0.46294 -0.63483
vn 0.77502 0.44238 -0.45126
vn 0.85489 0.44099 -0.27330
vn 0.68014 0.72011 -0.13729
vn 0.65541 0.75522 -0.00899
vn 0.57775 0.80813 0.11456
vn 0.43836 0.86995 0.22590
vn 0.23429 0.92184 0.30875
vn -0.01385 0.93973 0.34165
vn -0.25882 0.91339 0.31422
vn -0.45634 0.85753 0.23750
vn -0.59032 0.79634 0.13178
vn -0.66521 0.74656 0.01183
vn -0.68897 0.71550 -0.11569
vn -0.66439 0.70493 -0.24831
vn -0.58711 0.71335 -0.38267
vn -0.44823 0.73504 -0.50873
vn -0.24462 0.75791 -0.60475
vn 0.00336 0.76644 -0.64231
vn 0.24856 0.75399 -0.60805
vn 0.44657 0.73008 -0.51726
vn 0.58105 0.71031 -0.39728
vn 0.65628 0.70543 -0.26771
vn 0.41050 0.89842 -0.15599
vn 0.38728 0.91859 -0.07881
vn 0.32755 0.94480 -0.00848
vn 0.23338 0.97115 0.04895
vn 0.11145 0.98997 0.08681
vn -0.02517 0.99471 0.09956
vn -0.15901 0.98359 0.08523
vn -0.27366 0.96071 0.04639
vn -0.35830 0.93354 -0.01141
vn -0.40806 0.90927 -0.08196
vn -0.42152 0.89266 -0.15963
vn -0.39838 0.88551 -0.23910
vn -0.33882 0.88681 -0.31429
vn -0.24486 0.89307 -0.37746
vn -0.12308 0.89927 -0.41973
vn 0.01351 0.90100 -0.43362
vn 0.14744 0.89704 -0.41663
vn 0.26227 0.89018 -0.37255
vn 0.34710 0.88542 -0.30912
vn 0.39700 0.88732 -0.23463
vn 0.00606 -0.98481 0.17354
vn -0.00606 0.98481 -0.17354
vn -0.86506 0.27201 -0.42153
vn -0.48478 0.87443 0.01909
vn -0.18797 0.72060 0.66739
vn -0.17323 -0.15406 0.97276
vn -0.43315 -0.77015 0.46824
vn -0.77614 -0.61108 -0.15554
vn -0.67922 0.12526 -0.72316
vn -0.28651 0.92702 -0.24198
vn 0.09023 0.86504 0.49352
vn 0.20110 -0.07094 0.97700
vn -0.12028 -0.88081 0.45794
vn -0.50737 -0.81765 -0.27206
vn -0.46891 0.00000 -0.88324
vn -0.11963 0.90052 -0.41802
vn 0.27924 0.90052 0.33329
vn 0.46891 0.00000 0.88324
vn 0.11963 -0.90052 0.41802
vn -0.27924 -0.90052 -0.33329
vn -0.21849 -0.12526 -0.96777
vn 0.05889 0.81765 -0.57269
vn 0.44671 0.88081 0.15693
vn 0.69661 0.07094 0.71393
vn 0.35825 -0.86504 0.35123
vn -0.03993 -0.92702 -0.37289
vn 0.13547 -0.27201 -0.95271
vn 0.30598 0.61108 -0.73004
vn 0.63053 0.77015 -0.09646
vn 0.90281 0.15406 0.40149
vn 0.65812 -0.72060 0.21820
vn 0.28741 -0.87443 -0.39087
vn -0.87883 0.09983 0.46657
vn 0.87883 -0.09983 -0.46657
vn -0.95252 0.27456 0.13164
vn -0.37138 0.88801 0.27113
vn 0.26368 0.73243 0.62771
vn 0.46239 -0.16252 0.87165
vn -0.05947 -0.78953 0.61083
vn -0.71715 -0.62878 0.30056
vn -0.97091 0.12390 -0.20491
vn -0.36794 0.92886 -0.04285
vn 0.37226 0.86677 0.33185
vn 0.74973 -0.07334 0.65767
vn 0.18004 -0.88591 0.42749
vn -0.56498 -0.82272 0.06266
vn -0.89852 0.00000 -0.43894
vn -0.34249 0.90052 -0.26787
vn 0.42181 0.90052 0.10550
vn 0.89852 0.00000 0.43894
vn 0.34249 -0.90052 0.26787
vn -0.42181 -0.90052 -0.10550
vn -0.75841 -0.12390 -0.63989
vn -0.29785 0.82272 -0.48417
vn 0.44787 0.88591 -0.12075
vn 0.97959 0.07334 0.18713
vn 0.49058 -0.86677 0.08965
vn -0.25996 -0.92886 -0.26389
vn -0.48164 -0.27456 -0.83225
vn -0.20373 0.62878 -0.75042
vn 0.44526 0.78953 -0.42237
vn 0.97177 0.16252 -0.17104
vn 0.65720 -0.73243 -0.17784
vn -0.01441 -0.88801 -0.45960
vn -0.43675 0.09983 0.89403
vn 0.43675 -0.09983 -0.89403
vn -0.66822 0.27201 0.69246
vn -0.13165 0.87443 0.46696
vn 0.57664 0.72060 0.38500
vn 0.87162 -0.15406 0.46535
vn 0.31147 -0.77015 0.55664
vn -0.38777 -0.61108 0.69008
vn -0.89766 0.12526 0.42251
vn -0.31867 0.92702 0.19771
vn 0.49725 0.86504 0.06670
vn 0.99132 -0.07094 0.11065
vn 0.39836 -0.88081 0.25591
vn -0.41553 -0.81765 0.39847
vn -0.98492 0.00000 0.17303
vn -0.43453 0.90052 -0.01540
vn 0.40327 0.90052 -0.16258
vn 0.98492 0.00000 -0.17303
vn 0.43453 -0.90052 0.01540
vn -0.40327 -0.90052 0.16258
vn -0.98792 -0.12526 -0.09126
vn -0.52646 0.81765 -0.23298
vn 0.28729 0.88081 -0.37636
vn 0.89426 0.07094 -0.44190
vn 0.44474 -0.86504 -0.23218
vn -0.36698 -0.92702 -0.07725
vn -0.86422 -0.27201 -0.42325
vn -0.59975 0.61108 -0.51660
vn 0.10310 0.77015 -0.62947
vn 0.66082 0.15406 -0.73456
vn 0.41089 -0.72060 -0.55849
vn -0.28292 -0.87443 -0.39413
vn 0.17216 0.09983 0.98000
vn -0.17216 -0.09983 -0.98000
vn -0.96165 0.27201 0.03515
vn -0.41877 0.87443 0.24498
vn 0.14821 0.72060 0.67733
vn 0.30492 -0.15406 0.93984
vn -0.16184 -0.77015 0.61699
vn -0.75802 -0.61108 0.22800
vn -0.93963 0.12526 -0.31845
vn -0.36667 0.92702 -0.07869
vn 0.31186 0.86504 0.39300
vn 0.63721 -0.07094 0.76742
vn 0.10937 -0.88081 0.46067
vn -0.57571 -0.81765 -0.00129
vn -0.82939 0.00000 -0.55867
vn -0.30227 0.90052 -0.31255
vn 0.40323 0.90052 0.16267
vn 0.82939 0.00000 0.55867
vn 0.30227 -0.90052 0.31255
vn -0.40323 -0.90052 -0.16267
vn -0.64820 -0.12526 -0.75109
vn -0.21754 0.81765 -0.53303
vn 0.46801 0.88081 -0.07175
vn 0.95063 0.07094 0.30212
vn 0.48139 -0.86504 0.14132
vn -0.21071 -0.92702 -0.31023
vn -0.32880 -0.27201 -0.90438
vn -0.07356 0.61108 -0.78814
vn 0.51095 0.77015 -0.38183
vn 0.98554 0.15406 -0.07060
vn 0.68338 -0.72060 -0.11718
vn 0.06966 -0.87443 -0.48013
vn -0.55588 0.09983 0.82525
vn 0.55588 -0.09983 -0.82525
vn -0.77851 0.27456 0.56440
vn -0.20009 0.88801 0.41400
vn 0.52805 0.73243 0.42978
vn 0.81818 -0.16252 0.55151
vn 0.23497 -0.78953 0.56696
vn -0.49134 -0.62878 0.60268
vn -0.95311 0.12390 0.27609
vn -0.34482 0.92886 0.13534
vn 0.48463 0.86677 0.11763
vn 0.97102 -0.07334 0.22748
vn 0.36003 -0.88591 0.29248
vn -0.46903 -0.82272 0.32116
vn -0.99937 0.00000 0.03553
vn -0.42826 0.90052 -0.07518
vn 0.42183 0.90052 -0.10541
vn 0.99937 -0.00000 -0.03553
vn 0.42826 -0.90052 0.07518
vn -0.42183 -0.90052 0.10541
vn -0.97031 -0.12390 -0.20771
vn -0.49065 0.82272 -0.28704
vn 0.33835 0.88591 -0.31731
vn 0.95241 0.07334 -0.29587
vn 0.47505 -0.86677 -0.15175
vn -0.35356 -0.92886 -0.11051
vn -0.81663 -0.27456 -0.50768
vn -0.53290 0.62878 -0.56627
vn 0.19411 0.78953 -0.58221
vn 0.77695 0.16252 -0.60822
vn 0.49619 -0.73243 -0.46619
vn -0.22899 -0.88801 -0.39875
vn 0.03535 0.09983 0.99438
vn -0.03535 -0.09983 -0.99438
vn -0.26374 0.27201 0.92545
vn 0.10358 0.87443 0.47397
vn 0.68997 0.72060 0.06835
vn 0.98806 -0.15406 0.00043
vn 0.53678 -0.77015 0.34458
vn -0.01740 -0.61108 0.79138
vn -0.59323 0.12526 0.79523
vn -0.18814 0.92702 0.32441
vn 0.47014 0.86504 -0.17515
vn 0.92677 -0.07094 -0.36887
vn 0.47192 -0.88081 0.03833
vn -0.17913 -0.81765 0.54713
vn -0.78762 -0.00000 0.61616
vn -0.39066 0.90052 0.19090
vn 0.27931 0.90052 -0.33323
vn 0.78762 0.00000 -0.61616
vn 0.39066 -0.90052 -0.19090
vn -0.27931 -0.90052 0.33323
vn -0.91464 -0.12526 0.38438
vn -0.57417 0.81765 0.04217
vn 0.07638 0.88081 -0.46728
vn 0.58110 0.07094 -0.81074
vn 0.28316 -0.86504 -0.41416
vn -0.36016 -0.92702 0.10453
vn -0.96172 -0.27201 0.03324
vn -0.77230 0.61108 -0.17359
vn -0.20525 0.77015 -0.60394
vn 0.23740 0.15406 -0.95912
vn 0.09973 -0.72060 -0.68614
vn -0.43511 -0.87443 -0.21462
vn 0.61308 0.09983 0.78369
vn -0.61308 -0.09983 -0.78369
vn -0.62668 0.26827 -0.73165
vn -0.38285 0.90994 -0.15952
vn -0.27619 0.75890 0.58973
vn -0.34883 -0.16855 0.92191
vn -0.46552 -0.82321 0.32499
vn -0.61803 -0.66749 -0.41533
vn -0.33371 0.08346 -0.93898
vn -0.11076 0.92555 -0.36206
vn 0.04413 0.88345 0.46644
vn 0.03022 -0.05244 0.99817
vn -0.14629 -0.89927 0.41219
vn -0.30575 -0.85671 -0.41542
vn -0.04360 -0.08346 -0.99556
vn 0.12724 0.85671 -0.49987
vn 0.29046 0.89927 0.32701
vn 0.34709 0.05244 0.93636
vn 0.13438 -0.88345 0.44884
vn -0.03342 -0.92555 -0.37714
vn 0.30581 -0.26827 -0.91352
vn 0.41666 0.66749 -0.61713
vn 0.55352 0.82321 0.12623
vn 0.66970 0.16855 0.72326
vn 0.47756 -0.75890 0.44272
vn 0.29484 -0.90994 -0.29170
vn -0.97660 0.09983 0.19047
vn 0.97660 -0.09983 -0.19047
vn -0.92863 0.26941 -0.25508
vn -0.38692 0.91918 0.07354
vn 0.14843 0.76707 0.62415
vn 0.28997 -0.17539 0.94083
vn -0.16602 -0.83777 0.52017
vn -0.73215 -0.68114 0.00261
vn -0.81549 0.08245 -0.57287
vn -0.29617 0.92572 -0.23520
vn 0.31700 0.88359 0.34464
vn 0.62003 -0.05368 0.78274
vn 0.13070 -0.90136 0.41287
vn -0.48543 -0.85880 -0.16380
vn -0.62934 -0.08245 -0.77275
vn -0.19786 0.85880 -0.47257
vn 0.42111 0.90136 0.10105
vn 0.82480 0.05368 0.56287
vn 0.36628 -0.88359 0.29173
vn -0.25564 -0.92572 -0.27872
vn -0.32038 -0.26941 -0.90817
vn -0.04940 0.68114 -0.73049
vn 0.50706 0.83777 -0.20254
vn 0.95905 0.17539 0.22242
vn 0.63312 -0.76707 0.10373
vn 0.04588 -0.91918 -0.39116
vn -0.67813 0.09983 0.72813
vn 0.67813 -0.09983 -0.72813
vn -0.88949 0.26827 0.36992
vn -0.27002 0.90994 0.31481
vn 0.47552 0.75890 0.44491
vn 0.76899 -0.16855 0.61664
vn 0.16523 -0.82321 0.54316
vn -0.58598 -0.66749 0.45943
vn -0.99614 0.08346 0.02721
vn -0.37857 0.92555 -0.00655
vn 0.45725 0.88345 0.10217
vn 0.95865 -0.05244 0.27971
vn 0.34681 -0.89927 0.26651
vn -0.48957 -0.85671 0.16242
vn -0.96030 -0.08346 -0.26618
vn -0.43608 0.85671 -0.27548
vn 0.40076 0.89927 -0.17519
vn 0.99779 0.05244 -0.04075
vn 0.46840 -0.88345 0.01089
vn -0.36901 -0.92555 -0.08476
vn -0.77430 -0.26827 -0.57314
vn -0.45817 0.66749 -0.58697
vn 0.29110 0.82321 -0.48742
vn 0.89480 0.16855 -0.41342
vn 0.56863 -0.75890 -0.31737
vn -0.18631 -0.90994 -0.37055
vn -0.12064 0.09983 0.98766
vn 0.12064 -0.09983 -0.98766
vn -0.94048 0.26827 0.20865
vn -0.32092 0.90994 0.26273
vn 0.39038 0.75890 0.52122
vn 0.64929 -0.16855 0.74163
vn 0.06768 -0.82321 0.56369
vn -0.65730 -0.66749 0.34987
vn -0.98555 0.08346 -0.14742
vn -0.37159 0.92555 -0.07266
vn 0.43233 0.88345 0.18056
vn 0.89495 -0.05244 0.44307
vn 0.29486 -0.89927 0.32305
vn -0.51043 -0.85671 0.07429
vn -0.89895 -0.08346 -0.43003
vn -0.38118 0.85671 -0.34750
vn 0.42523 0.89927 -0.10240
vn 0.98954 0.05244 0.13439
vn 0.45927 -0.88345 0.09265
vn -0.34850 -0.92555 -0.14799
vn -0.66213 -0.26827 -0.69972
vn -0.34845 0.66749 -0.65805
vn 0.37187 0.82321 -0.42900
vn 0.95332 0.16855 -0.25055
vn 0.61537 -0.75890 -0.21303
vn -0.11863 -0.90994 -0.39742
vn -0.29151 0.09983 0.95134
vn 0.29151 -0.09983 -0.95134
vn -0.66207 0.26941 0.69934
vn -0.11719 0.91918 0.37601
vn 0.62057 0.76707 0.16275
vn 0.96660 -0.17539 0.18689
vn 0.38084 -0.83777 0.39127
vn -0.34224 -0.68114 0.64724
vn -0.88923 0.08245 0.44997
vn -0.34691 0.92572 0.15065
vn 0.45327 0.88359 -0.11753
vn 0.98243 -0.05368 -0.17873
vn 0.42581 -0.90136 0.07897
vn -0.37296 -0.85880 0.35124
vn -0.97799 -0.08245 0.19165
vn -0.51008 0.85880 -0.04781
vn 0.28733 0.90136 -0.32402
vn 0.88479 0.05368 -0.46288
vn 0.42977 -0.88359 -0.18590
vn -0.36623 -0.92572 0.09440
vn -0.95209 -0.26941 -0.14468
vn -0.66779 0.68114 -0.30017
vn 0.05990 0.83777 -0.54272
vn 0.64757 0.17539 -0.74155
vn 0.38946 -0.76707 -0.50982
vn -0.32355 -0.91918 -0.22456
vn 0.32335 0.09983 0.94100
vn -0.32335 -0.09983 -0.94100
vn -0.09219 0.26827 0.95892
vn 0.15071 0.90994 0.38640
vn 0.61634 0.75890 -0.21021
vn 0.90597 -0.16855 -0.38834
vn 0.55701 -0.82321 0.10982
vn 0.12963 -0.66749 0.73325
vn -0.44476 0.08346 0.89175
vn -0.18393 0.92555 0.33095
vn 0.30532 0.88345 -0.35538
vn 0.69794 -0.05244 -0.71424
vn 0.39836 -0.89927 -0.18060
vn -0.08708 -0.85671 0.50840
vn -0.68677 -0.08346 0.72207
vn -0.44828 0.85671 0.25514
vn 0.03401 0.89927 -0.43606
vn 0.43359 0.05244 -0.89958
vn 0.23003 -0.88345 -0.40817
vn -0.24844 -0.92555 0.28571
vn -0.87009 -0.26827 0.41350
vn -0.73352 0.66749 0.12805
vn -0.29309 0.82321 -0.48623
vn 0.05630 0.16855 -0.98408
vn -0.01244 -0.75890 -0.65108
vn -0.41463 -0.90994 -0.00999
vn 0.81470 0.09983 0.57123
vn -0.81470 -0.09983 -0.57123
usemtl FroggyShoulderPal
s 1
f 37/38/37 38/39/38 2/2/2 1/1/1
f 38/39/38 39/40/39 3/3/3 2/2/2
f 39/40/39 40/41/40 4/4/4 3/3/3
f 40/41/40 41/42/41 5/5/5 4/4/4
f 41/42/41 42/43/42 6/6/6 5/5/5
f 42/43/42 43/44/43 7/7/7 6/6/6
f 43/44/43 44/45/44 8/8/8 7/7/7
f 44/45/44 45/46/45 9/9/9 8/8/8
f 45/46/45 46/47/46 10/10/10 9/9/9
f 46/47/46 47/48/47 11/11/11 10/10/10
f 47/48/47 48/49/48 12/12/12 11/11/11
f 48/49/48 49/50/49 13/13/13 12/12/12
f 49/50/49 50/51/50 14/14/14 13/13/13
f 50/51/50 51/52/51 15/15/15 14/14/14
f 51/52/51 52/53/52 16/16/16 15/15/15
f 52/53/52 53/54/53 17/17/17 16/16/16
f 53/54/53 54/55/54 18/18/18 17/17/17
f 54/55/54 55/56/55 19/19/19 18/18/18
f 55/56/55 56/57/56 20/20/20 19/19/19
f 56/57/56 57/58/57 21/21/21 20/20/20
f 57/58/57 58/59/58 22/22/22 21/21/21
f 58/59/58 59/60/59 23/23/23 22/22/22
f 59/60/59 60/61/60 24/24/24 23/23/23
f 60/61/60 61/62/61 25/25/25 24/24/24
f 61/62/61 62/63/62 26/26/26 25/25/25
f 62/63/62 63/64/63 27/27/27 26/26/26
f 63/64/63 64/65/64 28/28/28 27/27/27
f 64/65/64 65/66/65 29/29/29 28/28/28
f 65/66/65 66/67/66 30/30/30 29/29/29
f 66/67/66 67/68/67 31/31/31 30/30/30
f 67/68/67 68/69/68 32/32/32 31/31/31
f 68/69/68 69/70/69 33/33/33 32/32/32
f 69/70/69 70/71/70 34/34/34 33/33/33
f 70/71/70 71/72/71 35/35/35 34/34/34
f 71/72/71 72/73/72 36/36/36 35/35/35
f 72/73/72 37/74/37 1/37/1 36/36/36
f 73/75/73 74/76/74 38/39/38 37/38/37
f 74/76/74 75/77/75 39/40/39 38/39/38
f 75/77/75 76/78/76 40/41/40 39/40/39
f 76/78/76 77/79/77 41/42/41 40/41/40
f 77/79/77 78/80/78 42/43/42 41/42/41
f 78/80/78 79/81/79 43/44/43 42/43/42
f 79/81/79 80/82/80 44/45/44 43/44/43
f 80/82/80 81/83/81 45/46/45 44/45/44
f 81/83/81 82/84/82 46/47/46 45/46/45
f 82/84/82 83/85/83 47/48/47 46/47/46
f 83/85/83 84/86/84 48/49/48 47/48/47
f 84/86/84 85/87/85 49/50/49 48/49/48
f 85/87/85 86/88/86 50/51/50 49/50/49
f 86/88/86 87/89/87 51/52/51 50/51/50
f 87/89/87 88/90/88 52/53/52 51/52/51
f 88/90/88 89/91/89 53/54/53 52/53/52
f 89/91/89 90/92/90 54/55/54 53/54/53
f 90/92/90 91/93/91 55/56/55 54/55/54
f 91/93/91 92/94/92 56/57/56 55/56/55
f 92/94/92 93/95/93 57/58/57 56/57/56
f 93/95/93 94/96/94 58/59/58 57/58/57
f 94/96/94 95/97/95 59/60/59 58/59/58
f 95/97/95 96/98/96 60/61/60 59/60/59
f 96/98/96 97/99/97 61/62/61 60/61/60
f 97/99/97 98/100/98 62/63/62 61/62/61
f 98/100/98 99/101/99 63/64/63 62/63/62
f 99/101/99 100/102/100 64/65/64 63/64/63
f 100/102/100 101/103/101 65/66/65 64/65/64
f 101/103/101 102/104/102 66/67/66 65/66/65
f 102/104/102 103/105/103 67/68/67 66/67/66
f 103/105/103 104/106/104 68/69/68 67/68/67
f 104/106/104 105/107/105 69/70/69 68/69/68
f 105/107/105 106/108/106 70/71/70 69/70/69
f 106/108/106 107/109/107 71/72/71 70/71/70
f 107/109/107 108/110/108 72/73/72 71/72/71
f 108/110/108 73/111/73 37/74/37 72/73/72
f 109/112/109 110/113/110 74/76/74 73/75/73
f 110/113/110 111/114/111 75/77/75 74/76/74
f 111/114/111 112/115/112 76/78/76 75/77/75
f 112/115/112 113/116/113 77/79/77 76/78/76
f 113/116/113 114/117/114 78/80/78 77/79/77
f 114/117/114 115/118/115 79/81/79 78/80/78
f 115/118/115 116/119/116 80/82/80 79/81/79
f 116/119/116 117/120/117 81/83/81 80/82/80
f 117/120/117 118/121/118 82/84/82 81/83/81
f 118/121/118 119/122/119 83/85/83 82/84/82
f 119/122/119 120/123/120 84/86/84 83/85/83
f 120/123/120 121/124/121 85/87/85 84/86/84
f 121/124/121 122/125/122 86/88/86 85/87/85
f 122/125/122 123/126/123 87/89/87 86/88/86
f 123/126/123 124/127/124 88/90/88 87/89/87
f 124/127/124 125/128/125 89/91/89 88/90/88
f 125/128/125 126/129/126 90/92/90 89/91/89
f 126/129/126 127/130/127 91/93/91 90/92/90
f 127/130/127 128/131/128 92/94/92 91/93/91
f 128/131/128 129/132/129 93/95/93 92/94/92
f 129/132/129 130/133/130 94/96/94 93/95/93
f 130/133/130 131/134/131 95/97/95 94/96/94
f 131/134/131 132/135/132 96/98/96 95/97/95
f 132/135/132 133/136/133 97/99/97 96/98/96
f 133/136/133 134/137/134 98/100/98 97/99/97
f 134/137/134 135/138/135 99/101/99 98/100/98
f 135/138/135 136/139/136 100/102/100 99/101/99
f 136/139/136 137/140/137 101/103/101 100/102/100
f 137/140/137 138/141/138 102/104/102 101/103/101
f 138/141/138 139/142/139 103/105/103 102/104/102
f 139/142/139 140/143/140 104/106/104 103/105/103
f 140/143/140 141/144/141 105/107/105 104/106/104
f 141/144/141 142/145/142 106/108/106 105/107/105
f 142/145/142 143/146/143 107/109/107 106/108/106
f 143/146/143 144/147/144 108/110/108 107/109/107
f 144/147/144 109/148/109 73/111/73 108/110/108
f 145/149/145 146/150/146 110/113/110 109/112/109
f 146/150/146 147/151/147 111/114/111 110/113/110
f 147/151/147 148/152/148 112/115/112 111/114/111
f 148/152/148 149/153/149 113/116/113 112/115/112
f 149/153/149 150/154/150 114/117/114 113/116/113
f 150/154/150 151/155/151 115/118/115 114/117/114
f 151/155/151 152/156/152 116/119/116 115/118/115
f 152/156/152 153/157/153 117/120/117 116/119/116
f 153/157/153 154/158/154 118/121/118 117/120/117
f 154/158/154 155/159/155 119/122/119 118/121/118
f 155/159/155 156/160/156 120/123/120 119/122/119
f 156/160/156 157/161/157 121/124/121 120/123/120
f 157/161/157 158/162/158 122/125/122 121/124/121
f 158/162/158 159/163/159 123/126/123 122/125/122
f 159/163/159 160/164/160 124/127/124 123/126/123
f 160/164/160 161/165/161 125/128/125 124/127/124
f 161/165/161 162/166/162 126/129/126 125/128/125
f 162/166/162 163/167/163 127/130/127 126/129/126
f 163/167/163 164/168/164 128/131/128 127/130/127
f 164/168/164 165/169/165 129/132/129 128/131/128
f 165/169/165 166/170/166 130/133/130 129/132/129
f 166/170/166 167/171/167 131/134/131 130/133/130
f 167/171/167 168/172/168 132/135/132 131/134/131
f 168/172/168 169/173/169 133/136/133 132/135/132
f 169/173/169 170/174/170 134/137/134 133/136/133
f 170/174/170 171/175/171 135/138/135 134/137/134
f 171/175/171 172/176/172 136/139/136 135/138/135
f 172/176/172 173/177/173 137/140/137 136/139/136
f 173/177/173 174/178/174 138/141/138 137/140/137
f 174/178/174 175/179/175 139/142/139 138/141/138
f 175/179/175 176/180/176 140/143/140 139/142/139
f 176/180/176 177/181/177 141/144/141 140/143/140
f 177/181/177 178/182/178 142/145/142 141/144/141
f 178/182/178 179/183/179 143/146/143 142/145/142
f 179/183/179 180/184/180 144/147/144 143/146/143
f 180/184/180 145/185/145 109/148/109 144/147/144
f 181/186/181 182/187/182 146/150/146 145/149/145
f 182/187/182 183/188/183 147/151/147 146/150/146
f 183/188/183 184/189/184 148/152/148 147/151/147
f 184/189/184 185/190/185 149/153/149 148/152/148
f 185/190/185 186/191/186 150/154/150 149/153/149
f 186/191/186 187/192/187 151/155/151 150/154/150
f 187/192/187 188/193/188 152/156/152 151/155/151
f 188/193/188 189/194/189 153/157/153 152/156/152
f 189/194/189 190/195/190 154/158/154 153/157/153
f 190/195/190 191/196/191 155/159/155 154/158/154
f 191/196/191 192/197/192 156/160/156 155/159/155
f 192/197/192 193/198/193 157/161/157 156/160/156
f 193/198/193 194/199/194 158/162/158 157/161/157
f 194/199/194 195/200/195 159/163/159 158/162/158
f 195/200/195 196/201/196 160/164/160 159/163/159
f 196/201/196 197/202/197 161/165/161 160/164/160
f 197/202/197 198/203/198 162/166/162 161/165/161
f 198/203/198 199/204/199 163/167/163 162/166/162
f 199/204/199 200/205/200 164/168/164 163/167/163
f 200/205/200 201/206/201 165/169/165 164/168/164
f 201/206/201 202/207/202 166/170/166 165/169/165
f 202/207/202 203/208/203 167/171/167 166/170/166
f 203/208/203 204/209/204 168/172/168 167/171/167
f 204/209/204 205/210/205 169/173/169 168/172/168
f 205/210/205 206/211/206 170/174/170 169/173/169
f 206/211/206 207/212/207 171/175/171 170/174/170
f 207/212/207 208/213/208 172/176/172 171/175/171
f 208/213/208 209/214/209 173/177/173 172/176/172
f 209/214/209 210/215/210 174/178/174 173/177/173
f 210/215/210 211/216/211 175/179/175 174/178/174
f 211/216/211 212/217/212 176/180/176 175/179/175
f 212/217/212 213/218/213 177/181/177 176/180/176
f 213/218/213 214/219/214 178/182/178 177/181/177
f 214/219/214 215/220/215 179/183/179 178/182/178
f 215/220/215 216/221/216 180/184/180 179/183/179
f 216/221/216 181/222/181 145/185/145 180/184/180
f 217/223/217 218/224/218 182/187/182 181/186/181
f 218/224/218 219/225/219 183/188/183 182/187/182
f 219/225/219 220/226/220 184/189/184 183/188/183
f 220/226/220 221/227/221 185/190/185 184/189/184
f 221/227/221 222/228/222 186/191/186 185/190/185
f 222/228/222 223/229/223 187/192/187 186/191/186
f 223/229/223 224/230/224 188/193/188 187/192/187
f 224/230/224 225/231/225 189/194/189 188/193/188
f 225/231/225 226/232/226 190/195/190 189/194/189
f 226/232/226 227/233/227 191/196/191 190/195/190
f 227/233/227 228/234/228 192/197/192 191/196/191
f 228/234/228 229/235/229 193/198/193 192/197/192
f 229/235/229 230/236/230 194/199/194 193/198/193
f 230/236/230 231/237/231 195/200/195 194/199/194
f 231/237/231 232/238/232 196/201/196 195/200/195
f 232/238/232 233/239/233 197/202/197 196/201/196
f 233/239/233 234/240/234 198/203/198 197/202/197
f 234/240/234 235/241/235 199/204/199 198/203/198
f 235/241/235 236/242/236 200/205/200 199/204/199
f 236/242/236 237/243/237 201/206/201 200/205/200
f 237/243/237 238/244/238 202/207/202 201/206/201
f 238/244/238 239/245/239 203/208/203 202/207/202
f 239/245/239 240/246/240 204/209/204 203/208/203
f 240/246/240 241/247/241 205/210/205 204/209/204
f 241/247/241 242/248/242 206/211/206 205/210/205
f 242/248/242 243/249/243 207/212/207 206/211/206
f 243/249/243 244/250/244 208/213/208 207/212/207
f 244/250/244 245/251/245 209/214/209 208/213/208
f 245/251/245 246/252/246 210/215/210 209/214/209
f 246/252/246 247/253/247 211/216/211 210/215/210
f 247/253/247 248/254/248 212/217/212 211/216/211
f 248/254/248 249/255/249 213/218/213 212/217/212
f 249/255/249 250/256/250 214/219/214 213/218/213
f 250/256/250 251/257/251 215/220/215 214/219/214
f 251/257/251 252/258/252 216/221/216 215/220/215
f 252/258/252 217/259/217 181/222/181 216/221/216
f 253/260/253 254/261/254 218/224/218 217/223/217
f 254/261/254 255/262/255 219/225/219 218/224/218
f 255/262/255 256/263/256 220/226/220 219/225/219
f 256/263/256 257/264/257 221/227/221 220/226/220
f 257/264/257 258/265/258 222/228/222 221/227/221
f 258/265/258 259/266/259 223/229/223 222/228/222
f 259/266/259 260/267/260 224/230/224 223/229/223
f 260/267/260 261/268/261 225/231/225 224/230/224
f 261/268/261 262/269/262 226/232/226 225/231/225
f 262/269/262 263/270/263 227/233/227 226/232/226
f 263/270/263 264/271/264 228/234/228 227/233/227
f 264/271/264 265/272/265 229/235/229 228/234/228
f 265/272/265 266/273/266 230/236/230 229/235/229
f 266/273/266 267/274/267 231/237/231 230/236/230
f 267/274/267 268/275/268 232/238/232 231/237/231
f 268/275/268 269/276/269 233/239/233 232/238/232
f 269/276/269 270/277/270 234/240/234 233/239/233
f 270/277/270 271/278/271 235/241/235 234/240/234
f 271/278/271 272/279/272 236/242/236 235/241/235
f 272/279/272 273/280/273 237/243/237 236/242/236
f 273/280/273 274/281/274 238/244/238 237/243/237
f 274/281/274 275/282/275 239/245/239 238/244/238
f 275/282/275 276/283/276 240/246/240 239/245/239
f 276/283/276 277/284/277 241/247/241 240/246/240
f 277/284/277 278/285/278 242/248/242 241/247/241
f 278/285/278 279/286/279 243/249/243 242/248/242
f 279/286/279 280/287/280 244/250/244 243/249/243
f 280/287/280 281/288/281 245/251/245 244/250/244
f 281/288/281 282/289/282 246/252/246 245/251/245
f 282/289/282 283/290/283 247/253/247 246/252/246
f 283/290/283 284/291/284 248/254/248 247/253/247
f 284/291/284 285/292/285 249/255/249 248/254/248
f 285/292/285 286/293/286 250/256/250 249/255/249
f 286/293/286 287/294/287 251/257/251 250/256/250
f 287/294/287 288/295/288 252/258/252 251/257/251
f 288/295/288 253/296/253 217/259/217 252/258/252
f 289/297/289 290/298/290 254/261/254 253/260/253
f 290/298/290 291/299/291 255/262/255 254/261/254
f 291/299/291 292/300/292 256/263/256 255/262/255
f 292/300/292 293/301/293 257/264/257 256/263/256
f 293/301/293 294/302/294 258/265/258 257/264/257
f 294/302/294 295/303/295 259/266/259 258/265/258
f 295/303/295 296/304/296 260/267/260 259/266/259
f 296/304/296 297/305/297 261/268/261 260/267/260
f 297/305/297 298/306/298 262/269/262 261/268/261
f 298/306/298 299/307/299 263/270/263 262/269/262
f 299/307/299 300/308/300 264/271/264 263/270/263
f 300/308/300 301/309/301 265/272/265 264/271/264
f 301/309/301 302/310/302 266/273/266 265/272/265
f 302/310/302 303/311/303 267/274/267 266/273/266
f 303/311/303 304/312/304 268/275/268 267/274/267
f 304/312/304 305/313/305 269/276/269 268/275/268
f 305/313/305 306/314/306 270/277/270 269/276/269
f 306/314/306 307/315/307 271/278/271 270/277/270
f 307/315/307 308/316/308 272/279/272 271/278/271
f 308/316/308 309/317/309 273/280/273 272/279/272
f 309/317/309 310/318/310 274/281/274 273/280/273
f 310/318/310 311/319/311 275/282/275 274/281/274
f 311/319/311 312/320/312 276/283/276 275/282/275
f 312/320/312 313/321/313 277/284/277 276/283/276
f 313/321/313 314/322/314 278/285/278 277/284/277
f 314/322/314 315/323/315 279/286/279 278/285/278
f 315/323/315 316/324/316 280/287/280 279/286/279
f 316/324/316 317/325/317 281/288/281 280/287/280
f 317/325/317 318/326/318 282/289/282 281/288/281
f 318/326/318 319/327/319 283/290/283 282/289/282
f 319/327/319 320/328/320 284/291/284 283/290/283
f 320/328/320 321/329/321 285/292/285 284/291/284
f 321/329/321 322/330/322 286/293/286 285/292/285
f 322/330/322 323/331/323 287/294/287 286/293/286
f 323/331/323 324/332/324 288/295/288 287/294/287
f 324/332/324 289/333/289 253/296/253 288/295/288
f 325/334/325 326/335/326 290/298/290 289/297/289
f 326/335/326 327/336/327 291/299/291 290/298/290
f 327/336/327 328/337/328 292/300/292 291/299/291
f 328/337/328 329/338/329 293/301/293 292/300/292
f 329/338/329 330/339/330 294/302/294 293/301/293
f 330/339/330 331/340/331 295/303/295 294/302/294
f 331/340/331 332/341/332 296/304/296 295/303/295
f 332/341/332 333/342/333 297/305/297 296/304/296
f 333/342/333 334/343/334 298/306/298 297/305/297
f 334/343/334 335/344/335 299/307/299 298/306/298
f 335/344/335 336/345/336 300/308/300 299/307/299
f 336/345/336 337/346/337 301/309/301 300/308/300
f 337/346/337 338/347/338 302/310/302 301/309/301
f 338/347/338 339/348/339 303/311/303 302/310/302
f 339/348/339 340/349/340 304/312/304 303/311/303
f 340/349/340 341/350/341 305/313/305 304/312/304
f 341/350/341 342/351/342 306/314/306 305/313/305
f 342/351/342 343/352/343 307/315/307 306/314/306
f 343/352/343 344/353/344 308/316/308 307/315/307
f 344/353/344 345/354/345 309/317/309 308/316/308
f 345/354/345 346/355/346 310/318/310 309/317/309
f 346/355/346 347/356/347 311/319/311 310/318/310
f 347/356/347 348/357/348 312/320/312 311/319/311
f 348/357/348 349/358/349 313/321/313 312/320/312
f 349/358/349 350/359/350 314/322/314 313/321/313
f 350/359/350 351/360/351 315/323/315 314/322/314
f 351/360/351 352/361/352 316/324/316 315/323/315
f 352/361/352 353/362/353 317/325/317 316/324/316
f 353/362/353 354/363/354 318/326/318 317/325/317
f 354/363/354 355/364/355 319/327/319 318/326/318
f 355/364/355 356/365/356 320/328/320 319/327/319
f 356/365/356 357/366/357 321/329/321 320/328/320
f 357/366/357 358/367/358 322/330/322 321/329/321
f 358/367/358 359/368/359 323/331/323 322/330/322
f 359/368/359 360/369/360 324/332/324 323/331/323
f 360/369/360 325/370/325 289/333/289 324/332/324
f 361/371/361 362/372/362 326/335/326 325/334/325
f 362/372/362 363/373/363 327/336/327 326/335/326
f 363/373/363 364/374/364 328/337/328 327/336/327
f 364/374/364 365/375/365 329/338/329 328/337/328
f 365/375/365 366/376/366 330/339/330 329/338/329
f 366/376/366 367/377/367 331/340/331 330/339/330
f 367/377/367 368/378/368 332/341/332 331/340/331
f 368/378/368 369/379/369 333/342/333 332/341/332
f 369/379/369 370/380/370 334/343/334 333/342/333
f 370/380/370 371/381/371 335/344/335 334/343/334
f 371/381/371 372/382/372 336/345/336 335/344/335
f 372/382/372 373/383/373 337/346/337 336/345/336
f 373/383/373 374/384/374 338/347/338 337/346/337
f 374/384/374 375/385/375 339/348/339 338/347/338
f 375/385/375 376/386/376 340/349/340 339/348/339
f 376/386/376 377/387/377 341/350/341 340/349/340
f 377/387/377 378/388/378 342/351/342 341/350/341
f 378/388/378 379/389/379 343/352/343 342/351/342
f 379/389/379 380/390/380 344/353/344 343/352/343
f 380/390/380 381/391/381 345/354/345 344/353/344
f 381/391/381 382/392/382 346/355/346 345/354/345
f 382/392/382 383/393/383 347/356/347 346/355/346
f 383/393/383 384/394/384 348/357/348 347/356/347
f 384/394/384 385/395/385 349/358/349 348/357/348
f 385/395/385 386/396/386 350/359/350 349/358/349
f 386/396/386 387/397/387 351/360/351 350/359/350
f 387/397/387 388/398/388 352/361/352 351/360/351
f 388/398/388 389/399/389 353/362/353 352/361/352
f 389/399/389 390/400/390 354/363/354 353/362/353
f 390/400/390 391/401/391 355/364/355 354/363/354
f 391/401/391 392/402/392 356/365/356 355/364/355
f 392/402/392 393/403/393 357/366/357 356/365/356
f 393/403/393 394/404/394 358/367/358 357/366/357
f 394/404/394 395/405/395 359/368/359 358/367/358
f 395/405/395 396/406/396 360/369/360 359/368/359
f 396/406/396 361/407/361 325/370/325 360/369/360
f 397/408/397 398/409/398 362/372/362 361/371/361
f 398/409/398 399/410/399 363/373/363 362/372/362
f 399/410/399 400/411/400 364/374/364 363/373/363
f 400/411/400 401/412/401 365/375/365 364/374/364
f 401/412/401 402/413/402 366/376/366 365/375/365
f 402/413/402 403/414/403 367/377/367 366/376/366
f 403/414/403 404/415/404 368/378/368 367/377/367
f 404/415/404 405/416/405 369/379/369 368/378/368
f 405/416/405 406/417/406 370/380/370 369/379/369
f 406/417/406 407/418/407 371/381/371 370/380/370
f 407/418/407 408/419/408 372/382/372 371/381/371
f 408/419/408 409/420/409 373/383/373 372/382/372
f 409/420/409 410/421/410 374/384/374 373/383/373
f 410/421/410 411/422/411 375/385/375 374/384/374
f 411/422/411 412/423/412 376/386/376 375/385/375
f 412/423/412 413/424/413 377/387/377 376/386/376
f 413/424/413 414/425/414 378/388/378 377/387/377
f 414/425/414 415/426/415 379/389/379 378/388/378
f 415/426/415 416/427/416 380/390/380 379/389/379
f 416/427/416 417/428/417 381/391/381 380/390/380
f 417/428/417 418/429/418 382/392/382 381/391/381
f 418/429/418 419/430/419 383/393/383 382/392/382
f 419/430/419 420/431/420 384/394/384 383/393/383
f 420/431/420 421/432/421 385/395/385 384/394/384
f 421/432/421 422/433/422 386/396/386 385/395/385
f 422/433/422 423/434/423 387/397/387 386/396/386
f 423/434/423 424/435/424 388/398/388 387/397/387
f 424/435/424 425/436/425 389/399/389 388/398/388
f 425/436/425 426/437/426 390/400/390 389/399/389
f 426/437/426 427/438/427 391/401/391 390/400/390
f 427/438/427 428/439/428 392/402/392 391/401/391
f 428/439/428 429/440/429 393/403/393 392/402/392
f 429/440/429 430/441/430 394/404/394 393/403/393
f 430/441/430 431/442/431 395/405/395 394/404/394
f 431/442/431 432/443/432 396/406/396 395/405/395
f 432/443/432 397/444/397 361/407/361 396/406/396
f 433/445/433 434/446/434 398/409/398 397/408/397
f 434/446/434 435/447/435 399/410/399 398/409/398
f 435/447/435 436/448/436 400/411/400 399/410/399
f 436/448/436 437/449/437 401/412/401 400/411/400
f 437/449/437 438/450/438 402/413/402 401/412/401
f 438/450/438 439/451/439 403/414/403 402/413/402
f 439/451/439 440/452/440 404/415/404 403/414/403
f 440/452/440 441/453/441 405/416/405 404/415/404
f 441/453/441 442/454/442 406/417/406 405/416/405
f 442/454/442 443/455/443 407/418/407 406/417/406
f 443/455/443 444/456/444 408/419/408 407/418/407
f 444/456/444 445/457/445 409/420/409 408/419/408
f 445/457/445 446/458/446 410/421/410 409/420/409
f 446/458/446 447/459/447 411/422/411 410/421/410
f 447/459/447 448/460/448 412/423/412 411/422/411
f 448/460/448 449/461/449 413/424/413 412/423/412
f 449/461/449 450/462/450 414/425/414 413/424/413
f 450/462/450 451/463/451 415/426/415 414/425/414
f 451/463/451 452/464/452 416/427/416 415/426/415
f 452/464/452 453/465/453 417/428/417 416/427/416
f 453/465/453 454/466/454 418/429/418 417/428/417
f 454/466/454 455/467/455 419/430/419 418/429/418
f 455/467/455 456/468/456 420/431/420 419/430/419
f 456/468/456 457/469/457 421/432/421 420/431/420
f 457/469/457 458/470/458 422/433/422 421/432/421
f 458/470/458 459/471/459 423/434/423 422/433/422
f 459/471/459 460/472/460 424/435/424 423/434/423
f 460/472/460 461/473/461 425/436/425 424/435/424
f 461/473/461 462/474/462 426/437/426 425/436/425
f 462/474/462 463/475/463 427/438/427 426/437/426
f 463/475/463 464/476/464 428/439/428 427/438/427
f 464/476/464 465/477/465 429/440/429 428/439/428
f 465/477/465 466/478/466 430/441/430 429/440/429
f 466/478/466 467/479/467 431/442/431 430/441/430
f 467/479/467 468/480/468 432/443/432 431/442/431
f 468/480/468 433/481/433 397/444/397 432/443/432
f 469/482/469 470/483/470 434/446/434 433/445/433
f 470/483/470 471/484/471 435/447/435 434/446/434
f 471/484/471 472/485/472 436/448/436 435/447/435
f 472/485/472 473/486/473 437/449/437 436/448/436
f 473/486/473 474/487/474 438/450/438 437/449/437
f 474/487/474 475/488/475 439/451/439 438/450/438
f 475/488/475 476/489/476 440/452/440 439/451/439
f 476/489/476 477/490/477 441/453/441 440/452/440
f 477/490/477 478/491/478 442/454/442 441/453/441
f 478/491/478 479/492/479 443/455/443 442/454/442
f 479/492/479 480/493/480 444/456/444 443/455/443
f 480/493/480 481/494/481 445/457/445 444/456/444
f 481/494/481 482/495/482 446/458/446 445/457/445
f 482/495/482 483/496/483 447/459/447 446/458/446
f 483/496/483 484/497/484 448/460/448 447/459/447
f 484/497/484 485/498/485 449/461/449 448/460/448
f 485/498/485 486/499/486 450/462/450 449/461/449
f 486/499/486 487/500/487 451/463/451 450/462/450
f 487/500/487 488/501/488 452/464/452 451/463/451
f 488/501/488 489/502/489 453/465/453 452/464/452
f 489/502/489 490/503/490 454/466/454 453/465/453
f 490/503/490 491/504/491 455/467/455 454/466/454
f 491/504/491 492/505/492 456/468/456 455/467/455
f 492/505/492 493/506/493 457/469/457 456/468/456
f 493/506/493 494/507/494 458/470/458 457/469/457
f 494/507/494 495/508/495 459/471/459 458/470/458
f 495/508/495 496/509/496 460/472/460 459/471/459
f 496/509/496 497/510/497 461/473/461 460/472/460
f 497/510/497 498/511/498 462/474/462 461/473/461
f 498/511/498 499/512/499 463/475/463 462/474/462
f 499/512/499 500/513/500 464/476/464 463/475/463
f 500/513/500 501/514/501 465/477/465 464/476/464
f 501/514/501 502/515/502 466/478/466 465/477/465
f 502/515/502 503/516/503 467/479/467 466/478/466
f 503/516/503 504/517/504 468/480/468 467/479/467
f 504/517/504 469/518/469 433/481/433 468/480/468
f 505/519/505 506/520/506 470/483/470 469/482/469
f 506/520/506 507/521/507 471/484/471 470/483/470
f 507/521/507 508/522/508 472/485/472 471/484/471
f 508/522/508 509/523/509 473/486/473 472/485/472
f 509/523/509 510/524/510 474/487/474 473/486/473
f 510/524/510 511/525/511 475/488/475 474/487/474
f 511/525/511 512/526/512 476/489/476 475/488/475
f 512/526/512 513/527/513 477/490/477 476/489/476
f 513/527/513 514/528/514 478/491/478 477/490/477
f 514/528/514 515/529/515 479/492/479 478/491/478
f 515/529/515 516/530/516 480/493/480 479/492/479
f 516/530/516 517/531/517 481/494/481 480/493/480
f 517/531/517 518/532/518 482/495/482 481/494/481
f 518/532/518 519/533/519 483/496/483 482/495/482
f 519/533/519 520/534/520 484/497/484 483/496/483
f 520/534/520 521/535/521 485/498/485 484/497/484
f 521/535/521 522/536/522 486/499/486 485/498/485
f 522/536/522 523/537/523 487/500/487 486/499/486
f 523/537/523 524/538/524 488/501/488 487/500/487
f 524/538/524 525/539/525 489/502/489 488/501/488
f 525/539/525 526/540/526 490/503/490 489/502/489
f 526/540/526 527/541/527 491/504/491 490/503/490
f 527/541/527 528/542/528 492/505/492 491/504/491
f 528/542/528 529/543/529 493/506/493 492/505/492
f 529/543/529 530/544/530 494/507/494 493/506/493
f 530/544/530 531/545/531 495/508/495 494/507/494
f 531/545/531 532/546/532 496/509/496 495/508/495
f 532/546/532 533/547/533 497/510/497 496/509/496
f 533/547/533 534/548/534 498/511/498 497/510/497
f 534/548/534 535/549/535 499/512/499 498/511/498
f 535/549/535 536/550/536 500/513/500 499/512/499
f 536/550/536 537/551/537 501/514/501 500/513/500
f 537/551/537 538/552/538 502/515/502 501/514/501
f 538/552/538 539/553/539 503/516/503 502/515/502
f 539/553/539 540/554/540 504/517/504 503/516/503
f 540/554/540 505/555/505 469/518/469 504/517/504
f 1/1/1 2/2/2 541/556/541
f 2/2/2 3/3/3 541/557/541
f 3/3/3 4/4/4 541/558/541
f 4/4/4 5/5/5 541/559/541
f 5/5/5 6/6/6 541/560/541
f 6/6/6 7/7/7 541/561/541
f 7/7/7 8/8/8 541/562/541
f 8/8/8 9/9/9 541/563/541
f 9/9/9 10/10/10 541/564/541
f 10/10/10 11/11/11 541/565/541
f 11/11/11 12/12/12 541/566/541
f 12/12/12 13/13/13 541/567/541
f 13/13/13 14/14/14 541/568/541
f 14/14/14 15/15/15 541/569/541
f 15/15/15 16/16/16 541/570/541
f 16/16/16 17/17/17 541/571/541
f 17/17/17 18/18/18 541/572/541
f 18/18/18 19/19/19 541/573/541
f 19/19/19 20/20/20 541/574/541
f 20/20/20 21/21/21 541/575/541
f 21/21/21 22/22/22 541/576/541
f 22/22/22 23/23/23 541/577/541
f 23/23/23 24/24/24 541/578/541
f 24/24/24 25/25/25 541/579/541
f 25/25/25 26/26/26 541/580/541
f 26/26/26 27/27/27 541/581/541
f 27/27/27 28/28/28 541/582/541
f 28/28/28 29/29/29 541/583/541
f 29/29/29 30/30/30 541/584/541
f 30/30/30 31/31/31 541/585/541
f 31/31/31 32/32/32 541/586/541
f 32/32/32 33/33/33 541/587/541
f 33/33/33 34/34/34 541/588/541
f 34/34/34 35/35/35 541/589/541
f 35/35/35 36/36/36 541/590/541
f 36/36/36 1/37/1 541/591/541
f 542/592/542 506/520/506 505/519/505
f 542/593/542 507/521/507 506/520/506
f 542/594/542 508/522/508 507/521/507
f 542/595/542 509/523/509 508/522/508
f 542/596/542 510/524/510 509/523/509
f 542/597/542 511/525/511 510/524/510
f 542/598/542 512/526/512 511/525/511
f 542/599/542 513/527/513 512/526/512
f 542/600/542 514/528/514 513/527/513
f 542/601/542 515/529/515 514/528/514
f 542/602/542 516/530/516 515/529/515
f 542/603/542 517/531/517 516/530/516
f 542/604/542 518/532/518 517/531/517
f 542/605/542 519/533/519 518/532/518
f 542/606/542 520/534/520 519/533/519
f 542/607/542 521/535/521 520/534/520
f 542/608/542 522/536/522 521/535/521
f 542/609/542 523/537/523 522/536/522
f 542/610/542 524/538/524 523/537/523
f 542/611/542 525/539/525 524/538/524
f 542/612/542 526/540/526 525/539/525
f 542/613/542 527/541/527 526/540/526
f 542/614/542 528/542/528 527/541/527
f 542/615/542 529/543/529 528/542/528
f 542/616/542 530/544/530 529/543/529
f 542/617/542 531/545/531 530/544/530
f 542/618/542 532/546/532 531/545/531
f 542/619/542 533/547/533 532/546/532
f 542/620/542 534/548/534 533/547/533
f 542/621/542 535/549/535 534/548/534
f 542/622/542 536/550/536 535/549/535
f 542/623/542 537/551/537 536/550/536
f 542/624/542 538/552/538 537/551/537
f 542/625/542 539/553/539 538/552/538
f 542/626/542 540/554/540 539/553/539
f 542/627/542 505/555/505 540/554/540
f 567/653/567 568/654/568 544/629/544 543/628/543
f 568/654/568 569/655/569 545/630/545 544/629/544
f 569/655/569 570/656/570 546/631/546 545/630/545
f 570/656/570 571/657/571 547/632/547 546/631/546
f 571/657/571 572/658/572 548/633/548 547/632/547
f 572/658/572 573/659/573 549/634/549 548/633/548
f 573/659/573 574/660/574 550/635/550 549/634/549
f 574/660/574 575/661/575 551/636/551 550/635/550
f 575/661/575 576/662/576 552/637/552 551/636/551
f 576/662/576 577/663/577 553/638/553 552/637/552
f 577/663/577 578/664/578 554/639/554 553/638/553
f 578/664/578 579/665/579 555/640/555 554/639/554
f 579/665/579 580/666/580 556/641/556 555/640/555
f 580/666/580 581/667/581 557/642/557 556/641/556
f 581/667/581 582/668/582 558/643/558 557/642/557
f 582/668/582 583/669/583 559/644/559 558/643/558
f 583/669/583 584/670/584 560/645/560 559/644/559
f 584/670/584 585/671/585 561/646/561 560/645/560
f 585/671/585 586/672/586 562/647/562 561/646/561
f 586/672/586 587/673/587 563/648/563 562/647/562
f 587/673/587 588/674/588 564/649/564 563/648/563
f 588/674/588 589/675/589 565/650/565 564/649/564
f 589/675/589 590/676/590 566/651/566 565/650/565
f 590/676/590 567/677/567 543/652/543 566/651/566
f 591/678/591 592/679/592 568/654/568 567/653/567
f 592/679/592 593/680/593 569/655/569 568/654/568
f 593/680/593 594/681/594 570/656/570 569/655/569
f 594/681/594 595/682/595 571/657/571 570/656/570
f 595/682/595 596/683/596 572/658/572 571/657/571
f 596/683/596 597/684/597 573/659/573 572/658/572
f 597/684/597 598/685/598 574/660/574 573/659/573
f 598/685/598 599/686/599 575/661/575 574/660/574
f 599/686/599 600/687/600 576/662/576 575/661/575
f 600/687/600 601/688/601 577/663/577 576/662/576
f 601/688/601 602/689/602 578/664/578 577/663/577
f 602/689/602 603/690/603 579/665/579 578/664/578
f 603/690/603 604/691/604 580/666/580 579/665/579
f 604/691/604 605/692/605 581/667/581 580/666/580
f 605/692/605 606/693/606 582/668/582 581/667/581
f 606/693/606 607/694/607 583/669/583 582/668/582
f 607/694/607 608/695/608 584/670/584 583/669/583
f 608/695/608 609/696/609 585/671/585 584/670/584
f 609/696/609 610/697/610 586/672/586 585/671/585
f 610/697/610 611/698/611 587/673/587 586/672/586
f 611/698/611 612/699/612 588/674/588 587/673/587
f 612/699/612 613/700/613 589/675/589 588/674/588
f 613/700/613 614/701/614 590/676/590 589/675/589
f 614/701/614 591/702/591 567/677/567 590/676/590
f 615/703/615 616/704/616 592/679/592 591/678/591
f 616/704/616 617/705/617 593/680/593 592/679/592
f 617/705/617 618/706/618 594/681/594 593/680/593
f 618/706/618 619/707/619 595/682/595 594/681/594
f 619/707/619 620/708/620 596/683/596 595/682/595
f 620/708/620 621/709/621 597/684/597 596/683/596
f 621/709/621 622/710/622 598/685/598 597/684/597
f 622/710/622 623/711/623 599/686/599 598/685/598
f 623/711/623 624/712/624 600/687/600 599/686/599
f 624/712/624 625/713/625 601/688/601 600/687/600
f 625/713/625 626/714/626 602/689/602 601/688/601
f 626/714/626 627/715/627 603/690/603 602/689/602
f 627/715/627 628/716/628 604/691/604 603/690/603
f 628/716/628 629/717/629 605/692/605 604/691/604
f 629/717/629 630/718/630 606/693/606 605/692/605
f 630/718/630 631/719/631 607/694/607 606/693/606
f 631/719/631 632/720/632 608/695/608 607/694/607
f 632/720/632 633/721/633 609/696/609 608/695/608
f 633/721/633 634/722/634 610/697/610 609/696/609
f 634/722/634 635/723/635 611/698/611 610/697/610
f 635/723/635 636/724/636 612/699/612 611/698/611
f 636/724/636 637/725/637 613/700/613 612/699/612
f 637/725/637 638/726/638 614/701/614 613/700/613
f 638/726/638 615/727/615 591/702/591 614/701/614
f 639/728/639 640/729/640 616/704/616 615/703/615
f 640/729/640 641/730/641 617/705/617 616/704/616
f 641/730/641 642/731/642 618/706/618 617/705/617
f 642/731/642 643/732/643 619/707/619 618/706/618
f 643/732/643 644/733/644 620/708/620 619/707/619
f 644/733/644 645/734/645 621/709/621 620/708/620
f 645/734/645 646/735/646 622/710/622 621/709/621
f 646/735/646 647/736/647 623/711/623 622/710/622
f 647/736/647 648/737/648 624/712/624 623/711/623
f 648/737/648 649/738/649 625/713/625 624/712/624
f 649/738/649 650/739/650 626/714/626 625/713/625
f 650/739/650 651/740/651 627/715/627 626/714/626
f 651/740/651 652/741/652 628/716/628 627/715/627
f 652/741/652 653/742/653 629/717/629 628/716/628
f 653/742/653 654/743/654 630/718/630 629/717/629
f 654/743/654 655/744/655 631/719/631 630/718/630
f 655/744/655 656/745/656 632/720/632 631/719/631
f 656/745/656 657/746/657 633/721/633 632/720/632
f 657/746/657 658/747/658 634/722/634 633/721/633
f 658/747/658 659/748/659 635/723/635 634/722/634
f 659/748/659 660/749/660 636/724/636 635/723/635
f 660/749/660 661/750/661 637/725/637 636/724/636
f 661/750/661 662/751/662 638/726/638 637/725/637
f 662/751/662 639/752/639 615/727/615 638/726/638
f 663/753/663 664/754/664 640/729/640 639/728/639
f 664/754/664 665/755/665 641/730/641 640/729/640
f 665/755/665 666/756/666 642/731/642 641/730/641
f 666/756/666 667/757/667 643/732/643 642/731/642
f 667/757/667 668/758/668 644/733/644 643/732/643
f 668/758/668 669/759/669 645/734/645 644/733/644
f 669/759/669 670/760/670 646/735/646 645/734/645
f 670/760/670 671/761/671 647/736/647 646/735/646
f 671/761/671 672/762/672 648/737/648 647/736/647
f 672/762/672 673/763/673 649/738/649 648/737/648
f 673/763/673 674/764/674 650/739/650 649/738/649
f 674/764/674 675/765/675 651/740/651 650/739/650
f 675/765/675 676/766/676 652/741/652 651/740/651
f 676/766/676 677/767/677 653/742/653 652/741/652
f 677/767/677 678/768/678 654/743/654 653/742/653
f 678/768/678 679/769/679 655/744/655 654/743/654
f 679/769/679 680/770/680 656/745/656 655/744/655
f 680/770/680 681/771/681 657/746/657 656/745/656
f 681/771/681 682/772/682 658/747/658 657/746/657
f 682/772/682 683/773/683 659/748/659 658/747/658
f 683/773/683 684/774/684 660/749/660 659/748/659
f 684/774/684 685/775/685 661/750/661 660/749/660
f 685/775/685 686/776/686 662/751/662 661/750/661
f 686/776/686 663/777/663 639/752/639 662/751/662
f 687/778/687 688/779/688 664/754/664 663/753/663
f 688/779/688 689/780/689 665/755/665 664/754/664
f 689/780/689 690/781/690 666/756/666 665/755/665
f 690/781/690 691/782/691 667/757/667 666/756/666
f 691/782/691 692/783/692 668/758/668 667/757/667
f 692/783/692 693/784/693 669/759/669 668/758/668
f 693/784/693 694/785/694 670/760/670 669/759/669
f 694/785/694 695/786/695 671/761/671 670/760/670
f 695/786/695 696/787/696 672/762/672 671/761/671
f 696/787/696 697/788/697 673/763/673 672/762/672
f 697/788/697 698/789/698 674/764/674 673/763/673
f 698/789/698 699/790/699 675/765/675 674/764/674
f 699/790/699 700/791/700 676/766/676 675/765/675
f 700/791/700 701/792/701 677/767/677 676/766/676
f 701/792/701 702/793/702 678/768/678 677/767/677
f 702/793/702 703/794/703 679/769/679 678/768/678
f 703/794/703 704/795/704 680/770/680 679/769/679
f 704/795/704 705/796/705 681/771/681 680/770/680
f 705/796/705 706/797/706 682/772/682 681/771/681
f 706/797/706 707/798/707 683/773/683 682/772/682
f 707/798/707 708/799/708 684/774/684 683/773/683
f 708/799/708 709/800/709 685/775/685 684/774/684
f 709/800/709 710/801/710 686/776/686 685/775/685
f 710/801/710 687/802/687 663/777/663 686/776/686
f 711/803/711 712/804/712 688/779/688 687/778/687
f 712/804/712 713/805/713 689/780/689 688/779/688
f 713/805/713 714/806/714 690/781/690 689/780/689
f 714/806/714 715/807/715 691/782/691 690/781/690
f 715/807/715 716/808/716 692/783/692 691/782/691
f 716/808/716 717/809/717 693/784/693 692/783/692
f 717/809/717 718/810/718 694/785/694 693/784/693
f 718/810/718 719/811/719 695/786/695 694/785/694
f 719/811/719 720/812/720 696/787/696 695/786/695
f 720/812/720 721/813/721 697/788/697 696/787/696
f 721/813/721 722/814/722 698/789/698 697/788/697
f 722/814/722 723/815/723 699/790/699 698/789/698
f 723/815/723 724/816/724 700/791/700 699/790/699
f 724/816/724 725/817/725 701/792/701 700/791/700
f 725/817/725 726/818/726 702/793/702 701/792/701
f 726/818/726 727/819/727 703/794/703 702/793/702
f 727/819/727 728/820/728 704/795/704 703/794/703
f 728/820/728 729/821/729 705/796/705 704/795/704
f 729/821/729 730/822/730 706/797/706 705/796/705
f 730/822/730 731/823/731 707/798/707 706/797/706
f 731/823/731 732/824/732 708/799/708 707/798/707
f 732/824/732 733/825/733 709/800/709 708/799/708
f 733/825/733 734/826/734 710/801/710 709/800/709
f 734/826/734 711/827/711 687/802/687 710/801/710
f 735/828/735 736/829/736 712/804/712 711/803/711
f 736/829/736 737/830/737 713/805/713 712/804/712
f 737/830/737 738/831/738 714/806/714 713/805/713
f 738/831/738 739/832/739 715/807/715 714/806/714
f 739/832/739 740/833/740 716/808/716 715/807/715
f 740/833/740 741/834/741 717/809/717 716/808/716
f 741/834/741 742/835/742 718/810/718 717/809/717
f 742/835/742 743/836/743 719/811/719 718/810/718
f 743/836/743 744/837/744 720/812/720 719/811/719
f 744/837/744 745/838/745 721/813/721 720/812/720
f 745/838/745 746/839/746 722/814/722 721/813/721
f 746/839/746 747/840/747 723/815/723 722/814/722
f 747/840/747 748/841/748 724/816/724 723/815/723
f 748/841/748 749/842/749 725/817/725 724/816/724
f 749/842/749 750/843/750 726/818/726 725/817/725
f 750/843/750 751/844/751 727/819/727 726/818/726
f 751/844/751 752/845/752 728/820/728 727/819/727
f 752/845/752 753/846/753 729/821/729 728/820/728
f 753/846/753 754/847/754 730/822/730 729/821/729
f 754/847/754 755/848/755 731/823/731 730/822/730
f 755/848/755 756/849/756 732/824/732 731/823/731
f 756/849/756 757/850/757 733/825/733 732/824/732
f 757/850/757 758/851/758 734/826/734 733/825/733
f 758/851/758 735/852/735 711/827/711 734/826/734
f 543/628/543 544/629/544 759/853/759
f 544/629/544 545/630/545 759/854/759
f 545/630/545 546/631/546 759/855/759
f 546/631/546 547/632/547 759/856/759
f 547/632/547 548/633/548 759/857/759
f 548/633/548 549/634/549 759/858/759
f 549/634/549 550/635/550 759/859/759
f 550/635/550 551/636/551 759/860/759
f 551/636/551 552/637/552 759/861/759
f 552/637/552 553/638/553 759/862/759
f 553/638/553 554/639/554 759/863/759
f 554/639/554 555/640/555 759/864/759
f 555/640/555 556/641/556 759/865/759
f 556/641/556 557/642/557 759/866/759
f 557/642/557 558/643/558 759/867/759
f 558/643/558 559/644/559 759/868/759
f 559/644/559 560/645/560 759/869/759
f 560/645/560 561/646/561 759/870/759
f 561/646/561 562/647/562 759/871/759
f 562/647/562 563/648/563 759/872/759
f 563/648/563 564/649/564 759/873/759
f 564/649/564 565/650/565 759/874/759
f 565/650/565 566/651/566 759/875/759
f 566/651/566 543/652/543 759/876/759
f 760/877/760 736/829/736 735/828/735
f 760/878/760 737/830/737 736/829/736
f 760/879/760 738/831/738 737/830/737
f 760/880/760 739/832/739 738/831/738
f 760/881/760 740/833/740 739/832/739
f 760/882/760 741/834/741 740/833/740
f 760/883/760 742/835/742 741/834/741
f 760/884/760 743/836/743 742/835/742
f 760/885/760 744/837/744 743/836/743
f 760/886/760 745/838/745 744/837/744
f 760/887/760 746/839/746 745/838/745
f 760/888/760 747/840/747 746/839/746
f 760/889/760 748/841/748 747/840/747
f 760/890/760 749/842/749 748/841/748
f 760/891/760 750/843/750 749/842/749
f 760/892/760 751/844/751 750/843/750
f 760/893/760 752/845/752 751/844/751
f 760/894/760 753/846/753 752/845/752
f 760/895/760 754/847/754 753/846/753
f 760/896/760 755/848/755 754/847/754
f 760/897/760 756/849/756 755/848/755
f 760/898/760 757/850/757 756/849/756
f 760/899/760 758/851/758 757/850/757
f 760/900/760 735/852/735 758/851/758
f 785/926/785 786/927/786 762/902/762 761/901/761
f 786/927/786 787/928/787 763/903/763 762/902/762
f 787/928/787 788/929/788 764/904/764 763/903/763
f 788/929/788 789/930/789 765/905/765 764/904/764
f 789/930/789 790/931/790 766/906/766 765/905/765
f 790/931/790 791/932/791 767/907/767 766/906/766
f 791/932/791 792/933/792 768/908/768 767/907/767
f 792/933/792 793/934/793 769/909/769 768/908/768
f 793/934/793 794/935/794 770/910/770 769/909/769
f 794/935/794 795/936/795 771/911/771 770/910/770
f 795/936/795 796/937/796 772/912/772 771/911/771
f 796/937/796 797/938/797 773/913/773 772/912/772
f 797/938/797 798/939/798 774/914/774 773/913/773
f 798/939/798 799/940/799 775/915/775 774/914/774
f 799/940/799 800/941/800 776/916/776 775/915/775
f 800/941/800 801/942/801 777/917/777 776/916/776
f 801/942/801 802/943/802 778/918/778 777/917/777
f 802/943/802 803/944/803 779/919/779 778/918/778
f 803/944/803 804/945/804 780/920/780 779/919/779
f 804/945/804 805/946/805 781/921/781 780/920/780
f 805/946/805 806/947/806 782/922/782 781/921/781
f 806/947/806 807/948/807 783/923/783 782/922/782
f 807/948/807 808/949/808 784/924/784 783/923/783
f 808/949/808 785/950/785 761/925/761 784/924/784
f 809/951/809 810/952/810 786/927/786 785/926/785
f 810/952/810 811/953/811 787/928/787 786/927/786
f 811/953/811 812/954/812 788/929/788 787/928/787
f 812/954/812 813/955/813 789/930/789 788/929/788
f 813/955/813 814/956/814 790/931/790 789/930/789
f 814/956/814 815/957/815 791/932/791 790/931/790
f 815/957/815 816/958/816 792/933/792 791/932/791
f 816/958/816 817/959/817 793/934/793 792/933/792
f 817/959/817 818/960/818 794/935/794 793/934/793
f 818/960/818 819/961/819 795/936/795 794/935/794
f 819/961/819 820/962/820 796/937/796 795/936/795
f 820/962/820 821/963/821 797/938/797 796/937/796
f 821/963/821 822/964/822 798/939/798 797/938/797
f 822/964/822 823/965/823 799/940/799 798/939/798
f 823/965/823 824/966/824 800/941/800 799/940/799
f 824/966/824 825/967/825 801/942/801 800/941/800
f 825/967/825 826/968/826 802/943/802 801/942/801
f 826/968/826 827/969/827 803/944/803 802/943/802
f 827/969/827 828/970/828 804/945/804 803/944/803
f 828/970/828 829/971/829 805/946/805 804/945/804
f 829/971/829 830/972/830 806/947/806 805/946/805
f 830/972/830 831/973/831 807/948/807 806/947/806
f 831/973/831 832/974/832 808/949/808 807/948/807
f 832/974/832 809/975/809 785/950/785 808/949/808
f 833/976/833 834/977/834 810/952/810 809/951/809
f 834/977/834 835/978/835 811/953/811 810/952/810
f 835/978/835 836/979/836 812/954/812 811/953/811
f 836/979/836 837/980/837 813/955/813 812/954/812
f 837/980/837 838/981/838 814/956/814 813/955/813
f 838/981/838 839/982/839 815/957/815 814/956/814
f 839/982/839 840/983/840 816/958/816 815/957/815
f 840/983/840 841/984/841 817/959/817 816/958/816
f 841/984/841 842/985/842 818/960/818 817/959/817
f 842/985/842 843/986/843 819/961/819 818/960/818
f 843/986/843 844/987/844 820/962/820 819/961/819
f 844/987/844 845/988/845 821/963/821 820/962/820
f 845/988/845 846/989/846 822/964/822 821/963/821
f 846/989/846 847/990/847 823/965/823 822/964/822
f 847/990/847 848/991/848 824/966/824 823/965/823
f 848/991/848 849/992/849 825/967/825 824/966/824
f 849/992/849 850/993/850 826/968/826 825/967/825
f 850/993/850 851/994/851 827/969/827 826/968/826
f 851/994/851 852/995/852 828/970/828 827/969/827
f 852/995/852 853/996/853 829/971/829 828/970/828
f 853/996/853 854/997/854 830/972/830 829/971/829
f 854/997/854 855/998/855 831/973/831 830/972/830
f 855/998/855 856/999/856 832/974/832 831/973/831
f 856/999/856 833/1000/833 809/975/809 832/974/832
f 857/1001/857 858/1002/858 834/977/834 833/976/833
f 858/1002/858 859/1003/859 835/978/835 834/977/834
f 859/1003/859 860/1004/860 836/979/836 835/978/835
f 860/1004/860 861/1005/861 837/980/837 836/979/836
f 861/1005/861 862/1006/862 838/981/838 837/980/837
f 862/1006/862 863/1007/863 839/982/839 838/981/838
f 863/1007/863 864/1008/864 840/983/840 839/982/839
f 864/1008/864 865/1009/865 841/984/841 840/983/840
f 865/1009/865 866/1010/866 842/985/842 841/984/841
f 866/1010/866 867/1011/867 843/986/843 842/985/842
f 867/1011/867 868/1012/868 844/987/844 843/986/843
f 868/1012/868 869/1013/869 845/988/845 844/987/844
f 869/1013/869 870/1014/870 846/989/846 845/988/845
f 870/1014/870 871/1015/871 847/990/847 846/989/846
f 871/1015/871 872/1016/872 848/991/848 847/990/847
f 872/1016/872 873/1017/873 849/992/849 848/991/848
f 873/1017/873 874/1018/874 850/993/850 849/992/849
f 874/1018/874 875/1019/875 851/994/851 850/993/850
f 875/1019/875 876/1020/876 852/995/852 851/994/851
f 876/1020/876 877/1021/877 853/996/853 852/995/852
f 877/1021/877 878/1022/878 854/997/854 853/996/853
f 878/1022/878 879/1023/879 855/998/855 854/997/854
f 879/1023/879 880/1024/880 856/999/856 855/998/855
f 880/1024/880 857/1025/857 833/1000/833 856/999/856
f 881/1026/881 882/1027/882 858/1002/858 857/1001/857
f 882/1027/882 883/1028/883 859/1003/859 858/1002/858
f 883/1028/883 884/1029/884 860/1004/860 859/1003/859
f 884/1029/884 885/1030/885 861/1005/861 860/1004/860
f 885/1030/885 886/1031/886 862/1006/862 861/1005/861
f 886/1031/886 887/1032/887 863/1007/863 862/1006/862
f 887/1032/887 888/1033/888 864/1008/864 863/1007/863
f 888/1033/888 889/1034/889 865/1009/865 864/1008/864
f 889/1034/889 890/1035/890 866/1010/866 865/1009/865
f 890/1035/890 891/1036/891 867/1011/867 866/1010/866
f 891/1036/891 892/1037/892 868/1012/868 867/1011/867
f 892/1037/892 893/1038/893 869/1013/869 868/1012/868
f 893/1038/893 894/1039/894 870/1014/870 869/1013/869
f 894/1039/894 895/1040/895 871/1015/871 870/1014/870
f 895/1040/895 896/1041/896 872/1016/872 871/1015/871
f 896/1041/896 897/1042/897 873/1017/873 872/1016/872
f 897/1042/897 898/1043/898 874/1018/874 873/1017/873
f 898/1043/898 899/1044/899 875/1019/875 874/1018/874
f 899/1044/899 900/1045/900 876/1020/876 875/1019/875
f 900/1045/900 901/1046/901 877/1021/877 876/1020/876
f 901/1046/901 902/1047/902 878/1022/878 877/1021/877
f 902/1047/902 903/1048/903 879/1023/879 878/1022/878
f 903/1048/903 904/1049/904 880/1024/880 879/1023/879
f 904/1049/904 881/1050/881 857/1025/857 880/1024/880
f 905/1051/905 906/1052/906 882/1027/882 881/1026/881
f 906/1052/906 907/1053/907 883/1028/883 882/1027/882
f 907/1053/907 908/1054/908 884/1029/884 883/1028/883
f 908/1054/908 909/1055/909 885/1030/885 884/1029/884
f 909/1055/909 910/1056/910 886/1031/886 885/1030/885
f 910/1056/910 911/1057/911 887/1032/887 886/1031/886
f 911/1057/911 912/1058/912 888/1033/888 887/1032/887
f 912/1058/912 913/1059/913 889/1034/889 888/1033/888
f 913/1059/913 914/1060/914 890/1035/890 889/1034/889
f 914/1060/914 915/1061/915 891/1036/891 890/1035/890
f 915/1061/915 916/1062/916 892/1037/892 891/1036/891
f 916/1062/916 917/1063/917 893/1038/893 892/1037/892
f 917/1063/917 918/1064/918 894/1039/894 893/1038/893
f 918/1064/918 919/1065/919 895/1040/895 894/1039/894
f 919/1065/919 920/1066/920 896/1041/896 895/1040/895
f 920/1066/920 921/1067/921 897/1042/897 896/1041/896
f 921/1067/921 922/1068/922 898/1043/898 897/1042/897
f 922/1068/922 923/1069/923 899/1044/899 898/1043/898
f 923/1069/923 924/1070/924 900/1045/900 899/1044/899
f 924/1070/924 925/1071/925 901/1046/901 900/1045/900
f 925/1071/925 926/1072/926 902/1047/902 901/1046/901
f 926/1072/926 927/1073/927 903/1048/903 902/1047/902
f 927/1073/927 928/1074/928 904/1049/904 903/1048/903
f 928/1074/928 905/1075/905 881/1050/881 904/1049/904
f 929/1076/929 930/1077/930 906/1052/906 905/1051/905
f 930/1077/930 931/1078/931 907/1053/907 906/1052/906
f 931/1078/931 932/1079/932 908/1054/908 907/1053/907
f 932/1079/932 933/1080/933 909/1055/909 908/1054/908
f 933/1080/933 934/1081/934 910/1056/910 909/1055/909
f 934/1081/934 935/1082/935 911/1057/911 910/1056/910
f 935/1082/935 936/1083/936 912/1058/912 911/1057/911
f 936/1083/936 937/1084/937 913/1059/913 912/1058/912
f 937/1084/937 938/1085/938 914/1060/914 913/1059/913
f 938/1085/938 939/1086/939 915/1061/915 914/1060/914
f 939/1086/939 940/1087/940 916/1062/916 915/1061/915
f 940/1087/940 941/1088/941 917/1063/917 916/1062/916
f 941/1088/941 942/1089/942 918/1064/918 917/1063/917
f 942/1089/942 943/1090/943 919/1065/919 918/1064/918
f 943/1090/943 944/1091/944 920/1066/920 919/1065/919
f 944/1091/944 945/1092/945 921/1067/921 920/1066/920
f 945/1092/945 946/1093/946 922/1068/922 921/1067/921
f 946/1093/946 947/1094/947 923/1069/923 922/1068/922
f 947/1094/947 948/1095/948 924/1070/924 923/1069/923
f 948/1095/948 949/1096/949 925/1071/925 924/1070/924
f 949/1096/949 950/1097/950 926/1072/926 925/1071/925
f 950/1097/950 951/1098/951 927/1073/927 926/1072/926
f 951/1098/951 952/1099/952 928/1074/928 927/1073/927
f 952/1099/952 929/1100/929 905/1075/905 928/1074/928
f 953/1101/953 954/1102/954 930/1077/930 929/1076/929
f 954/1102/954 955/1103/955 931/1078/931 930/1077/930
f 955/1103/955 956/1104/956 932/1079/932 931/1078/931
f 956/1104/956 957/1105/957 933/1080/933 932/1079/932
f 957/1105/957 958/1106/958 934/1081/934 933/1080/933
f 958/1106/958 959/1107/959 935/1082/935 934/1081/934
f 959/1107/959 960/1108/960 936/1083/936 935/1082/935
f 960/1108/960 961/1109/961 937/1084/937 936/1083/936
f 961/1109/961 962/1110/962 938/1085/938 937/1084/937
f 962/1110/962 963/1111/963 939/1086/939 938/1085/938
f 963/1111/963 964/1112/964 940/1087/940 939/1086/939
f 964/1112/964 965/1113/965 941/1088/941 940/1087/940
f 965/1113/965 966/1114/966 942/1089/942 941/1088/941
f 966/1114/966 967/1115/967 943/1090/943 942/1089/942
f 967/1115/967 968/1116/968 944/1091/944 943/1090/943
f 968/1116/968 969/1117/969 945/1092/945 944/1091/944
f 969/1117/969 970/1118/970 946/1093/946 945/1092/945
f 970/1118/970 971/1119/971 947/1094/947 946/1093/946
f 971/1119/971 972/1120/972 948/1095/948 947/1094/947
f 972/1120/972 973/1121/973 949/1096/949 948/1095/948
f 973/1121/973 974/1122/974 950/1097/950 949/1096/949
f 974/1122/974 975/1123/975 951/1098/951 950/1097/950
f 975/1123/975 976/1124/976 952/1099/952 951/1098/951
f 976/1124/976 953/1125/953 929/1100/929 952/1099/952
f 761/901/761 762/902/762 977/1126/977
f 762/902/762 763/903/763 977/1127/977
f 763/903/763 764/904/764 977/1128/977
f 764/904/764 765/905/765 977/1129/977
f 765/905/765 766/906/766 977/1130/977
f 766/906/766 767/907/767 977/1131/977
f 767/907/767 768/908/768 977/1132/977
f 768/908/768 769/909/769 977/1133/977
f 769/909/769 770/910/770 977/1134/977
f 770/910/770 771/911/771 977/1135/977
f 771/911/771 772/912/772 977/1136/977
f 772/912/772 773/913/773 977/1137/977
f 773/913/773 774/914/774 977/1138/977
f 774/914/774 775/915/775 977/1139/977
f 775/915/775 776/916/776 977/1140/977
f 776/916/776 777/917/777 977/1141/977
f 777/917/777 778/918/778 977/1142/977
f 778/918/778 779/919/779 977/1143/977
f 779/919/779 780/920/780 977/1144/977
f 780/920/780 781/921/781 977/1145/977
f 781/921/781 782/922/782 977/1146/977
f 782/922/782 783/923/783 977/1147/977
f 783/923/783 784/924/784 977/1148/977
f 784/924/784 761/925/761 977/1149/977
f 978/1150/978 954/1102/954 953/1101/953
f 978/1151/978 955/1103/955 954/1102/954
f 978/1152/978 956/1104/956 955/1103/955
f 978/1153/978 957/1105/957 956/1104/956
f 978/1154/978 958/1106/958 957/1105/957
f 978/1155/978 959/1107/959 958/1106/958
f 978/1156/978 960/1108/960 959/1107/959
f 978/1157/978 961/1109/961 960/1108/960
f 978/1158/978 962/1110/962 961/1109/961
f 978/1159/978 963/1111/963 962/1110/962
f 978/1160/978 964/1112/964 963/1111/963
f 978/1161/978 965/1113/965 964/1112/964
f 978/1162/978 966/1114/966 965/1113/965
f 978/1163/978 967/1115/967 966/1114/966
f 978/1164/978 968/1116/968 967/1115/967
f 978/1165/978 969/1117/969 968/1116/968
f 978/1166/978 970/1118/970 969/1117/969
f 978/1167/978 971/1119/971 970/1118/970
f 978/1168/978 972/1120/972 971/1119/971
f 978/1169/978 973/1121/973 972/1120/972
f 978/1170/978 974/1122/974 973/1121/973
f 978/1171/978 975/1123/975 974/1122/974
f 978/1172/978 976/1124/976 975/1123/975
f 978/1173/978 953/1125/953 976/1124/976
f 1003/1199/1003 1004/1200/1004 980/1175/980 979/1174/979
f 1004/1200/1004 1005/1201/1005 981/1176/981 980/1175/980
f 1005/1201/1005 1006/1202/1006 982/1177/982 981/1176/981
f 1006/1202/1006 1007/1203/1007 983/1178/983 982/1177/982
f 1007/1203/1007 1008/1204/1008 984/1179/984 983/1178/983
f 1008/1204/1008 1009/1205/1009 985/1180/985 984/1179/984
f 1009/1205/1009 1010/1206/1010 986/1181/986 985/1180/985
f 1010/1206/1010 1011/1207/1011 987/1182/987 986/1181/986
f 1011/1207/1011 1012/1208/1012 988/1183/988 987/1182/987
f 1012/1208/1012 1013/1209/1013 989/1184/989 988/1183/988
f 1013/1209/1013 1014/1210/1014 990/1185/990 989/1184/989
f 1014/1210/1014 1015/1211/1015 991/1186/991 990/1185/990
f 1015/1211/1015 1016/1212/1016 992/1187/992 991/1186/991
f 1016/1212/1016 1017/1213/1017 993/1188/993 992/1187/992
f 1017/1213/1017 1018/1214/1018 994/1189/994 993/1188/993
f 1018/1214/1018 1019/1215/1019 995/1190/995 994/1189/994
f 1019/1215/1019 1020/1216/1020 996/1191/996 995/1190/995
f 1020/1216/1020 1021/1217/1021 997/1192/997 996/1191/996
f 1021/1217/1021 1022/1218/1022 998/1193/998 997/1192/997
f 1022/1218/1022 1023/1219/1023 999/1194/999 998/1193/998
f 1023/1219/1023 1024/1220/1024 1000/1195/1000 999/1194/999
f 1024/1220/1024 1025/1221/1025 1001/1196/1001 1000/1195/1000
f 1025/1221/1025 1026/1222/1026 1002/1197/1002 1001/1196/1001
f 1026/1222/1026 1003/1223/1003 979/1198/979 1002/1197/1002
f 1027/1224/1027 1028/1225/1028 1004/1200/1004 1003/1199/1003
f 1028/1225/1028 1029/1226/1029 1005/1201/1005 1004/1200/1004
f 1029/1226/1029 1030/1227/1030 1006/1202/1006 1005/1201/1005
f 1030/1227/1030 1031/1228/1031 1007/1203/1007 1006/1202/1006
f 1031/1228/1031 1032/1229/1032 1008/1204/1008 1007/1203/1007
f 1032/1229/1032 1033/1230/1033 1009/1205/1009 1008/1204/1008
f 1033/1230/1033 1034/1231/1034 1010/1206/1010 1009/1205/1009
f 1034/1231/1034 1035/1232/1035 1011/1207/1011 1010/1206/1010
f 1035/1232/1035 1036/1233/1036 1012/1208/1012 1011/1207/1011
f 1036/1233/1036 1037/1234/1037 1013/1209/1013 1012/1208/1012
f 1037/1234/1037 1038/1235/1038 1014/1210/1014 1013/1209/1013
f 1038/1235/1038 1039/1236/1039 1015/1211/1015 1014/1210/1014
f 1039/1236/1039 1040/1237/1040 1016/1212/1016 1015/1211/1015
f 1040/1237/1040 1041/1238/1041 1017/1213/1017 1016/1212/1016
f 1041/1238/1041 1042/1239/1042 1018/1214/1018 1017/1213/1017
f 1042/1239/1042 1043/1240/1043 1019/1215/1019 1018/1214/1018
f 1043/1240/1043 1044/1241/1044 1020/1216/1020 1019/1215/1019
f 1044/1241/1044 1045/1242/1045 1021/1217/1021 1020/1216/1020
f 1045/1242/1045 1046/1243/1046 1022/1218/1022 1021/1217/1021
f 1046/1243/1046 1047/1244/1047 1023/1219/1023 1022/1218/1022
f 1047/1244/1047 1048/1245/1048 1024/1220/1024 1023/1219/1023
f 1048/1245/1048 1049/1246/1049 1025/1221/1025 1024/1220/1024
f 1049/1246/1049 1050/1247/1050 1026/1222/1026 1025/1221/1025
f 1050/1247/1050 1027/1248/1027 1003/1223/1003 1026/1222/1026
f 1051/1249/1051 1052/1250/1052 1028/1225/1028 1027/1224/1027
f 1052/1250/1052 1053/1251/1053 1029/1226/1029 1028/1225/1028
f 1053/1251/1053 1054/1252/1054 1030/1227/1030 1029/1226/1029
f 1054/1252/1054 1055/1253/1055 1031/1228/1031 1030/1227/1030
f 1055/1253/1055 1056/1254/1056 1032/1229/1032 1031/1228/1031
f 1056/1254/1056 1057/1255/1057 1033/1230/1033 1032/1229/1032
f 1057/1255/1057 1058/1256/1058 1034/1231/1034 1033/1230/1033
f 1058/1256/1058 1059/1257/1059 1035/1232/1035 1034/1231/1034
f 1059/1257/1059 1060/1258/1060 1036/1233/1036 1035/1232/1035
f 1060/1258/1060 1061/1259/1061 1037/1234/1037 1036/1233/1036
f 1061/1259/1061 1062/1260/1062 1038/1235/1038 1037/1234/1037
f 1062/1260/1062 1063/1261/1063 1039/1236/1039 1038/1235/1038
f 1063/1261/1063 1064/1262/1064 1040/1237/1040 1039/1236/1039
f 1064/1262/1064 1065/1263/1065 1041/1238/1041 1040/1237/1040
f 1065/1263/1065 1066/1264/1066 1042/1239/1042 1041/1238/1041
f 1066/1264/1066 1067/1265/1067 1043/1240/1043 1042/1239/1042
f 1067/1265/1067 1068/1266/1068 1044/1241/1044 1043/1240/1043
f 1068/1266/1068 1069/1267/1069 1045/1242/1045 1044/1241/1044
f 1069/1267/1069 1070/1268/1070 1046/1243/1046 1045/1242/1045
f 1070/1268/1070 1071/1269/1071 1047/1244/1047 1046/1243/1046
f 1071/1269/1071 1072/1270/1072 1048/1245/1048 1047/1244/1047
f 1072/1270/1072 1073/1271/1073 1049/1246/1049 1048/1245/1048
f 1073/1271/1073 1074/1272/1074 1050/1247/1050 1049/1246/1049
f 1074/1272/1074 1051/1273/1051 1027/1248/1027 1050/1247/1050
f 1075/1274/1075 1076/1275/1076 1052/1250/1052 1051/1249/1051
f 1076/1275/1076 1077/1276/1077 1053/1251/1053 1052/1250/1052
f 1077/1276/1077 1078/1277/1078 1054/1252/1054 1053/1251/1053
f 1078/1277/1078 1079/1278/1079 1055/1253/1055 1054/1252/1054
f 1079/1278/1079 1080/1279/1080 1056/1254/1056 1055/1253/1055
f 1080/1279/1080 1081/1280/1081 1057/1255/1057 1056/1254/1056
f 1081/1280/1081 1082/1281/1082 1058/1256/1058 1057/1255/1057
f 1082/1281/1082 1083/1282/1083 1059/1257/1059 1058/1256/1058
f 1083/1282/1083 1084/1283/1084 1060/1258/1060 1059/1257/1059
f 1084/1283/1084 1085/1284/1085 1061/1259/1061 1060/1258/1060
f 1085/1284/1085 1086/1285/1086 1062/1260/1062 1061/1259/1061
f 1086/1285/1086 1087/1286/1087 1063/1261/1063 1062/1260/1062
f 1087/1286/1087 1088/1287/1088 1064/1262/1064 1063/1261/1063
f 1088/1287/1088 1089/1288/1089 1065/1263/1065 1064/1262/1064
f 1089/1288/1089 1090/1289/1090 1066/1264/1066 1065/1263/1065
f 1090/1289/1090 1091/1290/1091 1067/1265/1067 1066/1264/1066
f 1091/1290/1091 1092/1291/1092 1068/1266/1068 1067/1265/1067
f 1092/1291/1092 1093/1292/1093 1069/1267/1069 1068/1266/1068
f 1093/1292/1093 1094/1293/1094 1070/1268/1070 1069/1267/1069
f 1094/1293/1094 1095/1294/1095 1071/1269/1071 1070/1268/1070
f 1095/1294/1095 1096/1295/1096 1072/1270/1072 1071/1269/1071
f 1096/1295/1096 1097/1296/1097 1073/1271/1073 1072/1270/1072
f 1097/1296/1097 1098/1297/1098 1074/1272/1074 1073/1271/1073
f 1098/1297/1098 1075/1298/1075 1051/1273/1051 1074/1272/1074
f 1099/1299/1099 1100/1300/1100 1076/1275/1076 1075/1274/1075
f 1100/1300/1100 1101/1301/1101 1077/1276/1077 1076/1275/1076
f 1101/1301/1101 1102/1302/1102 1078/1277/1078 1077/1276/1077
f 1102/1302/1102 1103/1303/1103 1079/1278/1079 1078/1277/1078
f 1103/1303/1103 1104/1304/1104 1080/1279/1080 1079/1278/1079
f 1104/1304/1104 1105/1305/1105 1081/1280/1081 1080/1279/1080
f 1105/1305/1105 1106/1306/1106 1082/1281/1082 1081/1280/1081
f 1106/1306/1106 1107/1307/1107 1083/1282/1083 1082/1281/1082
f 1107/1307/1107 1108/1308/1108 1084/1283/1084 1083/1282/1083
f 1108/1308/1108 1109/1309/1109 1085/1284/1085 1084/1283/1084
f 1109/1309/1109 1110/1310/1110 1086/1285/1086 1085/1284/1085
f 1110/1310/1110 1111/1311/1111 1087/1286/1087 1086/1285/1086
f 1111/1311/1111 1112/1312/1112 1088/1287/1088 1087/1286/1087
f 1112/1312/1112 1113/1313/1113 1089/1288/1089 1088/1287/1088
f 1113/1313/1113 1114/1314/1114 1090/1289/1090 1089/1288/1089
f 1114/1314/1114 1115/1315/1115 1091/1290/1091 1090/1289/1090
f 1115/1315/1115 1116/1316/1116 1092/1291/1092 1091/1290/1091
f 1116/1316/1116 1117/1317/1117 1093/1292/1093 1092/1291/1092
f 1117/1317/1117 1118/1318/1118 1094/1293/1094 1093/1292/1093
f 1118/1318/1118 1119/1319/1119 1095/1294/1095 1094/1293/1094
f 1119/1319/1119 1120/1320/1120 1096/1295/1096 1095/1294/1095
f 1120/1320/1120 1121/1321/1121 1097/1296/1097 1096/1295/1096
f 1121/1321/1121 1122/1322/1122 1098/1297/1098 1097/1296/1097
f 1122/1322/1122 1099/1323/1099 1075/1298/1075 1098/1297/1098
f 1123/1324/1123 1124/1325/1124 1100/1300/1100 1099/1299/1099
f 1124/1325/1124 1125/1326/1125 1101/1301/1101 1100/1300/1100
f 1125/1326/1125 1126/1327/1126 1102/1302/1102 1101/1301/1101
f 1126/1327/1126 1127/1328/1127 1103/1303/1103 1102/1302/1102
f 1127/1328/1127 1128/1329/1128 1104/1304/1104 1103/1303/1103
f 1128/1329/1128 1129/1330/1129 1105/1305/1105 1104/1304/1104
f 1129/1330/1129 1130/1331/1130 1106/1306/1106 1105/1305/1105
f 1130/1331/1130 1131/1332/1131 1107/1307/1107 1106/1306/1106
f 1131/1332/1131 1132/1333/1132 1108/1308/1108 1107/1307/1107
f 1132/1333/1132 1133/1334/1133 1109/1309/1109 1108/1308/1108
f 1133/1334/1133 1134/1335/1134 1110/1310/1110 1109/1309/1109
f 1134/1335/1134 1135/1336/1135 1111/1311/1111 1110/1310/1110
f 1135/1336/1135 1136/1337/1136 1112/1312/1112 1111/1311/1111
f 1136/1337/1136 1137/1338/1137 1113/1313/1113 1112/1312/1112
f 1137/1338/1137 1138/1339/1138 1114/1314/1114 1113/1313/1113
f 1138/1339/1138 1139/1340/1139 1115/1315/1115 1114/1314/1114
f 1139/1340/1139 1140/1341/1140 1116/1316/1116 1115/1315/1115
f 1140/1341/1140 1141/1342/1141 1117/1317/1117 1116/1316/1116
f 1141/1342/1141 1142/1343/1142 1118/1318/1118 1117/1317/1117
f 1142/1343/1142 1143/1344/1143 1119/1319/1119 1118/1318/1118
f 1143/1344/1143 1144/1345/1144 1120/1320/1120 1119/1319/1119
f 1144/1345/1144 1145/1346/1145 1121/1321/1121 1120/1320/1120
f 1145/1346/1145 1146/1347/1146 1122/1322/1122 1121/1321/1121
f 1146/1347/1146 1123/1348/1123 1099/1323/1099 1122/1322/1122
f 1147/1349/1147 1148/1350/1148 1124/1325/1124 1123/1324/1123
f 1148/1350/1148 1149/1351/1149 1125/1326/1125 1124/1325/1124
f 1149/1351/1149 1150/1352/1150 1126/1327/1126 1125/1326/1125
f 1150/1352/1150 1151/1353/1151 1127/1328/1127 1126/1327/1126
f 1151/1353/1151 1152/1354/1152 1128/1329/1128 1127/1328/1127
f 1152/1354/1152 1153/1355/1153 1129/1330/1129 1128/1329/1128
f 1153/1355/1153 1154/1356/1154 1130/1331/1130 1129/1330/1129
f 1154/1356/1154 1155/1357/1155 1131/1332/1131 1130/1331/1130
f 1155/1357/1155 1156/1358/1156 1132/1333/1132 1131/1332/1131
f 1156/1358/1156 1157/1359/1157 1133/1334/1133 1132/1333/1132
f 1157/1359/1157 1158/1360/1158 1134/1335/1134 1133/1334/1133
f 1158/1360/1158 1159/1361/1159 1135/1336/1135 1134/1335/1134
f 1159/1361/1159 1160/1362/1160 1136/1337/1136 1135/1336/1135
f 1160/1362/1160 1161/1363/1161 1137/1338/1137 1136/1337/1136
f 1161/1363/1161 1162/1364/1162 1138/1339/1138 1137/1338/1137
f 1162/1364/1162 1163/1365/1163 1139/1340/1139 1138/1339/1138
f 1163/1365/1163 1164/1366/1164 1140/1341/1140 1139/1340/1139
f 1164/1366/1164 1165/1367/1165 1141/1342/1141 1140/1341/1140
f 1165/1367/1165 1166/1368/1166 1142/1343/1142 1141/1342/1141
f 1166/1368/1166 1167/1369/1167 1143/1344/1143 1142/1343/1142
f 1167/1369/1167 1168/1370/1168 1144/1345/1144 1143/1344/1143
f 1168/1370/1168 1169/1371/1169 1145/1346/1145 1144/1345/1144
f 1169/1371/1169 1170/1372/1170 1146/1347/1146 1145/1346/1145
f 1170/1372/1170 1147/1373/1147 1123/1348/1123 1146/1347/1146
f 979/1174/979 980/1175/980 1171/1374/1171
f 980/1175/980 981/1176/981 1171/1375/1171
f 981/1176/981 982/1177/982 1171/1376/1171
f 982/1177/982 983/1178/983 1171/1377/1171
f 983/1178/983 984/1179/984 1171/1378/1171
f 984/1179/984 985/1180/985 1171/1379/1171
f 985/1180/985 986/1181/986 1171/1380/1171
f 986/1181/986 987/1182/987 1171/1381/1171
f 987/1182/987 988/1183/988 1171/1382/1171
f 988/1183/988 989/1184/989 1171/1383/1171
f 989/1184/989 990/1185/990 1171/1384/1171
f 990/1185/990 991/1186/991 1171/1385/1171
f 991/1186/991 992/1187/992 1171/1386/1171
f 992/1187/992 993/1188/993 1171/1387/1171
f 993/1188/993 994/1189/994 1171/1388/1171
f 994/1189/994 995/1190/995 1171/1389/1171
f 995/1190/995 996/1191/996 1171/1390/1171
f 996/1191/996 997/1192/997 1171/1391/1171
f 997/1192/997 998/1193/998 1171/1392/1171
f 998/1193/998 999/1194/999 1171/1393/1171
f 999/1194/999 1000/1195/1000 1171/1394/1171
f 1000/1195/1000 1001/1196/1001 1171/1395/1171
f 1001/1196/1001 1002/1197/1002 1171/1396/1171
f 1002/1197/1002 979/1198/979 1171/1397/1171
f 1172/1398/1172 1148/1350/1148 1147/1349/1147
f 1172/1399/1172 1149/1351/1149 1148/1350/1148
f 1172/1400/1172 1150/1352/1150 1149/1351/1149
f 1172/1401/1172 1151/1353/1151 1150/1352/1150
f 1172/1402/1172 1152/1354/1152 1151/1353/1151
f 1172/1403/1172 1153/1355/1153 1152/1354/1152
f 1172/1404/1172 1154/1356/1154 1153/1355/1153
f 1172/1405/1172 1155/1357/1155 1154/1356/1154
f 1172/1406/1172 1156/1358/1156 1155/1357/1155
f 1172/1407/1172 1157/1359/1157 1156/1358/1156
f 1172/1408/1172 1158/1360/1158 1157/1359/1157
f 1172/1409/1172 1159/1361/1159 1158/1360/1158
f 1172/1410/1172 1160/1362/1160 1159/1361/1159
f 1172/1411/1172 1161/1363/1161 1160/1362/1160
f 1172/1412/1172 1162/1364/1162 1161/1363/1161
f 1172/1413/1172 1163/1365/1163 1162/1364/1162
f 1172/1414/1172 1164/1366/1164 1163/1365/1163
f 1172/1415/1172 1165/1367/1165 1164/1366/1164
f 1172/1416/1172 1166/1368/1166 1165/1367/1165
f 1172/1417/1172 1167/1369/1167 1166/1368/1166
f 1172/1418/1172 1168/1370/1168 1167/1369/1167
f 1172/1419/1172 1169/1371/1169 1168/1370/1168
f 1172/1420/1172 1170/1372/1170 1169/1371/1169
f 1172/1421/1172 1147/1373/1147 1170/1372/1170
f 1173/1422/1173 1174/1423/1174 1199/1449/1199 1198/1448/1198
f 1174/1423/1174 1175/1424/1175 1200/1450/1200 1199/1449/1199
f 1175/1424/1175 1176/1425/1176 1201/1451/1201 1200/1450/1200
f 1176/1425/1176 1177/1426/1177 1202/1452/1202 1201/1451/1201
f 1177/1426/1177 1178/1427/1178 1203/1453/1203 1202/1452/1202
f 1178/1427/1178 1179/1428/1179 1204/1454/1204 1203/1453/1203
f 1179/1428/1179 1180/1429/1180 1205/1455/1205 1204/1454/1204
f 1180/1429/1180 1181/1430/1181 1206/1456/1206 1205/1455/1205
f 1181/1430/1181 1182/1431/1182 1207/1457/1207 1206/1456/1206
f 1182/1431/1182 1183/1432/1183 1208/1458/1208 1207/1457/1207
f 1183/1432/1183 1184/1433/1184 1209/1459/1209 1208/1458/1208
f 1184/1433/1184 1185/1434/1185 1210/1460/1210 1209/1459/1209
f 1185/1434/1185 1186/1435/1186 1211/1461/1211 1210/1460/1210
f 1186/1435/1186 1187/1436/1187 1212/1462/1212 1211/1461/1211
f 1187/1436/1187 1188/1437/1188 1213/1463/1213 1212/1462/1212
f 1188/1437/1188 1189/1438/1189 1214/1464/1214 1213/1463/1213
f 1189/1438/1189 1190/1439/1190 1215/1465/1215 1214/1464/1214
f 1190/1439/1190 1191/1440/1191 1216/1466/1216 1215/1465/1215
f 1191/1440/1191 1192/1441/1192 1217/1467/1217 1216/1466/1216
f 1192/1441/1192 1193/1442/1193 1218/1468/1218 1217/1467/1217
f 1193/1442/1193 1194/1443/1194 1219/1469/1219 1218/1468/1218
f 1194/1443/1194 1195/1444/1195 1220/1470/1220 1219/1469/1219
f 1195/1444/1195 1196/1445/1196 1221/1471/1221 1220/1470/1220
f 1196/1445/1196 1197/1446/1197 1222/1472/1222 1221/1471/1221
f 1197/1446/1197 1173/1447/1173 1198/1473/1198 1222/1472/1222
f 1198/1448/1198 1199/1449/1199 1224/1475/1224 1223/1474/1223
f 1199/1449/1199 1200/1450/1200 1225/1476/1225 1224/1475/1224
f 1200/1450/1200 1201/1451/1201 1226/1477/1226 1225/1476/1225
f 1201/1451/1201 1202/1452/1202 1227/1478/1227 1226/1477/1226
f 1202/1452/1202 1203/1453/1203 1228/1479/1228 1227/1478/1227
f 1203/1453/1203 1204/1454/1204 1229/1480/1229 1228/1479/1228
f 1204/1454/1204 1205/1455/1205 1230/1481/1230 1229/1480/1229
f 1205/1455/1205 1206/1456/1206 1231/1482/1231 1230/1481/1230
f 1206/1456/1206 1207/1457/1207 1232/1483/1232 1231/1482/1231
f 1207/1457/1207 1208/1458/1208 1233/1484/1233 1232/1483/1232
f 1208/1458/1208 1209/1459/1209 1234/1485/1234 1233/1484/1233
f 1209/1459/1209 1210/1460/1210 1235/1486/1235 1234/1485/1234
f 1210/1460/1210 1211/1461/1211 1236/1487/1236 1235/1486/1235
f 1211/1461/1211 1212/1462/1212 1237/1488/1237 1236/1487/1236
f 1212/1462/1212 1213/1463/1213 1238/1489/1238 1237/1488/1237
f 1213/1463/1213 1214/1464/1214 1239/1490/1239 1238/1489/1238
f 1214/1464/1214 1215/1465/1215 1240/1491/1240 1239/1490/1239
f 1215/1465/1215 1216/1466/1216 1241/1492/1241 1240/1491/1240
f 1216/1466/1216 1217/1467/1217 1242/1493/1242 1241/1492/1241
f 1217/1467/1217 1218/1468/1218 1243/1494/1243 1242/1493/1242
f 1218/1468/1218 1219/1469/1219 1244/1495/1244 1243/1494/1243
f 1219/1469/1219 1220/1470/1220 1245/1496/1245 1244/1495/1244
f 1220/1470/1220 1221/1471/1221 1246/1497/1246 1245/1496/1245
f 1221/1471/1221 1222/1472/1222 1247/1498/1247 1246/1497/1246
f 1222/1472/1222 1198/1473/1198 1223/1499/1223 1247/1498/1247
f 1223/1474/1223 1224/1475/1224 1249/1501/1249 1248/1500/1248
f 1224/1475/1224 1225/1476/1225 1250/1502/1250 1249/1501/1249
f 1225/1476/1225 1226/1477/1226 1251/1503/1251 1250/1502/1250
f 1226/1477/1226 1227/1478/1227 1252/1504/1252 1251/1503/1251
f 1227/1478/1227 1228/1479/1228 1253/1505/1253 1252/1504/1252
f 1228/1479/1228 1229/1480/1229 1254/1506/1254 1253/1505/1253
f 1229/1480/1229 1230/1481/1230 1255/1507/1255 1254/1506/1254
f 1230/1481/1230 1231/1482/1231 1256/1508/1256 1255/1507/1255
f 1231/1482/1231 1232/1483/1232 1257/1509/1257 1256/1508/1256
f 1232/1483/1232 1233/1484/1233 1258/1510/1258 1257/1509/1257
f 1233/1484/1233 1234/1485/1234 1259/1511/1259 1258/1510/1258
f 1234/1485/1234 1235/1486/1235 1260/1512/1260 1259/1511/1259
f 1235/1486/1235 1236/1487/1236 1261/1513/1261 1260/1512/1260
f 1236/1487/1236 1237/1488/1237 1262/1514/1262 1261/1513/1261
f 1237/1488/1237 1238/1489/1238 1263/1515/1263 1262/1514/1262
f 1238/1489/1238 1239/1490/1239 1264/1516/1264 1263/1515/1263
f 1239/1490/1239 1240/1491/1240 1265/1517/1265 1264/1516/1264
f 1240/1491/1240 1241/1492/1241 1266/1518/1266 1265/1517/1265
f 1241/1492/1241 1242/1493/1242 1267/1519/1267 1266/1518/1266
f 1242/1493/1242 1243/1494/1243 1268/1520/1268 1267/1519/1267
f 1243/1494/1243 1244/1495/1244 1269/1521/1269 1268/1520/1268
f 1244/1495/1244 1245/1496/1245 1270/1522/1270 1269/1521/1269
f 1245/1496/1245 1246/1497/1246 1271/1523/1271 1270/1522/1270
f 1246/1497/1246 1247/1498/1247 1272/1524/1272 1271/1523/1271
f 1247/1498/1247 1223/1499/1223 1248/1525/1248 1272/1524/1272
f 1248/1500/1248 1249/1501/1249 1274/1527/1274 1273/1526/1273
f 1249/1501/1249 1250/1502/1250 1275/1528/1275 1274/1527/1274
f 1250/1502/1250 1251/1503/1251 1276/1529/1276 1275/1528/1275
f 1251/1503/1251 1252/1504/1252 1277/1530/1277 1276/1529/1276
f 1252/1504/1252 1253/1505/1253 1278/1531/1278 1277/1530/1277
f 1253/1505/1253 1254/1506/1254 1279/1532/1279 1278/1531/1278
f 1254/1506/1254 1255/1507/1255 1280/1533/1280 1279/1532/1279
f 1255/1507/1255 1256/1508/1256 1281/1534/1281 1280/1533/1280
f 1256/1508/1256 1257/1509/1257 1282/1535/1282 1281/1534/1281
f 1257/1509/1257 1258/1510/1258 1283/1536/1283 1282/1535/1282
f 1258/1510/1258 1259/1511/1259 1284/1537/1284 1283/1536/1283
f 1259/1511/1259 1260/1512/1260 1285/1538/1285 1284/1537/1284
f 1260/1512/1260 1261/1513/1261 1286/1539/1286 1285/1538/1285
f 1261/1513/1261 1262/1514/1262 1287/1540/1287 1286/1539/1286
f 1262/1514/1262 1263/1515/1263 1288/1541/1288 1287/1540/1287
f 1263/1515/1263 1264/1516/1264 1289/1542/1289 1288/1541/1288
f 1264/1516/1264 1265/1517/1265 1290/1543/1290 1289/1542/1289
f 1265/1517/1265 1266/1518/1266 1291/1544/1291 1290/1543/1290
f 1266/1518/1266 1267/1519/1267 1292/1545/1292 1291/1544/1291
f 1267/1519/1267 1268/1520/1268 1293/1546/1293 1292/1545/1292
f 1268/1520/1268 1269/1521/1269 1294/1547/1294 1293/1546/1293
f 1269/1521/1269 1270/1522/1270 1295/1548/1295 1294/1547/1294
f 1270/1522/1270 1271/1523/1271 1296/1549/1296 1295/1548/1295
f 1271/1523/1271 1272/1524/1272 1297/1550/1297 1296/1549/1296
f 1272/1524/1272 1248/1525/1248 1273/1551/1273 1297/1550/1297
f 1298/1552/1298 1174/1423/1174 1173/1422/1173
f 1298/1553/1298 1175/1424/1175 1174/1423/1174
f 1298/1554/1298 1176/1425/1176 1175/1424/1175
f 1298/1555/1298 1177/1426/1177 1176/1425/1176
f 1298/1556/1298 1178/1427/1178 1177/1426/1177
f 1298/1557/1298 1179/1428/1179 1178/1427/1178
f 1298/1558/1298 1180/1429/1180 1179/1428/1179
f 1298/1559/1298 1181/1430/1181 1180/1429/1180
f 1298/1560/1298 1182/1431/1182 1181/1430/1181
f 1298/1561/1298 1183/1432/1183 1182/1431/1182
f 1298/1562/1298 1184/1433/1184 1183/1432/1183
f 1298/1563/1298 1185/1434/1185 1184/1433/1184
f 1298/1564/1298 1186/1435/1186 1185/1434/1185
f 1298/1565/1298 1187/1436/1187 1186/1435/1186
f 1298/1566/1298 1188/1437/1188 1187/1436/1187
f 1298/1567/1298 1189/1438/1189 1188/1437/1188
f 1298/1568/1298 1190/1439/1190 1189/1438/1189
f 1298/1569/1298 1191/1440/1191 1190/1439/1190
f 1298/1570/1298 1192/1441/1192 1191/1440/1191
f 1298/1571/1298 1193/1442/1193 1192/1441/1192
f 1298/1572/1298 1194/1443/1194 1193/1442/1193
f 1298/1573/1298 1195/1444/1195 1194/1443/1194
f 1298/1574/1298 1196/1445/1196 1195/1444/1195
f 1298/1575/1298 1197/1446/1197 1196/1445/1196
f 1298/1576/1298 1173/1447/1173 1197/1446/1197
f 1273/1526/1273 1274/1527/1274 1299/1577/1299
f 1274/1527/1274 1275/1528/1275 1299/1578/1299
f 1275/1528/1275 1276/1529/1276 1299/1579/1299
f 1276/1529/1276 1277/1530/1277 1299/1580/1299
f 1277/1530/1277 1278/1531/1278 1299/1581/1299
f 1278/1531/1278 1279/1532/1279 1299/1582/1299
f 1279/1532/1279 1280/1533/1280 1299/1583/1299
f 1280/1533/1280 1281/1534/1281 1299/1584/1299
f 1281/1534/1281 1282/1535/1282 1299/1585/1299
f 1282/1535/1282 1283/1536/1283 1299/1586/1299
f 1283/1536/1283 1284/1537/1284 1299/1587/1299
f 1284/1537/1284 1285/1538/1285 1299/1588/1299
f 1285/1538/1285 1286/1539/1286 1299/1589/1299
f 1286/1539/1286 1287/1540/1287 1299/1590/1299
f 1287/1540/1287 1288/1541/1288 1299/1591/1299
f 1288/1541/1288 1289/1542/1289 1299/1592/1299
f 1289/1542/1289 1290/1543/1290 1299/1593/1299
f 1290/1543/1290 1291/1544/1291 1299/1594/1299
f 1291/1544/1291 1292/1545/1292 1299/1595/1299
f 1292/1545/1292 1293/1546/1293 1299/1596/1299
f 1293/1546/1293 1294/1547/1294 1299/1597/1299
f 1294/1547/1294 1295/1548/1295 1299/1598/1299
f 1295/1548/1295 1296/1549/1296 1299/1599/1299
f 1296/1549/1296 1297/1550/1297 1299/1600/1299
f 1297/1550/1297 1273/1551/1273 1299/1601/1299
f 1300/1602/1300 1301/1603/1301 1307/1610/1307 1306/1609/1306
f 1301/1603/1301 1302/1604/1302 1308/1611/1308 1307/1610/1307
f 1302/1604/1302 1303/1605/1303 1309/1612/1309 1308/1611/1308
f 1303/1605/1303 1304/1606/1304 1310/1613/1310 1309/1612/1309
f 1304/1606/1304 1305/1607/1305 1311/1614/1311 1310/1613/1310
f 1305/1607/1305 1300/1608/1300 1306/1615/1306 1311/1614/1311
f 1306/1609/1306 1307/1610/1307 1313/1617/1313 1312/1616/1312
f 1307/1610/1307 1308/1611/1308 1314/1618/1314 1313/1617/1313
f 1308/1611/1308 1309/1612/1309 1315/1619/1315 1314/1618/1314
f 1309/1612/1309 1310/1613/1310 1316/1620/1316 1315/1619/1315
f 1310/1613/1310 1311/1614/1311 1317/1621/1317 1316/1620/1316
f 1311/1614/1311 1306/1615/1306 1312/1622/1312 1317/1621/1317
f 1312/1616/1312 1313/1617/1313 1319/1624/1319 1318/1623/1318
f 1313/1617/1313 1314/1618/1314 1320/1625/1320 1319/1624/1319
f 1314/1618/1314 1315/1619/1315 1321/1626/1321 1320/1625/1320
f 1315/1619/1315 1316/1620/1316 1322/1627/1322 1321/1626/1321
f 1316/1620/1316 1317/1621/1317 1323/1628/1323 1322/1627/1322
f 1317/1621/1317 1312/1622/1312 1318/1629/1318 1323/1628/1323
f 1324/1630/1324 1301/1603/1301 1300/1602/1300
f 1324/1631/1324 1302/1604/1302 1301/1603/1301
f 1324/1632/1324 1303/1605/1303 1302/1604/1302
f 1324/1633/1324 1304/1606/1304 1303/1605/1303
f 1324/1634/1324 1305/1607/1305 1304/1606/1304
f 1324/1635/1324 1300/1608/1300 1305/1607/1305
f 1318/1623/1318 1319/1624/1319 1325/1636/1325
f 1319/1624/1319 1320/1625/1320 1325/1637/1325
f 1320/1625/1320 1321/1626/1321 1325/1638/1325
f 1321/1626/1321 1322/1627/1322 1325/1639/1325
f 1322/1627/1322 1323/1628/1323 1325/1640/1325
f 1323/1628/1323 1318/1629/1318 1325/1641/1325
f 1346/1663/1346 1347/1664/1347 1327/1643/1327 1326/1642/1326
f 1347/1664/1347 1348/1665/1348 1328/1644/1328 1327/1643/1327
f 1348/1665/1348 1349/1666/1349 1329/1645/1329 1328/1644/1328
f 1349/1666/1349 1350/1667/1350 1330/1646/1330 1329/1645/1329
f 1350/1667/1350 1351/1668/1351 1331/1647/1331 1330/1646/1330
f 1351/1668/1351 1352/1669/1352 1332/1648/1332 1331/1647/1331
f 1352/1669/1352 1353/1670/1353 1333/1649/1333 1332/1648/1332
f 1353/1670/1353 1354/1671/1354 1334/1650/1334 1333/1649/1333
f 1354/1671/1354 1355/1672/1355 1335/1651/1335 1334/1650/1334
f 1355/1672/1355 1356/1673/1356 1336/1652/1336 1335/1651/1335
f 1356/1673/1356 1357/1674/1357 1337/1653/1337 1336/1652/1336
f 1357/1674/1357 1358/1675/1358 1338/1654/1338 1337/1653/1337
f 1358/1675/1358 1359/1676/1359 1339/1655/1339 1338/1654/1338
f 1359/1676/1359 1360/1677/1360 1340/1656/1340 1339/1655/1339
f 1360/1677/1360 1361/1678/1361 1341/1657/1341 1340/1656/1340
f 1361/1678/1361 1362/1679/1362 1342/1658/1342 1341/1657/1341
f 1362/1679/1362 1363/1680/1363 1343/1659/1343 1342/1658/1342
f 1363/1680/1363 1364/1681/1364 1344/1660/1344 1343/1659/1343
f 1364/1681/1364 1365/1682/1365 1345/1661/1345 1344/1660/1344
f 1365/1682/1365 1346/1683/1346 1326/1662/1326 1345/1661/1345
f 1366/1684/1366 1367/1685/1367 1347/1664/1347 1346/1663/1346
f 1367/1685/1367 1368/1686/1368 1348/1665/1348 1347/1664/1347
f 1368/1686/1368 1369/1687/1369 1349/1666/1349 1348/1665/1348
f 1369/1687/1369 1370/1688/1370 1350/1667/1350 1349/1666/1349
f 1370/1688/1370 1371/1689/1371 1351/1668/1351 1350/1667/1350
f 1371/1689/1371 1372/1690/1372 1352/1669/1352 1351/1668/1351
f 1372/1690/1372 1373/1691/1373 1353/1670/1353 1352/1669/1352
f 1373/1691/1373 1374/1692/1374 1354/1671/1354 1353/1670/1353
f 1374/1692/1374 1375/1693/1375 1355/1672/1355 1354/1671/1354
f 1375/1693/1375 1376/1694/1376 1356/1673/1356 1355/1672/1355
f 1376/1694/1376 1377/1695/1377 1357/1674/1357 1356/1673/1356
f 1377/1695/1377 1378/1696/1378 1358/1675/1358 1357/1674/1357
f 1378/1696/1378 1379/1697/1379 1359/1676/1359 1358/1675/1358
f 1379/1697/1379 1380/1698/1380 1360/1677/1360 1359/1676/1359
f 1380/1698/1380 1381/1699/1381 1361/1678/1361 1360/1677/1360
f 1381/1699/1381 1382/1700/1382 1362/1679/1362 1361/1678/1361
f 1382/1700/1382 1383/1701/1383 1363/1680/1363 1362/1679/1362
f 1383/1701/1383 1384/1702/1384 1364/1681/1364 1363/1680/1363
f 1384/1702/1384 1385/1703/1385 1365/1682/1365 1364/1681/1364
f 1385/1703/1385 1366/1704/1366 1346/1683/1346 1365/1682/1365
f 1386/1705/1386 1387/1706/1387 1367/1685/1367 1366/1684/1366
f 1387/1706/1387 1388/1707/1388 1368/1686/1368 1367/1685/1367
f 1388/1707/1388 1389/1708/1389 1369/1687/1369 1368/1686/1368
f 1389/1708/1389 1390/1709/1390 1370/1688/1370 1369/1687/1369
f 1390/1709/1390 1391/1710/1391 1371/1689/1371 1370/1688/1370
f 1391/1710/1391 1392/1711/1392 1372/1690/1372 1371/1689/1371
f 1392/1711/1392 1393/1712/1393 1373/1691/1373 1372/1690/1372
f 1393/1712/1393 1394/1713/1394 1374/1692/1374 1373/1691/1373
f 1394/1713/1394 1395/1714/1395 1375/1693/1375 1374/1692/1374
f 1395/1714/1395 1396/1715/1396 1376/1694/1376 1375/1693/1375
f 1396/1715/1396 1397/1716/1397 1377/1695/1377 1376/1694/1376
f 1397/1716/1397 1398/1717/1398 1378/1696/1378 1377/1695/1377
f 1398/1717/1398 1399/1718/1399 1379/1697/1379 1378/1696/1378
f 1399/1718/1399 1400/1719/1400 1380/1698/1380 1379/1697/1379
f 1400/1719/1400 1401/1720/1401 1381/1699/1381 1380/1698/1380
f 1401/1720/1401 1402/1721/1402 1382/1700/1382 1381/1699/1381
f 1402/1721/1402 1403/1722/1403 1383/1701/1383 1382/1700/1382
f 1403/1722/1403 1404/1723/1404 1384/1702/1384 1383/1701/1383
f 1404/1723/1404 1405/1724/1405 1385/1703/1385 1384/1702/1384
f 1405/1724/1405 1386/1725/1386 1366/1704/1366 1385/1703/1385
f 1406/1726/1406 1407/1727/1407 1387/1706/1387 1386/1705/1386
f 1407/1727/1407 1408/1728/1408 1388/1707/1388 1387/1706/1387
f 1408/1728/1408 1409/1729/1409 1389/1708/1389 1388/1707/1388
f 1409/1729/1409 1410/1730/1410 1390/1709/1390 1389/1708/1389
f 1410/1730/1410 1411/1731/1411 1391/1710/1391 1390/1709/1390
f 1411/1731/1411 1412/1732/1412 1392/1711/1392 1391/1710/1391
f 1412/1732/1412 1413/1733/1413 1393/1712/1393 1392/1711/1392
f 1413/1733/1413 1414/1734/1414 1394/1713/1394 1393/1712/1393
f 1414/1734/1414 1415/1735/1415 1395/1714/1395 1394/1713/1394
f 1415/1735/1415 1416/1736/1416 1396/1715/1396 1395/1714/1395
f 1416/1736/1416 1417/1737/1417 1397/1716/1397 1396/1715/1396
f 1417/1737/1417 1418/1738/1418 1398/1717/1398 1397/1716/1397
f 1418/1738/1418 1419/1739/1419 1399/1718/1399 1398/1717/1398
f 1419/1739/1419 1420/1740/1420 1400/1719/1400 1399/1718/1399
f 1420/1740/1420 1421/1741/1421 1401/1720/1401 1400/1719/1400
f 1421/1741/1421 1422/1742/1422 1402/1721/1402 1401/1720/1401
f 1422/1742/1422 1423/1743/1423 1403/1722/1403 1402/1721/1402
f 1423/1743/1423 1424/1744/1424 1404/1723/1404 1403/1722/1403
f 1424/1744/1424 1425/1745/1425 1405/1724/1405 1404/1723/1404
f 1425/1745/1425 1406/1746/1406 1386/1725/1386 1405/1724/1405
f 1426/1747/1426 1427/1748/1427 1407/1727/1407 1406/1726/1406
f 1427/1748/1427 1428/1749/1428 1408/1728/1408 1407/1727/1407
f 1428/1749/1428 1429/1750/1429 1409/1729/1409 1408/1728/1408
f 1429/1750/1429 1430/1751/1430 1410/1730/1410 1409/1729/1409
f 1430/1751/1430 1431/1752/1431 1411/1731/1411 1410/1730/1410
f 1431/1752/1431 1432/1753/1432 1412/1732/1412 1411/1731/1411
f 1432/1753/1432 1433/1754/1433 1413/1733/1413 1412/1732/1412
f 1433/1754/1433 1434/1755/1434 1414/1734/1414 1413/1733/1413
f 1434/1755/1434 1435/1756/1435 1415/1735/1415 1414/1734/1414
f 1435/1756/1435 1436/1757/1436 1416/1736/1416 1415/1735/1415
f 1436/1757/1436 1437/1758/1437 1417/1737/1417 1416/1736/1416
f 1437/1758/1437 1438/1759/1438 1418/1738/1418 1417/1737/1417
f 1438/1759/1438 1439/1760/1439 1419/1739/1419 1418/1738/1418
f 1439/1760/1439 1440/1761/1440 1420/1740/1420 1419/1739/1419
f 1440/1761/1440 1441/1762/1441 1421/1741/1421 1420/1740/1420
f 1441/1762/1441 1442/1763/1442 1422/1742/1422 1421/1741/1421
f 1442/1763/1442 1443/1764/1443 1423/1743/1423 1422/1742/1422
f 1443/1764/1443 1444/1765/1444 1424/1744/1424 1423/1743/1423
f 1444/1765/1444 1445/1766/1445 1425/1745/1425 1424/1744/1424
f 1445/1766/1445 1426/1767/1426 1406/1746/1406 1425/1745/1425
f 1446/1768/1446 1447/1769/1447 1427/1748/1427 1426/1747/1426
f 1447/1769/1447 1448/1770/1448 1428/1749/1428 1427/1748/1427
f 1448/1770/1448 1449/1771/1449 1429/1750/1429 1428/1749/1428
f 1449/1771/1449 1450/1772/1450 1430/1751/1430 1429/1750/1429
f 1450/1772/1450 1451/1773/1451 1431/1752/1431 1430/1751/1430
f 1451/1773/1451 1452/1774/1452 1432/1753/1432 1431/1752/1431
f 1452/1774/1452 1453/1775/1453 1433/1754/1433 1432/1753/1432
f 1453/1775/1453 1454/1776/1454 1434/1755/1434 1433/1754/1433
f 1454/1776/1454 1455/1777/1455 1435/1756/1435 1434/1755/1434
f 1455/1777/1455 1456/1778/1456 1436/1757/1436 1435/1756/1435
f 1456/1778/1456 1457/1779/1457 1437/1758/1437 1436/1757/1436
f 1457/1779/1457 1458/1780/1458 1438/1759/1438 1437/1758/1437
f 1458/1780/1458 1459/1781/1459 1439/1760/1439 1438/1759/1438
f 1459/1781/1459 1460/1782/1460 1440/1761/1440 1439/1760/1439
f 1460/1782/1460 1461/1783/1461 1441/1762/1441 1440/1761/1440
f 1461/1783/1461 1462/1784/1462 1442/1763/1442 1441/1762/1441
f 1462/1784/1462 1463/1785/1463 1443/1764/1443 1442/1763/1442
f 1463/1785/1463 1464/1786/1464 1444/1765/1444 1443/1764/1443
f 1464/1786/1464 1465/1787/1465 1445/1766/1445 1444/1765/1444
f 1465/1787/1465 1446/1788/1446 1426/1767/1426 1445/1766/1445
f 1466/1789/1466 1467/1790/1467 1447/1769/1447 1446/1768/1446
f 1467/1790/1467 1468/1791/1468 1448/1770/1448 1447/1769/1447
f 1468/1791/1468 1469/1792/1469 1449/1771/1449 1448/1770/1448
f 1469/1792/1469 1470/1793/1470 1450/1772/1450 1449/1771/1449
f 1470/1793/1470 1471/1794/1471 1451/1773/1451 1450/1772/1450
f 1471/1794/1471 1472/1795/1472 1452/1774/1452 1451/1773/1451
f 1472/1795/1472 1473/1796/1473 1453/1775/1453 1452/1774/1452
f 1473/1796/1473 1474/1797/1474 1454/1776/1454 1453/1775/1453
f 1474/1797/1474 1475/1798/1475 1455/1777/1455 1454/1776/1454
f 1475/1798/1475 1476/1799/1476 1456/1778/1456 1455/1777/1455
f 1476/1799/1476 1477/1800/1477 1457/1779/1457 1456/1778/1456
f 1477/1800/1477 1478/1801/1478 1458/1780/1458 1457/1779/1457
f 1478/1801/1478 1479/1802/1479 1459/1781/1459 1458/1780/1458
f 1479/1802/1479 1480/1803/1480 1460/1782/1460 1459/1781/1459
f 1480/1803/1480 1481/1804/1481 1461/1783/1461 1460/1782/1460
f 1481/1804/1481 1482/1805/1482 1462/1784/1462 1461/1783/1461
f 1482/1805/1482 1483/1806/1483 1463/1785/1463 1462/1784/1462
f 1483/1806/1483 1484/1807/1484 1464/1786/1464 1463/1785/1463
f 1484/1807/1484 1485/1808/1485 1465/1787/1465 1464/1786/1464
f 1485/1808/1485 1466/1809/1466 1446/1788/1446 1465/1787/1465
f 1326/1642/1326 1327/1643/1327 1486/1810/1486
f 1327/1643/1327 1328/1644/1328 1486/1811/1486
f 1328/1644/1328 1329/1645/1329 1486/1812/1486
f 1329/1645/1329 1330/1646/1330 1486/1813/1486
f 1330/1646/1330 1331/1647/1331 1486/1814/1486
f 1331/1647/1331 1332/1648/1332 1486/1815/1486
f 1332/1648/1332 1333/1649/1333 1486/1816/1486
f 1333/1649/1333 1334/1650/1334 1486/1817/1486
f 1334/1650/1334 1335/1651/1335 1486/1818/1486
f 1335/1651/1335 1336/1652/1336 1486/1819/1486
f 1336/1652/1336 1337/1653/1337 1486/1820/1486
f 1337/1653/1337 1338/1654/1338 1486/1821/1486
f 1338/1654/1338 1339/1655/1339 1486/1822/1486
f 1339/1655/1339 1340/1656/1340 1486/1823/1486
f 1340/1656/1340 1341/1657/1341 1486/1824/1486
f 1341/1657/1341 1342/1658/1342 1486/1825/1486
f 1342/1658/1342 1343/1659/1343 1486/1826/1486
f 1343/1659/1343 1344/1660/1344 1486/1827/1486
f 1344/1660/1344 1345/1661/1345 1486/1828/1486
f 1345/1661/1345 1326/1662/1326 1486/1829/1486
f 1487/1830/1487 1467/1790/1467 1466/1789/1466
f 1487/1831/1487 1468/1791/1468 1467/1790/1467
f 1487/1832/1487 1469/1792/1469 1468/1791/1468
f 1487/1833/1487 1470/1793/1470 1469/1792/1469
f 1487/1834/1487 1471/1794/1471 1470/1793/1470
f 1487/1835/1487 1472/1795/1472 1471/1794/1471
f 1487/1836/1487 1473/1796/1473 1472/1795/1472
f 1487/1837/1487 1474/1797/1474 1473/1796/1473
f 1487/1838/1487 1475/1798/1475 1474/1797/1474
f 1487/1839/1487 1476/1799/1476 1475/1798/1475
f 1487/1840/1487 1477/1800/1477 1476/1799/1476
f 1487/1841/1487 1478/1801/1478 1477/1800/1477
f 1487/1842/1487 1479/1802/1479 1478/1801/1478
f 1487/1843/1487 1480/1803/1480 1479/1802/1479
f 1487/1844/1487 1481/1804/1481 1480/1803/1480
f 1487/1845/1487 1482/1805/1482 1481/1804/1481
f 1487/1846/1487 1483/1806/1483 1482/1805/1482
f 1487/1847/1487 1484/1807/1484 1483/1806/1483
f 1487/1848/1487 1485/1808/1485 1484/1807/1484
f 1487/1849/1487 1466/1809/1466 1485/1808/1485
f 1508/1871/1508 1509/1872/1509 1489/1851/1489 1488/1850/1488
f 1509/1872/1509 1510/1873/1510 1490/1852/1490 1489/1851/1489
f 1510/1873/1510 1511/1874/1511 1491/1853/1491 1490/1852/1490
f 1511/1874/1511 1512/1875/1512 1492/1854/1492 1491/1853/1491
f 1512/1875/1512 1513/1876/1513 1493/1855/1493 1492/1854/1492
f 1513/1876/1513 1514/1877/1514 1494/1856/1494 1493/1855/1493
f 1514/1877/1514 1515/1878/1515 1495/1857/1495 1494/1856/1494
f 1515/1878/1515 1516/1879/1516 1496/1858/1496 1495/1857/1495
f 1516/1879/1516 1517/1880/1517 1497/1859/1497 1496/1858/1496
f 1517/1880/1517 1518/1881/1518 1498/1860/1498 1497/1859/1497
f 1518/1881/1518 1519/1882/1519 1499/1861/1499 1498/1860/1498
f 1519/1882/1519 1520/1883/1520 1500/1862/1500 1499/1861/1499
f 1520/1883/1520 1521/1884/1521 1501/1863/1501 1500/1862/1500
f 1521/1884/1521 1522/1885/1522 1502/1864/1502 1501/1863/1501
f 1522/1885/1522 1523/1886/1523 1503/1865/1503 1502/1864/1502
f 1523/1886/1523 1524/1887/1524 1504/1866/1504 1503/1865/1503
f 1524/1887/1524 1525/1888/1525 1505/1867/1505 1504/1866/1504
f 1525/1888/1525 1526/1889/1526 1506/1868/1506 1505/1867/1505
f 1526/1889/1526 1527/1890/1527 1507/1869/1507 1506/1868/1506
f 1527/1890/1527 1508/1891/1508 1488/1870/1488 1507/1869/1507
f 1528/1892/1528 1529/1893/1529 1509/1872/1509 1508/1871/1508
f 1529/1893/1529 1530/1894/1530 1510/1873/1510 1509/1872/1509
f 1530/1894/1530 1531/1895/1531 1511/1874/1511 1510/1873/1510
f 1531/1895/1531 1532/1896/1532 1512/1875/1512 1511/1874/1511
f 1532/1896/1532 1533/1897/1533 1513/1876/1513 1512/1875/1512
f 1533/1897/1533 1534/1898/1534 1514/1877/1514 1513/1876/1513
f 1534/1898/1534 1535/1899/1535 1515/1878/1515 1514/1877/1514
f 1535/1899/1535 1536/1900/1536 1516/1879/1516 1515/1878/1515
f 1536/1900/1536 1537/1901/1537 1517/1880/1517 1516/1879/1516
f 1537/1901/1537 1538/1902/1538 1518/1881/1518 1517/1880/1517
f 1538/1902/1538 1539/1903/1539 1519/1882/1519 1518/1881/1518
f 1539/1903/1539 1540/1904/1540 1520/1883/1520 1519/1882/1519
f 1540/1904/1540 1541/1905/1541 1521/1884/1521 1520/1883/1520
f 1541/1905/1541 1542/1906/1542 1522/1885/1522 1521/1884/1521
f 1542/1906/1542 1543/1907/1543 1523/1886/1523 1522/1885/1522
f 1543/1907/1543 1544/1908/1544 1524/1887/1524 1523/1886/1523
f 1544/1908/1544 1545/1909/1545 1525/1888/1525 1524/1887/1524
f 1545/1909/1545 1546/1910/1546 1526/1889/1526 1525/1888/1525
f 1546/1910/1546 1547/1911/1547 1527/1890/1527 1526/1889/1526
f 1547/1911/1547 1528/1912/1528 1508/1891/1508 1527/1890/1527
f 1548/1913/1548 1549/1914/1549 1529/1893/1529 1528/1892/1528
f 1549/1914/1549 1550/1915/1550 1530/1894/1530 1529/1893/1529
f 1550/1915/1550 1551/1916/1551 1531/1895/1531 1530/1894/1530
f 1551/1916/1551 1552/1917/1552 1532/1896/1532 1531/1895/1531
f 1552/1917/1552 1553/1918/1553 1533/1897/1533 1532/1896/1532
f 1553/1918/1553 1554/1919/1554 1534/1898/1534 1533/1897/1533
f 1554/1919/1554 1555/1920/1555 1535/1899/1535 1534/1898/1534
f 1555/1920/1555 1556/1921/1556 1536/1900/1536 1535/1899/1535
f 1556/1921/1556 1557/1922/1557 1537/1901/1537 1536/1900/1536
f 1557/1922/1557 1558/1923/1558 1538/1902/1538 1537/1901/1537
f 1558/1923/1558 1559/1924/1559 1539/1903/1539 1538/1902/1538
f 1559/1924/1559 1560/1925/1560 1540/1904/1540 1539/1903/1539
f 1560/1925/1560 1561/1926/1561 1541/1905/1541 1540/1904/1540
f 1561/1926/1561 1562/1927/1562 1542/1906/1542 1541/1905/1541
f 1562/1927/1562 1563/1928/1563 1543/1907/1543 1542/1906/1542
f 1563/1928/1563 1564/1929/1564 1544/1908/1544 1543/1907/1543
f 1564/1929/1564 1565/1930/1565 1545/1909/1545 1544/1908/1544
f 1565/1930/1565 1566/1931/1566 1546/1910/1546 1545/1909/1545
f 1566/1931/1566 1567/1932/1567 1547/1911/1547 1546/1910/1546
f 1567/1932/1567 1548/1933/1548 1528/1912/1528 1547/1911/1547
f 1568/1934/1568 1569/1935/1569 1549/1914/1549 1548/1913/1548
f 1569/1935/1569 1570/1936/1570 1550/1915/1550 1549/1914/1549
f 1570/1936/1570 1571/1937/1571 1551/1916/1551 1550/1915/1550
f 1571/1937/1571 1572/1938/1572 1552/1917/1552 1551/1916/1551
f 1572/1938/1572 1573/1939/1573 1553/1918/1553 1552/1917/1552
f 1573/1939/1573 1574/1940/1574 1554/1919/1554 1553/1918/1553
f 1574/1940/1574 1575/1941/1575 1555/1920/1555 1554/1919/1554
f 1575/1941/1575 1576/1942/1576 1556/1921/1556 1555/1920/1555
f 1576/1942/1576 1577/1943/1577 1557/1922/1557 1556/1921/1556
f 1577/1943/1577 1578/1944/1578 1558/1923/1558 1557/1922/1557
f 1578/1944/1578 1579/1945/1579 1559/1924/1559 1558/1923/1558
f 1579/1945/1579 1580/1946/1580 1560/1925/1560 1559/1924/1559
f 1580/1946/1580 1581/1947/1581 1561/1926/1561 1560/1925/1560
f 1581/1947/1581 1582/1948/1582 1562/1927/1562 1561/1926/1561
f 1582/1948/1582 1583/1949/1583 1563/1928/1563 1562/1927/1562
f 1583/1949/1583 1584/1950/1584 1564/1929/1564 1563/1928/1563
f 1584/1950/1584 1585/1951/1585 1565/1930/1565 1564/1929/1564
f 1585/1951/1585 1586/1952/1586 1566/1931/1566 1565/1930/1565
f 1586/1952/1586 1587/1953/1587 1567/1932/1567 1566/1931/1566
f 1587/1953/1587 1568/1954/1568 1548/1933/1548 1567/1932/1567
f 1588/1955/1588 1589/1956/1589 1569/1935/1569 1568/1934/1568
f 1589/1956/1589 1590/1957/1590 1570/1936/1570 1569/1935/1569
f 1590/1957/1590 1591/1958/1591 1571/1937/1571 1570/1936/1570
f 1591/1958/1591 1592/1959/1592 1572/1938/1572 1571/1937/1571
f 1592/1959/1592 1593/1960/1593 1573/1939/1573 1572/1938/1572
f 1593/1960/1593 1594/1961/1594 1574/1940/1574 1573/1939/1573
f 1594/1961/1594 1595/1962/1595 1575/1941/1575 1574/1940/1574
f 1595/1962/1595 1596/1963/1596 1576/1942/1576 1575/1941/1575
f 1596/1963/1596 1597/1964/1597 1577/1943/1577 1576/1942/1576
f 1597/1964/1597 1598/1965/1598 1578/1944/1578 1577/1943/1577
f 1598/1965/1598 1599/1966/1599 1579/1945/1579 1578/1944/1578
f 1599/1966/1599 1600/1967/1600 1580/1946/1580 1579/1945/1579
f 1600/1967/1600 1601/1968/1601 1581/1947/1581 1580/1946/1580
f 1601/1968/1601 1602/1969/1602 1582/1948/1582 1581/1947/1581
f 1602/1969/1602 1603/1970/1603 1583/1949/1583 1582/1948/1582
f 1603/1970/1603 1604/1971/1604 1584/1950/1584 1583/1949/1583
f 1604/1971/1604 1605/1972/1605 1585/1951/1585 1584/1950/1584
f 1605/1972/1605 1606/1973/1606 1586/1952/1586 1585/1951/1585
f 1606/1973/1606 1607/1974/1607 1587/1953/1587 1586/1952/1586
f 1607/1974/1607 1588/1975/1588 1568/1954/1568 1587/1953/1587
f 1608/1976/1608 1609/1977/1609 1589/1956/1589 1588/1955/1588
f 1609/1977/1609 1610/1978/1610 1590/1957/1590 1589/1956/1589
f 1610/1978/1610 1611/1979/1611 1591/1958/1591 1590/1957/1590
f 1611/1979/1611 1612/1980/1612 1592/1959/1592 1591/1958/1591
f 1612/1980/1612 1613/1981/1613 1593/1960/1593 1592/1959/1592
f 1613/1981/1613 1614/1982/1614 1594/1961/1594 1593/1960/1593
f 1614/1982/1614 1615/1983/1615 1595/1962/1595 1594/1961/1594
f 1615/1983/1615 1616/1984/1616 1596/1963/1596 1595/1962/1595
f 1616/1984/1616 1617/1985/1617 1597/1964/1597 1596/1963/1596
f 1617/1985/1617 1618/1986/1618 1598/1965/1598 1597/1964/1597
f 1618/1986/1618 1619/1987/1619 1599/1966/1599 1598/1965/1598
f 1619/1987/1619 1620/1988/1620 1600/1967/1600 1599/1966/1599
f 1620/1988/1620 1621/1989/1621 1601/1968/1601 1600/1967/1600
f 1621/1989/1621 1622/1990/1622 1602/1969/1602 1601/1968/1601
f 1622/1990/1622 1623/1991/1623 1603/1970/1603 1602/1969/1602
f 1623/1991/1623 1624/1992/1624 1604/1971/1604 1603/1970/1603
f 1624/1992/1624 1625/1993/1625 1605/1972/1605 1604/1971/1604
f 1625/1993/1625 1626/1994/1626 1606/1973/1606 1605/1972/1605
f 1626/1994/1626 1627/1995/1627 1607/1974/1607 1606/1973/1606
f 1627/1995/1627 1608/1996/1608 1588/1975/1588 1607/1974/1607
f 1628/1997/1628 1629/1998/1629 1609/1977/1609 1608/1976/1608
f 1629/1998/1629 1630/1999/1630 1610/1978/1610 1609/1977/1609
f 1630/1999/1630 1631/2000/1631 1611/1979/1611 1610/1978/1610
f 1631/2000/1631 1632/2001/1632 1612/1980/1612 1611/1979/1611
f 1632/2001/1632 1633/2002/1633 1613/1981/1613 1612/1980/1612
f 1633/2002/1633 1634/2003/1634 1614/1982/1614 1613/1981/1613
f 1634/2003/1634 1635/2004/1635 1615/1983/1615 1614/1982/1614
f 1635/2004/1635 1636/2005/1636 1616/1984/1616 1615/1983/1615
f 1636/2005/1636 1637/2006/1637 1617/1985/1617 1616/1984/1616
f 1637/2006/1637 1638/2007/1638 1618/1986/1618 1617/1985/1617
f 1638/2007/1638 1639/2008/1639 1619/1987/1619 1618/1986/1618
f 1639/2008/1639 1640/2009/1640 1620/1988/1620 1619/1987/1619
f 1640/2009/1640 1641/2010/1641 1621/1989/1621 1620/1988/1620
f 1641/2010/1641 1642/2011/1642 1622/1990/1622 1621/1989/1621
f 1642/2011/1642 1643/2012/1643 1623/1991/1623 1622/1990/1622
f 1643/2012/1643 1644/2013/1644 1624/1992/1624 1623/1991/1623
f 1644/2013/1644 1645/2014/1645 1625/1993/1625 1624/1992/1624
f 1645/2014/1645 1646/2015/1646 1626/1994/1626 1625/1993/1625
f 1646/2015/1646 1647/2016/1647 1627/1995/1627 1626/1994/1626
f 1647/2016/1647 1628/2017/1628 1608/1996/1608 1627/1995/1627
f 1488/1850/1488 1489/1851/1489 1648/2018/1648
f 1489/1851/1489 1490/1852/1490 1648/2019/1648
f 1490/1852/1490 1491/1853/1491 1648/2020/1648
f 1491/1853/1491 1492/1854/1492 1648/2021/1648
f 1492/1854/1492 1493/1855/1493 1648/2022/1648
f 1493/1855/1493 1494/1856/1494 1648/2023/1648
f 1494/1856/1494 1495/1857/1495 1648/2024/1648
f 1495/1857/1495 1496/1858/1496 1648/2025/1648
f 1496/1858/1496 1497/1859/1497 1648/2026/1648
f 1497/1859/1497 1498/1860/1498 1648/2027/1648
f 1498/1860/1498 1499/1861/1499 1648/2028/1648
f 1499/1861/1499 1500/1862/1500 1648/2029/1648
f 1500/1862/1500 1501/1863/1501 1648/2030/1648
f 1501/1863/1501 1502/1864/1502 1648/2031/1648
f 1502/1864/1502 1503/1865/1503 1648/2032/1648
f 1503/1865/1503 1504/1866/1504 1648/2033/1648
f 1504/1866/1504 1505/1867/1505 1648/2034/1648
f 1505/1867/1505 1506/1868/1506 1648/2035/1648
f 1506/1868/1506 1507/1869/1507 1648/2036/1648
f 1507/1869/1507 1488/1870/1488 1648/2037/1648
f 1649/2038/1649 1629/1998/1629 1628/1997/1628
f 1649/2039/1649 1630/1999/1630 1629/1998/1629
f 1649/2040/1649 1631/2000/1631 1630/1999/1630
f 1649/2041/1649 1632/2001/1632 1631/2000/1631
f 1649/2042/1649 1633/2002/1633 1632/2001/1632
f 1649/2043/1649 1634/2003/1634 1633/2002/1633
f 1649/2044/1649 1635/2004/1635 1634/2003/1634
f 1649/2045/1649 1636/2005/1636 1635/2004/1635
f 1649/2046/1649 1637/2006/1637 1636/2005/1636
f 1649/2047/1649 1638/2007/1638 1637/2006/1637
f 1649/2048/1649 1639/2008/1639 1638/2007/1638
f 1649/2049/1649 1640/2009/1640 1639/2008/1639
f 1649/2050/1649 1641/2010/1641 1640/2009/1640
f 1649/2051/1649 1642/2011/1642 1641/2010/1641
f 1649/2052/1649 1643/2012/1643 1642/2011/1642
f 1649/2053/1649 1644/2013/1644 1643/2012/1643
f 1649/2054/1649 1645/2014/1645 1644/2013/1644
f 1649/2055/1649 1646/2015/1646 1645/2014/1645
f 1649/2056/1649 1647/2016/1647 1646/2015/1646
f 1649/2057/1649 1628/2017/1628 1647/2016/1647
f 1650/2058/1650 1651/2059/1651 1657/2066/1657 1656/2065/1656
f 1651/2059/1651 1652/2060/1652 1658/2067/1658 1657/2066/1657
f 1652/2060/1652 1653/2061/1653 1659/2068/1659 1658/2067/1658
f 1653/2061/1653 1654/2062/1654 1660/2069/1660 1659/2068/1659
f 1654/2062/1654 1655/2063/1655 1661/2070/1661 1660/2069/1660
f 1655/2063/1655 1650/2064/1650 1656/2071/1656 1661/2070/1661
f 1656/2065/1656 1657/2066/1657 1663/2073/1663 1662/2072/1662
f 1657/2066/1657 1658/2067/1658 1664/2074/1664 1663/2073/1663
f 1658/2067/1658 1659/2068/1659 1665/2075/1665 1664/2074/1664
f 1659/2068/1659 1660/2069/1660 1666/2076/1666 1665/2075/1665
f 1660/2069/1660 1661/2070/1661 1667/2077/1667 1666/2076/1666
f 1661/2070/1661 1656/2071/1656 1662/2078/1662 1667/2077/1667
f 1662/2072/1662 1663/2073/1663 1669/2080/1669 1668/2079/1668
f 1663/2073/1663 1664/2074/1664 1670/2081/1670 1669/2080/1669
f 1664/2074/1664 1665/2075/1665 1671/2082/1671 1670/2081/1670
f 1665/2075/1665 1666/2076/1666 1672/2083/1672 1671/2082/1671
f 1666/2076/1666 1667/2077/1667 1673/2084/1673 1672/2083/1672
f 1667/2077/1667 1662/2078/1662 1668/2085/1668 1673/2084/1673
f 1668/2079/1668 1669/2080/1669 1675/2087/1675 1674/2086/1674
f 1669/2080/1669 1670/2081/1670 1676/2088/1676 1675/2087/1675
f 1670/2081/1670 1671/2082/1671 1677/2089/1677 1676/2088/1676
f 1671/2082/1671 1672/2083/1672 1678/2090/1678 1677/2089/1677
f 1672/2083/1672 1673/2084/1673 1679/2091/1679 1678/2090/1678
f 1673/2084/1673 1668/2085/1668 1674/2092/1674 1679/2091/1679
f 1680/2093/1680 1651/2059/1651 1650/2058/1650
f 1680/2094/1680 1652/2060/1652 1651/2059/1651
f 1680/2095/1680 1653/2061/1653 1652/2060/1652
f 1680/2096/1680 1654/2062/1654 1653/2061/1653
f 1680/2097/1680 1655/2063/1655 1654/2062/1654
f 1680/2098/1680 1650/2064/1650 1655/2063/1655
f 1674/2086/1674 1675/2087/1675 1681/2099/1681
f 1675/2087/1675 1676/2088/1676 1681/2100/1681
f 1676/2088/1676 1677/2089/1677 1681/2101/1681
f 1677/2089/1677 1678/2090/1678 1681/2102/1681
f 1678/2090/1678 1679/2091/1679 1681/2103/1681
f 1679/2091/1679 1674/2092/1674 1681/2104/1681
f 1682/2105/1682 1683/2106/1683 1689/2113/1689 1688/2112/1688
f 1683/2106/1683 1684/2107/1684 1690/2114/1690 1689/2113/1689
f 1684/2107/1684 1685/2108/1685 1691/2115/1691 1690/2114/1690
f 1685/2108/1685 1686/2109/1686 1692/2116/1692 1691/2115/1691
f 1686/2109/1686 1687/2110/1687 1693/2117/1693 1692/2116/1692
f 1687/2110/1687 1682/2111/1682 1688/2118/1688 1693/2117/1693
f 1688/2112/1688 1689/2113/1689 1695/2120/1695 1694/2119/1694
f 1689/2113/1689 1690/2114/1690 1696/2121/1696 1695/2120/1695
f 1690/2114/1690 1691/2115/1691 1697/2122/1697 1696/2121/1696
f 1691/2115/1691 1692/2116/1692 1698/2123/1698 1697/2122/1697
f 1692/2116/1692 1693/2117/1693 1699/2124/1699 1698/2123/1698
f 1693/2117/1693 1688/2118/1688 1694/2125/1694 1699/2124/1699
f 1694/2119/1694 1695/2120/1695 1701/2127/1701 1700/2126/1700
f 1695/2120/1695 1696/2121/1696 1702/2128/1702 1701/2127/1701
f 1696/2121/1696 1697/2122/1697 1703/2129/1703 1702/2128/1702
f 1697/2122/1697 1698/2123/1698 1704/2130/1704 1703/2129/1703
f 1698/2123/1698 1699/2124/1699 1705/2131/1705 1704/2130/1704
f 1699/2124/1699 1694/2125/1694 1700/2132/1700 1705/2131/1705
f 1700/2126/1700 1701/2127/1701 1707/2134/1707 1706/2133/1706
f 1701/2127/1701 1702/2128/1702 1708/2135/1708 1707/2134/1707
f 1702/2128/1702 1703/2129/1703 1709/2136/1709 1708/2135/1708
f 1703/2129/1703 1704/2130/1704 1710/2137/1710 1709/2136/1709
f 1704/2130/1704 1705/2131/1705 1711/2138/1711 1710/2137/1710
f 1705/2131/1705 1700/2132/1700 1706/2139/1706 1711/2138/1711
f 1712/2140/1712 1683/2106/1683 1682/2105/1682
f 1712/2141/1712 1684/2107/1684 1683/2106/1683
f 1712/2142/1712 1685/2108/1685 1684/2107/1684
f 1712/2143/1712 1686/2109/1686 1685/2108/1685
f 1712/2144/1712 1687/2110/1687 1686/2109/1686
f 1712/2145/1712 1682/2111/1682 1687/2110/1687
f 1706/2133/1706 1707/2134/1707 1713/2146/1713
f 1707/2134/1707 1708/2135/1708 1713/2147/1713
f 1708/2135/1708 1709/2136/1709 1713/2148/1713
f 1709/2136/1709 1710/2137/1710 1713/2149/1713
f 1710/2137/1710 1711/2138/1711 1713/2150/1713
f 1711/2138/1711 1706/2139/1706 1713/2151/1713
f 1714/2152/1714 1715/2153/1715 1721/2160/1721 1720/2159/1720
f 1715/2153/1715 1716/2154/1716 1722/2161/1722 1721/2160/1721
f 1716/2154/1716 1717/2155/1717 1723/2162/1723 1722/2161/1722
f 1717/2155/1717 1718/2156/1718 1724/2163/1724 1723/2162/1723
f 1718/2156/1718 1719/2157/1719 1725/2164/1725 1724/2163/1724
f 1719/2157/1719 1714/2158/1714 1720/2165/1720 1725/2164/1725
f 1720/2159/1720 1721/2160/1721 1727/2167/1727 1726/2166/1726
f 1721/2160/1721 1722/2161/1722 1728/2168/1728 1727/2167/1727
f 1722/2161/1722 1723/2162/1723 1729/2169/1729 1728/2168/1728
f 1723/2162/1723 1724/2163/1724 1730/2170/1730 1729/2169/1729
f 1724/2163/1724 1725/2164/1725 1731/2171/1731 1730/2170/1730
f 1725/2164/1725 1720/2165/1720 1726/2172/1726 1731/2171/1731
f 1726/2166/1726 1727/2167/1727 1733/2174/1733 1732/2173/1732
f 1727/2167/1727 1728/2168/1728 1734/2175/1734 1733/2174/1733
f 1728/2168/1728 1729/2169/1729 1735/2176/1735 1734/2175/1734
f 1729/2169/1729 1730/2170/1730 1736/2177/1736 1735/2176/1735
f 1730/2170/1730 1731/2171/1731 1737/2178/1737 1736/2177/1736
f 1731/2171/1731 1726/2172/1726 1732/2179/1732 1737/2178/1737
f 1732/2173/1732 1733/2174/1733 1739/2181/1739 1738/2180/1738
f 1733/2174/1733 1734/2175/1734 1740/2182/1740 1739/2181/1739
f 1734/2175/1734 1735/2176/1735 1741/2183/1741 1740/2182/1740
f 1735/2176/1735 1736/2177/1736 1742/2184/1742 1741/2183/1741
f 1736/2177/1736 1737/2178/1737 1743/2185/1743 1742/2184/1742
f 1737/2178/1737 1732/2179/1732 1738/2186/1738 1743/2185/1743
f 1744/2187/1744 1715/2153/1715 1714/2152/1714
f 1744/2188/1744 1716/2154/1716 1715/2153/1715
f 1744/2189/1744 1717/2155/1717 1716/2154/1716
f 1744/2190/1744 1718/2156/1718 1717/2155/1717
f 1744/2191/1744 1719/2157/1719 1718/2156/1718
f 1744/2192/1744 1714/2158/1714 1719/2157/1719
f 1738/2180/1738 1739/2181/1739 1745/2193/1745
f 1739/2181/1739 1740/2182/1740 1745/2194/1745
f 1740/2182/1740 1741/2183/1741 1745/2195/1745
f 1741/2183/1741 1742/2184/1742 1745/2196/1745
f 1742/2184/1742 1743/2185/1743 1745/2197/1745
f 1743/2185/1743 1738/2186/1738 1745/2198/1745
f 1746/2199/1746 1747/2200/1747 1753/2207/1753 1752/2206/1752
f 1747/2200/1747 1748/2201/1748 1754/2208/1754 1753/2207/1753
f 1748/2201/1748 1749/2202/1749 1755/2209/1755 1754/2208/1754
f 1749/2202/1749 1750/2203/1750 1756/2210/1756 1755/2209/1755
f 1750/2203/1750 1751/2204/1751 1757/2211/1757 1756/2210/1756
f 1751/2204/1751 1746/2205/1746 1752/2212/1752 1757/2211/1757
f 1752/2206/1752 1753/2207/1753 1759/2214/1759 1758/2213/1758
f 1753/2207/1753 1754/2208/1754 1760/2215/1760 1759/2214/1759
f 1754/2208/1754 1755/2209/1755 1761/2216/1761 1760/2215/1760
f 1755/2209/1755 1756/2210/1756 1762/2217/1762 1761/2216/1761
f 1756/2210/1756 1757/2211/1757 1763/2218/1763 1762/2217/1762
f 1757/2211/1757 1752/2212/1752 1758/2219/1758 1763/2218/1763
f 1758/2213/1758 1759/2214/1759 1765/2221/1765 1764/2220/1764
f 1759/2214/1759 1760/2215/1760 1766/2222/1766 1765/2221/1765
f 1760/2215/1760 1761/2216/1761 1767/2223/1767 1766/2222/1766
f 1761/2216/1761 1762/2217/1762 1768/2224/1768 1767/2223/1767
f 1762/2217/1762 1763/2218/1763 1769/2225/1769 1768/2224/1768
f 1763/2218/1763 1758/2219/1758 1764/2226/1764 1769/2225/1769
f 1764/2220/1764 1765/2221/1765 1771/2228/1771 1770/2227/1770
f 1765/2221/1765 1766/2222/1766 1772/2229/1772 1771/2228/1771
f 1766/2222/1766 1767/2223/1767 1773/2230/1773 1772/2229/1772
f 1767/2223/1767 1768/2224/1768 1774/2231/1774 1773/2230/1773
f 1768/2224/1768 1769/2225/1769 1775/2232/1775 1774/2231/1774
f 1769/2225/1769 1764/2226/1764 1770/2233/1770 1775/2232/1775
f 1776/2234/1776 1747/2200/1747 1746/2199/1746
f 1776/2235/1776 1748/2201/1748 1747/2200/1747
f 1776/2236/1776 1749/2202/1749 1748/2201/1748
f 1776/2237/1776 1750/2203/1750 1749/2202/1749
f 1776/2238/1776 1751/2204/1751 1750/2203/1750
f 1776/2239/1776 1746/2205/1746 1751/2204/1751
f 1770/2227/1770 1771/2228/1771 1777/2240/1777
f 1771/2228/1771 1772/2229/1772 1777/2241/1777
f 1772/2229/1772 1773/2230/1773 1777/2242/1777
f 1773/2230/1773 1774/2231/1774 1777/2243/1777
f 1774/2231/1774 1775/2232/1775 1777/2244/1777
f 1775/2232/1775 1770/2233/1770 1777/2245/1777
f 1778/2246/1778 1779/2247/1779 1785/2254/1785 1784/2253/1784
f 1779/2247/1779 1780/2248/1780 1786/2255/1786 1785/2254/1785
f 1780/2248/1780 1781/2249/1781 1787/2256/1787 1786/2255/1786
f 1781/2249/1781 1782/2250/1782 1788/2257/1788 1787/2256/1787
f 1782/2250/1782 1783/2251/1783 1789/2258/1789 1788/2257/1788
f 1783/2251/1783 1778/2252/1778 1784/2259/1784 1789/2258/1789
f 1784/2253/1784 1785/2254/1785 1791/2261/1791 1790/2260/1790
f 1785/2254/1785 1786/2255/1786 1792/2262/1792 1791/2261/1791
f 1786/2255/1786 1787/2256/1787 1793/2263/1793 1792/2262/1792
f 1787/2256/1787 1788/2257/1788 1794/2264/1794 1793/2263/1793
f 1788/2257/1788 1789/2258/1789 1795/2265/1795 1794/2264/1794
f 1789/2258/1789 1784/2259/1784 1790/2266/1790 1795/2265/1795
f 1790/2260/1790 1791/2261/1791 1797/2268/1797 1796/2267/1796
f 1791/2261/1791 1792/2262/1792 1798/2269/1798 1797/2268/1797
f 1792/2262/1792 1793/2263/1793 1799/2270/1799 1798/2269/1798
f 1793/2263/1793 1794/2264/1794 1800/2271/1800 1799/2270/1799
f 1794/2264/1794 1795/2265/1795 1801/2272/1801 1800/2271/1800
f 1795/2265/1795 1790/2266/1790 1796/2273/1796 1801/2272/1801
f 1796/2267/1796 1797/2268/1797 1803/2275/1803 1802/2274/1802
f 1797/2268/1797 1798/2269/1798 1804/2276/1804 1803/2275/1803
f 1798/2269/1798 1799/2270/1799 1805/2277/1805 1804/2276/1804
f 1799/2270/1799 1800/2271/1800 1806/2278/1806 1805/2277/1805
f 1800/2271/1800 1801/2272/1801 1807/2279/1807 1806/2278/1806
f 1801/2272/1801 1796/2273/1796 1802/2280/1802 1807/2279/1807
f 1808/2281/1808 1779/2247/1779 1778/2246/1778
f 1808/2282/1808 1780/2248/1780 1779/2247/1779
f 1808/2283/1808 1781/2249/1781 1780/2248/1780
f 1808/2284/1808 1782/2250/1782 1781/2249/1781
f 1808/2285/1808 1783/2251/1783 1782/2250/1782
f 1808/2286/1808 1778/2252/1778 1783/2251/1783
f 1802/2274/1802 1803/2275/1803 1809/2287/1809
f 1803/2275/1803 1804/2276/1804 1809/2288/1809
f 1804/2276/1804 1805/2277/1805 1809/2289/1809
f 1805/2277/1805 1806/2278/1806 1809/2290/1809
f 1806/2278/1806 1807/2279/1807 1809/2291/1809
f 1807/2279/1807 1802/2280/1802 1809/2292/1809
f 1810/2293/1810 1811/2294/1811 1817/2301/1817 1816/2300/1816
f 1811/2294/1811 1812/2295/1812 1818/2302/1818 1817/2301/1817
f 1812/2295/1812 1813/2296/1813 1819/2303/1819 1818/2302/1818
f 1813/2296/1813 1814/2297/1814 1820/2304/1820 1819/2303/1819
f 1814/2297/1814 1815/2298/1815 1821/2305/1821 1820/2304/1820
f 1815/2298/1815 1810/2299/1810 1816/2306/1816 1821/2305/1821
f 1816/2300/1816 1817/2301/1817 1823/2308/1823 1822/2307/1822
f 1817/2301/1817 1818/2302/1818 1824/2309/1824 1823/2308/1823
f 1818/2302/1818 1819/2303/1819 1825/2310/1825 1824/2309/1824
f 1819/2303/1819 1820/2304/1820 1826/2311/1826 1825/2310/1825
f 1820/2304/1820 1821/2305/1821 1827/2312/1827 1826/2311/1826
f 1821/2305/1821 1816/2306/1816 1822/2313/1822 1827/2312/1827
f 1822/2307/1822 1823/2308/1823 1829/2315/1829 1828/2314/1828
f 1823/2308/1823 1824/2309/1824 1830/2316/1830 1829/2315/1829
f 1824/2309/1824 1825/2310/1825 1831/2317/1831 1830/2316/1830
f 1825/2310/1825 1826/2311/1826 1832/2318/1832 1831/2317/1831
f 1826/2311/1826 1827/2312/1827 1833/2319/1833 1832/2318/1832
f 1827/2312/1827 1822/2313/1822 1828/2320/1828 1833/2319/1833
f 1828/2314/1828 1829/2315/1829 1835/2322/1835 1834/2321/1834
f 1829/2315/1829 1830/2316/1830 1836/2323/1836 1835/2322/1835
f 1830/2316/1830 1831/2317/1831 1837/2324/1837 1836/2323/1836
f 1831/2317/1831 1832/2318/1832 1838/2325/1838 1837/2324/1837
f 1832/2318/1832 1833/2319/1833 1839/2326/1839 1838/2325/1838
f 1833/2319/1833 1828/2320/1828 1834/2327/1834 1839/2326/1839
f 1840/2328/1840 1811/2294/1811 1810/2293/1810
f 1840/2329/1840 1812/2295/1812 1811/2294/1811
f 1840/2330/1840 1813/2296/1813 1812/2295/1812
f 1840/2331/1840 1814/2297/1814 1813/2296/1813
f 1840/2332/1840 1815/2298/1815 1814/2297/1814
f 1840/2333/1840 1810/2299/1810 1815/2298/1815
f 1834/2321/1834 1835/2322/1835 1841/2334/1841
f 1835/2322/1835 1836/2323/1836 1841/2335/1841
f 1836/2323/1836 1837/2324/1837 1841/2336/1841
f 1837/2324/1837 1838/2325/1838 1841/2337/1841
f 1838/2325/1838 1839/2326/1839 1841/2338/1841
f 1839/2326/1839 1834/2327/1834 1841/2339/1841
f 1842/2340/1842 1843/2341/1843 1849/2348/1849 1848/2347/1848
f 1843/2341/1843 1844/2342/1844 1850/2349/1850 1849/2348/1849
f 1844/2342/1844 1845/2343/1845 1851/2350/1851 1850/2349/1850
f 1845/2343/1845 1846/2344/1846 1852/2351/1852 1851/2350/1851
f 1846/2344/1846 1847/2345/1847 1853/2352/1853 1852/2351/1852
f 1847/2345/1847 1842/2346/1842 1848/2353/1848 1853/2352/1853
f 1848/2347/1848 1849/2348/1849 1855/2355/1855 1854/2354/1854
f 1849/2348/1849 1850/2349/1850 1856/2356/1856 1855/2355/1855
f 1850/2349/1850 1851/2350/1851 1857/2357/1857 1856/2356/1856
f 1851/2350/1851 1852/2351/1852 1858/2358/1858 1857/2357/1857
f 1852/2351/1852 1853/2352/1853 1859/2359/1859 1858/2358/1858
f 1853/2352/1853 1848/2353/1848 1854/2360/1854 1859/2359/1859
f 1854/2354/1854 1855/2355/1855 1861/2362/1861 1860/2361/1860
f 1855/2355/1855 1856/2356/1856 1862/2363/1862 1861/2362/1861
f 1856/2356/1856 1857/2357/1857 1863/2364/1863 1862/2363/1862
f 1857/2357/1857 1858/2358/1858 1864/2365/1864 1863/2364/1863
f 1858/2358/1858 1859/2359/1859 1865/2366/1865 1864/2365/1864
f 1859/2359/1859 1854/2360/1854 1860/2367/1860 1865/2366/1865
f 1866/2368/1866 1843/2341/1843 1842/2340/1842
f 1866/2369/1866 1844/2342/1844 1843/2341/1843
f 1866/2370/1866 1845/2343/1845 1844/2342/1844
f 1866/2371/1866 1846/2344/1846 1845/2343/1845
f 1866/2372/1866 1847/2345/1847 1846/2344/1846
f 1866/2373/1866 1842/2346/1842 1847/2345/1847
f 1860/2361/1860 1861/2362/1861 1867/2374/1867
f 1861/2362/1861 1862/2363/1862 1867/2375/1867
f 1862/2363/1862 1863/2364/1863 1867/2376/1867
f 1863/2364/1863 1864/2365/1864 1867/2377/1867
f 1864/2365/1864 1865/2366/1865 1867/2378/1867
f 1865/2366/1865 1860/2367/1860 1867/2379/1867
f 1868/2380/1868 1869/2381/1869 1875/2388/1875 1874/2387/1874
f 1869/2381/1869 1870/2382/1870 1876/2389/1876 1875/2388/1875
f 1870/2382/1870 1871/2383/1871 1877/2390/1877 1876/2389/1876
f 1871/2383/1871 1872/2384/1872 1878/2391/1878 1877/2390/1877
f 1872/2384/1872 1873/2385/1873 1879/2392/1879 1878/2391/1878
f 1873/2385/1873 1868/2386/1868 1874/2393/1874 1879/2392/1879
f 1874/2387/1874 1875/2388/1875 1881/2395/1881 1880/2394/1880
f 1875/2388/1875 1876/2389/1876 1882/2396/1882 1881/2395/1881
f 1876/2389/1876 1877/2390/1877 1883/2397/1883 1882/2396/1882
f 1877/2390/1877 1878/2391/1878 1884/2398/1884 1883/2397/1883
f 1878/2391/1878 1879/2392/1879 1885/2399/1885 1884/2398/1884
f 1879/2392/1879 1874/2393/1874 1880/2400/1880 1885/2399/1885
f 1880/2394/1880 1881/2395/1881 1887/2402/1887 1886/2401/1886
f 1881/2395/1881 1882/2396/1882 1888/2403/1888 1887/2402/1887
f 1882/2396/1882 1883/2397/1883 1889/2404/1889 1888/2403/1888
f 1883/2397/1883 1884/2398/1884 1890/2405/1890 1889/2404/1889
f 1884/2398/1884 1885/2399/1885 1891/2406/1891 1890/2405/1890
f 1885/2399/1885 1880/2400/1880 1886/2407/1886 1891/2406/1891
f 1892/2408/1892 1869/2381/1869 1868/2380/1868
f 1892/2409/1892 1870/2382/1870 1869/2381/1869
f 1892/2410/1892 1871/2383/1871 1870/2382/1870
f 1892/2411/1892 1872/2384/1872 1871/2383/1871
f 1892/2412/1892 1873/2385/1873 1872/2384/1872
f 1892/2413/1892 1868/2386/1868 1873/2385/1873
f 1886/2401/1886 1887/2402/1887 1893/2414/1893
f 1887/2402/1887 1888/2403/1888 1893/2415/1893
f 1888/2403/1888 1889/2404/1889 1893/2416/1893
f 1889/2404/1889 1890/2405/1890 1893/2417/1893
f 1890/2405/1890 1891/2406/1891 1893/2418/1893
f 1891/2406/1891 1886/2407/1886 1893/2419/1893
f 1894/2420/1894 1895/2421/1895 1901/2428/1901 1900/2427/1900
f 1895/2421/1895 1896/2422/1896 1902/2429/1902 1901/2428/1901
f 1896/2422/1896 1897/2423/1897 1903/2430/1903 1902/2429/1902
f 1897/2423/1897 1898/2424/1898 1904/2431/1904 1903/2430/1903
f 1898/2424/1898 1899/2425/1899 1905/2432/1905 1904/2431/1904
f 1899/2425/1899 1894/2426/1894 1900/2433/1900 1905/2432/1905
f 1900/2427/1900 1901/2428/1901 1907/2435/1907 1906/2434/1906
f 1901/2428/1901 1902/2429/1902 1908/2436/1908 1907/2435/1907
f 1902/2429/1902 1903/2430/1903 1909/2437/1909 1908/2436/1908
f 1903/2430/1903 1904/2431/1904 1910/2438/1910 1909/2437/1909
f 1904/2431/1904 1905/2432/1905 1911/2439/1911 1910/2438/1910
f 1905/2432/1905 1900/2433/1900 1906/2440/1906 1911/2439/1911
f 1906/2434/1906 1907/2435/1907 1913/2442/1913 1912/2441/1912
f 1907/2435/1907 1908/2436/1908 1914/2443/1914 1913/2442/1913
f 1908/2436/1908 1909/2437/1909 1915/2444/1915 1914/2443/1914
f 1909/2437/1909 1910/2438/1910 1916/2445/1916 1915/2444/1915
f 1910/2438/1910 1911/2439/1911 1917/2446/1917 1916/2445/1916
f 1911/2439/1911 1906/2440/1906 1912/2447/1912 1917/2446/1917
f 1918/2448/1918 1895/2421/1895 1894/2420/1894
f 1918/2449/1918 1896/2422/1896 1895/2421/1895
f 1918/2450/1918 1897/2423/1897 1896/2422/1896
f 1918/2451/1918 1898/2424/1898 1897/2423/1897
f 1918/2452/1918 1899/2425/1899 1898/2424/1898
f 1918/2453/1918 1894/2426/1894 1899/2425/1899
f 1912/2441/1912 1913/2442/1913 1919/2454/1919
f 1913/2442/1913 1914/2443/1914 1919/2455/1919
f 1914/2443/1914 1915/2444/1915 1919/2456/1919
f 1915/2444/1915 1916/2445/1916 1919/2457/1919
f 1916/2445/1916 1917/2446/1917 1919/2458/1919
f 1917/2446/1917 1912/2447/1912 1919/2459/1919
f 1920/2460/1920 1921/2461/1921 1927/2468/1927 1926/2467/1926
f 1921/2461/1921 1922/2462/1922 1928/2469/1928 1927/2468/1927
f 1922/2462/1922 1923/2463/1923 1929/2470/1929 1928/2469/1928
f 1923/2463/1923 1924/2464/1924 1930/2471/1930 1929/2470/1929
f 1924/2464/1924 1925/2465/1925 1931/2472/1931 1930/2471/1930
f 1925/2465/1925 1920/2466/1920 1926/2473/1926 1931/2472/1931
f 1926/2467/1926 1927/2468/1927 1933/2475/1933 1932/2474/1932
f 1927/2468/1927 1928/2469/1928 1934/2476/1934 1933/2475/1933
f 1928/2469/1928 1929/2470/1929 1935/2477/1935 1934/2476/1934
f 1929/2470/1929 1930/2471/1930 1936/2478/1936 1935/2477/1935
f 1930/2471/1930 1931/2472/1931 1937/2479/1937 1936/2478/1936
f 1931/2472/1931 1926/2473/1926 1932/2480/1932 1937/2479/1937
f 1932/2474/1932 1933/2475/1933 1939/2482/1939 1938/2481/1938
f 1933/2475/1933 1934/2476/1934 1940/2483/1940 1939/2482/1939
f 1934/2476/1934 1935/2477/1935 1941/2484/1941 1940/2483/1940
f 1935/2477/1935 1936/2478/1936 1942/2485/1942 1941/2484/1941
f 1936/2478/1936 1937/2479/1937 1943/2486/1943 1942/2485/1942
f 1937/2479/1937 1932/2480/1932 1938/2487/1938 1943/2486/1943
f 1944/2488/1944 1921/2461/1921 1920/2460/1920
f 1944/2489/1944 1922/2462/1922 1921/2461/1921
f 1944/2490/1944 1923/2463/1923 1922/2462/1922
f 1944/2491/1944 1924/2464/1924 1923/2463/1923
f 1944/2492/1944 1925/2465/1925 1924/2464/1924
f 1944/2493/1944 1920/2466/1920 1925/2465/1925
f 1938/2481/1938 1939/2482/1939 1945/2494/1945
f 1939/2482/1939 1940/2483/1940 1945/2495/1945
f 1940/2483/1940 1941/2484/1941 1945/2496/1945
f 1941/2484/1941 1942/2485/1942 1945/2497/1945
f 1942/2485/1942 1943/2486/1943 1945/2498/1945
f 1943/2486/1943 1938/2487/1938 1945/2499/1945
f 1946/2500/1946 1947/2501/1947 1953/2508/1953 1952/2507/1952
f 1947/2501/1947 1948/2502/1948 1954/2509/1954 1953/2508/1953
f 1948/2502/1948 1949/2503/1949 1955/2510/1955 1954/2509/1954
f 1949/2503/1949 1950/2504/1950 1956/2511/1956 1955/2510/1955
f 1950/2504/1950 1951/2505/1951 1957/2512/1957 1956/2511/1956
f 1951/2505/1951 1946/2506/1946 1952/2513/1952 1957/2512/1957
f 1952/2507/1952 1953/2508/1953 1959/2515/1959 1958/2514/1958
f 1953/2508/1953 1954/2509/1954 1960/2516/1960 1959/2515/1959
f 1954/2509/1954 1955/2510/1955 1961/2517/1961 1960/2516/1960
f 1955/2510/1955 1956/2511/1956 1962/2518/1962 1961/2517/1961
f 1956/2511/1956 1957/2512/1957 1963/2519/1963 1962/2518/1962
f 1957/2512/1957 1952/2513/1952 1958/2520/1958 1963/2519/1963
f 1958/2514/1958 1959/2515/1959 1965/2522/1965 1964/2521/1964
f 1959/2515/1959 1960/2516/1960 1966/2523/1966 1965/2522/1965
f 1960/2516/1960 1961/2517/1961 1967/2524/1967 1966/2523/1966
f 1961/2517/1961 1962/2518/1962 1968/2525/1968 1967/2524/1967
f 1962/2518/1962 1963/2519/1963 1969/2526/1969 1968/2525/1968
f 1963/2519/1963 1958/2520/1958 1964/2527/1964 1969/2526/1969
f 1970/2528/1970 1947/2501/1947 1946/2500/1946
f 1970/2529/1970 1948/2502/1948 1947/2501/1947
f 1970/2530/1970 1949/2503/1949 1948/2502/1948
f 1970/2531/1970 1950/2504/1950 1949/2503/1949
f 1970/2532/1970 1951/2505/1951 1950/2504/1950
f 1970/2533/1970 1946/2506/1946 1951/2505/1951
f 1964/2521/1964 1965/2522/1965 1971/2534/1971
f 1965/2522/1965 1966/2523/1966 1971/2535/1971
f 1966/2523/1966 1967/2524/1967 1971/2536/1971
f 1967/2524/1967 1968/2525/1968 1971/2537/1971
f 1968/2525/1968 1969/2526/1969 1971/2538/1971
f 1969/2526/1969 1964/2527/1964 1971/2539/1971
f 1972/2540/1972 1973/2541/1973 1979/2548/1979 1978/2547/1978
f 1973/2541/1973 1974/2542/1974 1980/2549/1980 1979/2548/1979
f 1974/2542/1974 1975/2543/1975 1981/2550/1981 1980/2549/1980
f 1975/2543/1975 1976/2544/1976 1982/2551/1982 1981/2550/1981
f 1976/2544/1976 1977/2545/1977 1983/2552/1983 1982/2551/1982
f 1977/2545/1977 1972/2546/1972 1978/2553/1978 1983/2552/1983
f 1978/2547/1978 1979/2548/1979 1985/2555/1985 1984/2554/1984
f 1979/2548/1979 1980/2549/1980 1986/2556/1986 1985/2555/1985
f 1980/2549/1980 1981/2550/1981 1987/2557/1987 1986/2556/1986
f 1981/2550/1981 1982/2551/1982 1988/2558/1988 1987/2557/1987
f 1982/2551/1982 1983/2552/1983 1989/2559/1989 1988/2558/1988
f 1983/2552/1983 1978/2553/1978 1984/2560/1984 1989/2559/1989
f 1984/2554/1984 1985/2555/1985 1991/2562/1991 1990/2561/1990
f 1985/2555/1985 1986/2556/1986 1992/2563/1992 1991/2562/1991
f 1986/2556/1986 1987/2557/1987 1993/2564/1993 1992/2563/1992
f 1987/2557/1987 1988/2558/1988 1994/2565/1994 1993/2564/1993
f 1988/2558/1988 1989/2559/1989 1995/2566/1995 1994/2565/1994
f 1989/2559/1989 1984/2560/1984 1990/2567/1990 1995/2566/1995
f 1996/2568/1996 1973/2541/1973 1972/2540/1972
f 1996/2569/1996 1974/2542/1974 1973/2541/1973
f 1996/2570/1996 1975/2543/1975 1974/2542/1974
f 1996/2571/1996 1976/2544/1976 1975/2543/1975
f 1996/2572/1996 1977/2545/1977 1976/2544/1976
f 1996/2573/1996 1972/2546/1972 1977/2545/1977
f 1990/2561/1990 1991/2562/1991 1997/2574/1997
f 1991/2562/1991 1992/2563/1992 1997/2575/1997
f 1992/2563/1992 1993/2564/1993 1997/2576/1997
f 1993/2564/1993 1994/2565/1994 1997/2577/1997
f 1994/2565/1994 1995/2566/1995 1997/2578/1997
f 1995/2566/1995 1990/2567/1990 1997/2579/1997
