# KawaiiSpaceBuns - Roblox UGC rigid accessory
# Units: studs, +Y up, avatar faces -Z. Origin = the attachment point.
# Triangles: 3928
mtllib KawaiiSpaceBuns.mtl
o KawaiiSpaceBuns
v 0.000000 0.071632 0.100000
v -0.019509 0.071632 0.098079
v -0.038268 0.071632 0.092388
v -0.055557 0.071632 0.083147
v -0.070711 0.071632 0.070711
v -0.083147 0.071632 0.055557
v -0.092388 0.071632 0.038268
v -0.098079 0.071632 0.019509
v -0.100000 0.071632 0.000000
v -0.098079 0.071632 -0.019509
v -0.092388 0.071632 -0.038268
v -0.083147 0.071632 -0.055557
v -0.070711 0.071632 -0.070711
v -0.055557 0.071632 -0.083147
v -0.038268 0.071632 -0.092388
v -0.019509 0.071632 -0.098079
v -0.000000 0.071632 -0.100000
v 0.019509 0.071632 -0.098079
v 0.038268 0.071632 -0.092388
v 0.055557 0.071632 -0.083147
v 0.070711 0.071632 -0.070711
v 0.083147 0.071632 -0.055557
v 0.092388 0.071632 -0.038268
v 0.098079 0.071632 -0.019509
v 0.100000 0.071632 -0.000000
v 0.098079 0.071632 0.019509
v 0.092388 0.071632 0.038268
v 0.083147 0.071632 0.055557
v 0.070711 0.071632 0.070711
v 0.055557 0.071632 0.083147
v 0.038268 0.071632 0.092388
v 0.019509 0.071632 0.098079
v 0.000000 0.065669 0.200000
v -0.039018 0.065669 0.196157
v -0.076537 0.065669 0.184776
v -0.111114 0.065669 0.166294
v -0.141421 0.065669 0.141421
v -0.166294 0.065669 0.111114
v -0.184776 0.065669 0.076537
v -0.196157 0.065669 0.039018
v -0.200000 0.065669 0.000000
v -0.196157 0.065669 -0.039018
v -0.184776 0.065669 -0.076537
v -0.166294 0.065669 -0.111114
v -0.141421 0.065669 -0.141421
v -0.111114 0.065669 -0.166294
v -0.076537 0.065669 -0.184776
v -0.039018 0.065669 -0.196157
v -0.000000 0.065669 -0.200000
v 0.039018 0.065669 -0.196157
v 0.076537 0.065669 -0.184776
v 0.111114 0.065669 -0.166294
v 0.141421 0.065669 -0.141421
v 0.166294 0.065669 -0.111114
v 0.184776 0.065669 -0.076537
v 0.196157 0.065669 -0.039018
v 0.200000 0.065669 -0.000000
v 0.196157 0.065669 0.039018
v 0.184776 0.065669 0.076537
v 0.166294 0.065669 0.111114
v 0.141421 0.065669 0.141421
v 0.111114 0.065669 0.166294
v 0.076537 0.065669 0.184776
v 0.039018 0.065669 0.196157
v 0.000000 0.058643 0.290000
v -0.056576 0.058643 0.284428
v -0.110978 0.058643 0.267925
v -0.161115 0.058643 0.241126
v -0.205061 0.058643 0.205061
v -0.241126 0.058643 0.161115
v -0.267925 0.058643 0.110978
v -0.284428 0.058643 0.056576
v -0.290000 0.058643 0.000000
v -0.284428 0.058643 -0.056576
v -0.267925 0.058643 -0.110978
v -0.241126 0.058643 -0.161115
v -0.205061 0.058643 -0.205061
v -0.161115 0.058643 -0.241126
v -0.110978 0.058643 -0.267925
v -0.056576 0.058643 -0.284428
v -0.000000 0.058643 -0.290000
v 0.056576 0.058643 -0.284428
v 0.110978 0.058643 -0.267925
v 0.161115 0.058643 -0.241126
v 0.205061 0.058643 -0.205061
v 0.241126 0.058643 -0.161115
v 0.267925 0.058643 -0.110978
v 0.284428 0.058643 -0.056576
v 0.290000 0.058643 -0.000000
v 0.284428 0.058643 0.056576
v 0.267925 0.058643 0.110978
v 0.241126 0.058643 0.161115
v 0.205061 0.058643 0.205061
v 0.161115 0.058643 0.241126
v 0.110978 0.058643 0.267925
v 0.056576 0.058643 0.284428
v 0.000000 0.047663 0.387710
v -0.075638 0.047663 0.380260
v -0.148370 0.047663 0.358197
v -0.215400 0.047663 0.322369
v -0.274152 0.047663 0.274152
v -0.322369 0.047663 0.215400
v -0.358197 0.047663 0.148370
v -0.380260 0.047663 0.075638
v -0.387710 0.047663 0.000000
v -0.380260 0.047663 -0.075638
v -0.358197 0.047663 -0.148370
v -0.322369 0.047663 -0.215400
v -0.274152 0.047663 -0.274152
v -0.215400 0.047663 -0.322369
v -0.148370 0.047663 -0.358197
v -0.075638 0.047663 -0.380260
v -0.000000 0.047663 -0.387710
v 0.075638 0.047663 -0.380260
v 0.148370 0.047663 -0.358197
v 0.215400 0.047663 -0.322369
v 0.274152 0.047663 -0.274152
v 0.322369 0.047663 -0.215400
v 0.358197 0.047663 -0.148370
v 0.380260 0.047663 -0.075638
v 0.387710 0.047663 -0.000000
v 0.380260 0.047663 0.075638
v 0.358197 0.047663 0.148370
v 0.322369 0.047663 0.215400
v 0.274152 0.047663 0.274152
v 0.215400 0.047663 0.322369
v 0.148370 0.047663 0.358197
v 0.075638 0.047663 0.380260
v 0.000000 0.007669 0.486228
v -0.094858 0.007669 0.476886
v -0.186072 0.007669 0.449216
v -0.270134 0.007669 0.404284
v -0.343815 0.007669 0.343815
v -0.404284 0.007669 0.270134
v -0.449216 0.007669 0.186072
v -0.476886 0.007669 0.094858
v -0.486228 0.007669 0.000000
v -0.476886 0.007669 -0.094858
v -0.449216 0.007669 -0.186072
v -0.404284 0.007669 -0.270134
v -0.343815 0.007669 -0.343815
v -0.270134 0.007669 -0.404284
v -0.186072 0.007669 -0.449216
v -0.094858 0.007669 -0.476886
v -0.000000 0.007669 -0.486228
v 0.094858 0.007669 -0.476886
v 0.186072 0.007669 -0.449216
v 0.270134 0.007669 -0.404284
v 0.343815 0.007669 -0.343815
v 0.404284 0.007669 -0.270134
v 0.449216 0.007669 -0.186072
v 0.476886 0.007669 -0.094858
v 0.486228 0.007669 -0.000000
v 0.476886 0.007669 0.094858
v 0.449216 0.007669 0.186072
v 0.404284 0.007669 0.270134
v 0.343815 0.007669 0.343815
v 0.270134 0.007669 0.404284
v 0.186072 0.007669 0.449216
v 0.094858 0.007669 0.476886
v 0.000000 -0.060547 0.565290
v -0.110283 -0.060547 0.554428
v -0.216327 -0.060547 0.522260
v -0.314058 -0.060547 0.470021
v -0.399720 -0.060547 0.399720
v -0.470021 -0.060547 0.314058
v -0.522260 -0.060547 0.216327
v -0.554428 -0.060547 0.110283
v -0.565290 -0.060547 0.000000
v -0.554428 -0.060547 -0.110283
v -0.522260 -0.060547 -0.216327
v -0.470021 -0.060547 -0.314058
v -0.399720 -0.060547 -0.399720
v -0.314058 -0.060547 -0.470021
v -0.216327 -0.060547 -0.522260
v -0.110283 -0.060547 -0.554428
v -0.000000 -0.060547 -0.565290
v 0.110283 -0.060547 -0.554428
v 0.216327 -0.060547 -0.522260
v 0.314058 -0.060547 -0.470021
v 0.399720 -0.060547 -0.399720
v 0.470021 -0.060547 -0.314058
v 0.522260 -0.060547 -0.216327
v 0.554428 -0.060547 -0.110283
v 0.565290 -0.060547 -0.000000
v 0.554428 -0.060547 0.110283
v 0.522260 -0.060547 0.216327
v 0.470021 -0.060547 0.314058
v 0.399720 -0.060547 0.399720
v 0.314058 -0.060547 0.470021
v 0.216327 -0.060547 0.522260
v 0.110283 -0.060547 0.554428
v 0.000000 -0.149145 0.618767
v -0.120716 -0.149145 0.606878
v -0.236792 -0.149145 0.571666
v -0.343769 -0.149145 0.514486
v -0.437535 -0.149145 0.437535
v -0.514486 -0.149145 0.343769
v -0.571666 -0.149145 0.236792
v -0.606878 -0.149145 0.120716
v -0.618767 -0.149145 0.000000
v -0.606878 -0.149145 -0.120716
v -0.571666 -0.149145 -0.236792
v -0.514486 -0.149145 -0.343769
v -0.437535 -0.149145 -0.437535
v -0.343769 -0.149145 -0.514486
v -0.236792 -0.149145 -0.571666
v -0.120716 -0.149145 -0.606878
v -0.000000 -0.149145 -0.618767
v 0.120716 -0.149145 -0.606878
v 0.236792 -0.149145 -0.571666
v 0.343769 -0.149145 -0.514486
v 0.437535 -0.149145 -0.437535
v 0.514486 -0.149145 -0.343769
v 0.571666 -0.149145 -0.236792
v 0.606878 -0.149145 -0.120716
v 0.618767 -0.149145 -0.000000
v 0.606878 -0.149145 0.120716
v 0.571666 -0.149145 0.236792
v 0.514486 -0.149145 0.343769
v 0.437535 -0.149145 0.437535
v 0.343769 -0.149145 0.514486
v 0.236792 -0.149145 0.571666
v 0.120716 -0.149145 0.606878
v 0.000000 -0.260000 0.640000
v -0.124858 -0.260000 0.627703
v -0.244917 -0.260000 0.591283
v -0.355565 -0.260000 0.532141
v -0.452548 -0.260000 0.452548
v -0.532141 -0.260000 0.355565
v -0.591283 -0.260000 0.244917
v -0.627703 -0.260000 0.124858
v -0.640000 -0.260000 0.000000
v -0.627703 -0.260000 -0.124858
v -0.591283 -0.260000 -0.244917
v -0.532141 -0.260000 -0.355565
v -0.452548 -0.260000 -0.452548
v -0.355565 -0.260000 -0.532141
v -0.244917 -0.260000 -0.591283
v -0.124858 -0.260000 -0.627703
v -0.000000 -0.260000 -0.640000
v 0.124858 -0.260000 -0.627703
v 0.244917 -0.260000 -0.591283
v 0.355565 -0.260000 -0.532141
v 0.452548 -0.260000 -0.452548
v 0.532141 -0.260000 -0.355565
v 0.591283 -0.260000 -0.244917
v 0.627703 -0.260000 -0.124858
v 0.640000 -0.260000 -0.000000
v 0.627703 -0.260000 0.124858
v 0.591283 -0.260000 0.244917
v 0.532141 -0.260000 0.355565
v 0.452548 -0.260000 0.452548
v 0.355565 -0.260000 0.532141
v 0.244917 -0.260000 0.591283
v 0.124858 -0.260000 0.627703
v 0.000000 -0.556000 0.640000
v -0.124858 -0.550000 0.627703
v -0.244917 -0.544000 0.591283
v -0.355565 -0.532500 0.532141
v -0.452548 -0.510000 0.452548
v -0.532141 -0.487500 0.355565
v -0.591283 -0.457000 0.244917
v -0.627703 -0.422500 0.124858
v -0.640000 -0.388000 0.000000
v -0.627703 -0.364000 -0.124858
v -0.591283 -0.340000 -0.244917
v -0.532141 -0.319500 -0.355565
v -0.452548 -0.306000 -0.452548
v -0.355565 -0.293857 -0.532141
v -0.244917 -0.292571 -0.591283
v -0.124858 -0.291286 -0.627703
v -0.000000 -0.290000 -0.640000
v 0.124858 -0.291286 -0.627703
v 0.244917 -0.292571 -0.591283
v 0.355565 -0.293857 -0.532141
v 0.452548 -0.306000 -0.452548
v 0.532141 -0.319500 -0.355565
v 0.591283 -0.340000 -0.244917
v 0.627703 -0.364000 -0.124858
v 0.640000 -0.388000 -0.000000
v 0.627703 -0.422500 0.124858
v 0.591283 -0.457000 0.244917
v 0.532141 -0.487500 0.355565
v 0.452548 -0.510000 0.452548
v 0.355565 -0.532500 0.532141
v 0.244917 -0.544000 0.591283
v 0.124858 -0.550000 0.627703
v 0.000000 -0.889000 0.640000
v -0.124858 -0.876250 0.627703
v -0.244917 -0.863500 0.591283
v -0.355565 -0.839062 0.532141
v -0.452548 -0.791250 0.452548
v -0.532141 -0.743437 0.355565
v -0.591283 -0.678625 0.244917
v -0.627703 -0.605313 0.124858
v -0.640000 -0.532000 0.000000
v -0.627703 -0.481000 -0.124858
v -0.591283 -0.430000 -0.244917
v -0.532141 -0.386438 -0.355565
v -0.452548 -0.357750 -0.452548
v -0.355565 -0.331946 -0.532141
v -0.244917 -0.329214 -0.591283
v -0.124858 -0.326482 -0.627703
v -0.000000 -0.323750 -0.640000
v 0.124858 -0.326482 -0.627703
v 0.244917 -0.329214 -0.591283
v 0.355565 -0.331946 -0.532141
v 0.452548 -0.357750 -0.452548
v 0.532141 -0.386437 -0.355565
v 0.591283 -0.430000 -0.244917
v 0.627703 -0.481000 -0.124858
v 0.640000 -0.532000 -0.000000
v 0.627703 -0.605313 0.124858
v 0.591283 -0.678625 0.244917
v 0.532141 -0.743437 0.355565
v 0.452548 -0.791250 0.452548
v 0.355565 -0.839062 0.532141
v 0.244917 -0.863500 0.591283
v 0.124858 -0.876250 0.627703
v 0.000000 -1.008000 0.622000
v -0.121346 -0.993000 0.610048
v -0.238029 -0.978000 0.574653
v -0.345565 -0.949250 0.517174
v -0.439820 -0.893000 0.439820
v -0.517174 -0.836750 0.345565
v -0.574653 -0.760500 0.238029
v -0.610048 -0.674250 0.121346
v -0.622000 -0.588000 0.000000
v -0.610048 -0.528000 -0.121346
v -0.574653 -0.468000 -0.238029
v -0.517174 -0.416750 -0.345565
v -0.439820 -0.383000 -0.439820
v -0.345565 -0.352643 -0.517174
v -0.238029 -0.349429 -0.574653
v -0.121346 -0.346214 -0.610048
v -0.000000 -0.343000 -0.622000
v 0.121346 -0.346214 -0.610048
v 0.238029 -0.349429 -0.574653
v 0.345565 -0.352643 -0.517174
v 0.439820 -0.383000 -0.439820
v 0.517174 -0.416750 -0.345565
v 0.574653 -0.468000 -0.238029
v 0.610048 -0.528000 -0.121346
v 0.622000 -0.588000 -0.000000
v 0.610048 -0.674250 0.121346
v 0.574653 -0.760500 0.238029
v 0.517174 -0.836750 0.345565
v 0.439820 -0.893000 0.439820
v 0.345565 -0.949250 0.517174
v 0.238029 -0.978000 0.574653
v 0.121346 -0.993000 0.610048
v 0.000000 -1.016000 0.576644
v -0.113297 -1.001000 0.569584
v -0.223448 -0.986000 0.539452
v -0.326357 -0.957250 0.488428
v -0.415779 -0.901000 0.415779
v -0.488904 -0.844750 0.326675
v -0.543241 -0.768500 0.225018
v -0.576702 -0.682250 0.114713
v -0.588000 -0.596000 0.000000
v -0.576702 -0.536000 -0.114713
v -0.543241 -0.476000 -0.225018
v -0.488904 -0.424750 -0.326675
v -0.415779 -0.391000 -0.415779
v -0.326675 -0.360643 -0.488904
v -0.225018 -0.357429 -0.543241
v -0.114713 -0.354214 -0.576702
v -0.000000 -0.351000 -0.588000
v 0.114713 -0.354214 -0.576702
v 0.225018 -0.357429 -0.543241
v 0.326675 -0.360643 -0.488904
v 0.415779 -0.391000 -0.415779
v 0.488904 -0.424750 -0.326675
v 0.543241 -0.476000 -0.225018
v 0.576702 -0.536000 -0.114713
v 0.588000 -0.596000 -0.000000
v 0.576702 -0.682250 0.114713
v 0.543241 -0.768500 0.225018
v 0.488904 -0.844750 0.326675
v 0.415779 -0.901000 0.415779
v 0.326357 -0.957250 0.488428
v 0.223448 -0.986000 0.539452
v 0.113297 -1.001000 0.569584
v 0.000000 0.074000 0.000000
v 0.000000 -0.450000 0.000000
v -0.352311 0.106264 0.063104
v -0.357796 0.097275 0.123781
v -0.378565 0.078170 0.178518
v -0.412586 0.050818 0.221958
v -0.456529 0.017899 0.249848
v -0.506093 -0.017367 0.259458
v -0.556424 -0.051527 0.249848
v -0.602598 -0.081237 0.221958
v -0.640094 -0.103590 0.178518
v -0.665241 -0.116396 0.123781
v -0.675578 -0.118402 0.063104
v -0.670094 -0.109413 0.002428
v -0.649325 -0.090308 -0.052309
v -0.615303 -0.062956 -0.095749
v -0.571360 -0.030036 -0.123639
v -0.521797 0.005229 -0.133249
v -0.471465 0.039389 -0.123639
v -0.425292 0.069100 -0.095749
v -0.387796 0.091452 -0.052309
v -0.362649 0.104258 0.002428
v -0.356868 0.203585 0.068887
v -0.363796 0.192230 0.145531
v -0.390031 0.168097 0.214673
v -0.433005 0.133548 0.269544
v -0.488512 0.091965 0.304773
v -0.551118 0.047419 0.316912
v -0.614695 0.004269 0.304773
v -0.673019 -0.033259 0.269544
v -0.720382 -0.061494 0.214673
v -0.752147 -0.077670 0.145531
v -0.765205 -0.080205 0.068887
v -0.758277 -0.068849 -0.007758
v -0.732042 -0.044716 -0.076899
v -0.689068 -0.010167 -0.131770
v -0.633561 0.031415 -0.167000
v -0.570955 0.075962 -0.179139
v -0.507378 0.119111 -0.167000
v -0.449054 0.156640 -0.131770
v -0.401691 0.184874 -0.076899
v -0.369926 0.201050 -0.007758
v -0.390242 0.275007 0.074331
v -0.397542 0.263042 0.155092
v -0.425186 0.237613 0.227948
v -0.470469 0.201208 0.285766
v -0.528957 0.157392 0.322888
v -0.594926 0.110453 0.335679
v -0.661918 0.064986 0.322888
v -0.723375 0.025441 0.285766
v -0.773282 -0.004310 0.227948
v -0.806753 -0.021355 0.155092
v -0.820512 -0.024025 0.074331
v -0.813212 -0.012061 -0.006430
v -0.785568 0.013369 -0.079286
v -0.740286 0.049774 -0.137104
v -0.681798 0.093590 -0.174226
v -0.615829 0.140529 -0.187017
v -0.548837 0.185996 -0.174226
v -0.487379 0.225540 -0.137104
v -0.437473 0.255291 -0.079286
v -0.404001 0.272336 -0.006430
v -0.444701 0.328732 0.079600
v -0.451609 0.317409 0.156028
v -0.477770 0.293345 0.224974
v -0.520622 0.258893 0.279690
v -0.575972 0.217428 0.314819
v -0.638401 0.173008 0.326924
v -0.701798 0.129980 0.314819
v -0.759958 0.092558 0.279690
v -0.807187 0.064404 0.224974
v -0.838862 0.048273 0.156028
v -0.851882 0.045746 0.079600
v -0.844974 0.057069 0.003173
v -0.818814 0.081134 -0.065773
v -0.775961 0.115585 -0.120489
v -0.720611 0.157050 -0.155619
v -0.658182 0.201470 -0.167724
v -0.594785 0.244498 -0.155619
v -0.536626 0.281920 -0.120489
v -0.489397 0.310074 -0.065773
v -0.457722 0.326205 0.003173
v -0.515345 0.361639 0.084319
v -0.521160 0.352108 0.148653
v -0.543181 0.331851 0.206690
v -0.579253 0.302851 0.252748
v -0.625845 0.267947 0.282319
v -0.678396 0.230555 0.292508
v -0.731761 0.194336 0.282319
v -0.780718 0.162835 0.252748
v -0.820474 0.139135 0.206690
v -0.847137 0.125557 0.148653
v -0.858098 0.123430 0.084319
v -0.852282 0.132961 0.019985
v -0.830261 0.153218 -0.038052
v -0.794189 0.182218 -0.084110
v -0.747597 0.217122 -0.113681
v -0.695047 0.254514 -0.123871
v -0.641681 0.290733 -0.113681
v -0.592724 0.322234 -0.084110
v -0.552968 0.345933 -0.038052
v -0.526305 0.359511 0.019985
v -0.589910 0.370577 0.087815
v -0.594161 0.363609 0.134847
v -0.610260 0.348800 0.177274
v -0.636631 0.327599 0.210945
v -0.670692 0.302083 0.232563
v -0.709109 0.274747 0.240012
v -0.748122 0.248269 0.232563
v -0.783912 0.225241 0.210945
v -0.812975 0.207915 0.177274
v -0.832468 0.197989 0.134847
v -0.840480 0.196433 0.087815
v -0.836229 0.203401 0.040783
v -0.820130 0.218210 -0.001644
v -0.793760 0.239411 -0.035315
v -0.759699 0.264927 -0.056933
v -0.721282 0.292263 -0.064382
v -0.682269 0.318741 -0.056933
v -0.646479 0.341769 -0.035315
v -0.617415 0.359095 -0.001644
v -0.597923 0.369021 0.040783
v -0.665745 0.357460 0.090093
v -0.668052 0.353678 0.115621
v -0.676791 0.345640 0.138650
v -0.691104 0.334133 0.156926
v -0.709592 0.320283 0.168659
v -0.730444 0.305446 0.172703
v -0.751619 0.291074 0.168659
v -0.771045 0.278574 0.156926
v -0.786821 0.269170 0.138650
v -0.797401 0.263782 0.115621
v -0.801750 0.262938 0.090093
v -0.799442 0.266720 0.064565
v -0.790704 0.274758 0.041536
v -0.776391 0.286265 0.023260
v -0.757903 0.300115 0.011526
v -0.737051 0.314953 0.007483
v -0.715875 0.329324 0.011526
v -0.696449 0.341824 0.023260
v -0.680674 0.351228 0.041536
v -0.670094 0.356616 0.064565
v -0.467488 -0.072915 0.057400
v -0.740752 0.320278 0.090953
v 0.675578 -0.118402 0.063104
v 0.665241 -0.116396 0.123781
v 0.640094 -0.103590 0.178518
v 0.602598 -0.081237 0.221958
v 0.556424 -0.051527 0.249848
v 0.506093 -0.017367 0.259458
v 0.456529 0.017899 0.249848
v 0.412586 0.050818 0.221958
v 0.378565 0.078170 0.178518
v 0.357796 0.097275 0.123781
v 0.352311 0.106264 0.063104
v 0.362649 0.104258 0.002428
v 0.387796 0.091452 -0.052309
v 0.425292 0.069100 -0.095749
v 0.471465 0.039389 -0.123639
v 0.521797 0.005229 -0.133249
v 0.571360 -0.030036 -0.123639
v 0.615303 -0.062956 -0.095749
v 0.649325 -0.090308 -0.052309
v 0.670094 -0.109413 0.002428
v 0.765205 -0.080205 0.068887
v 0.752147 -0.077670 0.145531
v 0.720382 -0.061494 0.214673
v 0.673019 -0.033259 0.269544
v 0.614695 0.004269 0.304773
v 0.551118 0.047419 0.316912
v 0.488512 0.091965 0.304773
v 0.433005 0.133548 0.269544
v 0.390031 0.168097 0.214673
v 0.363796 0.192230 0.145531
v 0.356868 0.203585 0.068887
v 0.369926 0.201050 -0.007758
v 0.401691 0.184874 -0.076899
v 0.449054 0.156640 -0.131770
v 0.507378 0.119111 -0.167000
v 0.570955 0.075962 -0.179139
v 0.633561 0.031415 -0.167000
v 0.689068 -0.010167 -0.131770
v 0.732042 -0.044716 -0.076899
v 0.758277 -0.068849 -0.007758
v 0.820512 -0.024025 0.074331
v 0.806753 -0.021355 0.155092
v 0.773282 -0.004310 0.227948
v 0.723375 0.025441 0.285766
v 0.661918 0.064986 0.322888
v 0.594926 0.110453 0.335679
v 0.528957 0.157392 0.322888
v 0.470469 0.201208 0.285766
v 0.425186 0.237613 0.227948
v 0.397542 0.263042 0.155092
v 0.390242 0.275007 0.074331
v 0.404001 0.272336 -0.006430
v 0.437473 0.255291 -0.079286
v 0.487379 0.225540 -0.137104
v 0.548837 0.185996 -0.174226
v 0.615829 0.140529 -0.187017
v 0.681798 0.093590 -0.174226
v 0.740286 0.049774 -0.137104
v 0.785568 0.013369 -0.079286
v 0.813212 -0.012061 -0.006430
v 0.851882 0.045746 0.079600
v 0.838862 0.048273 0.156028
v 0.807187 0.064404 0.224974
v 0.759958 0.092558 0.279690
v 0.701798 0.129980 0.314819
v 0.638401 0.173008 0.326924
v 0.575972 0.217428 0.314819
v 0.520622 0.258893 0.279690
v 0.477770 0.293345 0.224974
v 0.451609 0.317409 0.156028
v 0.444701 0.328732 0.079600
v 0.457722 0.326205 0.003173
v 0.489397 0.310074 -0.065773
v 0.536626 0.281920 -0.120489
v 0.594785 0.244498 -0.155619
v 0.658182 0.201470 -0.167724
v 0.720611 0.157050 -0.155619
v 0.775961 0.115585 -0.120489
v 0.818814 0.081134 -0.065773
v 0.844974 0.057069 0.003173
v 0.858098 0.123430 0.084319
v 0.847137 0.125557 0.148653
v 0.820474 0.139135 0.206690
v 0.780718 0.162835 0.252748
v 0.731761 0.194336 0.282319
v 0.678396 0.230555 0.292508
v 0.625845 0.267947 0.282319
v 0.579253 0.302851 0.252748
v 0.543181 0.331851 0.206690
v 0.521160 0.352108 0.148653
v 0.515345 0.361639 0.084319
v 0.526305 0.359511 0.019985
v 0.552968 0.345933 -0.038052
v 0.592724 0.322234 -0.084110
v 0.641681 0.290733 -0.113681
v 0.695047 0.254514 -0.123871
v 0.747597 0.217122 -0.113681
v 0.794189 0.182218 -0.084110
v 0.830261 0.153218 -0.038052
v 0.852282 0.132961 0.019985
v 0.840480 0.196433 0.087815
v 0.832468 0.197989 0.134847
v 0.812975 0.207915 0.177274
v 0.783912 0.225241 0.210945
v 0.748122 0.248269 0.232563
v 0.709109 0.274747 0.240012
v 0.670692 0.302083 0.232563
v 0.636631 0.327599 0.210945
v 0.610260 0.348800 0.177274
v 0.594161 0.363609 0.134847
v 0.589910 0.370577 0.087815
v 0.597923 0.369021 0.040783
v 0.617415 0.359095 -0.001644
v 0.646479 0.341769 -0.035315
v 0.682269 0.318741 -0.056933
v 0.721282 0.292263 -0.064382
v 0.759699 0.264927 -0.056933
v 0.793760 0.239411 -0.035315
v 0.820130 0.218210 -0.001644
v 0.836229 0.203401 0.040783
v 0.801750 0.262938 0.090093
v 0.797401 0.263782 0.115621
v 0.786821 0.269170 0.138650
v 0.771045 0.278574 0.156926
v 0.751619 0.291074 0.168659
v 0.730444 0.305446 0.172703
v 0.709592 0.320283 0.168659
v 0.691104 0.334133 0.156926
v 0.676791 0.345640 0.138650
v 0.668052 0.353678 0.115621
v 0.665745 0.357460 0.090093
v 0.670094 0.356616 0.064565
v 0.680674 0.351228 0.041536
v 0.696449 0.341824 0.023260
v 0.715875 0.329324 0.011526
v 0.737051 0.314953 0.007483
v 0.757903 0.300115 0.011526
v 0.776391 0.286265 0.023260
v 0.790704 0.274758 0.041536
v 0.799442 0.266720 0.064565
v 0.467488 -0.072915 0.057400
v 0.740752 0.320278 0.090953
v -0.777617 -0.179118 0.063691
v -0.776050 -0.096417 0.068387
v -0.706810 -0.048296 0.068387
v -0.639136 -0.082876 0.063691
v -0.630317 -0.158359 0.058995
v -0.699557 -0.206480 0.058995
v -0.756612 -0.170932 0.138828
v -0.756755 -0.099445 0.132477
v -0.699384 -0.058026 0.114356
v -0.641870 -0.088095 0.102587
v -0.633121 -0.153370 0.106220
v -0.690492 -0.194788 0.124341
v -0.716789 -0.148442 0.199598
v -0.719577 -0.096049 0.187508
v -0.681199 -0.067130 0.161174
v -0.640033 -0.090603 0.146930
v -0.631489 -0.138657 0.155070
v -0.669867 -0.167576 0.181404
v -0.680286 -0.127954 0.256808
v -0.687141 -0.077845 0.238344
v -0.655836 -0.052895 0.200924
v -0.617676 -0.078055 0.181969
v -0.606126 -0.124422 0.194821
v -0.637431 -0.149371 0.232240
v -0.641787 -0.106486 0.318788
v -0.657853 -0.043936 0.287482
v -0.628174 -0.018059 0.225960
v -0.582429 -0.054734 0.195745
v -0.561911 -0.113403 0.217824
v -0.591590 -0.139279 0.279346
v -0.586765 -0.072003 0.362803
v -0.614548 -0.005774 0.321501
v -0.596351 0.013699 0.241504
v -0.550370 -0.033056 0.202809
v -0.519858 -0.096364 0.232112
v -0.538055 -0.115838 0.312109
v -0.522283 -0.027395 0.365225
v -0.554921 0.024188 0.327479
v -0.554063 0.030990 0.254758
v -0.520566 -0.013791 0.219784
v -0.487800 -0.064354 0.246622
v -0.488658 -0.071156 0.319343
v -0.464128 0.015105 0.340803
v -0.495066 0.049276 0.312980
v -0.505645 0.046506 0.259286
v -0.485286 0.009565 0.233414
v -0.455935 -0.025021 0.253182
v -0.445356 -0.022251 0.306877
v -0.409640 0.054839 0.318951
v -0.446649 0.084582 0.293563
v -0.467786 0.074113 0.244102
v -0.451914 0.033900 0.220030
v -0.418076 0.002586 0.237999
v -0.396939 0.013056 0.287459
v -0.350884 0.097591 0.296487
v -0.407290 0.131842 0.268273
v -0.447768 0.108501 0.212129
v -0.431840 0.050909 0.184201
v -0.381505 0.013157 0.203993
v -0.341027 0.036498 0.260136
v -0.301884 0.135735 0.248552
v -0.373477 0.170018 0.224820
v -0.431470 0.133932 0.175379
v -0.417871 0.063564 0.149671
v -0.354978 0.023868 0.165987
v -0.296984 0.059954 0.215428
v -0.283036 0.155119 0.174913
v -0.348851 0.181392 0.163558
v -0.405692 0.144177 0.136734
v -0.396718 0.080689 0.121267
v -0.339429 0.048833 0.128598
v -0.282588 0.086048 0.155422
v -0.286917 0.158895 0.099049
v -0.337599 0.177045 0.098161
v -0.382516 0.146413 0.091310
v -0.376750 0.097632 0.085347
v -0.332805 0.074887 0.085207
v -0.287889 0.105518 0.092058
v -0.289745 0.162964 0.028334
v -0.340112 0.180661 0.035325
v -0.384480 0.149241 0.042176
v -0.378482 0.100124 0.042036
v -0.334770 0.077714 0.036072
v -0.290402 0.109134 0.029221
v -0.291932 0.167918 -0.047530
v -0.356513 0.192417 -0.028039
v -0.411208 0.152115 -0.001216
v -0.401323 0.087315 0.006116
v -0.344946 0.056771 -0.009352
v -0.290250 0.097073 -0.036175
v -0.316669 0.157010 -0.121170
v -0.385988 0.188020 -0.088045
v -0.440028 0.146245 -0.038604
v -0.424748 0.073458 -0.022288
v -0.363535 0.036181 -0.047997
v -0.309495 0.077957 -0.097437
v -0.369503 0.124381 -0.169104
v -0.423327 0.154917 -0.132754
v -0.459315 0.125115 -0.076611
v -0.441478 0.064777 -0.056818
v -0.393052 0.029771 -0.084747
v -0.357065 0.059573 -0.140890
v -0.430056 0.084214 -0.191568
v -0.464790 0.110685 -0.160076
v -0.481971 0.094524 -0.110616
v -0.464418 0.051892 -0.092647
v -0.432261 0.022997 -0.116720
v -0.415080 0.039158 -0.166180
v -0.486292 0.046996 -0.213420
v -0.514761 0.077613 -0.179494
v -0.521045 0.068664 -0.125799
v -0.498861 0.029097 -0.106031
v -0.471335 -0.002863 -0.131903
v -0.465050 0.006087 -0.185598
v -0.546399 0.007306 -0.237843
v -0.575693 0.054077 -0.191960
v -0.569019 0.052510 -0.119240
v -0.533051 0.004172 -0.092401
v -0.502756 -0.042834 -0.127376
v -0.509430 -0.041267 -0.200096
v -0.610688 -0.037581 -0.235420
v -0.634792 0.023355 -0.184726
v -0.610197 0.033622 -0.104729
v -0.561497 -0.017046 -0.075426
v -0.533704 -0.076442 -0.114121
v -0.558299 -0.086709 -0.194118
v -0.662189 -0.077129 -0.191406
v -0.675426 -0.018650 -0.151963
v -0.640827 0.000147 -0.090441
v -0.592991 -0.039537 -0.068363
v -0.574564 -0.095197 -0.098577
v -0.609163 -0.113993 -0.160099
v -0.695732 -0.105730 -0.129425
v -0.700866 -0.058096 -0.104857
v -0.666568 -0.037453 -0.067438
v -0.627136 -0.064443 -0.054587
v -0.616858 -0.108980 -0.073542
v -0.651155 -0.129623 -0.110961
v -0.727659 -0.132801 -0.072215
v -0.729236 -0.082152 -0.054022
v -0.688752 -0.056263 -0.027688
v -0.646691 -0.081023 -0.019547
v -0.639042 -0.127789 -0.033791
v -0.679526 -0.153678 -0.060125
v -0.762622 -0.162285 -0.011445
v -0.761931 -0.091997 0.003042
v -0.703111 -0.052664 0.021163
v -0.644981 -0.083619 0.024796
v -0.636848 -0.148007 0.013027
v -0.695669 -0.187341 -0.005094
v 0.777617 -0.179118 0.063691
v 0.776050 -0.096417 0.068387
v 0.706810 -0.048296 0.068387
v 0.639136 -0.082876 0.063691
v 0.630317 -0.158359 0.058995
v 0.699557 -0.206480 0.058995
v 0.756612 -0.170932 0.138828
v 0.756755 -0.099445 0.132477
v 0.699384 -0.058026 0.114356
v 0.641870 -0.088095 0.102587
v 0.633121 -0.153370 0.106220
v 0.690492 -0.194788 0.124341
v 0.716789 -0.148442 0.199598
v 0.719577 -0.096049 0.187508
v 0.681199 -0.067130 0.161174
v 0.640033 -0.090603 0.146930
v 0.631489 -0.138657 0.155070
v 0.669867 -0.167576 0.181404
v 0.680286 -0.127954 0.256808
v 0.687141 -0.077845 0.238344
v 0.655836 -0.052895 0.200924
v 0.617676 -0.078055 0.181969
v 0.606126 -0.124422 0.194821
v 0.637431 -0.149371 0.232240
v 0.641787 -0.106486 0.318788
v 0.657853 -0.043936 0.287482
v 0.628174 -0.018059 0.225960
v 0.582429 -0.054734 0.195745
v 0.561911 -0.113403 0.217824
v 0.591590 -0.139279 0.279346
v 0.586765 -0.072003 0.362803
v 0.614548 -0.005774 0.321501
v 0.596351 0.013699 0.241504
v 0.550370 -0.033056 0.202809
v 0.519858 -0.096364 0.232112
v 0.538055 -0.115838 0.312109
v 0.522283 -0.027395 0.365225
v 0.554921 0.024188 0.327479
v 0.554063 0.030990 0.254758
v 0.520566 -0.013791 0.219784
v 0.487800 -0.064354 0.246622
v 0.488658 -0.071156 0.319343
v 0.464128 0.015105 0.340803
v 0.495066 0.049276 0.312980
v 0.505645 0.046506 0.259286
v 0.485286 0.009565 0.233414
v 0.455935 -0.025021 0.253182
v 0.445356 -0.022251 0.306877
v 0.409640 0.054839 0.318951
v 0.446649 0.084582 0.293563
v 0.467786 0.074113 0.244102
v 0.451914 0.033900 0.220030
v 0.418076 0.002586 0.237999
v 0.396939 0.013056 0.287459
v 0.350884 0.097591 0.296487
v 0.407290 0.131842 0.268273
v 0.447768 0.108501 0.212129
v 0.431840 0.050909 0.184201
v 0.381505 0.013157 0.203993
v 0.341027 0.036498 0.260136
v 0.301884 0.135735 0.248552
v 0.373477 0.170018 0.224820
v 0.431470 0.133932 0.175379
v 0.417871 0.063564 0.149671
v 0.354978 0.023868 0.165987
v 0.296984 0.059954 0.215428
v 0.283036 0.155119 0.174913
v 0.348851 0.181392 0.163558
v 0.405692 0.144177 0.136734
v 0.396718 0.080689 0.121267
v 0.339429 0.048833 0.128598
v 0.282588 0.086048 0.155422
v 0.286917 0.158895 0.099049
v 0.337599 0.177045 0.098161
v 0.382516 0.146413 0.091310
v 0.376750 0.097632 0.085347
v 0.332805 0.074887 0.085207
v 0.287889 0.105518 0.092058
v 0.289745 0.162964 0.028334
v 0.340112 0.180661 0.035325
v 0.384480 0.149241 0.042176
v 0.378482 0.100124 0.042036
v 0.334770 0.077714 0.036072
v 0.290402 0.109134 0.029221
v 0.291932 0.167918 -0.047530
v 0.356513 0.192417 -0.028039
v 0.411208 0.152115 -0.001216
v 0.401323 0.087315 0.006116
v 0.344946 0.056771 -0.009352
v 0.290250 0.097073 -0.036175
v 0.316669 0.157010 -0.121170
v 0.385988 0.188020 -0.088045
v 0.440028 0.146245 -0.038604
v 0.424748 0.073458 -0.022288
v 0.363535 0.036181 -0.047997
v 0.309495 0.077957 -0.097437
v 0.369503 0.124381 -0.169104
v 0.423327 0.154917 -0.132754
v 0.459315 0.125115 -0.076611
v 0.441478 0.064777 -0.056818
v 0.393052 0.029771 -0.084747
v 0.357065 0.059573 -0.140890
v 0.430056 0.084214 -0.191568
v 0.464790 0.110685 -0.160076
v 0.481971 0.094524 -0.110616
v 0.464418 0.051892 -0.092647
v 0.432261 0.022997 -0.116720
v 0.415080 0.039158 -0.166180
v 0.486292 0.046996 -0.213420
v 0.514761 0.077613 -0.179494
v 0.521045 0.068664 -0.125799
v 0.498861 0.029097 -0.106031
v 0.471335 -0.002863 -0.131903
v 0.465050 0.006087 -0.185598
v 0.546399 0.007306 -0.237843
v 0.575693 0.054077 -0.191960
v 0.569019 0.052510 -0.119240
v 0.533051 0.004172 -0.092401
v 0.502756 -0.042834 -0.127376
v 0.509430 -0.041267 -0.200096
v 0.610688 -0.037581 -0.235420
v 0.634792 0.023355 -0.184726
v 0.610197 0.033622 -0.104729
v 0.561497 -0.017046 -0.075426
v 0.533704 -0.076442 -0.114121
v 0.558299 -0.086709 -0.194118
v 0.662189 -0.077129 -0.191406
v 0.675426 -0.018650 -0.151963
v 0.640827 0.000147 -0.090441
v 0.592991 -0.039537 -0.068363
v 0.574564 -0.095197 -0.098577
v 0.609163 -0.113993 -0.160099
v 0.695732 -0.105730 -0.129425
v 0.700866 -0.058096 -0.104857
v 0.666568 -0.037453 -0.067438
v 0.627136 -0.064443 -0.054587
v 0.616858 -0.108980 -0.073542
v 0.651155 -0.129623 -0.110961
v 0.727659 -0.132801 -0.072215
v 0.729236 -0.082152 -0.054022
v 0.688752 -0.056263 -0.027688
v 0.646691 -0.081023 -0.019547
v 0.639042 -0.127789 -0.033791
v 0.679526 -0.153678 -0.060125
v 0.762622 -0.162285 -0.011445
v 0.761931 -0.091997 0.003042
v 0.703111 -0.052664 0.021163
v 0.644981 -0.083619 0.024796
v 0.636848 -0.148007 0.013027
v 0.695669 -0.187341 -0.005094
v -0.050439 0.023681 -0.241718
v -0.066789 0.039879 -0.235155
v -0.105310 0.050602 -0.217358
v -0.143116 0.039879 -0.198085
v -0.158382 0.023681 -0.189292
v -0.142478 0.020816 -0.196773
v -0.104311 0.020689 -0.215299
v -0.066152 0.020816 -0.233843
v -0.149970 0.031807 -0.384694
v -0.162287 0.052477 -0.369722
v -0.194067 0.067826 -0.333227
v -0.227391 0.057068 -0.296467
v -0.242040 0.038299 -0.281096
v -0.228747 0.034136 -0.296235
v -0.196195 0.031843 -0.332863
v -0.163643 0.029545 -0.369490
v -0.302626 -0.039059 -0.492933
v -0.325635 -0.010759 -0.483912
v -0.362671 0.020971 -0.439352
v -0.385717 0.025054 -0.377576
v -0.387595 0.011589 -0.342550
v -0.373609 0.001123 -0.362675
v -0.343671 -0.016580 -0.415969
v -0.313527 -0.034690 -0.469011
v -0.389690 -0.168610 -0.521008
v -0.430539 -0.149543 -0.517016
v -0.491696 -0.124172 -0.471461
v -0.524548 -0.114412 -0.398766
v -0.522639 -0.118927 -0.353776
v -0.500211 -0.127835 -0.375430
v -0.453507 -0.145234 -0.434844
v -0.406202 -0.162965 -0.493681
v -0.393465 -0.256245 -0.535763
v -0.440323 -0.262473 -0.532777
v -0.512887 -0.277510 -0.487052
v -0.554804 -0.292547 -0.412223
v -0.555366 -0.298775 -0.365273
v -0.528471 -0.292547 -0.387216
v -0.471566 -0.277510 -0.447812
v -0.413989 -0.262473 -0.507770
v -0.377787 -0.345968 -0.544984
v -0.419662 -0.357375 -0.542401
v -0.488024 -0.380884 -0.501014
v -0.531651 -0.401348 -0.433068
v -0.536163 -0.408155 -0.390364
v -0.510398 -0.398731 -0.410247
v -0.454675 -0.376778 -0.465205
v -0.398410 -0.354759 -0.519580
v -0.375066 -0.447126 -0.535236
v -0.405633 -0.453488 -0.532044
v -0.458188 -0.465488 -0.500294
v -0.494695 -0.474949 -0.450376
v -0.501020 -0.477477 -0.419740
v -0.480907 -0.472768 -0.434766
v -0.436551 -0.462065 -0.475799
v -0.391844 -0.451307 -0.516434
v -0.432364 -0.524993 -0.486167
v -0.435409 -0.524998 -0.487797
v -0.438950 -0.525004 -0.487503
v -0.439612 -0.525006 -0.484012
v -0.438309 -0.525004 -0.480814
v -0.436201 -0.525001 -0.480223
v -0.433597 -0.524996 -0.481558
v -0.431997 -0.524993 -0.484008
v -0.091576 0.032949 -0.189078
v -0.436246 -0.541000 -0.484533
v -0.012862 0.023681 -0.246574
v -0.030023 0.039879 -0.242592
v -0.070817 0.050602 -0.230907
v -0.111130 0.039879 -0.217657
v -0.127564 0.023681 -0.211311
v -0.110702 0.020816 -0.216266
v -0.070146 0.020689 -0.228724
v -0.029595 0.020816 -0.241201
v -0.070436 0.035912 -0.388997
v -0.086084 0.056055 -0.376646
v -0.126385 0.070246 -0.349225
v -0.168594 0.058415 -0.323615
v -0.187123 0.039249 -0.313999
v -0.170269 0.035558 -0.325205
v -0.129014 0.034380 -0.351721
v -0.087760 0.033199 -0.378236
v -0.163240 -0.013378 -0.527065
v -0.189093 0.013625 -0.523304
v -0.240109 0.039924 -0.490596
v -0.282513 0.036838 -0.440035
v -0.295356 0.019451 -0.409304
v -0.275059 0.011403 -0.424581
v -0.228412 0.000012 -0.466347
v -0.181639 -0.011811 -0.507850
v -0.223712 -0.125584 -0.593184
v -0.263822 -0.105433 -0.598950
v -0.335794 -0.083585 -0.570631
v -0.388979 -0.081987 -0.510398
v -0.400710 -0.092426 -0.467954
v -0.372826 -0.099398 -0.482959
v -0.310448 -0.110906 -0.527573
v -0.247670 -0.122844 -0.571510
v -0.230461 -0.220860 -0.621397
v -0.276797 -0.221234 -0.631207
v -0.360228 -0.227142 -0.606983
v -0.422176 -0.236831 -0.546558
v -0.436058 -0.242917 -0.501684
v -0.403716 -0.240079 -0.515453
v -0.331262 -0.232240 -0.558174
v -0.258337 -0.224483 -0.600103
v -0.222517 -0.307666 -0.625128
v -0.264398 -0.316320 -0.632966
v -0.342689 -0.332655 -0.609677
v -0.403740 -0.345546 -0.554491
v -0.419577 -0.348998 -0.514147
v -0.388926 -0.342587 -0.527085
v -0.319444 -0.328012 -0.566672
v -0.249584 -0.313361 -0.605560
v -0.231519 -0.397057 -0.611311
v -0.262206 -0.402088 -0.615549
v -0.321471 -0.410529 -0.597371
v -0.369540 -0.416173 -0.557727
v -0.383312 -0.416976 -0.529538
v -0.359919 -0.413768 -0.539282
v -0.306374 -0.406757 -0.568428
v -0.252585 -0.399684 -0.597104
v -0.301906 -0.464995 -0.576324
v -0.304466 -0.464999 -0.578642
v -0.307973 -0.465004 -0.579214
v -0.309461 -0.465005 -0.575987
v -0.308970 -0.465002 -0.572568
v -0.307067 -0.464999 -0.571485
v -0.304218 -0.464996 -0.572150
v -0.302073 -0.464994 -0.574141
v -0.061579 0.032944 -0.200860
v -0.306075 -0.481000 -0.575673
v 0.025014 0.023680 -0.245619
v 0.007446 0.039879 -0.244315
v -0.034657 0.050602 -0.239022
v -0.076525 0.039879 -0.232110
v -0.093738 0.023680 -0.228359
v -0.076315 0.020816 -0.230671
v -0.034329 0.020689 -0.236763
v 0.007655 0.020816 -0.242875
v 0.004182 0.037790 -0.383221
v -0.014467 0.057594 -0.375275
v -0.061027 0.071067 -0.360171
v -0.108748 0.058594 -0.348148
v -0.129152 0.039204 -0.344857
v -0.109769 0.035804 -0.350855
v -0.062628 0.035306 -0.364418
v -0.015488 0.034804 -0.377982
v -0.028106 0.001576 -0.531575
v -0.055733 0.026621 -0.536172
v -0.117077 0.047298 -0.523002
v -0.174376 0.037911 -0.491493
v -0.195893 0.017542 -0.468390
v -0.170875 0.011889 -0.475621
v -0.111583 0.006465 -0.498095
v -0.052232 0.000599 -0.520300
v -0.050239 -0.103120 -0.620174
v -0.087769 -0.084208 -0.636967
v -0.166193 -0.067556 -0.631349
v -0.235413 -0.072820 -0.590853
v -0.259040 -0.087014 -0.554959
v -0.227500 -0.091663 -0.560864
v -0.153776 -0.097124 -0.584292
v -0.079856 -0.103051 -0.606979
v -0.051073 -0.205834 -0.658486
v -0.093004 -0.202566 -0.680270
v -0.180074 -0.203310 -0.679441
v -0.256447 -0.210577 -0.638247
v -0.282217 -0.217163 -0.599056
v -0.247255 -0.216182 -0.603564
v -0.165650 -0.212105 -0.625018
v -0.083812 -0.208171 -0.645587
v -0.049495 -0.297176 -0.661957
v -0.088449 -0.303110 -0.680335
v -0.171176 -0.312600 -0.678099
v -0.245353 -0.318436 -0.640650
v -0.271391 -0.318851 -0.605834
v -0.238007 -0.315297 -0.610393
v -0.159648 -0.307674 -0.630621
v -0.081103 -0.299971 -0.650078
v -0.068863 -0.378789 -0.650113
v -0.097704 -0.382519 -0.661912
v -0.159998 -0.387648 -0.659227
v -0.216750 -0.389852 -0.632988
v -0.237220 -0.389161 -0.609208
v -0.211988 -0.387338 -0.612751
v -0.152526 -0.383703 -0.627470
v -0.092942 -0.380004 -0.641674
v -0.147990 -0.439997 -0.633558
v -0.149888 -0.440001 -0.636444
v -0.153140 -0.440004 -0.637875
v -0.155388 -0.440003 -0.635123
v -0.155769 -0.440000 -0.631690
v -0.154198 -0.439998 -0.630166
v -0.151273 -0.439996 -0.630096
v -0.148698 -0.439995 -0.631486
v -0.030136 0.032942 -0.207914
v -0.152195 -0.456000 -0.633970
v 0.060000 0.023681 -0.239467
v 0.042426 0.039879 -0.240704
v 0.000000 0.050602 -0.241522
v -0.042426 0.039879 -0.240704
v -0.060000 0.023681 -0.239467
v -0.042426 0.020816 -0.239249
v -0.000000 0.020689 -0.239239
v 0.042426 0.020816 -0.239249
v 0.069375 0.038067 -0.371809
v 0.049056 0.057694 -0.369565
v 0.000000 0.070686 -0.368080
v -0.049056 0.057694 -0.369565
v -0.069375 0.038067 -0.371809
v -0.049056 0.034870 -0.372175
v -0.000000 0.034872 -0.372174
v 0.049056 0.034870 -0.372175
v 0.090000 0.006459 -0.516702
v 0.063640 0.028933 -0.531251
v 0.000000 0.043811 -0.540883
v -0.063640 0.028933 -0.531251
v -0.090000 0.006459 -0.516702
v -0.063640 0.003178 -0.514578
v -0.000000 0.003397 -0.514720
v 0.063640 0.003178 -0.514578
v 0.109670 -0.101711 -0.611512
v 0.077549 -0.085760 -0.639114
v 0.000000 -0.075200 -0.657386
v -0.077549 -0.085760 -0.639114
v -0.109670 -0.101711 -0.611512
v -0.077549 -0.103918 -0.607693
v -0.000000 -0.103694 -0.608082
v 0.077549 -0.103918 -0.607693
v 0.119465 -0.221265 -0.651849
v 0.084475 -0.217330 -0.683528
v 0.000000 -0.214725 -0.704499
v -0.084475 -0.217330 -0.683528
v -0.119465 -0.221265 -0.651849
v -0.084475 -0.221807 -0.647489
v -0.000000 -0.221749 -0.647948
v 0.084475 -0.221807 -0.647489
v 0.114954 -0.317743 -0.653883
v 0.081285 -0.320480 -0.681255
v 0.000000 -0.322292 -0.699375
v -0.081285 -0.320480 -0.681255
v -0.114954 -0.317743 -0.653883
v -0.081285 -0.317367 -0.650117
v -0.000000 -0.317406 -0.650514
v 0.081285 -0.317367 -0.650117
v 0.086782 -0.395028 -0.647990
v 0.061364 -0.397208 -0.666269
v 0.000000 -0.398652 -0.678370
v -0.061364 -0.397208 -0.666269
v -0.086782 -0.395028 -0.647990
v -0.061364 -0.394728 -0.645475
v -0.000000 -0.394759 -0.645740
v 0.061364 -0.394728 -0.645475
v 0.004000 -0.451998 -0.650600
v 0.002828 -0.452002 -0.653849
v 0.000000 -0.452004 -0.656000
v -0.002828 -0.452002 -0.653849
v -0.004000 -0.451998 -0.650600
v -0.002828 -0.451996 -0.648751
v -0.000000 -0.451996 -0.648000
v 0.002828 -0.451996 -0.648751
v 0.000000 0.032943 -0.210087
v 0.000000 -0.468000 -0.651983
v 0.093738 0.023680 -0.228359
v 0.076525 0.039879 -0.232110
v 0.034657 0.050602 -0.239022
v -0.007446 0.039879 -0.244315
v -0.025014 0.023680 -0.245619
v -0.007655 0.020816 -0.242875
v 0.034329 0.020689 -0.236763
v 0.076315 0.020816 -0.230671
v 0.129152 0.039204 -0.344857
v 0.108748 0.058594 -0.348148
v 0.061027 0.071067 -0.360171
v 0.014467 0.057594 -0.375275
v -0.004182 0.037790 -0.383221
v 0.015488 0.034804 -0.377982
v 0.062628 0.035306 -0.364418
v 0.109769 0.035804 -0.350855
v 0.195893 0.017542 -0.468390
v 0.174376 0.037911 -0.491493
v 0.117077 0.047298 -0.523002
v 0.055733 0.026621 -0.536172
v 0.028106 0.001576 -0.531575
v 0.052232 0.000599 -0.520300
v 0.111583 0.006465 -0.498095
v 0.170875 0.011889 -0.475621
v 0.259040 -0.087014 -0.554959
v 0.235413 -0.072820 -0.590853
v 0.166193 -0.067556 -0.631349
v 0.087769 -0.084208 -0.636967
v 0.050239 -0.103120 -0.620174
v 0.079856 -0.103051 -0.606979
v 0.153776 -0.097124 -0.584292
v 0.227500 -0.091663 -0.560864
v 0.282217 -0.217163 -0.599056
v 0.256447 -0.210577 -0.638247
v 0.180074 -0.203310 -0.679441
v 0.093004 -0.202566 -0.680270
v 0.051073 -0.205834 -0.658486
v 0.083812 -0.208171 -0.645587
v 0.165650 -0.212105 -0.625018
v 0.247255 -0.216182 -0.603564
v 0.271391 -0.318851 -0.605834
v 0.245353 -0.318436 -0.640650
v 0.171176 -0.312600 -0.678099
v 0.088449 -0.303110 -0.680335
v 0.049495 -0.297176 -0.661957
v 0.081103 -0.299971 -0.650078
v 0.159648 -0.307674 -0.630621
v 0.238007 -0.315297 -0.610393
v 0.237220 -0.389161 -0.609208
v 0.216750 -0.389852 -0.632988
v 0.159998 -0.387648 -0.659227
v 0.097704 -0.382519 -0.661912
v 0.068863 -0.378789 -0.650113
v 0.092942 -0.380004 -0.641674
v 0.152526 -0.383703 -0.627470
v 0.211988 -0.387338 -0.612751
v 0.155769 -0.440000 -0.631690
v 0.155388 -0.440003 -0.635123
v 0.153140 -0.440004 -0.637875
v 0.149888 -0.440001 -0.636444
v 0.147990 -0.439997 -0.633558
v 0.148698 -0.439995 -0.631486
v 0.151273 -0.439996 -0.630096
v 0.154198 -0.439998 -0.630166
v 0.030136 0.032942 -0.207914
v 0.152195 -0.456000 -0.633970
v 0.127564 0.023681 -0.211311
v 0.111130 0.039879 -0.217657
v 0.070817 0.050602 -0.230907
v 0.030023 0.039879 -0.242592
v 0.012862 0.023681 -0.246574
v 0.029595 0.020816 -0.241201
v 0.070146 0.020689 -0.228724
v 0.110702 0.020816 -0.216266
v 0.187123 0.039249 -0.313999
v 0.168594 0.058415 -0.323615
v 0.126385 0.070246 -0.349225
v 0.086084 0.056055 -0.376646
v 0.070436 0.035912 -0.388997
v 0.087760 0.033199 -0.378236
v 0.129014 0.034380 -0.351721
v 0.170269 0.035558 -0.325205
v 0.295356 0.019451 -0.409304
v 0.282513 0.036838 -0.440035
v 0.240109 0.039924 -0.490596
v 0.189093 0.013625 -0.523304
v 0.163240 -0.013378 -0.527065
v 0.181639 -0.011811 -0.507850
v 0.228412 0.000012 -0.466347
v 0.275059 0.011403 -0.424581
v 0.400710 -0.092426 -0.467954
v 0.388979 -0.081987 -0.510398
v 0.335794 -0.083585 -0.570631
v 0.263822 -0.105433 -0.598950
v 0.223712 -0.125584 -0.593184
v 0.247670 -0.122844 -0.571510
v 0.310448 -0.110906 -0.527573
v 0.372826 -0.099398 -0.482959
v 0.436058 -0.242917 -0.501684
v 0.422176 -0.236831 -0.546558
v 0.360228 -0.227142 -0.606983
v 0.276797 -0.221234 -0.631207
v 0.230461 -0.220860 -0.621397
v 0.258337 -0.224483 -0.600103
v 0.331262 -0.232240 -0.558174
v 0.403716 -0.240079 -0.515453
v 0.419577 -0.348998 -0.514147
v 0.403740 -0.345546 -0.554491
v 0.342689 -0.332655 -0.609677
v 0.264398 -0.316320 -0.632966
v 0.222517 -0.307666 -0.625128
v 0.249584 -0.313361 -0.605560
v 0.319444 -0.328012 -0.566672
v 0.388926 -0.342587 -0.527085
v 0.383312 -0.416976 -0.529538
v 0.369540 -0.416173 -0.557727
v 0.321471 -0.410529 -0.597371
v 0.262206 -0.402088 -0.615549
v 0.231519 -0.397057 -0.611311
v 0.252585 -0.399684 -0.597104
v 0.306374 -0.406757 -0.568428
v 0.359919 -0.413768 -0.539282
v 0.308970 -0.465002 -0.572568
v 0.309461 -0.465005 -0.575987
v 0.307973 -0.465004 -0.579214
v 0.304466 -0.464999 -0.578642
v 0.301906 -0.464995 -0.576324
v 0.302073 -0.464994 -0.574141
v 0.304218 -0.464996 -0.572150
v 0.307067 -0.464999 -0.571485
v 0.061579 0.032944 -0.200860
v 0.306075 -0.481000 -0.575673
v 0.158382 0.023681 -0.189292
v 0.143116 0.039879 -0.198085
v 0.105310 0.050602 -0.217358
v 0.066789 0.039879 -0.235155
v 0.050439 0.023681 -0.241718
v 0.066152 0.020816 -0.233843
v 0.104311 0.020689 -0.215299
v 0.142478 0.020816 -0.196773
v 0.242040 0.038299 -0.281096
v 0.227391 0.057068 -0.296467
v 0.194067 0.067826 -0.333227
v 0.162287 0.052477 -0.369722
v 0.149970 0.031807 -0.384694
v 0.163643 0.029545 -0.369490
v 0.196195 0.031843 -0.332863
v 0.228747 0.034136 -0.296235
v 0.387595 0.011589 -0.342550
v 0.385717 0.025054 -0.377576
v 0.362671 0.020971 -0.439352
v 0.325635 -0.010759 -0.483912
v 0.302626 -0.039059 -0.492933
v 0.313527 -0.034690 -0.469011
v 0.343671 -0.016580 -0.415969
v 0.373609 0.001123 -0.362675
v 0.522639 -0.118927 -0.353776
v 0.524548 -0.114412 -0.398766
v 0.491696 -0.124172 -0.471461
v 0.430539 -0.149543 -0.517016
v 0.389690 -0.168610 -0.521008
v 0.406202 -0.162965 -0.493681
v 0.453507 -0.145234 -0.434844
v 0.500211 -0.127835 -0.375430
v 0.555366 -0.298775 -0.365273
v 0.554804 -0.292547 -0.412223
v 0.512887 -0.277510 -0.487052
v 0.440323 -0.262473 -0.532777
v 0.393465 -0.256245 -0.535763
v 0.413989 -0.262473 -0.507770
v 0.471566 -0.277510 -0.447812
v 0.528471 -0.292547 -0.387216
v 0.536163 -0.408155 -0.390364
v 0.531651 -0.401348 -0.433068
v 0.488024 -0.380884 -0.501014
v 0.419662 -0.357375 -0.542401
v 0.377787 -0.345968 -0.544984
v 0.398410 -0.354759 -0.519580
v 0.454675 -0.376778 -0.465205
v 0.510398 -0.398731 -0.410247
v 0.501020 -0.477477 -0.419740
v 0.494695 -0.474949 -0.450376
v 0.458188 -0.465488 -0.500294
v 0.405633 -0.453488 -0.532044
v 0.375066 -0.447126 -0.535236
v 0.391844 -0.451307 -0.516434
v 0.436551 -0.462065 -0.475799
v 0.480907 -0.472768 -0.434766
v 0.438309 -0.525004 -0.480814
v 0.439612 -0.525006 -0.484012
v 0.438950 -0.525004 -0.487503
v 0.435409 -0.524998 -0.487797
v 0.432364 -0.524993 -0.486167
v 0.431997 -0.524993 -0.484008
v 0.433597 -0.524996 -0.481558
v 0.436201 -0.525001 -0.480223
v 0.091576 0.032949 -0.189078
v 0.436246 -0.541000 -0.484533
v -0.346837 0.005703 -0.209153
v -0.357197 0.021216 -0.197736
v -0.374493 0.031486 -0.166735
v -0.385958 0.021216 -0.133138
v -0.387510 0.005703 -0.117799
v -0.380429 0.001742 -0.130677
v -0.365818 0.000928 -0.162873
v -0.351669 0.001742 -0.195274
v -0.462617 -0.058292 -0.276170
v -0.481720 -0.040106 -0.264114
v -0.507753 -0.028067 -0.226066
v -0.518609 -0.040106 -0.181261
v -0.514786 -0.058292 -0.158998
v -0.504457 -0.062557 -0.174960
v -0.485547 -0.063296 -0.216179
v -0.467569 -0.062557 -0.257814
v -0.540087 -0.174377 -0.339583
v -0.575549 -0.164487 -0.327084
v -0.618122 -0.160135 -0.277874
v -0.628175 -0.170533 -0.214283
v -0.614512 -0.182927 -0.180058
v -0.598193 -0.184133 -0.201023
v -0.571074 -0.181476 -0.257068
v -0.545566 -0.178087 -0.313825
v -0.545531 -0.313443 -0.365204
v -0.583513 -0.317333 -0.352492
v -0.629626 -0.326724 -0.300077
v -0.641297 -0.336115 -0.231247
v -0.627250 -0.340004 -0.193738
v -0.609549 -0.336115 -0.216116
v -0.579807 -0.326724 -0.276333
v -0.551764 -0.317333 -0.337360
v -0.538154 -0.449711 -0.382406
v -0.574465 -0.452979 -0.370692
v -0.620166 -0.463354 -0.321148
v -0.634161 -0.475608 -0.255536
v -0.622577 -0.481714 -0.219551
v -0.604935 -0.477340 -0.240726
v -0.574305 -0.466071 -0.297908
v -0.545239 -0.454710 -0.355882
v -0.537017 -0.579876 -0.399033
v -0.569589 -0.582598 -0.388571
v -0.612456 -0.591768 -0.343722
v -0.628296 -0.602902 -0.284072
v -0.620041 -0.608590 -0.251249
v -0.603383 -0.604712 -0.270427
v -0.573363 -0.594608 -0.322312
v -0.544676 -0.584408 -0.374926
v -0.536758 -0.688675 -0.409824
v -0.562855 -0.695219 -0.401724
v -0.598765 -0.711713 -0.365884
v -0.614204 -0.728734 -0.317737
v -0.609376 -0.736073 -0.291048
v -0.595334 -0.729219 -0.306394
v -0.569155 -0.712474 -0.348084
v -0.543985 -0.695704 -0.390381
v -0.523098 -0.792992 -0.423283
v -0.540910 -0.799319 -0.417434
v -0.567916 -0.812508 -0.391456
v -0.582835 -0.824122 -0.356517
v -0.582388 -0.828070 -0.337133
v -0.571693 -0.822670 -0.348258
v -0.550433 -0.810230 -0.378495
v -0.529768 -0.797867 -0.409174
v -0.536940 -0.899987 -0.395054
v -0.540257 -0.899995 -0.396016
v -0.543659 -0.900006 -0.394992
v -0.543582 -0.900011 -0.391439
v -0.541642 -0.900009 -0.388582
v -0.539457 -0.900002 -0.388443
v -0.537187 -0.899994 -0.390289
v -0.536132 -0.899987 -0.393019
v -0.342899 0.021290 -0.152669
v -0.540351 -0.925000 -0.392671
v 0.387510 0.005703 -0.117799
v 0.385958 0.021216 -0.133138
v 0.374493 0.031486 -0.166735
v 0.357197 0.021216 -0.197736
v 0.346837 0.005703 -0.209153
v 0.351669 0.001742 -0.195274
v 0.365818 0.000928 -0.162873
v 0.380429 0.001742 -0.130677
v 0.514786 -0.058292 -0.158998
v 0.518609 -0.040106 -0.181261
v 0.507753 -0.028067 -0.226066
v 0.481720 -0.040106 -0.264114
v 0.462617 -0.058292 -0.276170
v 0.467569 -0.062557 -0.257814
v 0.485547 -0.063296 -0.216179
v 0.504457 -0.062557 -0.174960
v 0.614512 -0.182927 -0.180058
v 0.628175 -0.170533 -0.214283
v 0.618122 -0.160135 -0.277874
v 0.575549 -0.164487 -0.327084
v 0.540087 -0.174377 -0.339583
v 0.545566 -0.178087 -0.313825
v 0.571074 -0.181476 -0.257068
v 0.598193 -0.184133 -0.201023
v 0.627250 -0.340004 -0.193738
v 0.641297 -0.336115 -0.231247
v 0.629626 -0.326724 -0.300077
v 0.583513 -0.317333 -0.352492
v 0.545531 -0.313443 -0.365204
v 0.551764 -0.317333 -0.337360
v 0.579807 -0.326724 -0.276333
v 0.609549 -0.336115 -0.216116
v 0.622577 -0.481714 -0.219551
v 0.634161 -0.475608 -0.255536
v 0.620166 -0.463354 -0.321148
v 0.574465 -0.452979 -0.370692
v 0.538154 -0.449711 -0.382406
v 0.545239 -0.454710 -0.355882
v 0.574305 -0.466071 -0.297908
v 0.604935 -0.477340 -0.240726
v 0.620041 -0.608590 -0.251249
v 0.628296 -0.602902 -0.284072
v 0.612456 -0.591768 -0.343722
v 0.569589 -0.582598 -0.388571
v 0.537017 -0.579876 -0.399033
v 0.544676 -0.584408 -0.374926
v 0.573363 -0.594608 -0.322312
v 0.603383 -0.604712 -0.270427
v 0.609376 -0.736073 -0.291048
v 0.614204 -0.728734 -0.317737
v 0.598765 -0.711713 -0.365884
v 0.562855 -0.695219 -0.401724
v 0.536758 -0.688675 -0.409824
v 0.543985 -0.695704 -0.390381
v 0.569155 -0.712474 -0.348084
v 0.595334 -0.729219 -0.306394
v 0.582388 -0.828070 -0.337133
v 0.582835 -0.824122 -0.356517
v 0.567916 -0.812508 -0.391456
v 0.540910 -0.799319 -0.417434
v 0.523098 -0.792992 -0.423283
v 0.529768 -0.797867 -0.409174
v 0.550433 -0.810230 -0.378495
v 0.571693 -0.822670 -0.348258
v 0.541642 -0.900009 -0.388582
v 0.543582 -0.900011 -0.391439
v 0.543659 -0.900006 -0.394992
v 0.540257 -0.899995 -0.396016
v 0.536940 -0.899987 -0.395054
v 0.536132 -0.899987 -0.393019
v 0.537187 -0.899994 -0.390289
v 0.539457 -0.900002 -0.388443
v 0.342899 0.021290 -0.152669
v 0.540351 -0.925000 -0.392671
v -0.102798 0.014410 0.130991
v -0.080075 0.044441 0.141580
v -0.033307 0.044441 0.159264
v -0.009262 0.014410 0.166359
v -0.032724 0.017950 0.157723
v -0.079492 0.017950 0.140039
v -0.204954 0.015730 0.224792
v -0.177469 0.050548 0.255261
v -0.127024 0.050548 0.319738
v -0.104063 0.015730 0.353746
v -0.128965 0.020671 0.321256
v -0.179410 0.020671 0.256780
v -0.340991 0.028485 0.235642
v -0.328832 0.051652 0.309730
v -0.287015 0.019526 0.431111
v -0.257356 -0.035767 0.478404
v -0.279735 -0.013110 0.419966
v -0.321553 0.019016 0.298585
v -0.487911 -0.001917 0.209152
v -0.493377 -0.010038 0.309613
v -0.448173 -0.088525 0.461742
v -0.397504 -0.158891 0.513410
v -0.425260 -0.113932 0.441825
v -0.470464 -0.035445 0.289696
v -0.634762 -0.162910 0.159415
v -0.628680 -0.178071 0.272442
v -0.531944 -0.229242 0.444859
v -0.441291 -0.265254 0.504248
v -0.497660 -0.237695 0.423115
v -0.594396 -0.186523 0.250698
v -0.659730 -0.424330 0.173024
v -0.650515 -0.400738 0.282042
v -0.547356 -0.364242 0.450512
v -0.453414 -0.351338 0.509965
v -0.513009 -0.368575 0.430419
v -0.616167 -0.405071 0.261949
v -0.634702 -0.640050 0.273481
v -0.620524 -0.600673 0.363385
v -0.523404 -0.524205 0.493028
v -0.440462 -0.487114 0.532767
v -0.495528 -0.525132 0.472692
v -0.592648 -0.601600 0.343049
v -0.575360 -0.769765 0.364804
v -0.553309 -0.752430 0.430616
v -0.469205 -0.709456 0.521125
v -0.407151 -0.683819 0.545822
v -0.452988 -0.706091 0.504458
v -0.537092 -0.749064 0.413949
v -0.475459 -0.860002 0.469802
v -0.478300 -0.860008 0.475471
v -0.475471 -0.860000 0.478300
v -0.469802 -0.859986 0.475459
v -0.470779 -0.859989 0.473608
v -0.473608 -0.859997 0.470779
v -0.045836 0.034238 0.121713
v -0.475129 -0.878000 0.475181
v -0.076234 0.016169 0.115462
v -0.052150 0.046214 0.122361
v -0.003293 0.046214 0.132992
v 0.021480 0.016169 0.136723
v -0.002989 0.019710 0.131595
v -0.051846 0.019710 0.120964
v -0.166967 0.015750 0.272378
v -0.129275 0.050617 0.290947
v -0.056029 0.050617 0.331909
v -0.020475 0.015750 0.354302
v -0.056947 0.020698 0.333550
v -0.130192 0.020698 0.292588
v -0.298552 0.006943 0.357450
v -0.253810 0.032927 0.419540
v -0.150943 0.009276 0.507900
v -0.092818 -0.040358 0.534171
v -0.145376 -0.022177 0.493001
v -0.248243 0.001473 0.404641
v -0.435989 -0.066851 0.403856
v -0.388098 -0.069290 0.496760
v -0.252288 -0.124529 0.609988
v -0.164370 -0.177330 0.630313
v -0.235950 -0.145087 0.580363
v -0.371760 -0.089847 0.467134
v -0.534978 -0.251084 0.403314
v -0.476673 -0.266194 0.505563
v -0.302769 -0.301488 0.625472
v -0.187169 -0.321671 0.643131
v -0.279542 -0.303545 0.591180
v -0.453446 -0.268251 0.471272
v -0.543750 -0.504580 0.417719
v -0.485931 -0.489345 0.517516
v -0.313573 -0.468188 0.636823
v -0.199035 -0.462265 0.656334
v -0.290580 -0.471963 0.604276
v -0.462938 -0.493120 0.484968
v -0.503931 -0.737980 0.480192
v -0.448490 -0.713408 0.563610
v -0.292965 -0.666493 0.657974
v -0.192880 -0.644149 0.668920
v -0.274867 -0.667396 0.628594
v -0.430392 -0.714311 0.534231
v -0.427812 -0.909497 0.532770
v -0.380503 -0.900518 0.589573
v -0.260787 -0.874907 0.651497
v -0.188381 -0.858276 0.656617
v -0.250613 -0.871805 0.630545
v -0.370329 -0.897416 0.568621
v -0.296602 -1.039999 0.599000
v -0.297443 -1.040006 0.605286
v -0.293848 -1.040001 0.607039
v -0.289412 -1.039991 0.602507
v -0.290939 -1.039992 0.601075
v -0.294534 -1.039996 0.599322
v -0.021214 0.035758 0.097769
v -0.294556 -1.058000 0.603976
v -0.058500 0.017189 0.104829
v -0.033693 0.047244 0.108239
v 0.016149 0.047244 0.112212
v 0.041184 0.017189 0.112775
v 0.016249 0.020732 0.110956
v -0.033593 0.020732 0.106983
v -0.115046 0.016232 0.304093
v -0.074455 0.051117 0.309704
v 0.006034 0.051117 0.324652
v 0.045933 0.016232 0.333989
v 0.005737 0.021183 0.326251
v -0.074752 0.021183 0.311303
v -0.202837 -0.011168 0.451786
v -0.141663 0.021957 0.488311
v -0.014007 0.013294 0.522118
v 0.052476 -0.028494 0.519399
v -0.011799 -0.017867 0.505794
v -0.139455 -0.009204 0.471987
v -0.288015 -0.117113 0.550631
v -0.210745 -0.104334 0.614306
v -0.040256 -0.124470 0.657606
v 0.052963 -0.157384 0.637232
v -0.033746 -0.143121 0.623299
v -0.204235 -0.122985 0.579999
v -0.340196 -0.300503 0.574453
v -0.252033 -0.303982 0.646959
v -0.053262 -0.315790 0.692288
v 0.057345 -0.324119 0.665111
v -0.044163 -0.317756 0.651877
v -0.242934 -0.305948 0.606548
v -0.340920 -0.531663 0.591881
v -0.254209 -0.523077 0.662122
v -0.058534 -0.514674 0.706804
v 0.050430 -0.514857 0.681245
v -0.049513 -0.518229 0.667968
v -0.245188 -0.526632 0.623286
v -0.306602 -0.765107 0.623854
v -0.227760 -0.754484 0.683060
v -0.053120 -0.735431 0.718058
v 0.042678 -0.727001 0.693850
v -0.046247 -0.736320 0.684243
v -0.220886 -0.755373 0.649245
v -0.240449 -0.963252 0.638591
v -0.180665 -0.961793 0.677856
v -0.052083 -0.951515 0.699604
v 0.016716 -0.942695 0.682088
v -0.048428 -0.948531 0.676586
v -0.177010 -0.958809 0.654837
v -0.108512 -1.119997 0.659545
v -0.107478 -1.120004 0.665802
v -0.103527 -1.120002 0.666427
v -0.100610 -1.119993 0.660797
v -0.102489 -1.119994 0.659874
v -0.106440 -1.119995 0.659248
v -0.006345 0.036593 0.079782
v -0.105112 -1.138000 0.663705
v -0.041184 0.017189 0.112775
v -0.016149 0.047244 0.112212
v 0.033693 0.047244 0.108239
v 0.058500 0.017189 0.104829
v 0.033593 0.020732 0.106983
v -0.016249 0.020732 0.110956
v -0.046221 0.016464 0.331270
v -0.006337 0.051346 0.321858
v 0.074147 0.051346 0.306882
v 0.114747 0.016464 0.301318
v 0.074454 0.021414 0.308533
v -0.006030 0.021414 0.323509
v -0.053124 -0.025139 0.515155
v 0.013226 0.016904 0.517049
v 0.140847 0.025320 0.483044
v 0.202117 -0.008308 0.447146
v 0.138734 -0.006156 0.467325
v 0.011113 -0.014571 0.501329
v -0.053477 -0.150185 0.634501
v 0.039541 -0.116156 0.653944
v 0.209890 -0.096135 0.610047
v 0.287222 -0.110144 0.546708
v 0.203488 -0.115744 0.576257
v 0.033138 -0.135764 0.620154
v -0.057334 -0.315098 0.665109
v 0.053265 -0.306656 0.692286
v 0.252026 -0.294689 0.646959
v 0.340189 -0.291164 0.574455
v 0.242931 -0.296682 0.606550
v 0.044170 -0.308649 0.651876
v -0.050427 -0.502779 0.681248
v 0.058538 -0.502594 0.706801
v 0.254208 -0.511110 0.662120
v 0.340913 -0.519811 0.591886
v 0.245184 -0.514713 0.623289
v 0.049514 -0.506196 0.667970
v -0.042652 -0.711755 0.693845
v 0.053135 -0.720298 0.718055
v 0.227748 -0.739606 0.683062
v 0.306574 -0.750370 0.623860
v 0.220872 -0.740506 0.649248
v 0.046259 -0.721199 0.684240
v -0.016700 -0.924728 0.682089
v 0.052085 -0.933665 0.699601
v 0.180656 -0.944082 0.677854
v 0.240443 -0.945561 0.638595
v 0.177009 -0.941058 0.654840
v 0.048437 -0.930642 0.676587
v 0.100610 -1.099993 0.660797
v 0.103527 -1.100002 0.666427
v 0.107478 -1.100004 0.665802
v 0.108512 -1.099997 0.659545
v 0.106440 -1.099995 0.659248
v 0.102489 -1.099994 0.659874
v 0.006345 0.036593 0.079782
v 0.105112 -1.118000 0.663705
v -0.021480 0.016169 0.136724
v 0.003293 0.046214 0.132992
v 0.052150 0.046214 0.122361
v 0.076234 0.016169 0.115462
v 0.051846 0.019710 0.120964
v 0.002989 0.019710 0.131595
v 0.019748 0.015982 0.351744
v 0.055240 0.050845 0.329247
v 0.128435 0.050845 0.288195
v 0.166138 0.015982 0.269639
v 0.129383 0.020930 0.289886
v 0.056188 0.020930 0.330938
v 0.091273 -0.036630 0.530499
v 0.148952 0.013022 0.503298
v 0.251546 0.035973 0.414437
v 0.296461 0.009271 0.352778
v 0.246237 0.004213 0.400104
v 0.143643 -0.018738 0.488965
v 0.163417 -0.169925 0.628396
v 0.250548 -0.116325 0.606811
v 0.385380 -0.061544 0.492199
v 0.433081 -0.060363 0.399172
v 0.369285 -0.082941 0.463038
v 0.234453 -0.137721 0.577650
v 0.187244 -0.312990 0.643080
v 0.302799 -0.292523 0.625450
v 0.476634 -0.256731 0.505589
v 0.534915 -0.241407 0.403359
v 0.453416 -0.258816 0.471293
v 0.279581 -0.294608 0.591154
v 0.199056 -0.450001 0.656324
v 0.313589 -0.456009 0.636809
v 0.485921 -0.477471 0.517519
v 0.543720 -0.492923 0.417744
v 0.462922 -0.481299 0.484983
v 0.290590 -0.459838 0.604272
v 0.193018 -0.628520 0.668837
v 0.293038 -0.651169 0.657929
v 0.448422 -0.698721 0.563651
v 0.503786 -0.723626 0.480281
v 0.430319 -0.699636 0.534275
v 0.274935 -0.652083 0.628553
v 0.188455 -0.840087 0.656583
v 0.260809 -0.856948 0.651482
v 0.380464 -0.882917 0.589590
v 0.427764 -0.892025 0.532800
v 0.370307 -0.879774 0.568636
v 0.250652 -0.853805 0.630528
v 0.289412 -1.019990 0.602507
v 0.293848 -1.020001 0.607039
v 0.297443 -1.020006 0.605286
v 0.296602 -1.019999 0.599000
v 0.294534 -1.019996 0.599322
v 0.290939 -1.019992 0.601075
v 0.021214 0.035758 0.097769
v 0.294556 -1.038000 0.603976
v 0.009262 0.014410 0.166359
v 0.033307 0.044441 0.159264
v 0.080075 0.044441 0.141580
v 0.102798 0.014410 0.130991
v 0.079492 0.017950 0.140039
v 0.032724 0.017950 0.157723
v 0.104063 0.015730 0.353746
v 0.127024 0.050548 0.319738
v 0.177469 0.050548 0.255261
v 0.204954 0.015730 0.224792
v 0.179410 0.020671 0.256780
v 0.128965 0.020671 0.321256
v 0.257356 -0.035767 0.478404
v 0.287015 0.019526 0.431111
v 0.328832 0.051652 0.309730
v 0.340991 0.028485 0.235642
v 0.321553 0.019016 0.298585
v 0.279735 -0.013110 0.419966
v 0.397504 -0.158891 0.513410
v 0.448173 -0.088525 0.461742
v 0.493377 -0.010038 0.309613
v 0.487911 -0.001917 0.209152
v 0.470464 -0.035445 0.289696
v 0.425260 -0.113932 0.441825
v 0.441291 -0.265254 0.504248
v 0.531944 -0.229242 0.444859
v 0.628680 -0.178071 0.272442
v 0.634762 -0.162910 0.159415
v 0.594396 -0.186523 0.250698
v 0.497660 -0.237695 0.423115
v 0.453414 -0.351338 0.509965
v 0.547356 -0.364242 0.450512
v 0.650515 -0.400738 0.282042
v 0.659730 -0.424330 0.173024
v 0.616167 -0.405071 0.261949
v 0.513009 -0.368575 0.430419
v 0.440462 -0.487114 0.532767
v 0.523404 -0.524205 0.493028
v 0.620524 -0.600673 0.363385
v 0.634702 -0.640050 0.273481
v 0.592648 -0.601600 0.343049
v 0.495528 -0.525132 0.472692
v 0.407151 -0.683819 0.545822
v 0.469205 -0.709456 0.521125
v 0.553309 -0.752430 0.430616
v 0.575360 -0.769765 0.364804
v 0.537092 -0.749064 0.413949
v 0.452988 -0.706091 0.504458
v 0.469802 -0.859986 0.475459
v 0.475471 -0.860000 0.478300
v 0.478300 -0.860008 0.475471
v 0.475459 -0.860002 0.469802
v 0.473608 -0.859997 0.470779
v 0.470779 -0.859989 0.473608
v 0.045836 0.034238 0.121713
v 0.475129 -0.878000 0.475181
v -0.534227 -0.111055 -0.068686
v -0.559415 -0.093353 -0.044550
v -0.561160 -0.093353 0.005419
v -0.537717 -0.111055 0.031253
v -0.539711 -0.108969 0.006168
v -0.537966 -0.108969 -0.043801
v -0.605579 -0.218511 -0.103171
v -0.641180 -0.200018 -0.063402
v -0.644041 -0.200018 0.018521
v -0.611301 -0.218511 0.060676
v -0.615236 -0.215607 0.019527
v -0.612375 -0.215607 -0.062396
v -0.628954 -0.335001 -0.150746
v -0.681598 -0.334925 -0.088193
v -0.686090 -0.334925 0.040432
v -0.637938 -0.335001 0.106505
v -0.645155 -0.334987 0.041862
v -0.640663 -0.334987 -0.086764
v -0.645305 -0.440099 -0.156614
v -0.696393 -0.434824 -0.091171
v -0.701174 -0.445561 0.041503
v -0.654867 -0.461573 0.108733
v -0.661691 -0.454191 0.042227
v -0.656910 -0.443454 -0.090446
v -0.661790 -0.506828 -0.159819
v -0.708737 -0.522051 -0.105070
v -0.716502 -0.558975 0.008221
v -0.677321 -0.580675 0.066763
v -0.681587 -0.561601 0.009759
v -0.673821 -0.524677 -0.103532
v -0.658542 -0.599674 -0.156415
v -0.691814 -0.619207 -0.118621
v -0.701048 -0.641510 -0.032543
v -0.677010 -0.644280 0.015743
v -0.677815 -0.634714 -0.028289
v -0.668581 -0.612411 -0.114368
v -0.662930 -0.699983 -0.085428
v -0.669147 -0.700005 -0.084176
v -0.669635 -0.700011 -0.080206
v -0.663905 -0.699994 -0.077487
v -0.663048 -0.699989 -0.079397
v -0.662561 -0.699984 -0.083367
v -0.532880 -0.076206 -0.018609
v -0.666931 -0.718000 -0.081915
v 0.537717 -0.111055 0.031253
v 0.561160 -0.093353 0.005419
v 0.559415 -0.093353 -0.044550
v 0.534227 -0.111055 -0.068686
v 0.537966 -0.108969 -0.043801
v 0.539711 -0.108969 0.006168
v 0.611301 -0.218511 0.060676
v 0.644041 -0.200018 0.018521
v 0.641180 -0.200018 -0.063402
v 0.605579 -0.218511 -0.103171
v 0.612375 -0.215607 -0.062396
v 0.615236 -0.215607 0.019527
v 0.637938 -0.335001 0.106505
v 0.686090 -0.334925 0.040432
v 0.681598 -0.334925 -0.088193
v 0.628954 -0.335001 -0.150746
v 0.640663 -0.334987 -0.086764
v 0.645155 -0.334987 0.041862
v 0.654867 -0.461573 0.108733
v 0.701174 -0.445561 0.041503
v 0.696393 -0.434824 -0.091171
v 0.645305 -0.440099 -0.156614
v 0.656910 -0.443454 -0.090446
v 0.661691 -0.454191 0.042227
v 0.677321 -0.580675 0.066763
v 0.716502 -0.558975 0.008221
v 0.708737 -0.522051 -0.105070
v 0.661790 -0.506828 -0.159819
v 0.673821 -0.524677 -0.103532
v 0.681587 -0.561601 0.009759
v 0.677010 -0.644280 0.015743
v 0.701048 -0.641510 -0.032543
v 0.691814 -0.619207 -0.118621
v 0.658542 -0.599674 -0.156415
v 0.668581 -0.612411 -0.114368
v 0.677815 -0.634714 -0.028289
v 0.663905 -0.699994 -0.077487
v 0.669635 -0.700011 -0.080206
v 0.669147 -0.700005 -0.084176
v 0.662930 -0.699983 -0.085428
v 0.662561 -0.699984 -0.083367
v 0.663048 -0.699989 -0.079397
v 0.532880 -0.076206 -0.018609
v 0.666931 -0.718000 -0.081915
vt 0.008000 0.271521
vt 0.029076 0.271521
vt 0.050153 0.271521
vt 0.071229 0.271521
vt 0.092306 0.271521
vt 0.113382 0.271521
vt 0.134459 0.271521
vt 0.155535 0.271521
vt 0.176612 0.271521
vt 0.197688 0.271521
vt 0.218765 0.271521
vt 0.239841 0.271521
vt 0.260918 0.271521
vt 0.281994 0.271521
vt 0.303071 0.271521
vt 0.324147 0.271521
vt 0.345224 0.271521
vt 0.366300 0.271521
vt 0.387377 0.271521
vt 0.408453 0.271521
vt 0.429530 0.271521
vt 0.450606 0.271521
vt 0.471683 0.271521
vt 0.492759 0.271521
vt 0.513836 0.271521
vt 0.534912 0.271521
vt 0.555989 0.271521
vt 0.577065 0.271521
vt 0.598141 0.271521
vt 0.619218 0.271521
vt 0.640294 0.271521
vt 0.661371 0.271521
vt 0.682447 0.271521
vt 0.008000 0.249569
vt 0.029076 0.249569
vt 0.050153 0.249569
vt 0.071229 0.249569
vt 0.092306 0.249569
vt 0.113382 0.249569
vt 0.134459 0.249569
vt 0.155535 0.249569
vt 0.176612 0.249569
vt 0.197688 0.249569
vt 0.218765 0.249569
vt 0.239841 0.249569
vt 0.260918 0.249569
vt 0.281994 0.249569
vt 0.303071 0.249569
vt 0.324147 0.249569
vt 0.345224 0.249569
vt 0.366300 0.249569
vt 0.387377 0.249569
vt 0.408453 0.249569
vt 0.429530 0.249569
vt 0.450606 0.249569
vt 0.471683 0.249569
vt 0.492759 0.249569
vt 0.513836 0.249569
vt 0.534912 0.249569
vt 0.555989 0.249569
vt 0.577065 0.249569
vt 0.598141 0.249569
vt 0.619218 0.249569
vt 0.640294 0.249569
vt 0.661371 0.249569
vt 0.682447 0.249569
vt 0.008000 0.229812
vt 0.029076 0.229812
vt 0.050153 0.229812
vt 0.071229 0.229812
vt 0.092306 0.229812
vt 0.113382 0.229812
vt 0.134459 0.229812
vt 0.155535 0.229812
vt 0.176612 0.229812
vt 0.197688 0.229812
vt 0.218765 0.229812
vt 0.239841 0.229812
vt 0.260918 0.229812
vt 0.281994 0.229812
vt 0.303071 0.229812
vt 0.324147 0.229812
vt 0.345224 0.229812
vt 0.366300 0.229812
vt 0.387377 0.229812
vt 0.408453 0.229812
vt 0.429530 0.229812
vt 0.450606 0.229812
vt 0.471683 0.229812
vt 0.492759 0.229812
vt 0.513836 0.229812
vt 0.534912 0.229812
vt 0.555989 0.229812
vt 0.577065 0.229812
vt 0.598141 0.229812
vt 0.619218 0.229812
vt 0.640294 0.229812
vt 0.661371 0.229812
vt 0.682447 0.229812
vt 0.008000 0.210055
vt 0.029076 0.210055
vt 0.050153 0.210055
vt 0.071229 0.210055
vt 0.092306 0.210055
vt 0.113382 0.210055
vt 0.134459 0.210055
vt 0.155535 0.210055
vt 0.176612 0.210055
vt 0.197688 0.210055
vt 0.218765 0.210055
vt 0.239841 0.210055
vt 0.260918 0.210055
vt 0.281994 0.210055
vt 0.303071 0.210055
vt 0.324147 0.210055
vt 0.345224 0.210055
vt 0.366300 0.210055
vt 0.387377 0.210055
vt 0.408453 0.210055
vt 0.429530 0.210055
vt 0.450606 0.210055
vt 0.471683 0.210055
vt 0.492759 0.210055
vt 0.513836 0.210055
vt 0.534912 0.210055
vt 0.555989 0.210055
vt 0.577065 0.210055
vt 0.598141 0.210055
vt 0.619218 0.210055
vt 0.640294 0.210055
vt 0.661371 0.210055
vt 0.682447 0.210055
vt 0.008000 0.190298
vt 0.029076 0.190298
vt 0.050153 0.190298
vt 0.071229 0.190298
vt 0.092306 0.190298
vt 0.113382 0.190298
vt 0.134459 0.190298
vt 0.155535 0.190298
vt 0.176612 0.190298
vt 0.197688 0.190298
vt 0.218765 0.190298
vt 0.239841 0.190298
vt 0.260918 0.190298
vt 0.281994 0.190298
vt 0.303071 0.190298
vt 0.324147 0.190298
vt 0.345224 0.190298
vt 0.366300 0.190298
vt 0.387377 0.190298
vt 0.408453 0.190298
vt 0.429530 0.190298
vt 0.450606 0.190298
vt 0.471683 0.190298
vt 0.492759 0.190298
vt 0.513836 0.190298
vt 0.534912 0.190298
vt 0.555989 0.190298
vt 0.577065 0.190298
vt 0.598141 0.190298
vt 0.619218 0.190298
vt 0.640294 0.190298
vt 0.661371 0.190298
vt 0.682447 0.190298
vt 0.008000 0.170540
vt 0.029076 0.170540
vt 0.050153 0.170540
vt 0.071229 0.170540
vt 0.092306 0.170540
vt 0.113382 0.170540
vt 0.134459 0.170540
vt 0.155535 0.170540
vt 0.176612 0.170540
vt 0.197688 0.170540
vt 0.218765 0.170540
vt 0.239841 0.170540
vt 0.260918 0.170540
vt 0.281994 0.170540
vt 0.303071 0.170540
vt 0.324147 0.170540
vt 0.345224 0.170540
vt 0.366300 0.170540
vt 0.387377 0.170540
vt 0.408453 0.170540
vt 0.429530 0.170540
vt 0.450606 0.170540
vt 0.471683 0.170540
vt 0.492759 0.170540
vt 0.513836 0.170540
vt 0.534912 0.170540
vt 0.555989 0.170540
vt 0.577065 0.170540
vt 0.598141 0.170540
vt 0.619218 0.170540
vt 0.640294 0.170540
vt 0.661371 0.170540
vt 0.682447 0.170540
vt 0.008000 0.150783
vt 0.029076 0.150783
vt 0.050153 0.150783
vt 0.071229 0.150783
vt 0.092306 0.150783
vt 0.113382 0.150783
vt 0.134459 0.150783
vt 0.155535 0.150783
vt 0.176612 0.150783
vt 0.197688 0.150783
vt 0.218765 0.150783
vt 0.239841 0.150783
vt 0.260918 0.150783
vt 0.281994 0.150783
vt 0.303071 0.150783
vt 0.324147 0.150783
vt 0.345224 0.150783
vt 0.366300 0.150783
vt 0.387377 0.150783
vt 0.408453 0.150783
vt 0.429530 0.150783
vt 0.450606 0.150783
vt 0.471683 0.150783
vt 0.492759 0.150783
vt 0.513836 0.150783
vt 0.534912 0.150783
vt 0.555989 0.150783
vt 0.577065 0.150783
vt 0.598141 0.150783
vt 0.619218 0.150783
vt 0.640294 0.150783
vt 0.661371 0.150783
vt 0.682447 0.150783
vt 0.008000 0.129181
vt 0.029076 0.129181
vt 0.050153 0.129181
vt 0.071229 0.129181
vt 0.092306 0.129181
vt 0.113382 0.129181
vt 0.134459 0.129181
vt 0.155535 0.129181
vt 0.176612 0.129181
vt 0.197688 0.129181
vt 0.218765 0.129181
vt 0.239841 0.129181
vt 0.260918 0.129181
vt 0.281994 0.129181
vt 0.303071 0.129181
vt 0.324147 0.129181
vt 0.345224 0.129181
vt 0.366300 0.129181
vt 0.387377 0.129181
vt 0.408453 0.129181
vt 0.429530 0.129181
vt 0.450606 0.129181
vt 0.471683 0.129181
vt 0.492759 0.129181
vt 0.513836 0.129181
vt 0.534912 0.129181
vt 0.555989 0.129181
vt 0.577065 0.129181
vt 0.598141 0.129181
vt 0.619218 0.129181
vt 0.640294 0.129181
vt 0.661371 0.129181
vt 0.682447 0.129181
vt 0.008000 0.089666
vt 0.028838 0.089666
vt 0.049675 0.089666
vt 0.070576 0.089666
vt 0.091722 0.089666
vt 0.112868 0.089666
vt 0.134288 0.089666
vt 0.155875 0.089666
vt 0.177461 0.089666
vt 0.198653 0.089666
vt 0.219844 0.089666
vt 0.240934 0.089666
vt 0.261868 0.089666
vt 0.282779 0.089666
vt 0.303594 0.089666
vt 0.324409 0.089666
vt 0.345224 0.089666
vt 0.366039 0.089666
vt 0.386854 0.089666
vt 0.407669 0.089666
vt 0.428580 0.089666
vt 0.449514 0.089666
vt 0.470604 0.089666
vt 0.491795 0.089666
vt 0.512986 0.089666
vt 0.534573 0.089666
vt 0.556159 0.089666
vt 0.577579 0.089666
vt 0.598725 0.089666
vt 0.619871 0.089666
vt 0.640772 0.089666
vt 0.661610 0.089666
vt 0.682447 0.089666
vt 0.008000 0.045213
vt 0.028085 0.045213
vt 0.048170 0.045213
vt 0.068528 0.045213
vt 0.089911 0.045213
vt 0.111295 0.045213
vt 0.133786 0.045213
vt 0.156930 0.045213
vt 0.180073 0.045213
vt 0.201643 0.045213
vt 0.223213 0.045213
vt 0.244365 0.045213
vt 0.264863 0.045213
vt 0.285263 0.045213
vt 0.305250 0.045213
vt 0.325237 0.045213
vt 0.345224 0.045213
vt 0.365211 0.045213
vt 0.385197 0.045213
vt 0.405184 0.045213
vt 0.425584 0.045213
vt 0.446082 0.045213
vt 0.467234 0.045213
vt 0.488804 0.045213
vt 0.510374 0.045213
vt 0.533518 0.045213
vt 0.556661 0.045213
vt 0.579152 0.045213
vt 0.600536 0.045213
vt 0.621920 0.045213
vt 0.642277 0.045213
vt 0.662362 0.045213
vt 0.682447 0.045213
vt 0.008000 0.030395
vt 0.027688 0.030395
vt 0.047377 0.030395
vt 0.067454 0.030395
vt 0.088974 0.030395
vt 0.110494 0.030395
vt 0.133541 0.030395
vt 0.157477 0.030395
vt 0.181412 0.030395
vt 0.203191 0.030395
vt 0.224970 0.030395
vt 0.246167 0.030395
vt 0.266443 0.030395
vt 0.286580 0.030395
vt 0.306128 0.030395
vt 0.325676 0.030395
vt 0.345224 0.030395
vt 0.364772 0.030395
vt 0.384319 0.030395
vt 0.403867 0.030395
vt 0.424005 0.030395
vt 0.444281 0.030395
vt 0.465478 0.030395
vt 0.487256 0.030395
vt 0.509035 0.030395
vt 0.532971 0.030395
vt 0.556906 0.030395
vt 0.579954 0.030395
vt 0.601474 0.030395
vt 0.622994 0.030395
vt 0.643071 0.030395
vt 0.662759 0.030395
vt 0.682447 0.030395
vt 0.008000 0.019419
vt 0.027288 0.019419
vt 0.046689 0.019419
vt 0.066634 0.019419
vt 0.088230 0.019419
vt 0.109835 0.019419
vt 0.133115 0.019419
vt 0.157365 0.019419
vt 0.181615 0.019419
vt 0.203504 0.019419
vt 0.225394 0.019419
vt 0.246642 0.019419
vt 0.266874 0.019419
vt 0.286952 0.019419
vt 0.306376 0.019419
vt 0.325800 0.019419
vt 0.345224 0.019419
vt 0.364648 0.019419
vt 0.384071 0.019419
vt 0.403495 0.019419
vt 0.423574 0.019419
vt 0.443805 0.019419
vt 0.465054 0.019419
vt 0.486943 0.019419
vt 0.508832 0.019419
vt 0.533082 0.019419
vt 0.557332 0.019419
vt 0.580612 0.019419
vt 0.602217 0.019419
vt 0.623814 0.019419
vt 0.643759 0.019419
vt 0.663160 0.019419
vt 0.682447 0.019419
vt 0.018538 0.293474
vt 0.039615 0.293474
vt 0.060691 0.293474
vt 0.081768 0.293474
vt 0.102844 0.293474
vt 0.123921 0.293474
vt 0.144997 0.293474
vt 0.166074 0.293474
vt 0.187150 0.293474
vt 0.208227 0.293474
vt 0.229303 0.293474
vt 0.250380 0.293474
vt 0.271456 0.293474
vt 0.292533 0.293474
vt 0.313609 0.293474
vt 0.334685 0.293474
vt 0.355762 0.293474
vt 0.376838 0.293474
vt 0.397915 0.293474
vt 0.418991 0.293474
vt 0.440068 0.293474
vt 0.461144 0.293474
vt 0.482221 0.293474
vt 0.503297 0.293474
vt 0.524374 0.293474
vt 0.545450 0.293474
vt 0.566527 0.293474
vt 0.587603 0.293474
vt 0.608680 0.293474
vt 0.629756 0.293474
vt 0.650833 0.293474
vt 0.671909 0.293474
vt 0.017644 0.008000
vt 0.036988 0.008000
vt 0.056661 0.008000
vt 0.077432 0.008000
vt 0.099033 0.008000
vt 0.121475 0.008000
vt 0.145240 0.008000
vt 0.169490 0.008000
vt 0.192560 0.008000
vt 0.214449 0.008000
vt 0.236018 0.008000
vt 0.256758 0.008000
vt 0.276913 0.008000
vt 0.296664 0.008000
vt 0.316088 0.008000
vt 0.335512 0.008000
vt 0.354936 0.008000
vt 0.374359 0.008000
vt 0.393783 0.008000
vt 0.413534 0.008000
vt 0.433689 0.008000
vt 0.454429 0.008000
vt 0.475998 0.008000
vt 0.497888 0.008000
vt 0.520957 0.008000
vt 0.545207 0.008000
vt 0.568972 0.008000
vt 0.591415 0.008000
vt 0.613015 0.008000
vt 0.633786 0.008000
vt 0.653459 0.008000
vt 0.672804 0.008000
vt 0.511060 0.426561
vt 0.523507 0.426561
vt 0.535954 0.426561
vt 0.548401 0.426561
vt 0.560848 0.426561
vt 0.573295 0.426561
vt 0.585742 0.426561
vt 0.598190 0.426561
vt 0.610637 0.426561
vt 0.623084 0.426561
vt 0.635531 0.426561
vt 0.647978 0.426561
vt 0.660425 0.426561
vt 0.672872 0.426561
vt 0.685319 0.426561
vt 0.697766 0.426561
vt 0.710213 0.426561
vt 0.722660 0.426561
vt 0.735107 0.426561
vt 0.747554 0.426561
vt 0.760002 0.426561
vt 0.511060 0.446315
vt 0.523507 0.446315
vt 0.535954 0.446315
vt 0.548401 0.446315
vt 0.560848 0.446315
vt 0.573295 0.446315
vt 0.585742 0.446315
vt 0.598190 0.446315
vt 0.610637 0.446315
vt 0.623084 0.446315
vt 0.635531 0.446315
vt 0.647978 0.446315
vt 0.660425 0.446315
vt 0.672872 0.446315
vt 0.685319 0.446315
vt 0.697766 0.446315
vt 0.710213 0.446315
vt 0.722660 0.446315
vt 0.735107 0.446315
vt 0.747554 0.446315
vt 0.760002 0.446315
vt 0.511060 0.462611
vt 0.523507 0.462611
vt 0.535954 0.462611
vt 0.548401 0.462611
vt 0.560848 0.462611
vt 0.573295 0.462611
vt 0.585742 0.462611
vt 0.598190 0.462611
vt 0.610637 0.462611
vt 0.623084 0.462611
vt 0.635531 0.462611
vt 0.647978 0.462611
vt 0.660425 0.462611
vt 0.672872 0.462611
vt 0.685319 0.462611
vt 0.697766 0.462611
vt 0.710213 0.462611
vt 0.722660 0.462611
vt 0.735107 0.462611
vt 0.747554 0.462611
vt 0.760002 0.462611
vt 0.511060 0.478414
vt 0.523507 0.478414
vt 0.535954 0.478414
vt 0.548401 0.478414
vt 0.560848 0.478414
vt 0.573295 0.478414
vt 0.585742 0.478414
vt 0.598190 0.478414
vt 0.610637 0.478414
vt 0.623084 0.478414
vt 0.635531 0.478414
vt 0.647978 0.478414
vt 0.660425 0.478414
vt 0.672872 0.478414
vt 0.685319 0.478414
vt 0.697766 0.478414
vt 0.710213 0.478414
vt 0.722660 0.478414
vt 0.735107 0.478414
vt 0.747554 0.478414
vt 0.760002 0.478414
vt 0.511060 0.494217
vt 0.523507 0.494217
vt 0.535954 0.494217
vt 0.548401 0.494217
vt 0.560848 0.494217
vt 0.573295 0.494217
vt 0.585742 0.494217
vt 0.598190 0.494217
vt 0.610637 0.494217
vt 0.623084 0.494217
vt 0.635531 0.494217
vt 0.647978 0.494217
vt 0.660425 0.494217
vt 0.672872 0.494217
vt 0.685319 0.494217
vt 0.697766 0.494217
vt 0.710213 0.494217
vt 0.722660 0.494217
vt 0.735107 0.494217
vt 0.747554 0.494217
vt 0.760002 0.494217
vt 0.511060 0.509032
vt 0.523507 0.509032
vt 0.535954 0.509032
vt 0.548401 0.509032
vt 0.560848 0.509032
vt 0.573295 0.509032
vt 0.585742 0.509032
vt 0.598190 0.509032
vt 0.610637 0.509032
vt 0.623084 0.509032
vt 0.635531 0.509032
vt 0.647978 0.509032
vt 0.660425 0.509032
vt 0.672872 0.509032
vt 0.685319 0.509032
vt 0.697766 0.509032
vt 0.710213 0.509032
vt 0.722660 0.509032
vt 0.735107 0.509032
vt 0.747554 0.509032
vt 0.760002 0.509032
vt 0.511060 0.523847
vt 0.523507 0.523847
vt 0.535954 0.523847
vt 0.548401 0.523847
vt 0.560848 0.523847
vt 0.573295 0.523847
vt 0.585742 0.523847
vt 0.598190 0.523847
vt 0.610637 0.523847
vt 0.623084 0.523847
vt 0.635531 0.523847
vt 0.647978 0.523847
vt 0.660425 0.523847
vt 0.672872 0.523847
vt 0.685319 0.523847
vt 0.697766 0.523847
vt 0.710213 0.523847
vt 0.722660 0.523847
vt 0.735107 0.523847
vt 0.747554 0.523847
vt 0.760002 0.523847
vt 0.517284 0.384585
vt 0.529731 0.384585
vt 0.542178 0.384585
vt 0.554625 0.384585
vt 0.567072 0.384585
vt 0.579519 0.384585
vt 0.591966 0.384585
vt 0.604413 0.384585
vt 0.616860 0.384585
vt 0.629307 0.384585
vt 0.641754 0.384585
vt 0.654201 0.384585
vt 0.666648 0.384585
vt 0.679096 0.384585
vt 0.691543 0.384585
vt 0.703990 0.384585
vt 0.716437 0.384585
vt 0.728884 0.384585
vt 0.741331 0.384585
vt 0.753778 0.384585
vt 0.517284 0.539729
vt 0.529731 0.539729
vt 0.542178 0.539729
vt 0.554625 0.539729
vt 0.567072 0.539729
vt 0.579519 0.539729
vt 0.591966 0.539729
vt 0.604413 0.539729
vt 0.616860 0.539729
vt 0.629307 0.539729
vt 0.641754 0.539729
vt 0.654201 0.539729
vt 0.666648 0.539729
vt 0.679096 0.539729
vt 0.691543 0.539729
vt 0.703990 0.539729
vt 0.716437 0.539729
vt 0.728884 0.539729
vt 0.741331 0.539729
vt 0.753778 0.539729
vt 0.254118 0.343450
vt 0.266565 0.343450
vt 0.279013 0.343450
vt 0.291460 0.343450
vt 0.303907 0.343450
vt 0.316354 0.343450
vt 0.328801 0.343450
vt 0.341248 0.343450
vt 0.353695 0.343450
vt 0.366142 0.343450
vt 0.378589 0.343450
vt 0.391036 0.343450
vt 0.403483 0.343450
vt 0.415930 0.343450
vt 0.428378 0.343450
vt 0.440825 0.343450
vt 0.453272 0.343450
vt 0.465719 0.343450
vt 0.478166 0.343450
vt 0.490613 0.343450
vt 0.503060 0.343450
vt 0.254118 0.363203
vt 0.266565 0.363203
vt 0.279013 0.363203
vt 0.291460 0.363203
vt 0.303907 0.363203
vt 0.316354 0.363203
vt 0.328801 0.363203
vt 0.341248 0.363203
vt 0.353695 0.363203
vt 0.366142 0.363203
vt 0.378589 0.363203
vt 0.391036 0.363203
vt 0.403483 0.363203
vt 0.415930 0.363203
vt 0.428378 0.363203
vt 0.440825 0.363203
vt 0.453272 0.363203
vt 0.465719 0.363203
vt 0.478166 0.363203
vt 0.490613 0.363203
vt 0.503060 0.363203
vt 0.254118 0.379500
vt 0.266565 0.379500
vt 0.279013 0.379500
vt 0.291460 0.379500
vt 0.303907 0.379500
vt 0.316354 0.379500
vt 0.328801 0.379500
vt 0.341248 0.379500
vt 0.353695 0.379500
vt 0.366142 0.379500
vt 0.378589 0.379500
vt 0.391036 0.379500
vt 0.403483 0.379500
vt 0.415930 0.379500
vt 0.428378 0.379500
vt 0.440825 0.379500
vt 0.453272 0.379500
vt 0.465719 0.379500
vt 0.478166 0.379500
vt 0.490613 0.379500
vt 0.503060 0.379500
vt 0.254118 0.395302
vt 0.266565 0.395302
vt 0.279013 0.395302
vt 0.291460 0.395302
vt 0.303907 0.395302
vt 0.316354 0.395302
vt 0.328801 0.395302
vt 0.341248 0.395302
vt 0.353695 0.395302
vt 0.366142 0.395302
vt 0.378589 0.395302
vt 0.391036 0.395302
vt 0.403483 0.395302
vt 0.415930 0.395302
vt 0.428378 0.395302
vt 0.440825 0.395302
vt 0.453272 0.395302
vt 0.465719 0.395302
vt 0.478166 0.395302
vt 0.490613 0.395302
vt 0.503060 0.395302
vt 0.254118 0.411105
vt 0.266565 0.411105
vt 0.279013 0.411105
vt 0.291460 0.411105
vt 0.303907 0.411105
vt 0.316354 0.411105
vt 0.328801 0.411105
vt 0.341248 0.411105
vt 0.353695 0.411105
vt 0.366142 0.411105
vt 0.378589 0.411105
vt 0.391036 0.411105
vt 0.403483 0.411105
vt 0.415930 0.411105
vt 0.428378 0.411105
vt 0.440825 0.411105
vt 0.453272 0.411105
vt 0.465719 0.411105
vt 0.478166 0.411105
vt 0.490613 0.411105
vt 0.503060 0.411105
vt 0.254118 0.425920
vt 0.266565 0.425920
vt 0.279013 0.425920
vt 0.291460 0.425920
vt 0.303907 0.425920
vt 0.316354 0.425920
vt 0.328801 0.425920
vt 0.341248 0.425920
vt 0.353695 0.425920
vt 0.366142 0.425920
vt 0.378589 0.425920
vt 0.391036 0.425920
vt 0.403483 0.425920
vt 0.415930 0.425920
vt 0.428378 0.425920
vt 0.440825 0.425920
vt 0.453272 0.425920
vt 0.465719 0.425920
vt 0.478166 0.425920
vt 0.490613 0.425920
vt 0.503060 0.425920
vt 0.254118 0.440735
vt 0.266565 0.440735
vt 0.279013 0.440735
vt 0.291460 0.440735
vt 0.303907 0.440735
vt 0.316354 0.440735
vt 0.328801 0.440735
vt 0.341248 0.440735
vt 0.353695 0.440735
vt 0.366142 0.440735
vt 0.378589 0.440735
vt 0.391036 0.440735
vt 0.403483 0.440735
vt 0.415930 0.440735
vt 0.428378 0.440735
vt 0.440825 0.440735
vt 0.453272 0.440735
vt 0.465719 0.440735
vt 0.478166 0.440735
vt 0.490613 0.440735
vt 0.503060 0.440735
vt 0.260342 0.301474
vt 0.272789 0.301474
vt 0.285236 0.301474
vt 0.297683 0.301474
vt 0.310130 0.301474
vt 0.322577 0.301474
vt 0.335024 0.301474
vt 0.347472 0.301474
vt 0.359919 0.301474
vt 0.372366 0.301474
vt 0.384813 0.301474
vt 0.397260 0.301474
vt 0.409707 0.301474
vt 0.422154 0.301474
vt 0.434601 0.301474
vt 0.447048 0.301474
vt 0.459495 0.301474
vt 0.471942 0.301474
vt 0.484389 0.301474
vt 0.496836 0.301474
vt 0.260342 0.456617
vt 0.272789 0.456617
vt 0.285236 0.456617
vt 0.297683 0.456617
vt 0.310130 0.456617
vt 0.322577 0.456617
vt 0.335024 0.456617
vt 0.347472 0.456617
vt 0.359919 0.456617
vt 0.372366 0.456617
vt 0.384813 0.456617
vt 0.397260 0.456617
vt 0.409707 0.456617
vt 0.422154 0.456617
vt 0.434601 0.456617
vt 0.447048 0.456617
vt 0.459495 0.456617
vt 0.471942 0.456617
vt 0.484389 0.456617
vt 0.496836 0.456617
vt 0.373906 0.464617
vt 0.388674 0.464617
vt 0.403704 0.464617
vt 0.417277 0.464617
vt 0.430849 0.464617
vt 0.445880 0.464617
vt 0.460648 0.464617
vt 0.373906 0.477465
vt 0.388674 0.477465
vt 0.403704 0.477465
vt 0.417277 0.477465
vt 0.430849 0.477465
vt 0.445880 0.477465
vt 0.460648 0.477465
vt 0.373906 0.490313
vt 0.388674 0.490313
vt 0.403704 0.490313
vt 0.417277 0.490313
vt 0.430849 0.490313
vt 0.445880 0.490313
vt 0.460648 0.490313
vt 0.373906 0.503161
vt 0.388674 0.503161
vt 0.403704 0.503161
vt 0.417277 0.503161
vt 0.430849 0.503161
vt 0.445880 0.503161
vt 0.460648 0.503161
vt 0.373906 0.516010
vt 0.388674 0.516010
vt 0.403704 0.516010
vt 0.417277 0.516010
vt 0.430849 0.516010
vt 0.445880 0.516010
vt 0.460648 0.516010
vt 0.373906 0.528858
vt 0.388674 0.528858
vt 0.403704 0.528858
vt 0.417277 0.528858
vt 0.430849 0.528858
vt 0.445880 0.528858
vt 0.460648 0.528858
vt 0.373906 0.541706
vt 0.388674 0.541706
vt 0.403704 0.541706
vt 0.417277 0.541706
vt 0.430849 0.541706
vt 0.445880 0.541706
vt 0.460648 0.541706
vt 0.373906 0.554554
vt 0.388674 0.554554
vt 0.403704 0.554554
vt 0.417277 0.554554
vt 0.430849 0.554554
vt 0.445880 0.554554
vt 0.460648 0.554554
vt 0.373906 0.567402
vt 0.388674 0.567402
vt 0.403704 0.567402
vt 0.417277 0.567402
vt 0.430849 0.567402
vt 0.445880 0.567402
vt 0.460648 0.567402
vt 0.373906 0.580251
vt 0.388674 0.580251
vt 0.403704 0.580251
vt 0.417277 0.580251
vt 0.430849 0.580251
vt 0.445880 0.580251
vt 0.460648 0.580251
vt 0.373906 0.593099
vt 0.388674 0.593099
vt 0.403704 0.593099
vt 0.417277 0.593099
vt 0.430849 0.593099
vt 0.445880 0.593099
vt 0.460648 0.593099
vt 0.373906 0.605947
vt 0.388674 0.605947
vt 0.403704 0.605947
vt 0.417277 0.605947
vt 0.430849 0.605947
vt 0.445880 0.605947
vt 0.460648 0.605947
vt 0.373906 0.618795
vt 0.388674 0.618795
vt 0.403704 0.618795
vt 0.417277 0.618795
vt 0.430849 0.618795
vt 0.445880 0.618795
vt 0.460648 0.618795
vt 0.373906 0.631643
vt 0.388674 0.631643
vt 0.403704 0.631643
vt 0.417277 0.631643
vt 0.430849 0.631643
vt 0.445880 0.631643
vt 0.460648 0.631643
vt 0.373906 0.644491
vt 0.388674 0.644491
vt 0.403704 0.644491
vt 0.417277 0.644491
vt 0.430849 0.644491
vt 0.445880 0.644491
vt 0.460648 0.644491
vt 0.373906 0.657340
vt 0.388674 0.657340
vt 0.403704 0.657340
vt 0.417277 0.657340
vt 0.430849 0.657340
vt 0.445880 0.657340
vt 0.460648 0.657340
vt 0.373906 0.670188
vt 0.388674 0.670188
vt 0.403704 0.670188
vt 0.417277 0.670188
vt 0.430849 0.670188
vt 0.445880 0.670188
vt 0.460648 0.670188
vt 0.373906 0.683036
vt 0.388674 0.683036
vt 0.403704 0.683036
vt 0.417277 0.683036
vt 0.430849 0.683036
vt 0.445880 0.683036
vt 0.460648 0.683036
vt 0.373906 0.695884
vt 0.388674 0.695884
vt 0.403704 0.695884
vt 0.417277 0.695884
vt 0.430849 0.695884
vt 0.445880 0.695884
vt 0.460648 0.695884
vt 0.373906 0.708732
vt 0.388674 0.708732
vt 0.403704 0.708732
vt 0.417277 0.708732
vt 0.430849 0.708732
vt 0.445880 0.708732
vt 0.460648 0.708732
vt 0.373906 0.721581
vt 0.388674 0.721581
vt 0.403704 0.721581
vt 0.417277 0.721581
vt 0.430849 0.721581
vt 0.445880 0.721581
vt 0.460648 0.721581
vt 0.373906 0.734429
vt 0.388674 0.734429
vt 0.403704 0.734429
vt 0.417277 0.734429
vt 0.430849 0.734429
vt 0.445880 0.734429
vt 0.460648 0.734429
vt 0.373906 0.747277
vt 0.388674 0.747277
vt 0.403704 0.747277
vt 0.417277 0.747277
vt 0.430849 0.747277
vt 0.445880 0.747277
vt 0.460648 0.747277
vt 0.373906 0.760125
vt 0.388674 0.760125
vt 0.403704 0.760125
vt 0.417277 0.760125
vt 0.430849 0.760125
vt 0.445880 0.760125
vt 0.460648 0.760125
vt 0.373906 0.772973
vt 0.388674 0.772973
vt 0.403704 0.772973
vt 0.417277 0.772973
vt 0.430849 0.772973
vt 0.445880 0.772973
vt 0.460648 0.772973
vt 0.373906 0.785822
vt 0.388674 0.785822
vt 0.403704 0.785822
vt 0.417277 0.785822
vt 0.430849 0.785822
vt 0.445880 0.785822
vt 0.460648 0.785822
vt 0.468648 0.547729
vt 0.483416 0.547729
vt 0.498446 0.547729
vt 0.512019 0.547729
vt 0.525591 0.547729
vt 0.540621 0.547729
vt 0.555389 0.547729
vt 0.468648 0.560577
vt 0.483416 0.560577
vt 0.498446 0.560577
vt 0.512019 0.560577
vt 0.525591 0.560577
vt 0.540621 0.560577
vt 0.555389 0.560577
vt 0.468648 0.573425
vt 0.483416 0.573425
vt 0.498446 0.573425
vt 0.512019 0.573425
vt 0.525591 0.573425
vt 0.540621 0.573425
vt 0.555389 0.573425
vt 0.468648 0.586273
vt 0.483416 0.586273
vt 0.498446 0.586273
vt 0.512019 0.586273
vt 0.525591 0.586273
vt 0.540621 0.586273
vt 0.555389 0.586273
vt 0.468648 0.599121
vt 0.483416 0.599121
vt 0.498446 0.599121
vt 0.512019 0.599121
vt 0.525591 0.599121
vt 0.540621 0.599121
vt 0.555389 0.599121
vt 0.468648 0.611970
vt 0.483416 0.611970
vt 0.498446 0.611970
vt 0.512019 0.611970
vt 0.525591 0.611970
vt 0.540621 0.611970
vt 0.555389 0.611970
vt 0.468648 0.624818
vt 0.483416 0.624818
vt 0.498446 0.624818
vt 0.512019 0.624818
vt 0.525591 0.624818
vt 0.540621 0.624818
vt 0.555389 0.624818
vt 0.468648 0.637666
vt 0.483416 0.637666
vt 0.498446 0.637666
vt 0.512019 0.637666
vt 0.525591 0.637666
vt 0.540621 0.637666
vt 0.555389 0.637666
vt 0.468648 0.650514
vt 0.483416 0.650514
vt 0.498446 0.650514
vt 0.512019 0.650514
vt 0.525591 0.650514
vt 0.540621 0.650514
vt 0.555389 0.650514
vt 0.468648 0.663362
vt 0.483416 0.663362
vt 0.498446 0.663362
vt 0.512019 0.663362
vt 0.525591 0.663362
vt 0.540621 0.663362
vt 0.555389 0.663362
vt 0.468648 0.676210
vt 0.483416 0.676210
vt 0.498446 0.676210
vt 0.512019 0.676210
vt 0.525591 0.676210
vt 0.540621 0.676210
vt 0.555389 0.676210
vt 0.468648 0.689059
vt 0.483416 0.689059
vt 0.498446 0.689059
vt 0.512019 0.689059
vt 0.525591 0.689059
vt 0.540621 0.689059
vt 0.555389 0.689059
vt 0.468648 0.701907
vt 0.483416 0.701907
vt 0.498446 0.701907
vt 0.512019 0.701907
vt 0.525591 0.701907
vt 0.540621 0.701907
vt 0.555389 0.701907
vt 0.468648 0.714755
vt 0.483416 0.714755
vt 0.498446 0.714755
vt 0.512019 0.714755
vt 0.525591 0.714755
vt 0.540621 0.714755
vt 0.555389 0.714755
vt 0.468648 0.727603
vt 0.483416 0.727603
vt 0.498446 0.727603
vt 0.512019 0.727603
vt 0.525591 0.727603
vt 0.540621 0.727603
vt 0.555389 0.727603
vt 0.468648 0.740451
vt 0.483416 0.740451
vt 0.498446 0.740451
vt 0.512019 0.740451
vt 0.525591 0.740451
vt 0.540621 0.740451
vt 0.555389 0.740451
vt 0.468648 0.753300
vt 0.483416 0.753300
vt 0.498446 0.753300
vt 0.512019 0.753300
vt 0.525591 0.753300
vt 0.540621 0.753300
vt 0.555389 0.753300
vt 0.468648 0.766148
vt 0.483416 0.766148
vt 0.498446 0.766148
vt 0.512019 0.766148
vt 0.525591 0.766148
vt 0.540621 0.766148
vt 0.555389 0.766148
vt 0.468648 0.778996
vt 0.483416 0.778996
vt 0.498446 0.778996
vt 0.512019 0.778996
vt 0.525591 0.778996
vt 0.540621 0.778996
vt 0.555389 0.778996
vt 0.468648 0.791844
vt 0.483416 0.791844
vt 0.498446 0.791844
vt 0.512019 0.791844
vt 0.525591 0.791844
vt 0.540621 0.791844
vt 0.555389 0.791844
vt 0.468648 0.804692
vt 0.483416 0.804692
vt 0.498446 0.804692
vt 0.512019 0.804692
vt 0.525591 0.804692
vt 0.540621 0.804692
vt 0.555389 0.804692
vt 0.468648 0.817541
vt 0.483416 0.817541
vt 0.498446 0.817541
vt 0.512019 0.817541
vt 0.525591 0.817541
vt 0.540621 0.817541
vt 0.555389 0.817541
vt 0.468648 0.830389
vt 0.483416 0.830389
vt 0.498446 0.830389
vt 0.512019 0.830389
vt 0.525591 0.830389
vt 0.540621 0.830389
vt 0.555389 0.830389
vt 0.468648 0.843237
vt 0.483416 0.843237
vt 0.498446 0.843237
vt 0.512019 0.843237
vt 0.525591 0.843237
vt 0.540621 0.843237
vt 0.555389 0.843237
vt 0.468648 0.856085
vt 0.483416 0.856085
vt 0.498446 0.856085
vt 0.512019 0.856085
vt 0.525591 0.856085
vt 0.540621 0.856085
vt 0.555389 0.856085
vt 0.468648 0.868933
vt 0.483416 0.868933
vt 0.498446 0.868933
vt 0.512019 0.868933
vt 0.525591 0.868933
vt 0.540621 0.868933
vt 0.555389 0.868933
vt 0.563389 0.556675
vt 0.570666 0.556675
vt 0.583974 0.556675
vt 0.597281 0.556675
vt 0.604558 0.556675
vt 0.609972 0.556675
vt 0.622872 0.556675
vt 0.635772 0.556675
vt 0.641186 0.556675
vt 0.563389 0.593716
vt 0.570801 0.593716
vt 0.584078 0.593716
vt 0.597355 0.593716
vt 0.604767 0.593716
vt 0.610147 0.593716
vt 0.622976 0.593716
vt 0.635806 0.593716
vt 0.641186 0.593716
vt 0.563389 0.630756
vt 0.570926 0.630756
vt 0.584177 0.630756
vt 0.597428 0.630756
vt 0.604964 0.630756
vt 0.610310 0.630756
vt 0.623075 0.630756
vt 0.635840 0.630756
vt 0.641186 0.630756
vt 0.563389 0.665738
vt 0.570861 0.665738
vt 0.584131 0.665738
vt 0.597400 0.665738
vt 0.604872 0.665738
vt 0.610225 0.665738
vt 0.623029 0.665738
vt 0.635833 0.665738
vt 0.641186 0.665738
vt 0.563389 0.696605
vt 0.570638 0.696605
vt 0.583963 0.696605
vt 0.597289 0.696605
vt 0.604537 0.696605
vt 0.609934 0.696605
vt 0.622862 0.696605
vt 0.635789 0.696605
vt 0.641186 0.696605
vt 0.563389 0.723356
vt 0.570380 0.723356
vt 0.583772 0.723356
vt 0.597164 0.723356
vt 0.604154 0.723356
vt 0.609601 0.723356
vt 0.622670 0.723356
vt 0.635739 0.723356
vt 0.641186 0.723356
vt 0.563389 0.745992
vt 0.570139 0.745992
vt 0.583595 0.745992
vt 0.597051 0.745992
vt 0.603801 0.745992
vt 0.609295 0.745992
vt 0.622494 0.745992
vt 0.635692 0.745992
vt 0.641186 0.745992
vt 0.563389 0.762454
vt 0.574472 0.762454
vt 0.585874 0.762454
vt 0.597275 0.762454
vt 0.608358 0.762454
vt 0.615382 0.762454
vt 0.624772 0.762454
vt 0.634162 0.762454
vt 0.641186 0.762454
vt 0.567028 0.547729
vt 0.577320 0.547729
vt 0.590628 0.547729
vt 0.600920 0.547729
vt 0.607265 0.547729
vt 0.616422 0.547729
vt 0.629322 0.547729
vt 0.638479 0.547729
vt 0.568931 0.771401
vt 0.580173 0.771401
vt 0.591575 0.771401
vt 0.602817 0.771401
vt 0.611870 0.771401
vt 0.620077 0.771401
vt 0.629467 0.771401
vt 0.637674 0.771401
vt 0.008000 0.682187
vt 0.015292 0.682187
vt 0.028628 0.682187
vt 0.041964 0.682187
vt 0.049256 0.682187
vt 0.054682 0.682187
vt 0.067609 0.682187
vt 0.080536 0.682187
vt 0.085962 0.682187
vt 0.008000 0.716338
vt 0.015427 0.716338
vt 0.028733 0.716338
vt 0.042038 0.716338
vt 0.049466 0.716338
vt 0.054857 0.716338
vt 0.067714 0.716338
vt 0.080570 0.716338
vt 0.085962 0.716338
vt 0.008000 0.750489
vt 0.015552 0.750489
vt 0.028832 0.750489
vt 0.042111 0.750489
vt 0.049664 0.750489
vt 0.055020 0.750489
vt 0.067813 0.750489
vt 0.080605 0.750489
vt 0.085962 0.750489
vt 0.008000 0.782743
vt 0.015488 0.782743
vt 0.028785 0.782743
vt 0.042083 0.782743
vt 0.049571 0.782743
vt 0.054935 0.782743
vt 0.067766 0.782743
vt 0.080598 0.782743
vt 0.085962 0.782743
vt 0.008000 0.811203
vt 0.015264 0.811203
vt 0.028618 0.811203
vt 0.041972 0.811203
vt 0.049236 0.811203
vt 0.054644 0.811203
vt 0.067599 0.811203
vt 0.080554 0.811203
vt 0.085962 0.811203
vt 0.008000 0.835868
vt 0.015005 0.835868
vt 0.028426 0.835868
vt 0.041847 0.835868
vt 0.048852 0.835868
vt 0.054311 0.835868
vt 0.067407 0.835868
vt 0.080503 0.835868
vt 0.085962 0.835868
vt 0.008000 0.856738
vt 0.014764 0.856738
vt 0.028249 0.856738
vt 0.041734 0.856738
vt 0.048498 0.856738
vt 0.054004 0.856738
vt 0.067230 0.856738
vt 0.080457 0.856738
vt 0.085962 0.856738
vt 0.008000 0.871916
vt 0.019106 0.871916
vt 0.030532 0.871916
vt 0.041958 0.871916
vt 0.053064 0.871916
vt 0.060103 0.871916
vt 0.069513 0.871916
vt 0.078923 0.871916
vt 0.085962 0.871916
vt 0.011646 0.673938
vt 0.021960 0.673938
vt 0.035296 0.673938
vt 0.045610 0.673938
vt 0.051969 0.673938
vt 0.061146 0.673938
vt 0.074073 0.673938
vt 0.083249 0.673938
vt 0.013553 0.880165
vt 0.024819 0.880165
vt 0.036245 0.880165
vt 0.047511 0.880165
vt 0.056584 0.880165
vt 0.064808 0.880165
vt 0.074218 0.880165
vt 0.082443 0.880165
vt 0.373906 0.801749
vt 0.381206 0.801749
vt 0.394555 0.801749
vt 0.407905 0.801749
vt 0.415205 0.801749
vt 0.420636 0.801749
vt 0.433577 0.801749
vt 0.446517 0.801749
vt 0.451948 0.801749
vt 0.373906 0.834567
vt 0.381341 0.834567
vt 0.394660 0.834567
vt 0.407979 0.834567
vt 0.415414 0.834567
vt 0.420812 0.834567
vt 0.433681 0.834567
vt 0.446551 0.834567
vt 0.451948 0.834567
vt 0.373906 0.867385
vt 0.381466 0.867385
vt 0.394759 0.867385
vt 0.408052 0.867385
vt 0.415612 0.867385
vt 0.420975 0.867385
vt 0.433780 0.867385
vt 0.446586 0.867385
vt 0.451948 0.867385
vt 0.373906 0.898381
vt 0.381402 0.898381
vt 0.394713 0.898381
vt 0.408024 0.898381
vt 0.415520 0.898381
vt 0.420890 0.898381
vt 0.433734 0.898381
vt 0.446578 0.898381
vt 0.451948 0.898381
vt 0.373906 0.925729
vt 0.381177 0.925729
vt 0.394545 0.925729
vt 0.407913 0.925729
vt 0.415184 0.925729
vt 0.420598 0.925729
vt 0.433566 0.925729
vt 0.446535 0.925729
vt 0.451948 0.925729
vt 0.373906 0.949431
vt 0.380918 0.949431
vt 0.394353 0.949431
vt 0.407788 0.949431
vt 0.414800 0.949431
vt 0.420264 0.949431
vt 0.433374 0.949431
vt 0.446484 0.949431
vt 0.451948 0.949431
vt 0.373906 0.969487
vt 0.380677 0.969487
vt 0.394176 0.969487
vt 0.407674 0.969487
vt 0.414446 0.969487
vt 0.419957 0.969487
vt 0.433197 0.969487
vt 0.446437 0.969487
vt 0.451948 0.969487
vt 0.373906 0.984073
vt 0.385024 0.984073
vt 0.396461 0.984073
vt 0.407899 0.984073
vt 0.419017 0.984073
vt 0.426063 0.984073
vt 0.435483 0.984073
vt 0.444902 0.984073
vt 0.451948 0.984073
vt 0.377556 0.793822
vt 0.387880 0.793822
vt 0.401230 0.793822
vt 0.411555 0.793822
vt 0.417920 0.793822
vt 0.427106 0.793822
vt 0.440047 0.793822
vt 0.449233 0.793822
vt 0.379465 0.992000
vt 0.390742 0.992000
vt 0.402180 0.992000
vt 0.413458 0.992000
vt 0.422540 0.992000
vt 0.430773 0.992000
vt 0.440192 0.992000
vt 0.448425 0.992000
vt 0.894565 0.710456
vt 0.901867 0.710456
vt 0.915223 0.710456
vt 0.928578 0.710456
vt 0.935881 0.710456
vt 0.941315 0.710456
vt 0.954261 0.710456
vt 0.967207 0.710456
vt 0.972641 0.710456
vt 0.894565 0.743559
vt 0.902003 0.743559
vt 0.915328 0.743559
vt 0.928653 0.743559
vt 0.936091 0.743559
vt 0.941490 0.743559
vt 0.954366 0.743559
vt 0.967241 0.743559
vt 0.972641 0.743559
vt 0.894565 0.776661
vt 0.902128 0.776661
vt 0.915427 0.776661
vt 0.928726 0.776661
vt 0.936289 0.776661
vt 0.941654 0.776661
vt 0.954465 0.776661
vt 0.967276 0.776661
vt 0.972641 0.776661
vt 0.894565 0.807924
vt 0.902063 0.807924
vt 0.915380 0.807924
vt 0.928697 0.807924
vt 0.936196 0.807924
vt 0.941569 0.807924
vt 0.954418 0.807924
vt 0.967268 0.807924
vt 0.972641 0.807924
vt 0.894565 0.835510
vt 0.901839 0.835510
vt 0.915213 0.835510
vt 0.928586 0.835510
vt 0.935860 0.835510
vt 0.941277 0.835510
vt 0.954251 0.835510
vt 0.967225 0.835510
vt 0.972641 0.835510
vt 0.894565 0.859417
vt 0.901580 0.859417
vt 0.915020 0.859417
vt 0.928461 0.859417
vt 0.935476 0.859417
vt 0.940943 0.859417
vt 0.954058 0.859417
vt 0.967174 0.859417
vt 0.972641 0.859417
vt 0.894565 0.879646
vt 0.901339 0.879646
vt 0.914843 0.879646
vt 0.928347 0.879646
vt 0.935122 0.879646
vt 0.940635 0.879646
vt 0.953881 0.879646
vt 0.967127 0.879646
vt 0.972641 0.879646
vt 0.894565 0.894358
vt 0.905687 0.894358
vt 0.917130 0.894358
vt 0.928572 0.894358
vt 0.939695 0.894358
vt 0.946744 0.894358
vt 0.956168 0.894358
vt 0.965591 0.894358
vt 0.972641 0.894358
vt 0.898216 0.702461
vt 0.908545 0.702461
vt 0.921901 0.702461
vt 0.932230 0.702461
vt 0.938598 0.702461
vt 0.947788 0.702461
vt 0.960734 0.702461
vt 0.969924 0.702461
vt 0.900126 0.902354
vt 0.911408 0.902354
vt 0.922851 0.902354
vt 0.934134 0.902354
vt 0.943219 0.902354
vt 0.951456 0.902354
vt 0.960880 0.902354
vt 0.969116 0.902354
vt 0.563389 0.787328
vt 0.570689 0.787328
vt 0.584040 0.787328
vt 0.597391 0.787328
vt 0.604690 0.787328
vt 0.610122 0.787328
vt 0.623063 0.787328
vt 0.636005 0.787328
vt 0.641436 0.787328
vt 0.563389 0.820145
vt 0.570825 0.820145
vt 0.584145 0.820145
vt 0.597465 0.820145
vt 0.604900 0.820145
vt 0.610298 0.820145
vt 0.623168 0.820145
vt 0.636039 0.820145
vt 0.641436 0.820145
vt 0.563389 0.852961
vt 0.570950 0.852961
vt 0.584244 0.852961
vt 0.597538 0.852961
vt 0.605098 0.852961
vt 0.610461 0.852961
vt 0.623267 0.852961
vt 0.636074 0.852961
vt 0.641436 0.852961
vt 0.563389 0.883955
vt 0.570885 0.883955
vt 0.584197 0.883955
vt 0.597509 0.883955
vt 0.605005 0.883955
vt 0.610376 0.883955
vt 0.623221 0.883955
vt 0.636066 0.883955
vt 0.641436 0.883955
vt 0.563389 0.911302
vt 0.570661 0.911302
vt 0.584030 0.911302
vt 0.597398 0.911302
vt 0.604670 0.911302
vt 0.610084 0.911302
vt 0.623053 0.911302
vt 0.636022 0.911302
vt 0.641436 0.911302
vt 0.563389 0.935003
vt 0.570402 0.935003
vt 0.583837 0.935003
vt 0.597273 0.935003
vt 0.604286 0.935003
vt 0.609750 0.935003
vt 0.622861 0.935003
vt 0.635971 0.935003
vt 0.641436 0.935003
vt 0.563389 0.955057
vt 0.570161 0.955057
vt 0.583660 0.955057
vt 0.597160 0.955057
vt 0.603931 0.955057
vt 0.609443 0.955057
vt 0.622684 0.955057
vt 0.635925 0.955057
vt 0.641436 0.955057
vt 0.563389 0.969642
vt 0.574508 0.969642
vt 0.585946 0.969642
vt 0.597384 0.969642
vt 0.608503 0.969642
vt 0.615549 0.969642
vt 0.624969 0.969642
vt 0.634390 0.969642
vt 0.641436 0.969642
vt 0.567039 0.779401
vt 0.577365 0.779401
vt 0.590715 0.779401
vt 0.601040 0.779401
vt 0.607406 0.779401
vt 0.616593 0.779401
vt 0.629534 0.779401
vt 0.638720 0.779401
vt 0.568949 0.977569
vt 0.580227 0.977569
vt 0.591665 0.977569
vt 0.602944 0.977569
vt 0.612026 0.977569
vt 0.620259 0.977569
vt 0.629680 0.977569
vt 0.637913 0.977569
vt 0.808594 0.710709
vt 0.815887 0.710709
vt 0.829225 0.710709
vt 0.842562 0.710709
vt 0.849855 0.710709
vt 0.855281 0.710709
vt 0.868210 0.710709
vt 0.881138 0.710709
vt 0.886565 0.710709
vt 0.808594 0.744856
vt 0.816022 0.744856
vt 0.829329 0.744856
vt 0.842636 0.744856
vt 0.850064 0.744856
vt 0.855457 0.744856
vt 0.868314 0.744856
vt 0.881172 0.744856
vt 0.886565 0.744856
vt 0.808594 0.779004
vt 0.816148 0.779004
vt 0.829428 0.779004
vt 0.842709 0.779004
vt 0.850262 0.779004
vt 0.855620 0.779004
vt 0.868413 0.779004
vt 0.881207 0.779004
vt 0.886565 0.779004
vt 0.808594 0.811254
vt 0.816083 0.811254
vt 0.829382 0.811254
vt 0.842681 0.811254
vt 0.850169 0.811254
vt 0.855535 0.811254
vt 0.868367 0.811254
vt 0.881199 0.811254
vt 0.886565 0.811254
vt 0.808594 0.839711
vt 0.815859 0.839711
vt 0.829214 0.839711
vt 0.842570 0.839711
vt 0.849834 0.839711
vt 0.855243 0.839711
vt 0.868199 0.839711
vt 0.881156 0.839711
vt 0.886565 0.839711
vt 0.808594 0.864373
vt 0.815600 0.864373
vt 0.829022 0.864373
vt 0.842445 0.864373
vt 0.849450 0.864373
vt 0.854910 0.864373
vt 0.868007 0.864373
vt 0.881105 0.864373
vt 0.886565 0.864373
vt 0.808594 0.885241
vt 0.815359 0.885241
vt 0.828845 0.885241
vt 0.842331 0.885241
vt 0.849097 0.885241
vt 0.854603 0.885241
vt 0.867831 0.885241
vt 0.881058 0.885241
vt 0.886565 0.885241
vt 0.808594 0.900417
vt 0.819702 0.900417
vt 0.831129 0.900417
vt 0.842556 0.900417
vt 0.853663 0.900417
vt 0.860703 0.900417
vt 0.870114 0.900417
vt 0.879525 0.900417
vt 0.886565 0.900417
vt 0.812241 0.702461
vt 0.822556 0.702461
vt 0.835893 0.702461
vt 0.846208 0.702461
vt 0.852568 0.702461
vt 0.861745 0.702461
vt 0.874674 0.702461
vt 0.883852 0.702461
vt 0.814148 0.908666
vt 0.825415 0.908666
vt 0.836842 0.908666
vt 0.848110 0.908666
vt 0.857183 0.908666
vt 0.865408 0.908666
vt 0.874819 0.908666
vt 0.883045 0.908666
vt 0.649186 0.556674
vt 0.656464 0.556674
vt 0.669773 0.556674
vt 0.683083 0.556674
vt 0.690361 0.556674
vt 0.695776 0.556674
vt 0.708678 0.556674
vt 0.721580 0.556674
vt 0.726995 0.556674
vt 0.649186 0.593707
vt 0.656598 0.593707
vt 0.669878 0.593707
vt 0.683157 0.593707
vt 0.690570 0.593707
vt 0.695951 0.593707
vt 0.708782 0.593707
vt 0.721614 0.593707
vt 0.726995 0.593707
vt 0.649186 0.630741
vt 0.656723 0.630741
vt 0.669977 0.630741
vt 0.683230 0.630741
vt 0.690768 0.630741
vt 0.696114 0.630741
vt 0.708881 0.630741
vt 0.721649 0.630741
vt 0.726995 0.630741
vt 0.649186 0.665717
vt 0.656659 0.665717
vt 0.669930 0.665717
vt 0.683202 0.665717
vt 0.690675 0.665717
vt 0.696029 0.665717
vt 0.708835 0.665717
vt 0.721641 0.665717
vt 0.726995 0.665717
vt 0.649186 0.696578
vt 0.656435 0.696578
vt 0.669763 0.696578
vt 0.683091 0.696578
vt 0.690340 0.696578
vt 0.695738 0.696578
vt 0.708668 0.696578
vt 0.721597 0.696578
vt 0.726995 0.696578
vt 0.649186 0.723324
vt 0.656177 0.723324
vt 0.669572 0.723324
vt 0.682966 0.723324
vt 0.689957 0.723324
vt 0.695405 0.723324
vt 0.708476 0.723324
vt 0.721547 0.723324
vt 0.726995 0.723324
vt 0.649186 0.745956
vt 0.655937 0.745956
vt 0.669395 0.745956
vt 0.682853 0.745956
vt 0.689604 0.745956
vt 0.695099 0.745956
vt 0.708300 0.745956
vt 0.721500 0.745956
vt 0.726995 0.745956
vt 0.649186 0.762415
vt 0.660270 0.762415
vt 0.671674 0.762415
vt 0.683077 0.762415
vt 0.694162 0.762415
vt 0.701187 0.762415
vt 0.710578 0.762415
vt 0.719970 0.762415
vt 0.726995 0.762415
vt 0.652825 0.547729
vt 0.663118 0.547729
vt 0.676428 0.547729
vt 0.686722 0.547729
vt 0.693069 0.547729
vt 0.702227 0.547729
vt 0.715129 0.547729
vt 0.724287 0.547729
vt 0.654728 0.771361
vt 0.665972 0.771361
vt 0.677375 0.771361
vt 0.688619 0.771361
vt 0.697674 0.771361
vt 0.705883 0.771361
vt 0.715274 0.771361
vt 0.723482 0.771361
vt 0.734995 0.558085
vt 0.741552 0.558085
vt 0.752630 0.558085
vt 0.763708 0.558085
vt 0.770265 0.558085
vt 0.774828 0.558085
vt 0.785430 0.558085
vt 0.796031 0.558085
vt 0.800594 0.558085
vt 0.734995 0.591431
vt 0.741718 0.591431
vt 0.752763 0.591431
vt 0.763809 0.591431
vt 0.770532 0.591431
vt 0.775049 0.591431
vt 0.785563 0.591431
vt 0.796077 0.591431
vt 0.800594 0.591431
vt 0.734995 0.624778
vt 0.741602 0.624778
vt 0.752685 0.624778
vt 0.763767 0.624778
vt 0.770375 0.624778
vt 0.774894 0.624778
vt 0.785484 0.624778
vt 0.796075 0.624778
vt 0.800594 0.624778
vt 0.734995 0.658125
vt 0.741362 0.658125
vt 0.752508 0.658125
vt 0.763654 0.658125
vt 0.770021 0.658125
vt 0.774577 0.658125
vt 0.785308 0.658125
vt 0.796038 0.658125
vt 0.800594 0.658125
vt 0.734995 0.691472
vt 0.741268 0.691472
vt 0.752439 0.691472
vt 0.763610 0.691472
vt 0.769882 0.691472
vt 0.774453 0.691472
vt 0.785238 0.691472
vt 0.796023 0.691472
vt 0.800594 0.691472
vt 0.734995 0.722436
vt 0.741129 0.722436
vt 0.752337 0.722436
vt 0.763546 0.722436
vt 0.769680 0.722436
vt 0.774272 0.722436
vt 0.785137 0.722436
vt 0.796002 0.722436
vt 0.800594 0.722436
vt 0.734995 0.751019
vt 0.740927 0.751019
vt 0.752192 0.751019
vt 0.763456 0.751019
vt 0.769388 0.751019
vt 0.774012 0.751019
vt 0.784991 0.751019
vt 0.795970 0.751019
vt 0.800594 0.751019
vt 0.734995 0.774838
vt 0.740645 0.774838
vt 0.751989 0.774838
vt 0.763333 0.774838
vt 0.768983 0.774838
vt 0.773652 0.774838
vt 0.784789 0.774838
vt 0.795926 0.774838
vt 0.800594 0.774838
vt 0.734995 0.796276
vt 0.744340 0.796276
vt 0.753954 0.796276
vt 0.763568 0.796276
vt 0.772913 0.796276
vt 0.778836 0.796276
vt 0.786754 0.796276
vt 0.794672 0.796276
vt 0.800594 0.796276
vt 0.738273 0.547729
vt 0.747091 0.547729
vt 0.758169 0.547729
vt 0.766987 0.547729
vt 0.772546 0.547729
vt 0.780129 0.547729
vt 0.790731 0.547729
vt 0.798313 0.547729
vt 0.739667 0.806632
vt 0.749147 0.806632
vt 0.758761 0.806632
vt 0.768241 0.806632
vt 0.775875 0.806632
vt 0.782795 0.806632
vt 0.790713 0.806632
vt 0.797633 0.806632
vt 0.129022 0.670202
vt 0.135587 0.670202
vt 0.146679 0.670202
vt 0.157771 0.670202
vt 0.164336 0.670202
vt 0.168905 0.670202
vt 0.179520 0.670202
vt 0.190135 0.670202
vt 0.194704 0.670202
vt 0.129022 0.703506
vt 0.135753 0.703506
vt 0.146813 0.703506
vt 0.157872 0.703506
vt 0.164603 0.703506
vt 0.169126 0.703506
vt 0.179653 0.703506
vt 0.190181 0.703506
vt 0.194704 0.703506
vt 0.129022 0.736811
vt 0.135637 0.736811
vt 0.146734 0.736811
vt 0.157831 0.736811
vt 0.164446 0.736811
vt 0.168971 0.736811
vt 0.179575 0.736811
vt 0.190178 0.736811
vt 0.194704 0.736811
vt 0.129022 0.770116
vt 0.135397 0.770116
vt 0.146557 0.770116
vt 0.157717 0.770116
vt 0.164092 0.770116
vt 0.168654 0.770116
vt 0.179398 0.770116
vt 0.190142 0.770116
vt 0.194704 0.770116
vt 0.129022 0.803421
vt 0.135303 0.803421
vt 0.146488 0.803421
vt 0.157673 0.803421
vt 0.163953 0.803421
vt 0.168530 0.803421
vt 0.179328 0.803421
vt 0.190127 0.803421
vt 0.194704 0.803421
vt 0.129022 0.834346
vt 0.135163 0.834346
vt 0.146386 0.834346
vt 0.157609 0.834346
vt 0.163750 0.834346
vt 0.168349 0.834346
vt 0.179227 0.834346
vt 0.190105 0.834346
vt 0.194704 0.834346
vt 0.129022 0.862893
vt 0.134962 0.862893
vt 0.146240 0.862893
vt 0.157518 0.862893
vt 0.163458 0.862893
vt 0.168088 0.862893
vt 0.179081 0.862893
vt 0.190074 0.862893
vt 0.194704 0.862893
vt 0.129022 0.886682
vt 0.134679 0.886682
vt 0.146038 0.886682
vt 0.157396 0.886682
vt 0.163053 0.886682
vt 0.167727 0.886682
vt 0.178878 0.886682
vt 0.190029 0.886682
vt 0.194704 0.886682
vt 0.129022 0.908093
vt 0.138379 0.908093
vt 0.148005 0.908093
vt 0.157631 0.908093
vt 0.166988 0.908093
vt 0.172918 0.908093
vt 0.180846 0.908093
vt 0.188774 0.908093
vt 0.194704 0.908093
vt 0.132304 0.659859
vt 0.141133 0.659859
vt 0.152225 0.659859
vt 0.161054 0.659859
vt 0.166621 0.659859
vt 0.174212 0.659859
vt 0.184828 0.659859
vt 0.192419 0.659859
vt 0.133700 0.918436
vt 0.143192 0.918436
vt 0.152818 0.918436
vt 0.162309 0.918436
vt 0.169953 0.918436
vt 0.176882 0.918436
vt 0.184810 0.918436
vt 0.191739 0.918436
vt 0.811536 0.383177
vt 0.830696 0.383177
vt 0.855184 0.383177
vt 0.874344 0.383177
vt 0.886711 0.383177
vt 0.911199 0.383177
vt 0.923566 0.383177
vt 0.811536 0.424941
vt 0.828575 0.424941
vt 0.854496 0.424941
vt 0.871535 0.424941
vt 0.884590 0.424941
vt 0.910511 0.424941
vt 0.923566 0.424941
vt 0.811536 0.457755
vt 0.827398 0.457755
vt 0.854115 0.457755
vt 0.869977 0.457755
vt 0.883413 0.457755
vt 0.910130 0.457755
vt 0.923566 0.457755
vt 0.811536 0.487586
vt 0.826944 0.487586
vt 0.853970 0.487586
vt 0.869377 0.487586
vt 0.882959 0.487586
vt 0.909985 0.487586
vt 0.923566 0.487586
vt 0.811536 0.520401
vt 0.826731 0.520401
vt 0.853904 0.520401
vt 0.869099 0.520401
vt 0.882746 0.520401
vt 0.909919 0.520401
vt 0.923566 0.520401
vt 0.811536 0.562165
vt 0.826691 0.562165
vt 0.853892 0.562165
vt 0.869046 0.562165
vt 0.882706 0.562165
vt 0.909907 0.562165
vt 0.923566 0.562165
vt 0.811536 0.606912
vt 0.826622 0.606912
vt 0.853871 0.606912
vt 0.868957 0.606912
vt 0.882637 0.606912
vt 0.909886 0.606912
vt 0.923566 0.606912
vt 0.811536 0.648676
vt 0.826489 0.648676
vt 0.853832 0.648676
vt 0.868785 0.648676
vt 0.882504 0.648676
vt 0.909847 0.648676
vt 0.923566 0.648676
vt 0.811536 0.681491
vt 0.840102 0.681491
vt 0.858121 0.681491
vt 0.886688 0.681491
vt 0.896117 0.681491
vt 0.914136 0.681491
vt 0.923566 0.681491
vt 0.821116 0.370206
vt 0.842940 0.370206
vt 0.864764 0.370206
vt 0.880527 0.370206
vt 0.898955 0.370206
vt 0.917383 0.370206
vt 0.825819 0.694461
vt 0.849112 0.694461
vt 0.872405 0.694461
vt 0.891403 0.694461
vt 0.905127 0.694461
vt 0.918851 0.694461
vt 0.811536 0.022168
vt 0.831590 0.022168
vt 0.857222 0.022168
vt 0.877276 0.022168
vt 0.890220 0.022168
vt 0.915852 0.022168
vt 0.928797 0.022168
vt 0.811536 0.067790
vt 0.829244 0.067790
vt 0.856463 0.067790
vt 0.874171 0.067790
vt 0.887875 0.067790
vt 0.915093 0.067790
vt 0.928797 0.067790
vt 0.811536 0.103636
vt 0.828008 0.103636
vt 0.856064 0.103636
vt 0.872536 0.103636
vt 0.886639 0.103636
vt 0.914694 0.103636
vt 0.928797 0.103636
vt 0.811536 0.136223
vt 0.827547 0.136223
vt 0.855916 0.136223
vt 0.871927 0.136223
vt 0.886177 0.136223
vt 0.914547 0.136223
vt 0.928797 0.136223
vt 0.811536 0.172068
vt 0.827336 0.172068
vt 0.855851 0.172068
vt 0.871651 0.172068
vt 0.885966 0.172068
vt 0.914481 0.172068
vt 0.928797 0.172068
vt 0.811536 0.217690
vt 0.827297 0.217690
vt 0.855839 0.217690
vt 0.871600 0.217690
vt 0.885927 0.217690
vt 0.914469 0.217690
vt 0.928797 0.217690
vt 0.811536 0.266571
vt 0.827230 0.266571
vt 0.855819 0.266571
vt 0.871513 0.266571
vt 0.885860 0.266571
vt 0.914450 0.266571
vt 0.928797 0.266571
vt 0.811536 0.312193
vt 0.827102 0.312193
vt 0.855781 0.312193
vt 0.871348 0.312193
vt 0.885733 0.312193
vt 0.914411 0.312193
vt 0.928797 0.312193
vt 0.811536 0.348038
vt 0.841436 0.348038
vt 0.860296 0.348038
vt 0.890197 0.348038
vt 0.900067 0.348038
vt 0.918927 0.348038
vt 0.928797 0.348038
vt 0.821563 0.008000
vt 0.844406 0.008000
vt 0.867249 0.008000
vt 0.883748 0.008000
vt 0.903036 0.008000
vt 0.922324 0.008000
vt 0.826486 0.362206
vt 0.850866 0.362206
vt 0.875247 0.362206
vt 0.895132 0.362206
vt 0.909497 0.362206
vt 0.923862 0.362206
vt 0.690447 0.022743
vt 0.709788 0.022743
vt 0.734508 0.022743
vt 0.753849 0.022743
vt 0.766332 0.022743
vt 0.791052 0.022743
vt 0.803536 0.022743
vt 0.690447 0.070217
vt 0.707648 0.070217
vt 0.733813 0.070217
vt 0.751013 0.070217
vt 0.764192 0.070217
vt 0.790357 0.070217
vt 0.803536 0.070217
vt 0.690447 0.107518
vt 0.706459 0.107518
vt 0.733429 0.107518
vt 0.749441 0.107518
vt 0.763004 0.107518
vt 0.789973 0.107518
vt 0.803536 0.107518
vt 0.690447 0.141428
vt 0.706001 0.141428
vt 0.733282 0.141428
vt 0.748835 0.141428
vt 0.762545 0.141428
vt 0.789826 0.141428
vt 0.803536 0.141428
vt 0.690447 0.178729
vt 0.705786 0.178729
vt 0.733216 0.178729
vt 0.748555 0.178729
vt 0.762331 0.178729
vt 0.789760 0.178729
vt 0.803536 0.178729
vt 0.690447 0.226203
vt 0.705745 0.226203
vt 0.733203 0.226203
vt 0.748501 0.226203
vt 0.762289 0.226203
vt 0.789748 0.226203
vt 0.803536 0.226203
vt 0.690447 0.277067
vt 0.705676 0.277067
vt 0.733183 0.277067
vt 0.748411 0.277067
vt 0.762220 0.277067
vt 0.789727 0.277067
vt 0.803536 0.277067
vt 0.690447 0.324541
vt 0.705542 0.324541
vt 0.733143 0.324541
vt 0.748237 0.324541
vt 0.762086 0.324541
vt 0.789687 0.324541
vt 0.803536 0.324541
vt 0.690447 0.361842
vt 0.719284 0.361842
vt 0.737473 0.361842
vt 0.766309 0.361842
vt 0.775828 0.361842
vt 0.794017 0.361842
vt 0.803536 0.361842
vt 0.700118 0.008000
vt 0.722148 0.008000
vt 0.744178 0.008000
vt 0.760090 0.008000
vt 0.778692 0.008000
vt 0.797294 0.008000
vt 0.704866 0.376585
vt 0.728378 0.376585
vt 0.751891 0.376585
vt 0.771069 0.376585
vt 0.784923 0.376585
vt 0.798777 0.376585
vt 0.008000 0.316052
vt 0.027329 0.316052
vt 0.052035 0.316052
vt 0.071364 0.316052
vt 0.083840 0.316052
vt 0.108546 0.316052
vt 0.121022 0.316052
vt 0.008000 0.362995
vt 0.025190 0.362995
vt 0.051340 0.362995
vt 0.068530 0.362995
vt 0.081701 0.362995
vt 0.107851 0.362995
vt 0.121022 0.362995
vt 0.008000 0.399879
vt 0.024003 0.399879
vt 0.050956 0.399879
vt 0.066959 0.399879
vt 0.080514 0.399879
vt 0.107467 0.399879
vt 0.121022 0.399879
vt 0.008000 0.433410
vt 0.023544 0.433410
vt 0.050810 0.433410
vt 0.066354 0.433410
vt 0.080055 0.433410
vt 0.107321 0.433410
vt 0.121022 0.433410
vt 0.008000 0.470293
vt 0.023330 0.470293
vt 0.050743 0.470293
vt 0.066073 0.470293
vt 0.079841 0.470293
vt 0.107254 0.470293
vt 0.121022 0.470293
vt 0.008000 0.517236
vt 0.023289 0.517236
vt 0.050731 0.517236
vt 0.066020 0.517236
vt 0.079800 0.517236
vt 0.107242 0.517236
vt 0.121022 0.517236
vt 0.008000 0.567532
vt 0.023219 0.567532
vt 0.050710 0.567532
vt 0.065929 0.567532
vt 0.079730 0.567532
vt 0.107221 0.567532
vt 0.121022 0.567532
vt 0.008000 0.614475
vt 0.023086 0.614475
vt 0.050670 0.614475
vt 0.065756 0.614475
vt 0.079597 0.614475
vt 0.107181 0.614475
vt 0.121022 0.614475
vt 0.008000 0.651359
vt 0.036819 0.651359
vt 0.054998 0.651359
vt 0.083817 0.651359
vt 0.093330 0.651359
vt 0.111509 0.651359
vt 0.121022 0.651359
vt 0.017665 0.301474
vt 0.039682 0.301474
vt 0.061699 0.301474
vt 0.077602 0.301474
vt 0.096193 0.301474
vt 0.114784 0.301474
vt 0.022410 0.665938
vt 0.045909 0.665938
vt 0.069408 0.665938
vt 0.088574 0.665938
vt 0.102420 0.665938
vt 0.116265 0.665938
vt 0.129022 0.315489
vt 0.149048 0.315489
vt 0.174644 0.315489
vt 0.194670 0.315489
vt 0.207596 0.315489
vt 0.233192 0.315489
vt 0.246118 0.315489
vt 0.129022 0.360619
vt 0.146706 0.360619
vt 0.173886 0.360619
vt 0.191569 0.360619
vt 0.205254 0.360619
vt 0.232434 0.360619
vt 0.246118 0.360619
vt 0.129022 0.396078
vt 0.145471 0.396078
vt 0.173487 0.396078
vt 0.189937 0.396078
vt 0.204020 0.396078
vt 0.232036 0.396078
vt 0.246118 0.396078
vt 0.129022 0.428313
vt 0.145011 0.428313
vt 0.173340 0.428313
vt 0.189329 0.428313
vt 0.203559 0.428313
vt 0.231888 0.428313
vt 0.246118 0.428313
vt 0.129022 0.463772
vt 0.144800 0.463772
vt 0.173275 0.463772
vt 0.189053 0.463772
vt 0.203348 0.463772
vt 0.231823 0.463772
vt 0.246118 0.463772
vt 0.129022 0.508902
vt 0.144761 0.508902
vt 0.173263 0.508902
vt 0.189002 0.508902
vt 0.203309 0.508902
vt 0.231811 0.508902
vt 0.246118 0.508902
vt 0.129022 0.557255
vt 0.144694 0.557255
vt 0.173243 0.557255
vt 0.188916 0.557255
vt 0.203242 0.557255
vt 0.231791 0.557255
vt 0.246118 0.557255
vt 0.129022 0.602384
vt 0.144567 0.602384
vt 0.173205 0.602384
vt 0.188750 0.602384
vt 0.203115 0.602384
vt 0.231753 0.602384
vt 0.246118 0.602384
vt 0.129022 0.637843
vt 0.158880 0.637843
vt 0.177714 0.637843
vt 0.207573 0.637843
vt 0.217429 0.637843
vt 0.236262 0.637843
vt 0.246118 0.637843
vt 0.139035 0.301474
vt 0.161846 0.301474
vt 0.184657 0.301474
vt 0.201133 0.301474
vt 0.220394 0.301474
vt 0.239655 0.301474
vt 0.143951 0.651859
vt 0.168297 0.651859
vt 0.192643 0.651859
vt 0.212501 0.651859
vt 0.226846 0.651859
vt 0.241190 0.651859
vt 0.254118 0.477614
vt 0.273237 0.477614
vt 0.297672 0.477614
vt 0.316790 0.477614
vt 0.329130 0.477614
vt 0.353566 0.477614
vt 0.365906 0.477614
vt 0.254118 0.519467
vt 0.271121 0.519467
vt 0.296985 0.519467
vt 0.313988 0.519467
vt 0.327014 0.519467
vt 0.352879 0.519467
vt 0.365906 0.519467
vt 0.254118 0.552351
vt 0.269946 0.552351
vt 0.296606 0.552351
vt 0.312433 0.552351
vt 0.325840 0.552351
vt 0.352499 0.552351
vt 0.365906 0.552351
vt 0.254118 0.582245
vt 0.269493 0.582245
vt 0.296460 0.582245
vt 0.311835 0.582245
vt 0.325387 0.582245
vt 0.352354 0.582245
vt 0.365906 0.582245
vt 0.254118 0.615129
vt 0.269281 0.615129
vt 0.296395 0.615129
vt 0.311557 0.615129
vt 0.325175 0.615129
vt 0.352288 0.615129
vt 0.365906 0.615129
vt 0.254118 0.656982
vt 0.269240 0.656982
vt 0.296383 0.656982
vt 0.311504 0.656982
vt 0.325134 0.656982
vt 0.352276 0.656982
vt 0.365906 0.656982
vt 0.254118 0.701823
vt 0.269171 0.701823
vt 0.296362 0.701823
vt 0.311415 0.701823
vt 0.325065 0.701823
vt 0.352256 0.701823
vt 0.365906 0.701823
vt 0.254118 0.743676
vt 0.269039 0.743676
vt 0.296323 0.743676
vt 0.311243 0.743676
vt 0.324933 0.743676
vt 0.352216 0.743676
vt 0.365906 0.743676
vt 0.254118 0.776560
vt 0.282623 0.776560
vt 0.300603 0.776560
vt 0.329108 0.776560
vt 0.338517 0.776560
vt 0.356497 0.776560
vt 0.365906 0.776560
vt 0.263678 0.464617
vt 0.285454 0.464617
vt 0.307231 0.464617
vt 0.322960 0.464617
vt 0.341348 0.464617
vt 0.359736 0.464617
vt 0.268371 0.789557
vt 0.291613 0.789557
vt 0.314855 0.789557
vt 0.333812 0.789557
vt 0.347507 0.789557
vt 0.361201 0.789557
vt 0.202704 0.803628
vt 0.216281 0.803628
vt 0.233635 0.803628
vt 0.247212 0.803628
vt 0.255976 0.803628
vt 0.273330 0.803628
vt 0.282094 0.803628
vt 0.202704 0.831552
vt 0.215168 0.831552
vt 0.233255 0.831552
vt 0.245719 0.831552
vt 0.254863 0.831552
vt 0.272950 0.831552
vt 0.282094 0.831552
vt 0.202704 0.859476
vt 0.214483 0.859476
vt 0.233027 0.859476
vt 0.244807 0.859476
vt 0.254178 0.859476
vt 0.272722 0.859476
vt 0.282094 0.859476
vt 0.202704 0.884607
vt 0.214346 0.884607
vt 0.232986 0.884607
vt 0.244628 0.884607
vt 0.254041 0.884607
vt 0.272681 0.884607
vt 0.282094 0.884607
vt 0.202704 0.906946
vt 0.214251 0.906946
vt 0.232958 0.906946
vt 0.244505 0.906946
vt 0.253946 0.906946
vt 0.272653 0.906946
vt 0.282094 0.906946
vt 0.202704 0.926493
vt 0.214079 0.926493
vt 0.232907 0.926493
vt 0.244282 0.926493
vt 0.253774 0.926493
vt 0.272602 0.926493
vt 0.282094 0.926493
vt 0.202704 0.943247
vt 0.222947 0.943247
vt 0.235716 0.943247
vt 0.255960 0.943247
vt 0.262642 0.943247
vt 0.275411 0.943247
vt 0.282094 0.943247
vt 0.209492 0.797557
vt 0.224958 0.797557
vt 0.240424 0.797557
vt 0.251594 0.797557
vt 0.264653 0.797557
vt 0.277712 0.797557
vt 0.212826 0.949318
vt 0.229332 0.949318
vt 0.245838 0.949318
vt 0.259301 0.949318
vt 0.269027 0.949318
vt 0.278753 0.949318
vt 0.649436 0.820685
vt 0.663051 0.820685
vt 0.680454 0.820685
vt 0.694069 0.820685
vt 0.702857 0.820685
vt 0.720259 0.820685
vt 0.729047 0.820685
vt 0.649436 0.848531
vt 0.661935 0.848531
vt 0.680073 0.848531
vt 0.692572 0.848531
vt 0.701740 0.848531
vt 0.719878 0.848531
vt 0.729047 0.848531
vt 0.649436 0.876378
vt 0.661249 0.876378
vt 0.679844 0.876378
vt 0.691656 0.876378
vt 0.701054 0.876378
vt 0.719649 0.876378
vt 0.729047 0.876378
vt 0.649436 0.901439
vt 0.661111 0.901439
vt 0.679802 0.901439
vt 0.691477 0.901439
vt 0.700916 0.901439
vt 0.719608 0.901439
vt 0.729047 0.901439
vt 0.649436 0.923716
vt 0.661016 0.923716
vt 0.679775 0.923716
vt 0.691354 0.923716
vt 0.700821 0.923716
vt 0.719580 0.923716
vt 0.729047 0.923716
vt 0.649436 0.943208
vt 0.660843 0.943208
vt 0.679724 0.943208
vt 0.691130 0.943208
vt 0.700648 0.943208
vt 0.719529 0.943208
vt 0.729047 0.943208
vt 0.649436 0.959916
vt 0.669736 0.959916
vt 0.682541 0.959916
vt 0.702841 0.959916
vt 0.709542 0.959916
vt 0.722346 0.959916
vt 0.729047 0.959916
vt 0.656244 0.814632
vt 0.671752 0.814632
vt 0.687261 0.814632
vt 0.698463 0.814632
vt 0.711558 0.814632
vt 0.724653 0.814632
vt 0.659586 0.965970
vt 0.676139 0.965970
vt 0.692691 0.965970
vt 0.706191 0.965970
vt 0.715944 0.965970
vt 0.725697 0.965970
vn -0.00196 0.99886 0.04759
vn -0.01120 0.99886 0.04630
vn -0.02002 0.99886 0.04322
vn -0.02807 0.99886 0.03849
vn -0.03504 0.99886 0.03227
vn -0.04066 0.99886 0.02482
vn -0.04472 0.99886 0.01641
vn -0.04706 0.99886 0.00737
vn -0.04759 0.99886 -0.00196
vn -0.04630 0.99886 -0.01120
vn -0.04322 0.99886 -0.02002
vn -0.03849 0.99886 -0.02807
vn -0.03227 0.99886 -0.03504
vn -0.02482 0.99886 -0.04066
vn -0.01641 0.99886 -0.04472
vn -0.00737 0.99886 -0.04706
vn 0.00196 0.99886 -0.04759
vn 0.01120 0.99886 -0.04630
vn 0.02002 0.99886 -0.04322
vn 0.02807 0.99886 -0.03849
vn 0.03504 0.99886 -0.03227
vn 0.04066 0.99886 -0.02482
vn 0.04472 0.99886 -0.01641
vn 0.04706 0.99886 -0.00737
vn 0.04759 0.99886 0.00196
vn 0.04630 0.99886 0.01120
vn 0.04322 0.99886 0.02002
vn 0.03849 0.99886 0.02807
vn 0.03227 0.99886 0.03504
vn 0.02482 0.99886 0.04066
vn 0.01641 0.99886 0.04472
vn 0.00737 0.99886 0.04706
vn -0.00126 0.99757 0.06967
vn -0.01483 0.99757 0.06809
vn -0.02783 0.99757 0.06389
vn -0.03976 0.99757 0.05723
vn -0.05016 0.99757 0.04837
vn -0.05863 0.99757 0.03766
vn -0.06485 0.99757 0.02550
vn -0.06858 0.99757 0.01235
vn -0.06967 0.99757 -0.00126
vn -0.06809 0.99757 -0.01483
vn -0.06389 0.99757 -0.02783
vn -0.05723 0.99757 -0.03976
vn -0.04837 0.99757 -0.05016
vn -0.03766 0.99757 -0.05863
vn -0.02550 0.99757 -0.06485
vn -0.01235 0.99757 -0.06858
vn 0.00126 0.99757 -0.06967
vn 0.01483 0.99757 -0.06809
vn 0.02783 0.99757 -0.06389
vn 0.03976 0.99757 -0.05723
vn 0.05016 0.99757 -0.04837
vn 0.05863 0.99757 -0.03766
vn 0.06485 0.99757 -0.02550
vn 0.06858 0.99757 -0.01235
vn 0.06967 0.99757 0.00126
vn 0.06809 0.99757 0.01483
vn 0.06389 0.99757 0.02783
vn 0.05723 0.99757 0.03976
vn 0.04837 0.99757 0.05016
vn 0.03766 0.99757 0.05863
vn 0.02550 0.99757 0.06485
vn 0.01235 0.99757 0.06858
vn -0.00170 0.99525 0.09729
vn -0.02065 0.99525 0.09509
vn -0.03880 0.99525 0.08924
vn -0.05546 0.99525 0.07995
vn -0.07000 0.99525 0.06760
vn -0.08184 0.99525 0.05264
vn -0.09054 0.99525 0.03566
vn -0.09575 0.99525 0.01732
vn -0.09729 0.99525 -0.00170
vn -0.09509 0.99525 -0.02065
vn -0.08924 0.99525 -0.03880
vn -0.07995 0.99525 -0.05546
vn -0.06760 0.99525 -0.07000
vn -0.05264 0.99525 -0.08184
vn -0.03566 0.99525 -0.09054
vn -0.01732 0.99525 -0.09575
vn 0.00170 0.99525 -0.09729
vn 0.02065 0.99525 -0.09509
vn 0.03880 0.99525 -0.08924
vn 0.05546 0.99525 -0.07995
vn 0.07000 0.99525 -0.06760
vn 0.08184 0.99525 -0.05264
vn 0.09054 0.99525 -0.03566
vn 0.09575 0.99525 -0.01732
vn 0.09729 0.99525 0.00170
vn 0.09509 0.99525 0.02065
vn 0.08924 0.99525 0.03880
vn 0.07995 0.99525 0.05546
vn 0.06760 0.99525 0.07000
vn 0.05264 0.99525 0.08184
vn 0.03566 0.99525 0.09054
vn 0.01732 0.99525 0.09575
vn -0.00677 0.96489 0.26258
vn -0.05786 0.96489 0.25622
vn -0.10674 0.96489 0.24001
vn -0.15151 0.96489 0.21457
vn -0.19046 0.96489 0.18089
vn -0.22209 0.96489 0.14026
vn -0.24519 0.96489 0.09424
vn -0.25886 0.96489 0.04459
vn -0.26258 0.96489 -0.00677
vn -0.25622 0.96489 -0.05786
vn -0.24001 0.96489 -0.10674
vn -0.21457 0.96489 -0.15151
vn -0.18089 0.96489 -0.19046
vn -0.14026 0.96489 -0.22209
vn -0.09424 0.96489 -0.24519
vn -0.04459 0.96489 -0.25886
vn 0.00677 0.96489 -0.26258
vn 0.05786 0.96489 -0.25622
vn 0.10674 0.96489 -0.24001
vn 0.15151 0.96489 -0.21457
vn 0.19046 0.96489 -0.18089
vn 0.22209 0.96489 -0.14026
vn 0.24519 0.96489 -0.09424
vn 0.25886 0.96489 -0.04459
vn 0.26258 0.96489 0.00677
vn 0.25622 0.96489 0.05786
vn 0.24001 0.96489 0.10674
vn 0.21457 0.96489 0.15151
vn 0.18089 0.96489 0.19046
vn 0.14026 0.96489 0.22209
vn 0.09424 0.96489 0.24519
vn 0.04459 0.96489 0.25886
vn -0.00754 0.84863 0.52893
vn -0.11059 0.84863 0.51730
vn -0.20938 0.84863 0.48579
vn -0.30013 0.84863 0.43560
vn -0.37934 0.84863 0.36868
vn -0.44398 0.84863 0.28759
vn -0.49156 0.84863 0.19545
vn -0.52024 0.84863 0.09579
vn -0.52893 0.84863 -0.00754
vn -0.51730 0.84863 -0.11059
vn -0.48579 0.84863 -0.20938
vn -0.43560 0.84863 -0.30013
vn -0.36868 0.84863 -0.37934
vn -0.28759 0.84863 -0.44398
vn -0.19545 0.84863 -0.49156
vn -0.09579 0.84863 -0.52024
vn 0.00754 0.84863 -0.52893
vn 0.11059 0.84863 -0.51730
vn 0.20938 0.84863 -0.48579
vn 0.30013 0.84863 -0.43560
vn 0.37934 0.84863 -0.36868
vn 0.44398 0.84863 -0.28759
vn 0.49156 0.84863 -0.19545
vn 0.52024 0.84863 -0.09579
vn 0.52893 0.84863 0.00754
vn 0.51730 0.84863 0.11059
vn 0.48579 0.84863 0.20938
vn 0.43560 0.84863 0.30013
vn 0.36868 0.84863 0.37934
vn 0.28759 0.84863 0.44398
vn 0.19545 0.84863 0.49156
vn 0.09579 0.84863 0.52024
vn -0.00617 0.64070 0.76776
vn -0.15584 0.64070 0.75181
vn -0.29951 0.64070 0.70696
vn -0.43168 0.64070 0.63494
vn -0.54726 0.64070 0.53853
vn -0.64180 0.64070 0.42142
vn -0.71168 0.64070 0.28811
vn -0.75422 0.64070 0.14373
vn -0.76776 0.64070 -0.00617
vn -0.75181 0.64070 -0.15584
vn -0.70696 0.64070 -0.29951
vn -0.63494 0.64070 -0.43168
vn -0.53853 0.64070 -0.54726
vn -0.42142 0.64070 -0.64180
vn -0.28811 0.64070 -0.71168
vn -0.14373 0.64070 -0.75422
vn 0.00617 0.64070 -0.76776
vn 0.15584 0.64070 -0.75181
vn 0.29951 0.64070 -0.70696
vn 0.43168 0.64070 -0.63494
vn 0.54726 0.64070 -0.53853
vn 0.64180 0.64070 -0.42142
vn 0.71168 0.64070 -0.28811
vn 0.75422 0.64070 -0.14373
vn 0.76776 0.64070 0.00617
vn 0.75181 0.64070 0.15584
vn 0.70696 0.64070 0.29951
vn 0.63494 0.64070 0.43168
vn 0.53853 0.64070 0.54726
vn 0.42142 0.64070 0.64180
vn 0.28811 0.64070 0.71168
vn 0.14373 0.64070 0.75422
vn -0.00524 0.34738 0.93771
vn -0.18808 0.34738 0.91867
vn -0.36369 0.34738 0.86433
vn -0.52532 0.34738 0.77677
vn -0.66677 0.34738 0.65936
vn -0.78259 0.34738 0.51661
vn -0.86834 0.34738 0.35401
vn -0.92071 0.34738 0.17780
vn -0.93771 0.34738 -0.00524
vn -0.91867 0.34738 -0.18808
vn -0.86433 0.34738 -0.36369
vn -0.77677 0.34738 -0.52532
vn -0.65936 0.34738 -0.66677
vn -0.51661 0.34738 -0.78259
vn -0.35401 0.34738 -0.86834
vn -0.17780 0.34738 -0.92071
vn 0.00524 0.34738 -0.93771
vn 0.18808 0.34738 -0.91867
vn 0.36369 0.34738 -0.86433
vn 0.52532 0.34738 -0.77677
vn 0.66677 0.34738 -0.65936
vn 0.78259 0.34738 -0.51661
vn 0.86834 0.34738 -0.35401
vn 0.92071 0.34738 -0.17780
vn 0.93771 0.34738 0.00524
vn 0.91867 0.34738 0.18808
vn 0.86433 0.34738 0.36369
vn 0.77677 0.34738 0.52532
vn 0.65936 0.34738 0.66677
vn 0.51661 0.34738 0.78259
vn 0.35401 0.34738 0.86834
vn 0.17780 0.34738 0.92071
vn -0.01485 0.05195 0.99854
vn -0.20910 0.05273 0.97647
vn -0.39494 0.05379 0.91713
vn -0.56505 0.05596 0.82316
vn -0.71373 0.05952 0.69789
vn -0.83473 0.06409 0.54692
vn -0.92388 0.07097 0.37604
vn -0.97812 0.08031 0.19190
vn -0.99585 0.09106 0.00045
vn -0.97654 0.10159 -0.18985
vn -0.92107 0.11412 -0.37231
vn -0.83145 0.12651 -0.54100
vn -0.71145 0.13720 -0.68921
vn -0.56368 0.14520 -0.81313
vn -0.39456 0.14649 -0.90712
vn -0.21041 0.14780 -0.96638
vn -0.01759 0.14824 -0.98879
vn 0.17614 0.14693 -0.97334
vn 0.36313 0.14563 -0.92029
vn 0.53877 0.14089 -0.83059
vn 0.69422 0.13001 -0.70792
vn 0.82280 0.11849 -0.55584
vn 0.91851 0.10565 -0.38103
vn 0.97701 0.09432 -0.19121
vn 0.99644 0.08399 0.00726
vn 0.97603 0.07383 0.20472
vn 0.91702 0.06613 0.39331
vn 0.82231 0.06081 0.56578
vn 0.69544 0.05710 0.71631
vn 0.54220 0.05432 0.83849
vn 0.36811 0.05299 0.92827
vn 0.17969 0.05220 0.98234
vn -0.00190 0.00000 1.00000
vn -0.19632 0.00000 0.98054
vn -0.38352 0.00000 0.92353
vn -0.55544 0.00000 0.83156
vn -0.70638 0.00000 0.70783
vn -0.83039 0.00000 0.55718
vn -0.92252 0.00000 0.38594
vn -0.97979 0.00000 0.20005
vn -0.99999 0.00000 0.00544
vn -0.98188 0.00000 -0.18953
vn -0.92659 0.00000 -0.37607
vn -0.83547 0.00000 -0.54954
vn -0.71218 0.00000 -0.70200
vn -0.55895 0.00000 -0.82920
vn -0.38210 0.00000 -0.92412
vn -0.19452 0.00000 -0.98090
vn 0.00199 0.00000 -1.00000
vn 0.19830 0.00000 -0.98014
vn 0.38566 0.00000 -0.92264
vn 0.56243 0.00000 -0.82684
vn 0.71484 0.00000 -0.69929
vn 0.83761 0.00000 -0.54627
vn 0.92802 0.00000 -0.37253
vn 0.98259 0.00000 -0.18580
vn 0.99996 0.00000 0.00934
vn 0.97902 0.00000 0.20378
vn 0.92105 0.00000 0.38944
vn 0.82827 0.00000 0.56034
vn 0.70365 0.00000 0.71055
vn 0.55227 0.00000 0.83366
vn 0.37997 0.00000 0.92500
vn 0.19253 0.00000 0.98129
vn 0.01401 -0.03979 0.99911
vn -0.18310 -0.04019 0.98227
vn -0.37371 -0.04110 0.92663
vn -0.55283 -0.04275 0.83220
vn -0.70665 -0.04600 0.70607
vn -0.83414 -0.05053 0.54923
vn -0.92781 -0.05757 0.36859
vn -0.98246 -0.06866 0.17335
vn -0.99617 -0.08502 -0.02050
vn -0.97024 -0.10485 -0.21826
vn -0.90376 -0.13216 -0.40713
vn -0.80337 -0.17100 -0.57040
vn -0.66823 -0.21728 -0.71152
vn -0.52857 -0.27249 -0.80396
vn -0.36841 -0.29873 -0.88036
vn -0.18855 -0.30820 -0.93245
vn -0.01201 -0.31624 -0.94860
vn 0.17037 -0.31119 -0.93495
vn 0.35062 -0.30155 -0.88664
vn 0.48923 -0.28507 -0.82425
vn 0.64475 -0.23336 -0.72790
vn 0.77878 -0.18431 -0.59960
vn 0.88777 -0.14268 -0.43762
vn 0.96218 -0.11194 -0.24834
vn 0.99411 -0.09068 -0.05940
vn 0.98729 -0.07303 0.14116
vn 0.93845 -0.06043 0.34009
vn 0.84952 -0.05231 0.52496
vn 0.72868 -0.04724 0.68322
vn 0.57600 -0.04355 0.81629
vn 0.40125 -0.04147 0.91503
vn 0.21408 -0.04044 0.97598
vn 0.01946 -0.43451 0.90046
vn -0.20009 -0.41445 0.88780
vn -0.39275 -0.40177 0.82724
vn -0.60120 -0.39511 0.69458
vn -0.74784 -0.41001 0.52214
vn -0.84539 -0.43405 0.31131
vn -0.88408 -0.46330 0.06124
vn -0.84552 -0.50672 -0.16832
vn -0.75962 -0.57216 -0.30921
vn -0.64388 -0.63707 -0.42375
vn -0.49589 -0.69406 -0.52190
vn -0.36795 -0.76039 -0.53518
vn -0.24797 -0.81241 -0.52774
vn -0.20235 -0.85672 -0.47442
vn -0.17057 -0.87581 -0.45150
vn -0.07763 -0.87930 -0.46991
vn -0.00993 -0.88199 -0.47116
vn 0.06287 -0.88091 -0.46909
vn 0.15549 -0.87743 -0.45381
vn 0.15733 -0.86264 -0.48073
vn 0.20645 -0.82699 -0.52294
vn 0.31048 -0.77635 -0.54853
vn 0.43795 -0.71453 -0.54558
vn 0.59647 -0.65838 -0.45909
vn 0.71502 -0.59086 -0.37367
vn 0.81725 -0.52780 -0.23138
vn 0.87651 -0.48138 0.00092
vn 0.85525 -0.44782 0.26077
vn 0.77557 -0.42098 0.47039
vn 0.63131 -0.41071 0.65785
vn 0.43459 -0.41807 0.79772
vn 0.25211 -0.42978 0.86702
vn 0.00365 -0.75799 -0.65226
vn 0.00583 -0.76290 -0.64649
vn 0.08776 -0.76578 -0.63709
vn 0.08430 -0.75885 -0.64579
vn 0.10396 -0.76545 -0.63504
vn 0.13588 -0.77082 -0.62239
vn 0.12886 -0.76187 -0.63479
vn 0.14446 -0.77208 -0.61889
vn 0.17036 -0.83053 -0.53028
vn 0.18715 -0.88235 -0.43178
vn 0.18240 -0.89989 -0.39613
vn 0.14558 -0.93601 -0.32045
vn 0.11225 -0.95768 -0.26506
vn 0.03369 -0.97698 -0.21064
vn -0.03698 -0.98647 -0.15969
vn -0.00608 -0.98567 -0.16856
vn 0.00008 -0.98521 -0.17138
vn 0.00477 -0.98568 -0.16853
vn 0.03569 -0.98648 -0.15992
vn -0.03060 -0.97787 -0.20696
vn -0.11459 -0.95783 -0.26350
vn -0.14734 -0.93701 -0.31671
vn -0.18638 -0.90006 -0.39390
vn -0.19187 -0.88146 -0.43153
vn -0.17604 -0.83144 -0.52699
vn -0.14984 -0.77040 -0.61970
vn -0.13252 -0.75921 -0.63721
vn -0.13665 -0.76766 -0.62612
vn -0.10592 -0.76349 -0.63707
vn -0.08162 -0.75528 -0.65030
vn -0.08584 -0.76287 -0.64083
vn -0.00566 -0.76031 -0.64953
vn 0.00000 1.00000 0.00000
vn -0.00000 -0.86027 -0.50984
vn 0.95082 -0.29959 -0.07862
vn 0.93979 -0.32340 0.11050
vn 0.88091 -0.37907 0.28337
vn 0.77995 -0.46116 0.42309
vn 0.64679 -0.56163 0.51598
vn 0.49447 -0.67065 0.55293
vn 0.33789 -0.77754 0.53034
vn 0.19238 -0.87185 0.45042
vn 0.07219 -0.94433 0.32098
vn -0.01091 -0.98790 0.15471
vn -0.04881 -0.99829 -0.03213
vn -0.03777 -0.97449 -0.22125
vn 0.02111 -0.91881 -0.39413
vn 0.12207 -0.83672 -0.53385
vn 0.25523 -0.73625 -0.62673
vn 0.40755 -0.62724 -0.66368
vn 0.56413 -0.52034 -0.64109
vn 0.70963 -0.42604 -0.56117
vn 0.82982 -0.35356 -0.43173
vn 0.91293 -0.30999 -0.26546
vn 0.97276 0.22974 -0.03090
vn 0.94818 0.18818 0.25600
vn 0.85128 0.09871 0.51534
vn 0.69155 -0.02992 0.72171
vn 0.48462 -0.18510 0.85492
vn 0.25074 -0.35165 0.90193
vn 0.01281 -0.51327 0.85813
vn -0.20587 -0.65414 0.72782
vn -0.38391 -0.76046 0.52375
vn -0.50388 -0.82183 0.26589
vn -0.55403 -0.83224 -0.02051
vn -0.52945 -0.79068 -0.30742
vn -0.43255 -0.70121 -0.56675
vn -0.27282 -0.57258 -0.77312
vn -0.06589 -0.41740 -0.90633
vn 0.16799 -0.25085 -0.95334
vn 0.40592 -0.08923 -0.90954
vn 0.62460 0.05164 -0.77923
vn 0.80264 0.15796 -0.57516
vn 0.92261 0.21933 -0.31730
vn 0.81862 0.57433 0.00122
vn 0.79053 0.52851 0.30943
vn 0.68480 0.43131 0.58739
vn 0.51179 0.29225 0.80787
vn 0.28843 0.12495 0.94931
vn 0.03658 -0.05422 0.99786
vn -0.21909 -0.22773 0.94876
vn -0.45358 -0.37858 0.80681
vn -0.64391 -0.49201 0.58593
vn -0.77146 -0.55691 0.30771
vn -0.82375 -0.56695 -0.00059
vn -0.79566 -0.52112 -0.30880
vn -0.68993 -0.42392 -0.58676
vn -0.51692 -0.28487 -0.80724
vn -0.29356 -0.11756 -0.94868
vn -0.04172 0.06161 -0.99723
vn 0.21396 0.23511 -0.94813
vn 0.44844 0.38596 -0.80618
vn 0.63878 0.49939 -0.58530
vn 0.76633 0.56430 -0.30708
vn 0.57591 0.81688 0.03204
vn 0.54769 0.77260 0.32113
vn 0.44671 0.68023 0.58115
vn 0.28286 0.54882 0.78663
vn 0.07218 0.39124 0.91745
vn -0.16471 0.22290 0.96083
vn -0.40462 0.06029 0.91249
vn -0.62407 -0.08068 0.77719
vn -0.80157 -0.18620 0.56817
vn -0.91975 -0.24595 0.30587
vn -0.96705 -0.25409 0.01599
vn -0.93883 -0.20980 -0.27311
vn -0.83785 -0.11744 -0.53312
vn -0.67400 0.01397 -0.73860
vn -0.46332 0.17156 -0.86943
vn -0.22643 0.33989 -0.91280
vn 0.01348 0.50250 -0.86447
vn 0.23293 0.64347 -0.72917
vn 0.41043 0.74900 -0.52014
vn 0.52862 0.80875 -0.25785
vn 0.29128 0.95483 0.05873
vn 0.26550 0.91635 0.29969
vn 0.17915 0.83792 0.51556
vn 0.04069 0.72721 0.68521
vn -0.13633 0.59507 0.79203
vn -0.33458 0.45443 0.82556
vn -0.53465 0.31905 0.78253
vn -0.71696 0.20220 0.66715
vn -0.86367 0.11529 0.49070
vn -0.96040 0.06686 0.27047
vn -0.99771 0.06162 0.02801
vn -0.97192 0.10010 -0.21295
vn -0.88557 0.17854 -0.42882
vn -0.74711 0.28924 -0.59847
vn -0.57009 0.42138 -0.70529
vn -0.37184 0.56202 -0.73882
vn -0.17177 0.69740 -0.69579
vn 0.01054 0.81426 -0.58041
vn 0.15724 0.90116 -0.40396
vn 0.25398 0.94960 -0.18373
vn -0.00431 0.99712 0.07567
vn -0.02469 0.96816 0.24912
vn -0.08860 0.91054 0.40382
vn -0.18979 0.82990 0.52463
vn -0.31835 0.73415 0.59973
vn -0.46170 0.63264 0.62177
vn -0.60580 0.53533 0.58859
vn -0.73655 0.45172 0.50343
vn -0.84115 0.39002 0.37463
vn -0.90937 0.35625 0.21481
vn -0.93451 0.35372 0.03960
vn -0.91413 0.38269 -0.13384
vn -0.85022 0.44031 -0.28854
vn -0.74903 0.52094 -0.40936
vn -0.62047 0.61670 -0.48446
vn -0.47712 0.71820 -0.50650
vn -0.33302 0.81552 -0.47331
vn -0.20227 0.89912 -0.38816
vn -0.09767 0.96083 -0.25936
vn -0.02946 0.99460 -0.09954
vn -0.26907 0.95921 0.08673
vn -0.28346 0.94070 0.18635
vn -0.32277 0.90589 0.27420
vn -0.38314 0.85817 0.34168
vn -0.45868 0.80222 0.38218
vn -0.54197 0.74352 0.39173
vn -0.62487 0.68781 0.36940
vn -0.69927 0.64054 0.31738
vn -0.75788 0.60635 0.24076
vn -0.79496 0.58857 0.14704
vn -0.80689 0.58896 0.04539
vn -0.79250 0.60746 -0.05424
vn -0.75319 0.64228 -0.14209
vn -0.69281 0.69000 -0.20957
vn -0.61728 0.74594 -0.25007
vn -0.53399 0.80465 -0.25962
vn -0.45108 0.86036 -0.23729
vn -0.37669 0.90762 -0.18527
vn -0.31808 0.94182 -0.10865
vn -0.28099 0.95959 -0.01492
vn 0.56930 -0.81915 -0.06990
vn -0.56930 0.81915 0.06990
vn 0.05067 -0.99562 -0.07862
vn 0.02451 -0.99357 0.11050
vn -0.04820 -0.95780 0.28337
vn -0.16033 -0.89179 0.42309
vn -0.30092 -0.80201 0.51598
vn -0.45620 -0.69724 0.55293
vn -0.61097 -0.58775 0.53034
vn -0.75009 -0.48425 0.45042
vn -0.85992 -0.39687 0.32098
vn -0.92973 -0.33416 0.15471
vn -0.95268 -0.30227 -0.03213
vn -0.92652 -0.30431 -0.22125
vn -0.85382 -0.34009 -0.39413
vn -0.74168 -0.40610 -0.53385
vn -0.60109 -0.49588 -0.62673
vn -0.44581 -0.60064 -0.66368
vn -0.29104 -0.71014 -0.64109
vn -0.15193 -0.81364 -0.56117
vn -0.04209 -0.90102 -0.43173
vn 0.02772 -0.96372 -0.26546
vn 0.55445 -0.83165 -0.03090
vn 0.50692 -0.82310 0.25600
vn 0.38928 -0.76347 0.51534
vn 0.21304 -0.65860 0.72171
vn -0.00455 -0.51874 0.85492
vn -0.24218 -0.35760 0.90193
vn -0.47661 -0.19094 0.85813
vn -0.68487 -0.03508 0.72782
vn -0.84659 0.09473 0.52375
vn -0.94593 0.18577 0.26589
vn -0.97318 0.22915 -0.02051
vn -0.92565 0.22060 -0.30742
vn -0.80801 0.16097 -0.56675
vn -0.63177 0.05610 -0.77312
vn -0.41418 -0.08376 -0.90633
vn -0.17655 -0.24490 -0.95334
vn 0.05788 -0.41156 -0.90954
vn 0.26614 -0.56742 -0.77923
vn 0.42786 -0.69723 -0.57516
vn 0.52720 -0.78827 -0.31730
vn 0.82368 -0.56705 0.00122
vn 0.77094 -0.55669 0.30943
vn 0.64298 -0.49148 0.58739
vn 0.45233 -0.37780 0.80787
vn 0.21766 -0.22678 0.94931
vn -0.03807 -0.05319 0.99786
vn -0.28982 0.12596 0.94876
vn -0.51295 0.29315 0.80681
vn -0.68562 0.43200 0.58593
vn -0.79092 0.52892 0.30771
vn -0.81855 0.57444 -0.00059
vn -0.76580 0.56408 -0.30880
vn -0.63785 0.49887 -0.58676
vn -0.44720 0.38519 -0.80724
vn -0.21253 0.23416 -0.94868
vn 0.04320 0.06058 -0.99723
vn 0.29495 -0.11858 -0.94813
vn 0.51808 -0.28576 -0.80618
vn 0.69075 -0.42461 -0.58530
vn 0.79605 -0.52154 -0.30708
vn 0.96641 -0.25501 0.03204
vn 0.91506 -0.24400 0.32113
vn 0.79329 -0.18155 0.58115
vn 0.61300 -0.07379 0.78663
vn 0.39186 0.06874 0.91745
vn 0.15150 0.23208 0.96083
vn -0.08455 0.40026 0.91249
vn -0.29317 0.55679 0.77719
vn -0.45396 0.68638 0.56817
vn -0.55116 0.77631 0.30587
vn -0.57527 0.81781 0.01599
vn -0.52393 0.80679 -0.27311
vn -0.40215 0.74435 -0.53312
vn -0.22187 0.63659 -0.73860
vn -0.00072 0.49406 -0.86943
vn 0.23964 0.33071 -0.91280
vn 0.47568 0.16254 -0.86447
vn 0.68431 0.00600 -0.72917
vn 0.84509 -0.12358 -0.52014
vn 0.94230 -0.21352 -0.25785
vn 0.99648 0.05985 0.05873
vn 0.95142 0.07061 0.29969
vn 0.84781 0.12420 0.51556
vn 0.69578 0.21538 0.68521
vn 0.51021 0.33523 0.79203
vn 0.30928 0.47201 0.82556
vn 0.11265 0.61234 0.78253
vn -0.06043 0.74247 0.66715
vn -0.19302 0.84968 0.49070
vn -0.27215 0.92346 0.27047
vn -0.29005 0.95660 0.02801
vn -0.24500 0.94585 -0.21295
vn -0.14138 0.89226 -0.42882
vn 0.01065 0.80108 -0.59847
vn 0.19621 0.68123 -0.70529
vn 0.39714 0.54445 -0.73882
vn 0.59377 0.40412 -0.69579
vn 0.76685 0.27398 -0.58041
vn 0.89944 0.16677 -0.40396
vn 0.97857 0.09299 -0.18373
vn 0.93307 0.35165 0.07567
vn 0.89882 0.36065 0.24912
vn 0.82253 0.40047 0.40382
vn 0.71168 0.46720 0.52463
vn 0.57711 0.55431 0.59973
vn 0.43200 0.65328 0.62177
vn 0.29056 0.75442 0.58859
vn 0.16662 0.84782 0.50343
vn 0.07232 0.92435 0.37463
vn 0.01689 0.97651 0.21481
vn 0.00575 0.99920 0.03960
vn 0.04000 0.99019 -0.13384
vn 0.11629 0.95038 -0.28854
vn 0.22714 0.88365 -0.40936
vn 0.36171 0.79653 -0.48446
vn 0.50682 0.69756 -0.50650
vn 0.64826 0.59643 -0.47331
vn 0.77221 0.50302 -0.38816
vn 0.86651 0.42650 -0.25936
vn 0.92194 0.37433 -0.09954
vn 0.80524 0.58658 0.08673
vn 0.78287 0.59362 0.18635
vn 0.73654 0.61832 0.27420
vn 0.67077 0.65828 0.34168
vn 0.59200 0.70956 0.38218
vn 0.50794 0.76717 0.39173
vn 0.42682 0.82545 0.36940
vn 0.35659 0.87870 0.31738
vn 0.30410 0.92171 0.24076
vn 0.27452 0.95027 0.14704
vn 0.27072 0.96159 0.04539
vn 0.29308 0.95455 -0.05424
vn 0.33942 0.92984 -0.14209
vn 0.40519 0.88989 -0.20957
vn 0.48396 0.83860 -0.25007
vn 0.56802 0.78100 -0.25962
vn 0.64913 0.72272 -0.23729
vn 0.71937 0.66946 -0.18527
vn 0.77185 0.62645 -0.10865
vn 0.80144 0.59789 -0.01492
vn -0.56930 -0.81915 -0.06990
vn 0.56930 0.81915 0.06990
vn -0.82116 -0.57070 -0.00000
vn -0.89085 0.44628 0.08495
vn -0.13636 0.98746 0.07951
vn 0.82116 0.57070 0.00000
vn 0.87798 -0.47204 -0.07951
vn 0.10773 -0.99054 -0.08495
vn -0.74340 -0.50081 0.44334
vn -0.78510 0.48002 0.39141
vn -0.04559 0.97470 0.21883
vn 0.84355 0.53497 0.04711
vn 0.87268 -0.48232 0.07610
vn 0.12848 -0.96189 0.24138
vn -0.65258 -0.46377 0.59921
vn -0.75151 0.50630 0.42296
vn -0.08989 0.99589 0.01117
vn 0.78912 0.53596 -0.30006
vn 0.86277 -0.49189 -0.11695
vn 0.17835 -0.94107 0.28736
vn -0.62836 -0.52646 0.57272
vn -0.84543 0.42538 0.32295
vn -0.37851 0.86625 -0.32610
vn 0.42499 0.40261 -0.81073
vn 0.64008 -0.57056 -0.51455
vn 0.13781 -0.98073 0.13851
vn -0.51851 -0.47473 0.71118
vn -0.81519 0.43102 0.38690
vn -0.51929 0.75551 -0.39942
vn 0.15372 0.23598 -0.95952
vn 0.46265 -0.65228 -0.60040
vn 0.15083 -0.97035 0.18889
vn -0.21581 -0.23095 0.94873
vn -0.58442 0.62203 0.52109
vn -0.39676 0.84406 -0.36076
vn 0.21581 0.23095 -0.94873
vn 0.59167 -0.63548 -0.49608
vn 0.37861 -0.84228 0.38370
vn 0.13166 0.06075 0.98943
vn -0.31086 0.79910 0.51459
vn -0.23872 0.89192 -0.38404
vn 0.27704 0.22499 -0.93415
vn 0.70979 -0.55165 -0.43804
vn 0.62379 -0.63584 0.45453
vn 0.28282 0.15670 0.94629
vn -0.27946 0.82915 0.48417
vn -0.42663 0.79898 -0.42381
vn -0.01328 0.03797 -0.99919
vn 0.56314 -0.66868 -0.48554
vn 0.67683 -0.60580 0.41822
vn 0.30018 0.08667 0.94994
vn -0.37322 0.73254 0.56929
vn -0.78354 0.57667 -0.23132
vn -0.53931 -0.26864 -0.79811
vn 0.17622 -0.90351 -0.39066
vn 0.55877 -0.71255 0.42432
vn 0.44268 0.17900 0.87863
vn -0.31124 0.76632 0.56204
vn -0.87064 0.48451 -0.08511
vn -0.73094 -0.41446 -0.54216
vn 0.04889 -0.97116 -0.23336
vn 0.59954 -0.67859 0.42434
vn 0.68778 0.42796 0.58635
vn -0.16164 0.93285 0.32198
vn -0.81069 0.54405 -0.21630
vn -0.68778 -0.42796 -0.58635
vn 0.18953 -0.93056 -0.31326
vn 0.81757 -0.52470 0.23721
vn 0.79018 0.58813 0.17241
vn -0.08955 0.99593 0.01044
vn -0.76257 0.52709 -0.37506
vn -0.64187 -0.43975 -0.62819
vn 0.26352 -0.86228 -0.43247
vn 0.92122 -0.38676 -0.04202
vn 0.80102 0.59854 -0.01114
vn -0.10736 0.99344 -0.03948
vn -0.85648 0.48023 -0.18928
vn -0.77279 -0.54780 -0.32049
vn 0.19515 -0.94279 -0.27029
vn 0.91053 -0.39820 -0.11122
vn 0.84023 0.54211 0.01114
vn -0.05580 0.99223 0.11122
vn -0.81562 0.51157 0.27029
vn -0.78284 -0.53334 0.32049
vn 0.15152 -0.97016 0.18928
vn 0.89369 -0.44695 0.03948
vn 0.82670 0.53558 -0.17241
vn -0.04135 0.99826 0.04202
vn -0.71632 0.54759 0.43247
vn -0.63593 -0.44830 0.62819
vn 0.22818 -0.89848 0.37506
vn 0.90223 -0.43112 -0.01044
vn 0.64088 0.49544 -0.58635
vn -0.20678 0.94920 -0.23721
vn -0.80612 0.50204 0.31326
vn -0.64088 -0.49544 0.58635
vn 0.22731 -0.94950 0.21630
vn 0.81798 -0.47670 -0.32198
vn 0.32210 0.35251 -0.87863
vn -0.42702 0.79849 -0.42434
vn -0.89319 0.38438 0.23336
vn -0.64328 -0.54060 0.54216
vn 0.15060 -0.98492 0.08511
vn 0.60974 -0.55886 -0.56204
vn 0.18588 0.25114 -0.94994
vn -0.47306 0.77212 -0.42432
vn -0.78540 0.48013 0.39066
vn -0.43980 -0.41183 0.79811
vn 0.26734 -0.93542 0.23132
vn 0.55648 -0.60517 -0.56929
vn 0.24546 0.21045 -0.94629
vn -0.33184 0.84556 -0.41822
vn -0.43041 0.76092 0.48554
vn 0.03096 -0.02568 0.99919
vn 0.60013 -0.67840 0.42381
vn 0.67971 -0.55097 -0.48417
vn 0.10284 0.10223 -0.98943
vn -0.37850 0.80632 -0.45453
vn -0.26960 0.85758 0.43804
vn 0.30745 0.18123 0.93415
vn 0.75275 -0.53467 0.38404
vn 0.64060 -0.56993 -0.51459
vn -0.29169 -0.12176 -0.94873
vn -0.65745 0.64848 -0.38370
vn -0.38936 0.77609 0.49608
vn 0.29169 0.12176 0.94873
vn 0.65280 -0.66612 0.36076
vn 0.37927 -0.76461 -0.52109
vn -0.62570 -0.32049 -0.71118
vn -0.85689 0.47964 -0.18889
vn -0.45008 0.66102 0.60040
vn 0.27477 0.06181 0.95952
vn 0.52709 -0.75009 0.39942
vn 0.11980 -0.91431 -0.38690
vn -0.71249 -0.40541 -0.57272
vn -0.87116 0.47106 -0.13851
vn -0.31163 0.79883 0.51455
vn 0.52551 0.25797 0.81073
vn 0.67995 -0.65675 0.32610
vn 0.10397 -0.94069 -0.32295
vn -0.66218 -0.44996 -0.59921
vn -0.81986 0.49523 -0.28736
vn -0.16027 0.98012 0.11695
vn 0.77744 0.55277 0.30006
vn 0.90208 -0.43143 -0.01117
vn 0.21256 -0.88087 -0.42296
vn -0.72855 -0.52218 -0.44334
vn -0.85676 0.45574 -0.24138
vn -0.14783 0.98608 -0.07610
vn 0.79548 0.60414 -0.04711
vn 0.89766 -0.38252 -0.21883
vn 0.17621 -0.90319 -0.39141
vn 0.82116 -0.57070 -0.00000
vn 0.89273 0.44899 0.03789
vn 0.13773 0.98944 0.04520
vn -0.82116 0.57070 0.00000
vn -0.87935 -0.47402 -0.04520
vn -0.10961 -0.99325 -0.03789
vn 0.69333 -0.57284 0.43719
vn 0.83273 0.42117 0.35940
vn 0.13679 0.97019 0.20005
vn -0.79947 0.59841 0.05253
vn -0.91047 -0.40095 0.10144
vn -0.20267 -0.94125 0.27012
vn 0.61444 -0.51865 0.59453
vn 0.79211 0.45530 0.40652
vn 0.16457 0.98632 0.00920
vn -0.75361 0.58705 -0.29570
vn -0.89812 -0.42574 -0.11014
vn -0.24151 -0.92253 0.30103
vn 0.66649 -0.47159 0.57740
vn 0.85521 0.44810 0.26044
vn 0.34793 0.85107 -0.39323
vn -0.46050 0.35153 -0.81509
vn -0.64883 -0.61196 -0.45224
vn -0.12503 -0.97100 0.20380
vn 0.56858 -0.40269 0.71733
vn 0.83693 0.45093 0.31017
vn 0.49340 0.72336 -0.48301
vn -0.19781 0.17255 -0.96494
vn -0.49018 -0.69700 -0.52337
vn -0.14602 -0.95204 0.26888
vn 0.21581 -0.23095 0.94873
vn 0.62185 0.59726 0.50654
vn 0.42404 0.82600 -0.37136
vn -0.21581 0.23095 -0.94873
vn -0.61895 -0.61742 -0.48547
vn -0.41603 -0.81751 0.39824
vn -0.18173 -0.01129 0.98328
vn 0.33743 0.74722 0.57255
vn 0.29968 0.90086 -0.31409
vn -0.23296 0.28842 -0.92873
vn -0.71734 -0.48372 -0.50143
vn -0.67691 -0.62217 0.39331
vn -0.32096 0.10182 0.94160
vn 0.29363 0.79058 0.53738
vn 0.46420 0.80954 -0.35940
vn 0.04878 0.08906 -0.99483
vn -0.56138 -0.62264 -0.54513
vn -0.71356 -0.59968 0.36224
vn -0.26205 0.14155 0.95462
vn 0.43424 0.71628 0.54624
vn 0.81180 0.51811 -0.26934
vn 0.50381 -0.31973 -0.80247
vn -0.24380 -0.90154 -0.35747
vn -0.59725 -0.66383 0.45014
vn -0.39262 0.25104 0.88478
vn 0.38823 0.74268 0.54562
vn 0.90716 0.40448 -0.11597
vn 0.68686 -0.47790 -0.54758
vn -0.13884 -0.96800 -0.20906
vn -0.64998 -0.61675 0.44402
vn -0.68778 0.42796 0.58635
vn 0.18289 0.91483 0.36005
vn 0.82618 0.53092 -0.18854
vn 0.68778 -0.42796 -0.58635
vn -0.20502 -0.91743 -0.34101
vn -0.83882 -0.50669 0.19914
vn -0.84024 0.51609 0.16626
vn 0.03999 0.99631 0.07601
vn 0.74595 0.59023 -0.30852
vn 0.68596 -0.37632 -0.62277
vn -0.19349 -0.84856 -0.49245
vn -0.89822 -0.42534 -0.11085
vn -0.83916 0.54366 -0.01582
vn 0.05993 0.99817 0.00793
vn 0.83219 0.53542 -0.14415
vn 0.80830 -0.49671 -0.31613
vn -0.13153 -0.94140 -0.31059
vn -0.88565 -0.43539 -0.16141
vn -0.80209 0.59699 0.01582
vn 0.09933 0.98188 0.16141
vn 0.83649 0.45146 0.31059
vn 0.74733 -0.58443 0.31613
vn -0.21172 -0.96664 0.14415
vn -0.91466 -0.40415 -0.00793
vn -0.77663 0.60762 -0.16626
vn 0.08553 0.99015 0.11085
vn 0.72787 0.47717 0.49245
vn 0.59184 -0.51174 0.62277
vn -0.29315 -0.90492 0.30852
vn -0.91987 -0.38480 -0.07601
vn -0.64088 0.49544 -0.58635
vn 0.18248 0.96283 -0.19914
vn 0.78841 0.51198 0.34101
vn 0.64088 -0.49544 0.58635
vn -0.20959 -0.95944 0.18854
vn -0.79368 -0.49034 -0.36005
vn -0.37216 0.28047 -0.88478
vn 0.35147 0.82421 -0.44402
vn 0.85887 0.46758 0.20906
vn 0.68736 -0.47717 0.54758
vn -0.06286 -0.99126 0.11597
vn -0.56075 -0.62278 -0.54562
vn -0.22402 0.19626 -0.95462
vn 0.41398 0.79120 -0.45014
vn 0.76000 0.54279 0.35747
vn 0.47531 -0.36074 0.80247
vn -0.20261 -0.94149 0.26934
vn -0.51996 -0.65670 -0.54624
vn -0.20732 0.26533 -0.94160
vn 0.31330 0.87785 -0.36224
vn 0.38788 0.74323 0.54513
vn -0.06646 -0.07677 0.99483
vn -0.59693 -0.71729 0.35940
vn -0.63862 -0.55081 -0.53738
vn -0.05277 0.17426 -0.98328
vn 0.34717 0.85134 -0.39331
vn 0.20331 0.84097 0.50143
vn -0.35154 0.11780 0.92873
vn -0.73987 -0.59493 0.31409
vn -0.58271 -0.57675 -0.57255
vn 0.29169 -0.12176 -0.94873
vn 0.62119 0.67493 -0.39824
vn 0.36292 0.79537 0.48547
vn -0.29169 0.12176 0.94873
vn -0.62636 -0.68539 0.37136
vn -0.34301 -0.79105 -0.50654
vn 0.57564 -0.39253 -0.71733
vn 0.84141 0.46875 -0.26888
vn 0.48239 0.70241 0.52337
vn -0.23068 0.12525 0.96494
vn -0.50598 -0.71462 0.48301
vn -0.13088 -0.94163 -0.31017
vn 0.67435 -0.46028 -0.57740
vn 0.86650 0.45569 -0.20380
vn 0.34739 0.82146 0.45224
vn -0.49001 0.30906 0.81509
vn -0.67639 -0.62279 0.39323
vn -0.12186 -0.95777 -0.26044
vn 0.70032 -0.39509 -0.59453
vn 0.78046 0.54796 -0.30103
vn 0.08593 0.99019 0.11014
vn -0.81294 0.50168 0.29570
vn -0.86708 -0.49809 -0.00920
vn -0.15060 -0.90114 -0.40652
vn 0.77861 -0.45014 -0.43719
vn 0.81156 0.51808 -0.27012
vn 0.05840 0.99313 -0.10144
vn -0.83957 0.54071 -0.05253
vn -0.86164 -0.46643 -0.20005
vn -0.10445 -0.92732 -0.35940
vn 0.73558 -0.61962 -0.27387
vn 0.48573 0.85916 -0.16099
vn 0.16644 0.98359 0.06960
vn -0.15648 0.92060 0.35779
vn -0.51727 0.44674 0.72997
vn -0.08026 -0.99589 0.04203
vn -0.03175 -0.99947 -0.00712
vn -0.00261 -0.99995 -0.00979
vn 0.83132 -0.20399 -0.51700
vn 0.25873 0.85690 -0.44585
vn -0.02098 0.98378 -0.17814
vn -0.25964 0.95161 0.16436
vn -0.59594 0.36366 0.71597
vn -0.01271 -0.99142 0.13011
vn 0.04700 -0.98892 0.14079
vn 0.11309 -0.97956 0.16636
vn 0.74986 -0.06863 -0.65802
vn -0.03923 0.65673 -0.75311
vn -0.33709 0.81027 -0.47941
vn -0.54488 0.83300 -0.09600
vn -0.63762 0.40083 0.65785
vn 0.32643 -0.81062 0.48615
vn 0.38748 -0.78833 0.47791
vn 0.44620 -0.75709 0.47720
vn 0.60927 0.00917 -0.79291
vn -0.31830 0.36190 -0.87619
vn -0.64806 0.44844 -0.61557
vn -0.85979 0.44831 -0.24450
vn -0.71626 0.10923 0.68923
vn 0.63487 -0.40872 0.65565
vn 0.67342 -0.38088 0.63359
vn 0.70252 -0.36154 0.61298
vn 0.66135 0.17328 -0.72979
vn -0.40946 0.11095 -0.90556
vn -0.75066 0.08282 -0.65548
vn -0.95012 0.05003 -0.30785
vn -0.60810 -0.17025 0.77539
vn 0.71423 -0.12287 0.68904
vn 0.73185 -0.09031 0.67546
vn 0.74798 -0.05115 0.66175
vn 0.63370 0.10614 -0.76627
vn -0.37726 -0.05661 -0.92438
vn -0.68927 -0.13452 -0.71191
vn -0.89021 -0.20908 -0.40473
vn -0.45696 -0.44269 0.77151
vn 0.68835 -0.01056 0.72530
vn 0.69611 0.02450 0.71751
vn 0.71158 0.05343 0.70057
vn 0.39186 -0.29623 -0.87103
vn -0.36270 -0.24360 -0.89950
vn -0.65478 -0.27639 -0.70347
vn -0.82175 -0.39353 -0.41214
vn -0.01645 -0.59784 0.80145
vn 0.66804 -0.00573 0.74411
vn 0.67450 0.02820 0.73774
vn 0.70829 0.02659 0.70542
vn 0.14206 -0.57711 -0.80422
vn -0.35508 -0.35906 -0.86313
vn -0.70212 -0.37813 -0.60336
vn -0.71758 -0.68106 -0.14574
vn 0.41993 -0.39251 0.81829
vn 0.64860 -0.08074 0.75684
vn 0.67691 -0.05001 0.73436
vn 0.80101 -0.20088 0.56395
vn 0.43560 0.07628 0.89690
vn 0.00169 -1.00000 -0.00019
vn 0.78844 -0.60494 -0.11140
vn 0.51477 0.85713 -0.01831
vn 0.15566 0.97828 0.13692
vn -0.21849 0.91355 0.34304
vn -0.65159 0.43035 0.62469
vn -0.08463 -0.99635 0.01155
vn -0.02774 -0.99908 -0.03271
vn 0.00102 -0.99942 -0.03405
vn 0.93278 -0.19117 -0.30558
vn 0.38053 0.87706 -0.29319
vn 0.03490 0.99408 -0.10289
vn -0.29762 0.94235 0.15295
vn -0.77498 0.29902 0.55678
vn -0.04725 -0.99608 0.07475
vn 0.00634 -0.99597 0.08950
vn 0.06033 -0.99080 0.12113
vn 0.92678 -0.01770 -0.37519
vn 0.19374 0.73738 -0.64710
vn -0.18283 0.86440 -0.46838
vn -0.50592 0.84564 -0.17009
vn -0.81717 0.32123 0.47859
vn 0.17532 -0.85842 0.48206
vn 0.23581 -0.83824 0.49168
vn 0.29152 -0.80962 0.50945
vn 0.85201 0.06784 -0.51911
vn -0.03640 0.46174 -0.88627
vn -0.43504 0.52791 -0.72941
vn -0.74451 0.50726 -0.43404
vn -0.88018 0.10033 0.46391
vn 0.41091 -0.50225 0.76085
vn 0.45338 -0.47656 0.75322
vn 0.48925 -0.45349 0.74497
vn 0.82345 0.17384 -0.54010
vn -0.13640 0.18452 -0.97332
vn -0.53095 0.16041 -0.83208
vn -0.82183 0.11994 -0.55697
vn -0.81796 -0.17292 0.54867
vn 0.48401 -0.19947 0.85203
vn 0.50976 -0.16654 0.84405
vn 0.53694 -0.13254 0.83314
vn 0.80202 0.01837 -0.59701
vn -0.13268 -0.08117 -0.98783
vn -0.49250 -0.13497 -0.85978
vn -0.76766 -0.18815 -0.61261
vn -0.66480 -0.37452 0.64636
vn 0.47227 -0.00662 0.88143
vn 0.48822 0.01680 0.87256
vn 0.51386 0.03491 0.85716
vn 0.57710 -0.39832 -0.71295
vn -0.13599 -0.29372 -0.94617
vn -0.46964 -0.30054 -0.83013
vn -0.70607 -0.40021 -0.58421
vn -0.24059 -0.58036 0.77801
vn 0.46053 0.00003 0.88764
vn 0.47163 0.02972 0.88130
vn 0.51362 0.01899 0.85781
vn 0.30583 -0.63812 -0.70659
vn -0.14413 -0.40033 -0.90497
vn -0.54115 -0.40194 -0.73865
vn -0.66150 -0.69340 -0.28568
vn 0.18473 -0.40901 0.89364
vn 0.43913 -0.08594 0.89430
vn 0.47432 -0.05453 0.87866
vn 0.62889 -0.22645 0.74379
vn 0.29301 0.07614 0.95307
vn 0.00129 -1.00000 0.00053
vn 0.80400 -0.59070 0.06822
vn 0.50775 0.85340 0.11794
vn 0.12425 0.97473 0.18563
vn -0.28549 0.91162 0.29570
vn -0.77695 0.41971 0.46924
vn -0.08061 -0.99670 -0.00962
vn -0.01484 -0.99887 -0.04514
vn 0.01403 -0.99888 -0.04526
vn 0.98262 -0.17943 -0.04764
vn 0.44024 0.88903 -0.12573
vn 0.04481 0.99797 -0.04525
vn -0.35612 0.93049 0.08583
vn -0.92192 0.23950 0.30447
vn -0.05224 -0.99755 0.04655
vn -0.00201 -0.99806 0.06226
vn 0.04094 -0.99486 0.09257
vn 0.99943 0.02852 -0.01830
vn 0.35871 0.79036 -0.49665
vn -0.06940 0.88726 -0.45602
vn -0.47821 0.82872 -0.29074
vn -0.95408 0.22367 0.19924
vn 0.05608 -0.87688 0.47742
vn 0.11039 -0.85785 0.50191
vn 0.15652 -0.83110 0.53364
vn 0.97483 0.12196 -0.18661
vn 0.22128 0.51692 -0.82694
vn -0.21364 0.55761 -0.80214
vn -0.59915 0.51485 -0.61315
vn -0.97830 0.06928 0.19528
vn 0.18174 -0.53951 0.82213
vn 0.22246 -0.51790 0.82601
vn 0.25948 -0.49444 0.82958
vn 0.94199 0.15916 -0.29552
vn 0.14459 0.21699 -0.96541
vn -0.27263 0.19524 -0.94210
vn -0.63164 0.15521 -0.75957
vn -0.94827 -0.15001 0.27978
vn 0.22435 -0.23650 0.94538
vn 0.25368 -0.20984 0.94425
vn 0.28696 -0.18293 0.94032
vn 0.91720 -0.04469 -0.39591
vn 0.12071 -0.08833 -0.98875
vn -0.26135 -0.12103 -0.95763
vn -0.59229 -0.15716 -0.79025
vn -0.83498 -0.32115 0.44686
vn 0.22293 -0.01486 0.97472
vn 0.24407 0.00167 0.96976
vn 0.27672 0.01240 0.96087
vn 0.70834 -0.47549 -0.52170
vn 0.09341 -0.32797 -0.94006
vn -0.25921 -0.31028 -0.91463
vn -0.55455 -0.39007 -0.73506
vn -0.46266 -0.54821 0.69672
vn 0.21797 0.00498 0.97594
vn 0.23298 0.02980 0.97202
vn 0.27966 0.01122 0.96003
vn 0.43912 -0.67709 -0.59053
vn 0.07035 -0.42442 -0.90273
vn -0.35329 -0.41022 -0.84077
vn -0.58836 -0.68781 -0.42515
vn -0.06778 -0.41158 0.90885
vn 0.19449 -0.08764 0.97698
vn 0.23448 -0.05675 0.97046
vn 0.41030 -0.24252 0.87911
vn 0.14342 0.07608 0.98673
vn 0.00071 -1.00000 0.00097
vn 0.78034 -0.57931 0.23554
vn 0.47399 0.85094 0.22636
vn 0.08409 0.97497 0.20583
vn -0.34076 0.91445 0.21833
vn -0.86616 0.41500 0.27845
vn -0.07336 -0.99713 -0.01858
vn 0.00001 -0.99912 -0.04204
vn 0.02978 -0.99872 -0.04088
vn 0.96238 -0.16559 0.21544
vn 0.44013 0.89785 0.01260
vn 0.02903 0.99906 -0.03206
vn -0.39533 0.91776 -0.03771
vn -0.98198 0.18897 0.00242
vn -0.05008 -0.99720 0.05561
vn 0.00125 -0.99723 0.07443
vn 0.03955 -0.99420 0.10001
vn 0.94277 0.07607 0.32464
vn 0.44745 0.81825 -0.36091
vn 0.01944 0.88162 -0.47157
vn -0.42002 0.78575 -0.45408
vn -0.98559 0.11553 -0.12353
vn -0.04522 -0.86895 0.49283
vn 0.00119 -0.84934 0.52785
vn 0.03639 -0.82288 0.56705
vn 0.97479 0.17864 0.13371
vn 0.42916 0.51888 -0.73931
vn 0.00241 0.52835 -0.84902
vn -0.42221 0.46682 -0.77706
vn -0.99656 0.01887 -0.08068
vn -0.03684 -0.52087 0.85284
vn 0.00035 -0.50142 0.86521
vn 0.03553 -0.47528 0.87912
vn 0.98874 0.13322 -0.06814
vn 0.39197 0.18896 -0.90037
vn -0.01635 0.17042 -0.98524
vn -0.41241 0.14197 -0.89987
vn -0.99372 -0.10734 0.03167
vn -0.02991 -0.21209 0.97679
vn -0.00031 -0.19375 0.98105
vn 0.03606 -0.17281 0.98429
vn 0.97748 -0.12446 -0.17042
vn 0.35093 -0.12158 -0.92847
vn -0.02763 -0.12972 -0.99117
vn -0.39008 -0.13964 -0.91013
vn -0.94891 -0.24370 0.20044
vn -0.02456 0.00053 0.99970
vn -0.00057 0.01047 0.99995
vn 0.03513 0.01269 0.99930
vn 0.77612 -0.53347 -0.33622
vn 0.29221 -0.34518 -0.89189
vn -0.05553 -0.30180 -0.95175
vn -0.39000 -0.35638 -0.84905
vn -0.65978 -0.49027 0.56949
vn -0.02091 0.00963 0.99973
vn -0.00322 0.02788 0.99961
vn 0.04413 0.00192 0.99902
vn 0.53310 -0.69580 -0.48132
vn 0.25809 -0.42872 -0.86579
vn -0.16735 -0.39806 -0.90196
vn -0.50829 -0.65788 -0.55572
vn -0.30299 -0.39585 0.86689
vn -0.04587 -0.08481 0.99534
vn -0.00383 -0.05614 0.99842
vn 0.17949 -0.24801 0.95198
vn 0.00000 0.07611 0.99710
vn 0.00000 -1.00000 0.00109
vn 0.72326 -0.56376 0.39883
vn 0.41528 0.84492 0.33714
vn 0.03858 0.97263 0.22913
vn -0.37946 0.91409 0.14297
vn -0.91040 0.40537 0.08274
vn -0.06472 -0.99740 -0.03172
vn 0.01415 -0.99903 -0.04181
vn 0.04576 -0.99819 -0.03892
vn 0.87244 -0.16525 0.45994
vn 0.39433 0.90517 0.15865
vn 0.00679 0.99993 -0.01006
vn -0.39571 0.90560 -0.15265
vn -0.94529 0.14626 -0.29160
vn -0.05303 -0.99740 0.04884
vn 0.00138 -0.99730 0.07348
vn 0.04166 -0.99469 0.09406
vn 0.77164 0.11027 0.62643
vn 0.47917 0.85694 -0.18987
vn 0.10555 0.89069 -0.44219
vn -0.30886 0.75754 -0.57510
vn -0.90196 0.01545 -0.43154
vn -0.14616 -0.87642 0.45882
vn -0.10813 -0.85774 0.50258
vn -0.08311 -0.83319 0.54671
vn 0.87247 0.22789 0.43227
vn 0.59734 0.55668 -0.57731
vn 0.22147 0.54155 -0.81097
vn -0.20521 0.45776 -0.86507
vn -0.93931 -0.02878 -0.34187
vn -0.25238 -0.54343 0.80062
vn -0.21944 -0.52751 0.82072
vn -0.18912 -0.49944 0.84545
vn 0.97503 0.11944 0.18722
vn 0.61467 0.19801 -0.76352
vn 0.24324 0.18304 -0.95254
vn -0.16318 0.16220 -0.97317
vn -0.96664 -0.06632 -0.24740
vn -0.28269 -0.22869 0.93155
vn -0.25418 -0.21725 0.94244
vn -0.21749 -0.19967 0.95542
vn 0.98072 -0.19026 0.04470
vn 0.55752 -0.13462 -0.81918
vn 0.20636 -0.11884 -0.97123
vn -0.16410 -0.10765 -0.98055
vn -0.98216 -0.17806 -0.06040
vn -0.26939 -0.00230 0.96303
vn -0.24512 0.00266 0.96949
vn -0.20942 -0.00171 0.97783
vn 0.78670 -0.59974 -0.14635
vn 0.47184 -0.37002 -0.80028
vn 0.15187 -0.30014 -0.94173
vn -0.19959 -0.33068 -0.92240
vn -0.80911 -0.43947 0.39014
vn -0.25799 0.01433 0.96604
vn -0.23948 0.02648 0.97054
vn -0.19496 -0.00781 0.98078
vn 0.59173 -0.72550 -0.35143
vn 0.43129 -0.44436 -0.78519
vn 0.02833 -0.39682 -0.91746
vn -0.39350 -0.63962 -0.66033
vn -0.51903 -0.38924 0.76099
vn -0.28387 -0.08430 0.95515
vn -0.24194 -0.05704 0.96861
vn -0.06185 -0.25996 0.96364
vn -0.14342 0.07608 0.98673
vn -0.00071 -1.00000 0.00097
vn 0.62954 -0.55118 0.54762
vn 0.33755 0.84231 0.42021
vn -0.00752 0.97473 0.22325
vn -0.39755 0.91683 0.03712
vn -0.90524 0.39913 -0.14575
vn -0.05681 -0.99782 -0.03354
vn 0.02490 -0.99934 -0.02644
vn 0.05895 -0.99805 -0.02041
vn 0.70654 -0.15613 0.69024
vn 0.31736 0.91434 0.25154
vn -0.00472 0.99928 -0.03777
vn -0.34129 0.88936 -0.30424
vn -0.80420 0.10302 -0.58536
vn -0.06987 -0.99518 0.06886
vn -0.01554 -0.99398 0.10845
vn 0.02991 -0.99073 0.13254
vn 0.50509 0.16362 0.84741
vn 0.47749 0.87582 -0.07027
vn 0.21100 0.87190 -0.44189
vn -0.12639 0.69984 -0.70303
vn -0.69971 -0.09768 -0.70772
vn -0.26145 -0.85886 0.44045
vn -0.23407 -0.83792 0.49306
vn -0.21917 -0.81229 0.54050
vn 0.68062 0.29599 0.67019
vn 0.73464 0.54532 -0.40365
vn 0.45095 0.49559 -0.74232
vn 0.06132 0.38914 -0.91913
vn -0.80034 -0.10627 -0.59006
vn -0.47117 -0.51225 0.71805
vn -0.44452 -0.49549 0.74625
vn -0.42305 -0.46127 0.77991
vn 0.89775 0.09202 0.43079
vn 0.80763 0.15300 -0.56949
vn 0.50232 0.13921 -0.85340
vn 0.11453 0.13134 -0.98470
vn -0.86576 -0.01190 -0.50032
vn -0.53593 -0.17758 0.82537
vn -0.51017 -0.17753 0.84155
vn -0.47553 -0.16823 0.86347
vn 0.91717 -0.26621 0.29652
vn 0.74330 -0.17021 -0.64694
vn 0.44515 -0.13266 -0.88557
vn 0.09184 -0.09526 -0.99121
vn -0.93145 -0.08633 -0.35348
vn -0.51134 0.02197 0.85909
vn -0.48932 0.01598 0.87196
vn -0.45749 0.00086 0.88921
vn 0.77125 -0.63538 0.03815
vn 0.64429 -0.37304 -0.66763
vn 0.37353 -0.28170 -0.88381
vn 0.02805 -0.28860 -0.95704
vn -0.91444 -0.37218 0.15901
vn -0.49525 0.01779 0.86857
vn -0.47812 0.02338 0.87798
vn -0.43940 -0.01722 0.89813
vn 0.64621 -0.73128 -0.21826
vn 0.60190 -0.43833 -0.66752
vn 0.24455 -0.37636 -0.89361
vn -0.23905 -0.60098 -0.76268
vn -0.71274 -0.36634 0.59816
vn -0.51928 -0.07960 0.85089
vn -0.48113 -0.05506 0.87492
vn -0.31397 -0.25939 0.91331
vn -0.29301 0.07614 0.95307
vn -0.00129 -1.00000 0.00053
vn 0.51482 -0.54242 0.66388
vn 0.25843 0.84519 0.46783
vn -0.04011 0.98062 0.19177
vn -0.38393 0.91974 -0.08164
vn -0.84200 0.39399 -0.36852
vn -0.05486 -0.99820 -0.02437
vn 0.02584 -0.99967 0.00106
vn 0.06207 -0.99800 0.01168
vn 0.48718 -0.13087 0.86344
vn 0.24877 0.92617 0.28343
vn 0.02171 0.99508 -0.09662
vn -0.22341 0.86494 -0.44940
vn -0.58251 0.05340 -0.81107
vn -0.11103 -0.98858 0.10186
vn -0.06617 -0.98472 0.16107
vn -0.02099 -0.98000 0.19790
vn 0.21355 0.24342 0.94612
vn 0.48814 0.87274 -0.00694
vn 0.35384 0.82259 -0.44513
vn 0.11640 0.61125 -0.78283
vn -0.43108 -0.21706 -0.87582
vn -0.39887 -0.81504 0.42025
vn -0.38650 -0.78773 0.47969
vn -0.38320 -0.75716 0.52903
vn 0.46282 0.37555 0.80297
vn 0.84570 0.48412 -0.22456
vn 0.67074 0.39738 -0.62625
vn 0.34271 0.27154 -0.89934
vn -0.62069 -0.21242 -0.75473
vn -0.67435 -0.43582 0.59608
vn -0.65874 -0.41053 0.63050
vn -0.64925 -0.36328 0.66821
vn 0.76261 0.02798 0.64626
vn 0.94242 0.06711 -0.32762
vn 0.72617 0.06029 -0.68486
vn 0.38758 0.07694 -0.91862
vn -0.68023 0.08434 -0.72813
vn -0.75312 -0.07730 0.65333
vn -0.73259 -0.09497 0.67401
vn -0.70357 -0.10245 0.70320
vn 0.77800 -0.34497 0.52509
vn 0.87753 -0.19529 -0.43795
vn 0.65246 -0.13194 -0.74625
vn 0.34014 -0.06596 -0.93806
vn -0.79624 0.02833 -0.60431
vn -0.71453 0.04050 0.69843
vn -0.69789 0.01928 0.71595
vn -0.67340 -0.00938 0.73922
vn 0.73035 -0.65293 0.20065
vn 0.78337 -0.36037 -0.50643
vn 0.57557 -0.24946 -0.77878
vn 0.25987 -0.23051 -0.93773
vn -0.95508 -0.28217 -0.09057
vn -0.69477 0.02083 0.71893
vn -0.68084 0.01867 0.73219
vn -0.64991 -0.02765 0.75951
vn 0.68891 -0.71942 -0.08850
vn 0.74411 -0.41597 -0.52275
vn 0.44985 -0.33970 -0.82598
vn -0.05863 -0.54092 -0.83903
vn -0.85615 -0.32827 0.39905
vn -0.71429 -0.07130 0.69621
vn -0.68268 -0.05069 0.72895
vn -0.53865 -0.24934 0.80479
vn -0.43560 0.07628 0.89690
vn -0.00169 -1.00000 -0.00019
vn 0.74820 -0.37873 -0.54476
vn 0.04941 0.80330 -0.59353
vn -0.23256 0.94682 -0.22235
vn -0.40099 0.87724 0.26393
vn -0.33632 0.41487 0.84544
vn 0.38283 -0.86609 0.32144
vn 0.42129 -0.88572 0.19498
vn 0.45564 -0.88026 0.13243
vn 0.63899 0.03556 -0.76839
vn -0.21669 0.73102 -0.64703
vn -0.53295 0.80328 -0.26591
vn -0.68568 0.69895 0.20323
vn -0.49308 0.14032 0.85859
vn 0.53254 -0.77178 0.34749
vn 0.59216 -0.76275 0.25993
vn 0.64592 -0.73915 0.19092
vn 0.54768 0.23920 -0.80177
vn -0.49752 0.44468 -0.74481
vn -0.82776 0.41703 -0.37536
vn -0.94454 0.31560 0.09080
vn -0.52452 -0.06436 0.84896
vn 0.79811 -0.39740 0.45287
vn 0.84905 -0.36834 0.37872
vn 0.89131 -0.32976 0.31117
vn 0.42089 0.16390 -0.89218
vn -0.62029 0.12026 -0.77510
vn -0.90691 0.06798 -0.41580
vn -0.99970 0.00966 0.02261
vn -0.42920 -0.14180 0.89201
vn 0.86812 -0.09172 0.48781
vn 0.90234 -0.07332 0.42475
vn 0.93171 -0.05020 0.35973
vn 0.40994 0.11785 -0.90447
vn -0.61477 0.07499 -0.78513
vn -0.89542 0.01832 -0.44485
vn -0.99871 -0.04423 -0.02483
vn -0.40496 -0.19990 0.89221
vn 0.86008 -0.07622 0.50444
vn 0.89145 -0.05525 0.44974
vn 0.92098 -0.03547 0.38798
vn 0.37391 0.11163 -0.92072
vn -0.61502 0.07583 -0.78486
vn -0.88421 0.01411 -0.46688
vn -0.99486 -0.06046 -0.08119
vn -0.41672 -0.28467 0.86331
vn 0.84640 -0.10249 0.52259
vn 0.87747 -0.07696 0.47342
vn 0.90848 -0.05578 0.41418
vn 0.36411 0.13895 -0.92093
vn -0.61096 0.03805 -0.79075
vn -0.86233 -0.04859 -0.50400
vn -0.97621 -0.14738 -0.15904
vn -0.27944 -0.43431 0.85632
vn 0.83618 -0.07902 0.54274
vn 0.86035 -0.04518 0.50770
vn 0.88831 -0.01417 0.45903
vn 0.19062 0.00744 -0.98163
vn -0.58965 -0.07241 -0.80441
vn -0.82495 -0.14675 -0.54582
vn -0.93712 -0.26263 -0.22986
vn 0.07104 -0.49939 0.86346
vn 0.80975 -0.02747 0.58614
vn 0.82884 0.01319 0.55932
vn 0.86586 0.03532 0.49904
vn -0.02385 -0.23381 -0.97199
vn -0.54322 -0.16367 -0.82348
vn -0.85249 -0.23212 -0.46839
vn -0.88827 -0.45837 0.02958
vn 0.47343 -0.25633 0.84271
vn 0.76832 0.00138 0.64006
vn 0.81966 0.03261 0.57193
vn 0.94569 -0.02550 0.32408
vn 0.87239 0.29676 0.38841
vn 0.00289 -1.00000 -0.00124
vn -0.09581 -0.37873 0.92053
vn 0.40801 0.80330 0.43387
vn 0.32086 0.94682 -0.02405
vn 0.07218 0.87724 -0.47460
vn -0.40325 0.41487 -0.81564
vn -0.49504 -0.86609 0.06942
vn -0.42680 -0.88572 0.18261
vn -0.40329 -0.88026 0.24999
vn 0.14685 0.02243 0.98890
vn 0.64115 0.71680 0.27409
vn 0.56248 0.79986 -0.20940
vn 0.30557 0.71101 -0.63332
vn -0.32206 0.16010 -0.93308
vn -0.60957 -0.77700 0.15713
vn -0.59007 -0.76498 0.25811
vn -0.58230 -0.73628 0.34469
vn 0.26813 0.14133 0.95296
vn 0.91628 0.37903 0.12946
vn 0.84095 0.40556 -0.35823
vn 0.54769 0.37082 -0.75002
vn -0.32398 0.06116 -0.94408
vn -0.86940 -0.39950 0.29077
vn -0.84801 -0.37169 0.37779
vn -0.82581 -0.33052 0.45694
vn 0.45025 -0.07716 0.88956
vn 0.99963 0.02090 0.01756
vn 0.89988 0.06767 -0.43086
vn 0.61216 0.11142 -0.78284
vn -0.42835 0.11450 -0.89633
vn -0.93280 -0.05840 0.35562
vn -0.90222 -0.06866 0.42579
vn -0.86532 -0.07826 0.49508
vn 0.48828 -0.20408 0.84849
vn 0.99827 -0.04617 -0.03641
vn 0.88431 0.02074 -0.46643
vn 0.59750 0.08015 -0.79785
vn -0.49988 0.13175 -0.85602
vn -0.92167 -0.02963 0.38684
vn -0.89089 -0.05560 0.45080
vn -0.85200 -0.08431 0.51670
vn 0.52752 -0.24551 0.81330
vn 0.99373 -0.05502 -0.09735
vn 0.86571 0.01742 -0.50025
vn 0.58425 0.07575 -0.80803
vn -0.58724 0.08746 -0.80467
vn -0.90678 -0.05912 0.41744
vn -0.87661 -0.07993 0.47452
vn -0.83726 -0.10510 0.53661
vn 0.63018 -0.33532 0.70031
vn 0.97228 -0.12792 -0.19570
vn 0.82981 -0.04407 -0.55630
vn 0.56708 0.03042 -0.82310
vn -0.65256 0.09703 -0.75150
vn -0.88664 -0.02435 0.46182
vn -0.85867 -0.04476 0.51056
vn -0.81975 -0.07555 0.56772
vn 0.74672 -0.50898 0.42820
vn 0.91856 -0.23484 -0.31796
vn 0.77104 -0.11721 -0.62591
vn 0.50340 -0.05064 -0.86257
vn -0.90670 -0.02183 -0.42121
vn -0.85811 0.01557 0.51323
vn -0.83114 0.00322 0.55606
vn -0.78759 -0.04127 0.61482
vn 0.85228 -0.50787 0.12527
vn 0.90197 -0.27458 -0.33326
vn 0.66666 -0.16797 -0.72618
vn 0.16438 -0.21280 -0.96317
vn -0.99410 -0.09047 0.05986
vn -0.86285 0.02863 0.50465
vn -0.81062 0.02877 0.58486
vn -0.64994 -0.12511 0.74961
vn -0.87239 0.29676 0.38841
vn -0.00289 -1.00000 -0.00124
vn -0.30746 -0.81192 -0.49624
vn -0.31230 0.86163 -0.40008
vn 0.23367 0.97173 0.03378
vn 0.82019 0.47396 0.32040
vn -0.05482 -0.99604 -0.06998
vn 0.02419 -0.99963 -0.01239
vn -0.45766 -0.42493 -0.78101
vn -0.07570 0.97208 -0.22208
vn 0.19499 0.94959 0.24547
vn 0.59884 0.26821 0.75462
vn 0.02931 -0.99141 -0.12746
vn 0.03157 -0.99668 -0.07502
vn 0.14939 -0.11732 -0.98179
vn -0.17078 0.98125 0.08929
vn -0.15397 0.84040 0.51964
vn 0.16413 0.01566 0.98631
vn 0.26648 -0.88982 -0.37041
vn 0.24290 -0.91098 -0.33335
vn 0.30350 0.36881 -0.87856
vn -0.60572 0.73073 0.31487
vn -0.56053 0.52841 0.63764
vn 0.07546 -0.39217 0.91679
vn 0.58748 -0.62409 -0.51515
vn 0.61111 -0.62874 -0.48086
vn -0.21069 0.53710 -0.81678
vn -0.88531 0.30519 0.35084
vn -0.75361 0.18930 0.62947
vn 0.38875 -0.30722 0.86861
vn 0.78461 -0.30999 -0.53692
vn 0.81882 -0.29345 -0.49338
vn -0.60532 -0.10469 -0.78907
vn -0.93027 0.05687 0.36245
vn -0.76627 0.09195 0.63591
vn 0.44792 0.12132 0.88581
vn 0.83802 -0.08975 -0.53820
vn 0.86929 -0.09711 -0.48467
vn -0.79770 -0.34363 -0.49558
vn -0.87962 -0.04196 0.47383
vn -0.67642 0.00311 0.73651
vn 0.76042 0.06301 0.64636
vn 0.79527 -0.02382 -0.60578
vn 0.82930 -0.04234 -0.55720
vn -0.86791 -0.49624 0.02216
vn -0.77654 -0.16267 0.60870
vn -0.54782 -0.09471 0.83122
vn 0.96855 -0.04468 -0.24478
vn 0.73380 0.03626 -0.67840
vn 0.76999 0.01775 -0.63781
vn -0.81889 -0.48322 0.30973
vn -0.70494 -0.20292 0.67962
vn -0.22099 -0.27882 0.93457
vn 0.75367 0.00317 -0.65725
vn 0.72155 0.05290 -0.69034
vn 0.75412 0.08932 -0.65063
vn 0.35299 0.06209 -0.93356
vn 0.00260 -1.00000 0.00029
vn -0.41147 -0.83274 -0.37045
vn -0.40696 0.87072 -0.27610
vn 0.21805 0.97588 -0.01088
vn 0.85255 0.51247 0.10264
vn -0.06227 -0.99658 -0.05435
vn 0.02700 -0.99944 -0.01951
vn -0.68752 -0.38833 -0.61361
vn -0.20033 0.97145 -0.12712
vn 0.22453 0.95730 0.18210
vn 0.82861 0.32420 0.45639
vn -0.00246 -0.99091 -0.13454
vn 0.04287 -0.99406 -0.10008
vn -0.26373 -0.06299 -0.96254
vn -0.25114 0.94179 0.22353
vn -0.01633 0.82782 0.56075
vn 0.56549 0.10960 0.81744
vn 0.15947 -0.86501 -0.47575
vn 0.19518 -0.87059 -0.45164
vn -0.17908 0.44553 -0.87718
vn -0.53939 0.57962 0.61082
vn -0.32113 0.41744 0.85007
vn 0.47190 -0.27953 0.83616
vn 0.40842 -0.49447 -0.76727
vn 0.46435 -0.47327 -0.74860
vn -0.64379 0.36699 -0.67145
vn -0.67856 0.17875 0.71247
vn -0.43189 0.12079 0.89380
vn 0.73118 -0.10523 0.67402
vn 0.52265 -0.17393 -0.83462
vn 0.57023 -0.16802 -0.80412
vn -0.85943 -0.10045 -0.50128
vn -0.68988 0.05197 0.72206
vn -0.43698 0.07561 0.89629
vn 0.80814 0.02529 0.58844
vn 0.54224 -0.07431 -0.83693
vn 0.59081 -0.07618 -0.80321
vn -0.96104 -0.21844 -0.16936
vn -0.63277 -0.02356 0.77398
vn -0.36437 -0.00969 0.93120
vn 0.97257 -0.07951 0.21862
vn 0.50824 -0.02629 -0.86081
vn 0.55156 -0.03785 -0.83328
vn -0.86778 -0.38470 0.31458
vn -0.53682 -0.14128 0.83178
vn -0.25793 -0.11356 0.95947
vn 0.80215 -0.10187 -0.58837
vn 0.45766 0.03464 -0.88845
vn 0.50118 0.02257 -0.86505
vn -0.72440 -0.40282 0.55945
vn -0.46428 -0.17611 0.86801
vn 0.03542 -0.28662 0.95739
vn 0.48481 -0.00035 -0.87462
vn 0.45481 0.04519 -0.88944
vn 0.50126 0.07364 -0.86216
vn 0.21231 0.05386 -0.97572
vn 0.00161 -1.00000 -0.00076
vn -0.49022 -0.83101 -0.26287
vn -0.46001 0.87162 -0.16933
vn 0.20824 0.97684 -0.04929
vn 0.85176 0.51910 -0.07106
vn -0.06855 -0.99680 -0.04119
vn 0.02577 -0.99936 -0.02479
vn -0.84296 -0.35362 -0.40543
vn -0.26632 0.96345 -0.02885
vn 0.24678 0.96266 0.11126
vn 0.92460 0.35441 0.13967
vn -0.03445 -0.99367 -0.10689
vn 0.03897 -0.99354 -0.10662
vn -0.62790 -0.04847 -0.77679
vn -0.25339 0.90569 0.33989
vn 0.12444 0.84248 0.52416
vn 0.81654 0.23800 0.52594
vn 0.02771 -0.87470 -0.48387
vn 0.09940 -0.85614 -0.50710
vn -0.60884 0.41141 -0.67827
vn -0.34303 0.51171 0.78771
vn -0.01264 0.41066 0.91170
vn 0.77824 -0.13463 0.61336
vn 0.13576 -0.46243 -0.87620
vn 0.20743 -0.41426 -0.88621
vn -0.89602 0.20466 -0.39404
vn -0.38163 0.14133 0.91345
vn -0.06462 0.11772 0.99094
vn 0.91288 -0.03703 0.40654
vn 0.18492 -0.13213 -0.97383
vn 0.24619 -0.12573 -0.96103
vn -0.98469 -0.06556 -0.16151
vn -0.37509 0.05482 0.92537
vn -0.05988 0.06386 0.99616
vn 0.98170 -0.03358 0.18745
vn 0.19214 -0.07514 -0.97849
vn 0.25157 -0.07648 -0.96481
vn -0.98094 -0.12033 0.15259
vn -0.33308 -0.01508 0.94278
vn -0.02103 -0.01503 0.99967
vn 0.96724 -0.17967 -0.17933
vn 0.17695 -0.03193 -0.98370
vn 0.23109 -0.03045 -0.97246
vn -0.77402 -0.30151 0.55676
vn -0.26736 -0.12933 0.95488
vn 0.04729 -0.12211 0.99139
vn 0.56456 -0.14724 -0.81215
vn 0.15645 0.03298 -0.98713
vn 0.20938 0.03123 -0.97733
vn -0.57626 -0.35389 0.73667
vn -0.19909 -0.16404 0.96616
vn 0.30751 -0.29331 0.90521
vn 0.19572 -0.00242 -0.98066
vn 0.16787 0.04170 -0.98493
vn 0.22592 0.06567 -0.97193
vn 0.07937 0.04747 -0.99571
vn 0.00066 -1.00000 -0.00121
vn -0.54598 -0.82651 -0.13707
vn -0.48755 0.87147 -0.05322
vn 0.18863 0.97711 -0.09833
vn 0.80278 0.52687 -0.27921
vn -0.07259 -0.99705 -0.02485
vn 0.02244 -0.99931 -0.02960
vn -0.92244 -0.35756 -0.14582
vn -0.28234 0.95485 0.09243
vn 0.23550 0.97162 0.02241
vn 0.86983 0.42284 -0.25417
vn -0.04715 -0.99707 -0.06020
vn 0.03023 -0.99335 -0.11107
vn -0.90388 -0.09120 -0.41796
vn -0.16551 0.87269 0.45938
vn 0.23692 0.88030 0.41102
vn 0.88209 0.46163 0.09383
vn -0.09447 -0.90247 -0.42026
vn -0.03847 -0.85691 -0.51403
vn -0.91818 0.29842 -0.26056
vn -0.02313 0.49413 0.86908
vn 0.32733 0.47178 0.81871
vn 0.96362 0.07865 0.25544
vn -0.20468 -0.48831 -0.84833
vn -0.14995 -0.41527 -0.89725
vn -0.99337 0.08669 0.07554
vn 0.05141 0.14902 0.98750
vn 0.36836 0.15382 0.91687
vn 0.99970 -0.01774 -0.01712
vn -0.24913 -0.13911 -0.95843
vn -0.18873 -0.12316 -0.97428
vn -0.96596 -0.01101 0.25847
vn 0.06745 0.06310 0.99572
vn 0.38105 0.05393 0.92298
vn 0.95503 -0.12937 -0.26680
vn -0.25138 -0.08199 -0.96441
vn -0.18971 -0.08166 -0.97844
vn -0.84882 0.02903 0.52788
vn 0.06235 -0.00206 0.99805
vn 0.36269 -0.02902 0.93146
vn 0.72573 -0.36203 -0.58502
vn -0.22981 -0.04055 -0.97239
vn -0.16386 -0.02078 -0.98626
vn -0.55530 -0.19812 0.80770
vn 0.05957 -0.11828 0.99119
vn 0.35986 -0.14395 0.92183
vn 0.18642 -0.22387 -0.95663
vn -0.19097 0.03287 -0.98104
vn -0.12908 0.04329 -0.99069
vn -0.35271 -0.31520 0.88105
vn 0.10411 -0.16237 0.98122
vn 0.54412 -0.33713 0.76830
vn -0.13778 -0.00433 -0.99045
vn -0.15797 0.04179 -0.98656
vn -0.09491 0.06129 -0.99360
vn -0.07937 0.04746 -0.99571
vn -0.00067 -1.00000 -0.00122
vn -0.56949 -0.82162 -0.02493
vn -0.48944 0.87087 0.04524
vn 0.15948 0.97706 -0.14114
vn 0.70692 0.53770 -0.45951
vn -0.07216 -0.99733 -0.01134
vn 0.01933 -0.99924 -0.03377
vn -0.91740 -0.39295 0.06294
vn -0.24544 0.94816 0.20185
vn 0.19393 0.98048 -0.03253
vn 0.65771 0.52251 -0.54259
vn -0.03499 -0.99904 -0.02651
vn 0.01579 -0.99203 -0.12503
vn -0.98535 -0.15948 -0.06041
vn -0.02320 0.84638 0.53207
vn 0.27196 0.91009 0.31268
vn 0.70138 0.67906 -0.21668
vn -0.15368 -0.92242 -0.35430
vn -0.16157 -0.85676 -0.48976
vn -0.96343 0.20038 0.17790
vn 0.26878 0.50240 0.82180
vn 0.53582 0.54715 0.64306
vn 0.95684 0.28565 -0.05356
vn -0.44664 -0.54245 -0.71152
vn -0.43398 -0.44715 -0.78213
vn -0.84850 0.02200 0.52874
vn 0.41524 0.18762 0.89015
vn 0.66245 0.21340 0.71807
vn 0.92347 -0.03264 -0.38229
vn -0.57431 -0.16988 -0.80082
vn -0.53097 -0.13636 -0.83635
vn -0.84158 0.02882 0.53936
vn 0.44172 0.06902 0.89450
vn 0.69410 0.04952 0.71817
vn 0.77504 -0.19151 -0.60219
vn -0.59140 -0.08887 -0.80147
vn -0.54022 -0.09076 -0.83661
vn -0.60422 0.13417 0.78544
vn 0.40689 0.00434 0.91347
vn 0.65108 -0.03823 0.75805
vn 0.36315 -0.49498 -0.78938
vn -0.55654 -0.04690 -0.82950
vn -0.48985 -0.01338 -0.87170
vn -0.25341 -0.14323 0.95670
vn 0.36075 -0.11446 0.92561
vn 0.60749 -0.15950 0.77815
vn -0.19656 -0.27382 -0.94148
vn -0.48776 0.03351 -0.87233
vn -0.42625 0.05147 -0.90314
vn -0.08809 -0.30737 0.94750
vn 0.38097 -0.16965 0.90889
vn 0.70612 -0.38479 0.59441
vn -0.43380 -0.00471 -0.90100
vn -0.44610 0.04474 -0.89387
vn -0.38780 0.06238 -0.91963
vn -0.21231 0.05384 -0.97572
vn -0.00164 -1.00000 -0.00077
vn -0.58890 -0.79804 0.12779
vn -0.47407 0.86449 0.16708
vn 0.11331 0.97450 -0.19370
vn 0.54682 0.52553 -0.65177
vn -0.06734 -0.99772 0.00323
vn 0.01837 -0.99908 -0.03886
vn -0.84156 -0.40874 0.35314
vn -0.17240 0.93711 0.30350
vn 0.12594 0.98787 -0.09080
vn 0.28885 0.59339 -0.75130
vn 0.00510 -0.99996 0.00680
vn 0.00147 -0.99226 -0.12418
vn -0.86676 -0.27446 0.41641
vn 0.14504 0.83723 0.52726
vn 0.25355 0.94941 0.18529
vn 0.32908 0.82980 -0.45070
vn -0.16836 -0.94976 -0.26382
vn -0.26601 -0.87924 -0.39519
vn -0.68674 0.03551 0.72604
vn 0.50320 0.58479 0.63625
vn 0.62592 0.69426 0.35529
vn 0.71458 0.53693 -0.44842
vn -0.59159 -0.66400 -0.45729
vn -0.63294 -0.56725 -0.52689
vn -0.44431 0.03441 0.89521
vn 0.71742 0.29878 0.62931
vn 0.86649 0.34133 0.36427
vn 0.68328 -0.06378 -0.72736
vn -0.82998 -0.27559 -0.48495
vn -0.81800 -0.20843 -0.53613
vn -0.57107 0.08416 0.81658
vn 0.77102 0.09230 0.63009
vn 0.93220 0.06293 0.35642
vn 0.44796 -0.30586 -0.84011
vn -0.87040 -0.10769 -0.48043
vn -0.83456 -0.10147 -0.54149
vn -0.29341 0.28659 0.91202
vn 0.71526 0.01851 0.69861
vn 0.88834 -0.05878 0.45540
vn -0.03765 -0.63099 -0.77488
vn -0.83572 -0.05059 -0.54682
vn -0.77603 -0.00887 -0.63063
vn 0.07355 -0.05349 0.99586
vn 0.64223 -0.10812 0.75884
vn 0.82462 -0.18955 0.53299
vn -0.55936 -0.32877 -0.76094
vn -0.75862 0.03596 -0.65054
vn -0.70175 0.05488 -0.71030
vn 0.15950 -0.29442 0.94227
vn 0.63677 -0.18604 0.74828
vn 0.81952 -0.45724 0.34543
vn -0.71018 -0.00499 -0.70400
vn -0.71465 0.05095 -0.69763
vn -0.66325 0.06522 -0.74555
vn -0.35299 0.06209 -0.93356
vn -0.00260 -1.00000 0.00029
vn 0.85063 -0.20830 -0.48274
vn -0.57999 0.64175 -0.50177
vn -0.72557 0.66401 0.18067
vn -0.27540 0.50114 0.82038
vn 0.84352 -0.53492 -0.04831
vn 0.83845 -0.54227 0.05429
vn 0.53213 0.20213 -0.82218
vn -0.80438 0.48088 -0.34889
vn -0.87123 0.43528 0.22690
vn -0.33917 0.26668 0.90213
vn 0.90683 -0.42063 -0.02691
vn 0.92293 -0.37813 0.07226
vn 0.18445 0.24825 -0.95097
vn -0.92588 0.24913 -0.28404
vn -0.94622 0.24293 0.21367
vn -0.19259 0.11710 0.97427
vn 0.98123 -0.19182 -0.01981
vn 0.97884 -0.19028 0.07525
vn -0.10583 0.02622 -0.99404
vn -0.95773 0.16179 -0.23788
vn -0.96443 0.11192 0.23946
vn -0.01239 -0.21141 0.97732
vn 0.98800 -0.15274 -0.02310
vn 0.98184 -0.17742 0.06717
vn -0.16544 0.16955 -0.97154
vn -0.96412 0.05058 -0.26062
vn -0.97906 -0.07275 0.19011
vn 0.27552 -0.60303 0.74862
vn 0.99430 -0.10664 -0.00229
vn 0.99127 -0.08610 0.09987
vn -0.38789 -0.19525 -0.90079
vn -0.92251 -0.21987 -0.31724
vn -0.93130 -0.34432 0.11885
vn 0.75671 -0.49249 0.42994
vn 0.99410 0.06719 0.08513
vn 0.98082 0.07538 0.17972
vn -0.44147 -0.48336 -0.75596
vn -0.89723 -0.35815 -0.25828
vn -0.67628 -0.65700 0.33317
vn 0.98516 0.01193 0.17120
vn 0.98416 0.10682 0.14151
vn 0.96299 0.13212 0.23492
vn 0.58796 0.80863 0.02053
vn 0.00334 -0.99999 -0.00103
vn -0.81488 -0.20830 0.54091
vn 0.61358 0.64175 0.46008
vn 0.71120 0.66401 -0.23084
vn 0.21751 0.50114 -0.83759
vn -0.83809 -0.53492 0.10703
vn -0.84019 -0.54227 0.00433
vn -0.47348 0.20213 0.85730
vn 0.82676 0.48088 0.29193
vn 0.85328 0.43528 -0.28712
vn 0.27542 0.26668 -0.92359
vn -0.90275 -0.42063 0.09010
vn -0.92572 -0.37813 -0.00771
vn -0.15536 0.23095 0.96048
vn 0.94418 0.23489 0.23098
vn 0.93078 0.24644 -0.27003
vn 0.10352 0.14236 -0.98439
vn -0.97575 -0.20226 0.08365
vn -0.98206 -0.18812 -0.01269
vn 0.07433 -0.10159 0.99205
vn 0.97177 0.09264 0.21699
vn 0.95091 0.15865 -0.26570
vn -0.21646 0.05826 -0.97455
vn -0.98314 -0.17148 0.06345
vn -0.98660 -0.16011 -0.03151
vn 0.37974 -0.26262 0.88703
vn 0.98978 -0.03524 0.13819
vn 0.94844 0.02163 -0.31622
vn -0.20096 -0.17305 -0.96419
vn -0.99124 -0.10393 0.08146
vn -0.99711 -0.07567 -0.00634
vn 0.52471 -0.60746 0.59638
vn 0.95668 -0.29111 -0.00429
vn 0.86956 -0.20499 -0.44928
vn -0.83200 -0.23699 -0.50162
vn -0.98849 0.06021 0.13878
vn -0.99545 0.07468 0.05923
vn 0.62411 -0.68616 0.37373
vn 0.91845 -0.37796 -0.11660
vn 0.52891 -0.46601 -0.70929
vn -0.99845 0.01974 0.05213
vn -0.98610 0.10840 0.12595
vn -0.98499 0.16539 0.04946
vn -0.58796 0.80863 0.02053
vn -0.00334 -0.99999 -0.00103
usemtl KawaiiSpaceBuns
s 1
f 1/1/1 2/2/2 34/35/34 33/34/33
f 2/2/2 3/3/3 35/36/35 34/35/34
f 3/3/3 4/4/4 36/37/36 35/36/35
f 4/4/4 5/5/5 37/38/37 36/37/36
f 5/5/5 6/6/6 38/39/38 37/38/37
f 6/6/6 7/7/7 39/40/39 38/39/38
f 7/7/7 8/8/8 40/41/40 39/40/39
f 8/8/8 9/9/9 41/42/41 40/41/40
f 9/9/9 10/10/10 42/43/42 41/42/41
f 10/10/10 11/11/11 43/44/43 42/43/42
f 11/11/11 12/12/12 44/45/44 43/44/43
f 12/12/12 13/13/13 45/46/45 44/45/44
f 13/13/13 14/14/14 46/47/46 45/46/45
f 14/14/14 15/15/15 47/48/47 46/47/46
f 15/15/15 16/16/16 48/49/48 47/48/47
f 16/16/16 17/17/17 49/50/49 48/49/48
f 17/17/17 18/18/18 50/51/50 49/50/49
f 18/18/18 19/19/19 51/52/51 50/51/50
f 19/19/19 20/20/20 52/53/52 51/52/51
f 20/20/20 21/21/21 53/54/53 52/53/52
f 21/21/21 22/22/22 54/55/54 53/54/53
f 22/22/22 23/23/23 55/56/55 54/55/54
f 23/23/23 24/24/24 56/57/56 55/56/55
f 24/24/24 25/25/25 57/58/57 56/57/56
f 25/25/25 26/26/26 58/59/58 57/58/57
f 26/26/26 27/27/27 59/60/59 58/59/58
f 27/27/27 28/28/28 60/61/60 59/60/59
f 28/28/28 29/29/29 61/62/61 60/61/60
f 29/29/29 30/30/30 62/63/62 61/62/61
f 30/30/30 31/31/31 63/64/63 62/63/62
f 31/31/31 32/32/32 64/65/64 63/64/63
f 32/32/32 1/33/1 33/66/33 64/65/64
f 33/34/33 34/35/34 66/68/66 65/67/65
f 34/35/34 35/36/35 67/69/67 66/68/66
f 35/36/35 36/37/36 68/70/68 67/69/67
f 36/37/36 37/38/37 69/71/69 68/70/68
f 37/38/37 38/39/38 70/72/70 69/71/69
f 38/39/38 39/40/39 71/73/71 70/72/70
f 39/40/39 40/41/40 72/74/72 71/73/71
f 40/41/40 41/42/41 73/75/73 72/74/72
f 41/42/41 42/43/42 74/76/74 73/75/73
f 42/43/42 43/44/43 75/77/75 74/76/74
f 43/44/43 44/45/44 76/78/76 75/77/75
f 44/45/44 45/46/45 77/79/77 76/78/76
f 45/46/45 46/47/46 78/80/78 77/79/77
f 46/47/46 47/48/47 79/81/79 78/80/78
f 47/48/47 48/49/48 80/82/80 79/81/79
f 48/49/48 49/50/49 81/83/81 80/82/80
f 49/50/49 50/51/50 82/84/82 81/83/81
f 50/51/50 51/52/51 83/85/83 82/84/82
f 51/52/51 52/53/52 84/86/84 83/85/83
f 52/53/52 53/54/53 85/87/85 84/86/84
f 53/54/53 54/55/54 86/88/86 85/87/85
f 54/55/54 55/56/55 87/89/87 86/88/86
f 55/56/55 56/57/56 88/90/88 87/89/87
f 56/57/56 57/58/57 89/91/89 88/90/88
f 57/58/57 58/59/58 90/92/90 89/91/89
f 58/59/58 59/60/59 91/93/91 90/92/90
f 59/60/59 60/61/60 92/94/92 91/93/91
f 60/61/60 61/62/61 93/95/93 92/94/92
f 61/62/61 62/63/62 94/96/94 93/95/93
f 62/63/62 63/64/63 95/97/95 94/96/94
f 63/64/63 64/65/64 96/98/96 95/97/95
f 64/65/64 33/66/33 65/99/65 96/98/96
f 65/67/65 66/68/66 98/101/98 97/100/97
f 66/68/66 67/69/67 99/102/99 98/101/98
f 67/69/67 68/70/68 100/103/100 99/102/99
f 68/70/68 69/71/69 101/104/101 100/103/100
f 69/71/69 70/72/70 102/105/102 101/104/101
f 70/72/70 71/73/71 103/106/103 102/105/102
f 71/73/71 72/74/72 104/107/104 103/106/103
f 72/74/72 73/75/73 105/108/105 104/107/104
f 73/75/73 74/76/74 106/109/106 105/108/105
f 74/76/74 75/77/75 107/110/107 106/109/106
f 75/77/75 76/78/76 108/111/108 107/110/107
f 76/78/76 77/79/77 109/112/109 108/111/108
f 77/79/77 78/80/78 110/113/110 109/112/109
f 78/80/78 79/81/79 111/114/111 110/113/110
f 79/81/79 80/82/80 112/115/112 111/114/111
f 80/82/80 81/83/81 113/116/113 112/115/112
f 81/83/81 82/84/82 114/117/114 113/116/113
f 82/84/82 83/85/83 115/118/115 114/117/114
f 83/85/83 84/86/84 116/119/116 115/118/115
f 84/86/84 85/87/85 117/120/117 116/119/116
f 85/87/85 86/88/86 118/121/118 117/120/117
f 86/88/86 87/89/87 119/122/119 118/121/118
f 87/89/87 88/90/88 120/123/120 119/122/119
f 88/90/88 89/91/89 121/124/121 120/123/120
f 89/91/89 90/92/90 122/125/122 121/124/121
f 90/92/90 91/93/91 123/126/123 122/125/122
f 91/93/91 92/94/92 124/127/124 123/126/123
f 92/94/92 93/95/93 125/128/125 124/127/124
f 93/95/93 94/96/94 126/129/126 125/128/125
f 94/96/94 95/97/95 127/130/127 126/129/126
f 95/97/95 96/98/96 128/131/128 127/130/127
f 96/98/96 65/99/65 97/132/97 128/131/128
f 97/100/97 98/101/98 130/134/130 129/133/129
f 98/101/98 99/102/99 131/135/131 130/134/130
f 99/102/99 100/103/100 132/136/132 131/135/131
f 100/103/100 101/104/101 133/137/133 132/136/132
f 101/104/101 102/105/102 134/138/134 133/137/133
f 102/105/102 103/106/103 135/139/135 134/138/134
f 103/106/103 104/107/104 136/140/136 135/139/135
f 104/107/104 105/108/105 137/141/137 136/140/136
f 105/108/105 106/109/106 138/142/138 137/141/137
f 106/109/106 107/110/107 139/143/139 138/142/138
f 107/110/107 108/111/108 140/144/140 139/143/139
f 108/111/108 109/112/109 141/145/141 140/144/140
f 109/112/109 110/113/110 142/146/142 141/145/141
f 110/113/110 111/114/111 143/147/143 142/146/142
f 111/114/111 112/115/112 144/148/144 143/147/143
f 112/115/112 113/116/113 145/149/145 144/148/144
f 113/116/113 114/117/114 146/150/146 145/149/145
f 114/117/114 115/118/115 147/151/147 146/150/146
f 115/118/115 116/119/116 148/152/148 147/151/147
f 116/119/116 117/120/117 149/153/149 148/152/148
f 117/120/117 118/121/118 150/154/150 149/153/149
f 118/121/118 119/122/119 151/155/151 150/154/150
f 119/122/119 120/123/120 152/156/152 151/155/151
f 120/123/120 121/124/121 153/157/153 152/156/152
f 121/124/121 122/125/122 154/158/154 153/157/153
f 122/125/122 123/126/123 155/159/155 154/158/154
f 123/126/123 124/127/124 156/160/156 155/159/155
f 124/127/124 125/128/125 157/161/157 156/160/156
f 125/128/125 126/129/126 158/162/158 157/161/157
f 126/129/126 127/130/127 159/163/159 158/162/158
f 127/130/127 128/131/128 160/164/160 159/163/159
f 128/131/128 97/132/97 129/165/129 160/164/160
f 129/133/129 130/134/130 162/167/162 161/166/161
f 130/134/130 131/135/131 163/168/163 162/167/162
f 131/135/131 132/136/132 164/169/164 163/168/163
f 132/136/132 133/137/133 165/170/165 164/169/164
f 133/137/133 134/138/134 166/171/166 165/170/165
f 134/138/134 135/139/135 167/172/167 166/171/166
f 135/139/135 136/140/136 168/173/168 167/172/167
f 136/140/136 137/141/137 169/174/169 168/173/168
f 137/141/137 138/142/138 170/175/170 169/174/169
f 138/142/138 139/143/139 171/176/171 170/175/170
f 139/143/139 140/144/140 172/177/172 171/176/171
f 140/144/140 141/145/141 173/178/173 172/177/172
f 141/145/141 142/146/142 174/179/174 173/178/173
f 142/146/142 143/147/143 175/180/175 174/179/174
f 143/147/143 144/148/144 176/181/176 175/180/175
f 144/148/144 145/149/145 177/182/177 176/181/176
f 145/149/145 146/150/146 178/183/178 177/182/177
f 146/150/146 147/151/147 179/184/179 178/183/178
f 147/151/147 148/152/148 180/185/180 179/184/179
f 148/152/148 149/153/149 181/186/181 180/185/180
f 149/153/149 150/154/150 182/187/182 181/186/181
f 150/154/150 151/155/151 183/188/183 182/187/182
f 151/155/151 152/156/152 184/189/184 183/188/183
f 152/156/152 153/157/153 185/190/185 184/189/184
f 153/157/153 154/158/154 186/191/186 185/190/185
f 154/158/154 155/159/155 187/192/187 186/191/186
f 155/159/155 156/160/156 188/193/188 187/192/187
f 156/160/156 157/161/157 189/194/189 188/193/188
f 157/161/157 158/162/158 190/195/190 189/194/189
f 158/162/158 159/163/159 191/196/191 190/195/190
f 159/163/159 160/164/160 192/197/192 191/196/191
f 160/164/160 129/165/129 161/198/161 192/197/192
f 161/166/161 162/167/162 194/200/194 193/199/193
f 162/167/162 163/168/163 195/201/195 194/200/194
f 163/168/163 164/169/164 196/202/196 195/201/195
f 164/169/164 165/170/165 197/203/197 196/202/196
f 165/170/165 166/171/166 198/204/198 197/203/197
f 166/171/166 167/172/167 199/205/199 198/204/198
f 167/172/167 168/173/168 200/206/200 199/205/199
f 168/173/168 169/174/169 201/207/201 200/206/200
f 169/174/169 170/175/170 202/208/202 201/207/201
f 170/175/170 171/176/171 203/209/203 202/208/202
f 171/176/171 172/177/172 204/210/204 203/209/203
f 172/177/172 173/178/173 205/211/205 204/210/204
f 173/178/173 174/179/174 206/212/206 205/211/205
f 174/179/174 175/180/175 207/213/207 206/212/206
f 175/180/175 176/181/176 208/214/208 207/213/207
f 176/181/176 177/182/177 209/215/209 208/214/208
f 177/182/177 178/183/178 210/216/210 209/215/209
f 178/183/178 179/184/179 211/217/211 210/216/210
f 179/184/179 180/185/180 212/218/212 211/217/211
f 180/185/180 181/186/181 213/219/213 212/218/212
f 181/186/181 182/187/182 214/220/214 213/219/213
f 182/187/182 183/188/183 215/221/215 214/220/214
f 183/188/183 184/189/184 216/222/216 215/221/215
f 184/189/184 185/190/185 217/223/217 216/222/216
f 185/190/185 186/191/186 218/224/218 217/223/217
f 186/191/186 187/192/187 219/225/219 218/224/218
f 187/192/187 188/193/188 220/226/220 219/225/219
f 188/193/188 189/194/189 221/227/221 220/226/220
f 189/194/189 190/195/190 222/228/222 221/227/221
f 190/195/190 191/196/191 223/229/223 222/228/222
f 191/196/191 192/197/192 224/230/224 223/229/223
f 192/197/192 161/198/161 193/231/193 224/230/224
f 193/199/193 194/200/194 226/233/226 225/232/225
f 194/200/194 195/201/195 227/234/227 226/233/226
f 195/201/195 196/202/196 228/235/228 227/234/227
f 196/202/196 197/203/197 229/236/229 228/235/228
f 197/203/197 198/204/198 230/237/230 229/236/229
f 198/204/198 199/205/199 231/238/231 230/237/230
f 199/205/199 200/206/200 232/239/232 231/238/231
f 200/206/200 201/207/201 233/240/233 232/239/232
f 201/207/201 202/208/202 234/241/234 233/240/233
f 202/208/202 203/209/203 235/242/235 234/241/234
f 203/209/203 204/210/204 236/243/236 235/242/235
f 204/210/204 205/211/205 237/244/237 236/243/236
f 205/211/205 206/212/206 238/245/238 237/244/237
f 206/212/206 207/213/207 239/246/239 238/245/238
f 207/213/207 208/214/208 240/247/240 239/246/239
f 208/214/208 209/215/209 241/248/241 240/247/240
f 209/215/209 210/216/210 242/249/242 241/248/241
f 210/216/210 211/217/211 243/250/243 242/249/242
f 211/217/211 212/218/212 244/251/244 243/250/243
f 212/218/212 213/219/213 245/252/245 244/251/244
f 213/219/213 214/220/214 246/253/246 245/252/245
f 214/220/214 215/221/215 247/254/247 246/253/246
f 215/221/215 216/222/216 248/255/248 247/254/247
f 216/222/216 217/223/217 249/256/249 248/255/248
f 217/223/217 218/224/218 250/257/250 249/256/249
f 218/224/218 219/225/219 251/258/251 250/257/250
f 219/225/219 220/226/220 252/259/252 251/258/251
f 220/226/220 221/227/221 253/260/253 252/259/252
f 221/227/221 222/228/222 254/261/254 253/260/253
f 222/228/222 223/229/223 255/262/255 254/261/254
f 223/229/223 224/230/224 256/263/256 255/262/255
f 224/230/224 193/231/193 225/264/225 256/263/256
f 225/232/225 226/233/226 258/266/258 257/265/257
f 226/233/226 227/234/227 259/267/259 258/266/258
f 227/234/227 228/235/228 260/268/260 259/267/259
f 228/235/228 229/236/229 261/269/261 260/268/260
f 229/236/229 230/237/230 262/270/262 261/269/261
f 230/237/230 231/238/231 263/271/263 262/270/262
f 231/238/231 232/239/232 264/272/264 263/271/263
f 232/239/232 233/240/233 265/273/265 264/272/264
f 233/240/233 234/241/234 266/274/266 265/273/265
f 234/241/234 235/242/235 267/275/267 266/274/266
f 235/242/235 236/243/236 268/276/268 267/275/267
f 236/243/236 237/244/237 269/277/269 268/276/268
f 237/244/237 238/245/238 270/278/270 269/277/269
f 238/245/238 239/246/239 271/279/271 270/278/270
f 239/246/239 240/247/240 272/280/272 271/279/271
f 240/247/240 241/248/241 273/281/273 272/280/272
f 241/248/241 242/249/242 274/282/274 273/281/273
f 242/249/242 243/250/243 275/283/275 274/282/274
f 243/250/243 244/251/244 276/284/276 275/283/275
f 244/251/244 245/252/245 277/285/277 276/284/276
f 245/252/245 246/253/246 278/286/278 277/285/277
f 246/253/246 247/254/247 279/287/279 278/286/278
f 247/254/247 248/255/248 280/288/280 279/287/279
f 248/255/248 249/256/249 281/289/281 280/288/280
f 249/256/249 250/257/250 282/290/282 281/289/281
f 250/257/250 251/258/251 283/291/283 282/290/282
f 251/258/251 252/259/252 284/292/284 283/291/283
f 252/259/252 253/260/253 285/293/285 284/292/284
f 253/260/253 254/261/254 286/294/286 285/293/285
f 254/261/254 255/262/255 287/295/287 286/294/286
f 255/262/255 256/263/256 288/296/288 287/295/287
f 256/263/256 225/264/225 257/297/257 288/296/288
f 257/265/257 258/266/258 290/299/290 289/298/289
f 258/266/258 259/267/259 291/300/291 290/299/290
f 259/267/259 260/268/260 292/301/292 291/300/291
f 260/268/260 261/269/261 293/302/293 292/301/292
f 261/269/261 262/270/262 294/303/294 293/302/293
f 262/270/262 263/271/263 295/304/295 294/303/294
f 263/271/263 264/272/264 296/305/296 295/304/295
f 264/272/264 265/273/265 297/306/297 296/305/296
f 265/273/265 266/274/266 298/307/298 297/306/297
f 266/274/266 267/275/267 299/308/299 298/307/298
f 267/275/267 268/276/268 300/309/300 299/308/299
f 268/276/268 269/277/269 301/310/301 300/309/300
f 269/277/269 270/278/270 302/311/302 301/310/301
f 270/278/270 271/279/271 303/312/303 302/311/302
f 271/279/271 272/280/272 304/313/304 303/312/303
f 272/280/272 273/281/273 305/314/305 304/313/304
f 273/281/273 274/282/274 306/315/306 305/314/305
f 274/282/274 275/283/275 307/316/307 306/315/306
f 275/283/275 276/284/276 308/317/308 307/316/307
f 276/284/276 277/285/277 309/318/309 308/317/308
f 277/285/277 278/286/278 310/319/310 309/318/309
f 278/286/278 279/287/279 311/320/311 310/319/310
f 279/287/279 280/288/280 312/321/312 311/320/311
f 280/288/280 281/289/281 313/322/313 312/321/312
f 281/289/281 282/290/282 314/323/314 313/322/313
f 282/290/282 283/291/283 315/324/315 314/323/314
f 283/291/283 284/292/284 316/325/316 315/324/315
f 284/292/284 285/293/285 317/326/317 316/325/316
f 285/293/285 286/294/286 318/327/318 317/326/317
f 286/294/286 287/295/287 319/328/319 318/327/318
f 287/295/287 288/296/288 320/329/320 319/328/319
f 288/296/288 257/297/257 289/330/289 320/329/320
f 289/298/289 290/299/290 322/332/322 321/331/321
f 290/299/290 291/300/291 323/333/323 322/332/322
f 291/300/291 292/301/292 324/334/324 323/333/323
f 292/301/292 293/302/293 325/335/325 324/334/324
f 293/302/293 294/303/294 326/336/326 325/335/325
f 294/303/294 295/304/295 327/337/327 326/336/326
f 295/304/295 296/305/296 328/338/328 327/337/327
f 296/305/296 297/306/297 329/339/329 328/338/328
f 297/306/297 298/307/298 330/340/330 329/339/329
f 298/307/298 299/308/299 331/341/331 330/340/330
f 299/308/299 300/309/300 332/342/332 331/341/331
f 300/309/300 301/310/301 333/343/333 332/342/332
f 301/310/301 302/311/302 334/344/334 333/343/333
f 302/311/302 303/312/303 335/345/335 334/344/334
f 303/312/303 304/313/304 336/346/336 335/345/335
f 304/313/304 305/314/305 337/347/337 336/346/336
f 305/314/305 306/315/306 338/348/338 337/347/337
f 306/315/306 307/316/307 339/349/339 338/348/338
f 307/316/307 308/317/308 340/350/340 339/349/339
f 308/317/308 309/318/309 341/351/341 340/350/340
f 309/318/309 310/319/310 342/352/342 341/351/341
f 310/319/310 311/320/311 343/353/343 342/352/342
f 311/320/311 312/321/312 344/354/344 343/353/343
f 312/321/312 313/322/313 345/355/345 344/354/344
f 313/322/313 314/323/314 346/356/346 345/355/345
f 314/323/314 315/324/315 347/357/347 346/356/346
f 315/324/315 316/325/316 348/358/348 347/357/347
f 316/325/316 317/326/317 349/359/349 348/358/348
f 317/326/317 318/327/318 350/360/350 349/359/349
f 318/327/318 319/328/319 351/361/351 350/360/350
f 319/328/319 320/329/320 352/362/352 351/361/351
f 320/329/320 289/330/289 321/363/321 352/362/352
f 321/331/321 322/332/322 354/365/354 353/364/353
f 322/332/322 323/333/323 355/366/355 354/365/354
f 323/333/323 324/334/324 356/367/356 355/366/355
f 324/334/324 325/335/325 357/368/357 356/367/356
f 325/335/325 326/336/326 358/369/358 357/368/357
f 326/336/326 327/337/327 359/370/359 358/369/358
f 327/337/327 328/338/328 360/371/360 359/370/359
f 328/338/328 329/339/329 361/372/361 360/371/360
f 329/339/329 330/340/330 362/373/362 361/372/361
f 330/340/330 331/341/331 363/374/363 362/373/362
f 331/341/331 332/342/332 364/375/364 363/374/363
f 332/342/332 333/343/333 365/376/365 364/375/364
f 333/343/333 334/344/334 366/377/366 365/376/365
f 334/344/334 335/345/335 367/378/367 366/377/366
f 335/345/335 336/346/336 368/379/368 367/378/367
f 336/346/336 337/347/337 369/380/369 368/379/368
f 337/347/337 338/348/338 370/381/370 369/380/369
f 338/348/338 339/349/339 371/382/371 370/381/370
f 339/349/339 340/350/340 372/383/372 371/382/371
f 340/350/340 341/351/341 373/384/373 372/383/372
f 341/351/341 342/352/342 374/385/374 373/384/373
f 342/352/342 343/353/343 375/386/375 374/385/374
f 343/353/343 344/354/344 376/387/376 375/386/375
f 344/354/344 345/355/345 377/388/377 376/387/376
f 345/355/345 346/356/346 378/389/378 377/388/377
f 346/356/346 347/357/347 379/390/379 378/389/378
f 347/357/347 348/358/348 380/391/380 379/390/379
f 348/358/348 349/359/349 381/392/381 380/391/380
f 349/359/349 350/360/350 382/393/382 381/392/381
f 350/360/350 351/361/351 383/394/383 382/393/382
f 351/361/351 352/362/352 384/395/384 383/394/383
f 352/362/352 321/363/321 353/396/353 384/395/384
f 385/397/385 2/2/2 1/1/1
f 385/398/385 3/3/3 2/2/2
f 385/399/385 4/4/4 3/3/3
f 385/400/385 5/5/5 4/4/4
f 385/401/385 6/6/6 5/5/5
f 385/402/385 7/7/7 6/6/6
f 385/403/385 8/8/8 7/7/7
f 385/404/385 9/9/9 8/8/8
f 385/405/385 10/10/10 9/9/9
f 385/406/385 11/11/11 10/10/10
f 385/407/385 12/12/12 11/11/11
f 385/408/385 13/13/13 12/12/12
f 385/409/385 14/14/14 13/13/13
f 385/410/385 15/15/15 14/14/14
f 385/411/385 16/16/16 15/15/15
f 385/412/385 17/17/17 16/16/16
f 385/413/385 18/18/18 17/17/17
f 385/414/385 19/19/19 18/18/18
f 385/415/385 20/20/20 19/19/19
f 385/416/385 21/21/21 20/20/20
f 385/417/385 22/22/22 21/21/21
f 385/418/385 23/23/23 22/22/22
f 385/419/385 24/24/24 23/23/23
f 385/420/385 25/25/25 24/24/24
f 385/421/385 26/26/26 25/25/25
f 385/422/385 27/27/27 26/26/26
f 385/423/385 28/28/28 27/27/27
f 385/424/385 29/29/29 28/28/28
f 385/425/385 30/30/30 29/29/29
f 385/426/385 31/31/31 30/30/30
f 385/427/385 32/32/32 31/31/31
f 385/428/385 1/33/1 32/32/32
f 353/364/353 354/365/354 386/429/386
f 354/365/354 355/366/355 386/430/386
f 355/366/355 356/367/356 386/431/386
f 356/367/356 357/368/357 386/432/386
f 357/368/357 358/369/358 386/433/386
f 358/369/358 359/370/359 386/434/386
f 359/370/359 360/371/360 386/435/386
f 360/371/360 361/372/361 386/436/386
f 361/372/361 362/373/362 386/437/386
f 362/373/362 363/374/363 386/438/386
f 363/374/363 364/375/364 386/439/386
f 364/375/364 365/376/365 386/440/386
f 365/376/365 366/377/366 386/441/386
f 366/377/366 367/378/367 386/442/386
f 367/378/367 368/379/368 386/443/386
f 368/379/368 369/380/369 386/444/386
f 369/380/369 370/381/370 386/445/386
f 370/381/370 371/382/371 386/446/386
f 371/382/371 372/383/372 386/447/386
f 372/383/372 373/384/373 386/448/386
f 373/384/373 374/385/374 386/449/386
f 374/385/374 375/386/375 386/450/386
f 375/386/375 376/387/376 386/451/386
f 376/387/376 377/388/377 386/452/386
f 377/388/377 378/389/378 386/453/386
f 378/389/378 379/390/379 386/454/386
f 379/390/379 380/391/380 386/455/386
f 380/391/380 381/392/381 386/456/386
f 381/392/381 382/393/382 386/457/386
f 382/393/382 383/394/383 386/458/386
f 383/394/383 384/395/384 386/459/386
f 384/395/384 353/396/353 386/460/386
f 407/482/407 408/483/408 388/462/388 387/461/387
f 408/483/408 409/484/409 389/463/389 388/462/388
f 409/484/409 410/485/410 390/464/390 389/463/389
f 410/485/410 411/486/411 391/465/391 390/464/390
f 411/486/411 412/487/412 392/466/392 391/465/391
f 412/487/412 413/488/413 393/467/393 392/466/392
f 413/488/413 414/489/414 394/468/394 393/467/393
f 414/489/414 415/490/415 395/469/395 394/468/394
f 415/490/415 416/491/416 396/470/396 395/469/395
f 416/491/416 417/492/417 397/471/397 396/470/396
f 417/492/417 418/493/418 398/472/398 397/471/397
f 418/493/418 419/494/419 399/473/399 398/472/398
f 419/494/419 420/495/420 400/474/400 399/473/399
f 420/495/420 421/496/421 401/475/401 400/474/400
f 421/496/421 422/497/422 402/476/402 401/475/401
f 422/497/422 423/498/423 403/477/403 402/476/402
f 423/498/423 424/499/424 404/478/404 403/477/403
f 424/499/424 425/500/425 405/479/405 404/478/404
f 425/500/425 426/501/426 406/480/406 405/479/405
f 426/501/426 407/502/407 387/481/387 406/480/406
f 427/503/427 428/504/428 408/483/408 407/482/407
f 428/504/428 429/505/429 409/484/409 408/483/408
f 429/505/429 430/506/430 410/485/410 409/484/409
f 430/506/430 431/507/431 411/486/411 410/485/410
f 431/507/431 432/508/432 412/487/412 411/486/411
f 432/508/432 433/509/433 413/488/413 412/487/412
f 433/509/433 434/510/434 414/489/414 413/488/413
f 434/510/434 435/511/435 415/490/415 414/489/414
f 435/511/435 436/512/436 416/491/416 415/490/415
f 436/512/436 437/513/437 417/492/417 416/491/416
f 437/513/437 438/514/438 418/493/418 417/492/417
f 438/514/438 439/515/439 419/494/419 418/493/418
f 439/515/439 440/516/440 420/495/420 419/494/419
f 440/516/440 441/517/441 421/496/421 420/495/420
f 441/517/441 442/518/442 422/497/422 421/496/421
f 442/518/442 443/519/443 423/498/423 422/497/422
f 443/519/443 444/520/444 424/499/424 423/498/423
f 444/520/444 445/521/445 425/500/425 424/499/424
f 445/521/445 446/522/446 426/501/426 425/500/425
f 446/522/446 427/523/427 407/502/407 426/501/426
f 447/524/447 448/525/448 428/504/428 427/503/427
f 448/525/448 449/526/449 429/505/429 428/504/428
f 449/526/449 450/527/450 430/506/430 429/505/429
f 450/527/450 451/528/451 431/507/431 430/506/430
f 451/528/451 452/529/452 432/508/432 431/507/431
f 452/529/452 453/530/453 433/509/433 432/508/432
f 453/530/453 454/531/454 434/510/434 433/509/433
f 454/531/454 455/532/455 435/511/435 434/510/434
f 455/532/455 456/533/456 436/512/436 435/511/435
f 456/533/456 457/534/457 437/513/437 436/512/436
f 457/534/457 458/535/458 438/514/438 437/513/437
f 458/535/458 459/536/459 439/515/439 438/514/438
f 459/536/459 460/537/460 440/516/440 439/515/439
f 460/537/460 461/538/461 441/517/441 440/516/440
f 461/538/461 462/539/462 442/518/442 441/517/441
f 462/539/462 463/540/463 443/519/443 442/518/442
f 463/540/463 464/541/464 444/520/444 443/519/443
f 464/541/464 465/542/465 445/521/445 444/520/444
f 465/542/465 466/543/466 446/522/446 445/521/445
f 466/543/466 447/544/447 427/523/427 446/522/446
f 467/545/467 468/546/468 448/525/448 447/524/447
f 468/546/468 469/547/469 449/526/449 448/525/448
f 469/547/469 470/548/470 450/527/450 449/526/449
f 470/548/470 471/549/471 451/528/451 450/527/450
f 471/549/471 472/550/472 452/529/452 451/528/451
f 472/550/472 473/551/473 453/530/453 452/529/452
f 473/551/473 474/552/474 454/531/454 453/530/453
f 474/552/474 475/553/475 455/532/455 454/531/454
f 475/553/475 476/554/476 456/533/456 455/532/455
f 476/554/476 477/555/477 457/534/457 456/533/456
f 477/555/477 478/556/478 458/535/458 457/534/457
f 478/556/478 479/557/479 459/536/459 458/535/458
f 479/557/479 480/558/480 460/537/460 459/536/459
f 480/558/480 481/559/481 461/538/461 460/537/460
f 481/559/481 482/560/482 462/539/462 461/538/461
f 482/560/482 483/561/483 463/540/463 462/539/462
f 483/561/483 484/562/484 464/541/464 463/540/463
f 484/562/484 485/563/485 465/542/465 464/541/464
f 485/563/485 486/564/486 466/543/466 465/542/465
f 486/564/486 467/565/467 447/544/447 466/543/466
f 487/566/487 488/567/488 468/546/468 467/545/467
f 488/567/488 489/568/489 469/547/469 468/546/468
f 489/568/489 490/569/490 470/548/470 469/547/469
f 490/569/490 491/570/491 471/549/471 470/548/470
f 491/570/491 492/571/492 472/550/472 471/549/471
f 492/571/492 493/572/493 473/551/473 472/550/472
f 493/572/493 494/573/494 474/552/474 473/551/473
f 494/573/494 495/574/495 475/553/475 474/552/474
f 495/574/495 496/575/496 476/554/476 475/553/475
f 496/575/496 497/576/497 477/555/477 476/554/476
f 497/576/497 498/577/498 478/556/478 477/555/477
f 498/577/498 499/578/499 479/557/479 478/556/478
f 499/578/499 500/579/500 480/558/480 479/557/479
f 500/579/500 501/580/501 481/559/481 480/558/480
f 501/580/501 502/581/502 482/560/482 481/559/481
f 502/581/502 503/582/503 483/561/483 482/560/482
f 503/582/503 504/583/504 484/562/484 483/561/483
f 504/583/504 505/584/505 485/563/485 484/562/484
f 505/584/505 506/585/506 486/564/486 485/563/485
f 506/585/506 487/586/487 467/565/467 486/564/486
f 507/587/507 508/588/508 488/567/488 487/566/487
f 508/588/508 509/589/509 489/568/489 488/567/488
f 509/589/509 510/590/510 490/569/490 489/568/489
f 510/590/510 511/591/511 491/570/491 490/569/490
f 511/591/511 512/592/512 492/571/492 491/570/491
f 512/592/512 513/593/513 493/572/493 492/571/492
f 513/593/513 514/594/514 494/573/494 493/572/493
f 514/594/514 515/595/515 495/574/495 494/573/494
f 515/595/515 516/596/516 496/575/496 495/574/495
f 516/596/516 517/597/517 497/576/497 496/575/496
f 517/597/517 518/598/518 498/577/498 497/576/497
f 518/598/518 519/599/519 499/578/499 498/577/498
f 519/599/519 520/600/520 500/579/500 499/578/499
f 520/600/520 521/601/521 501/580/501 500/579/500
f 521/601/521 522/602/522 502/581/502 501/580/501
f 522/602/522 523/603/523 503/582/503 502/581/502
f 523/603/523 524/604/524 504/583/504 503/582/503
f 524/604/524 525/605/525 505/584/505 504/583/504
f 525/605/525 526/606/526 506/585/506 505/584/505
f 526/606/526 507/607/507 487/586/487 506/585/506
f 387/461/387 388/462/388 527/608/527
f 388/462/388 389/463/389 527/609/527
f 389/463/389 390/464/390 527/610/527
f 390/464/390 391/465/391 527/611/527
f 391/465/391 392/466/392 527/612/527
f 392/466/392 393/467/393 527/613/527
f 393/467/393 394/468/394 527/614/527
f 394/468/394 395/469/395 527/615/527
f 395/469/395 396/470/396 527/616/527
f 396/470/396 397/471/397 527/617/527
f 397/471/397 398/472/398 527/618/527
f 398/472/398 399/473/399 527/619/527
f 399/473/399 400/474/400 527/620/527
f 400/474/400 401/475/401 527/621/527
f 401/475/401 402/476/402 527/622/527
f 402/476/402 403/477/403 527/623/527
f 403/477/403 404/478/404 527/624/527
f 404/478/404 405/479/405 527/625/527
f 405/479/405 406/480/406 527/626/527
f 406/480/406 387/481/387 527/627/527
f 528/628/528 508/588/508 507/587/507
f 528/629/528 509/589/509 508/588/508
f 528/630/528 510/590/510 509/589/509
f 528/631/528 511/591/511 510/590/510
f 528/632/528 512/592/512 511/591/511
f 528/633/528 513/593/513 512/592/512
f 528/634/528 514/594/514 513/593/513
f 528/635/528 515/595/515 514/594/514
f 528/636/528 516/596/516 515/595/515
f 528/637/528 517/597/517 516/596/516
f 528/638/528 518/598/518 517/597/517
f 528/639/528 519/599/519 518/598/518
f 528/640/528 520/600/520 519/599/519
f 528/641/528 521/601/521 520/600/520
f 528/642/528 522/602/522 521/601/521
f 528/643/528 523/603/523 522/602/522
f 528/644/528 524/604/524 523/603/523
f 528/645/528 525/605/525 524/604/524
f 528/646/528 526/606/526 525/605/525
f 528/647/528 507/607/507 526/606/526
f 549/669/549 550/670/550 530/649/530 529/648/529
f 550/670/550 551/671/551 531/650/531 530/649/530
f 551/671/551 552/672/552 532/651/532 531/650/531
f 552/672/552 553/673/553 533/652/533 532/651/532
f 553/673/553 554/674/554 534/653/534 533/652/533
f 554/674/554 555/675/555 535/654/535 534/653/534
f 555/675/555 556/676/556 536/655/536 535/654/535
f 556/676/556 557/677/557 537/656/537 536/655/536
f 557/677/557 558/678/558 538/657/538 537/656/537
f 558/678/558 559/679/559 539/658/539 538/657/538
f 559/679/559 560/680/560 540/659/540 539/658/539
f 560/680/560 561/681/561 541/660/541 540/659/540
f 561/681/561 562/682/562 542/661/542 541/660/541
f 562/682/562 563/683/563 543/662/543 542/661/542
f 563/683/563 564/684/564 544/663/544 543/662/543
f 564/684/564 565/685/565 545/664/545 544/663/544
f 565/685/565 566/686/566 546/665/546 545/664/545
f 566/686/566 567/687/567 547/666/547 546/665/546
f 567/687/567 568/688/568 548/667/548 547/666/547
f 568/688/568 549/689/549 529/668/529 548/667/548
f 569/690/569 570/691/570 550/670/550 549/669/549
f 570/691/570 571/692/571 551/671/551 550/670/550
f 571/692/571 572/693/572 552/672/552 551/671/551
f 572/693/572 573/694/573 553/673/553 552/672/552
f 573/694/573 574/695/574 554/674/554 553/673/553
f 574/695/574 575/696/575 555/675/555 554/674/554
f 575/696/575 576/697/576 556/676/556 555/675/555
f 576/697/576 577/698/577 557/677/557 556/676/556
f 577/698/577 578/699/578 558/678/558 557/677/557
f 578/699/578 579/700/579 559/679/559 558/678/558
f 579/700/579 580/701/580 560/680/560 559/679/559
f 580/701/580 581/702/581 561/681/561 560/680/560
f 581/702/581 582/703/582 562/682/562 561/681/561
f 582/703/582 583/704/583 563/683/563 562/682/562
f 583/704/583 584/705/584 564/684/564 563/683/563
f 584/705/584 585/706/585 565/685/565 564/684/564
f 585/706/585 586/707/586 566/686/566 565/685/565
f 586/707/586 587/708/587 567/687/567 566/686/566
f 587/708/587 588/709/588 568/688/568 567/687/567
f 588/709/588 569/710/569 549/689/549 568/688/568
f 589/711/589 590/712/590 570/691/570 569/690/569
f 590/712/590 591/713/591 571/692/571 570/691/570
f 591/713/591 592/714/592 572/693/572 571/692/571
f 592/714/592 593/715/593 573/694/573 572/693/572
f 593/715/593 594/716/594 574/695/574 573/694/573
f 594/716/594 595/717/595 575/696/575 574/695/574
f 595/717/595 596/718/596 576/697/576 575/696/575
f 596/718/596 597/719/597 577/698/577 576/697/576
f 597/719/597 598/720/598 578/699/578 577/698/577
f 598/720/598 599/721/599 579/700/579 578/699/578
f 599/721/599 600/722/600 580/701/580 579/700/579
f 600/722/600 601/723/601 581/702/581 580/701/580
f 601/723/601 602/724/602 582/703/582 581/702/581
f 602/724/602 603/725/603 583/704/583 582/703/582
f 603/725/603 604/726/604 584/705/584 583/704/583
f 604/726/604 605/727/605 585/706/585 584/705/584
f 605/727/605 606/728/606 586/707/586 585/706/585
f 606/728/606 607/729/607 587/708/587 586/707/586
f 607/729/607 608/730/608 588/709/588 587/708/587
f 608/730/608 589/731/589 569/710/569 588/709/588
f 609/732/609 610/733/610 590/712/590 589/711/589
f 610/733/610 611/734/611 591/713/591 590/712/590
f 611/734/611 612/735/612 592/714/592 591/713/591
f 612/735/612 613/736/613 593/715/593 592/714/592
f 613/736/613 614/737/614 594/716/594 593/715/593
f 614/737/614 615/738/615 595/717/595 594/716/594
f 615/738/615 616/739/616 596/718/596 595/717/595
f 616/739/616 617/740/617 597/719/597 596/718/596
f 617/740/617 618/741/618 598/720/598 597/719/597
f 618/741/618 619/742/619 599/721/599 598/720/598
f 619/742/619 620/743/620 600/722/600 599/721/599
f 620/743/620 621/744/621 601/723/601 600/722/600
f 621/744/621 622/745/622 602/724/602 601/723/601
f 622/745/622 623/746/623 603/725/603 602/724/602
f 623/746/623 624/747/624 604/726/604 603/725/603
f 624/747/624 625/748/625 605/727/605 604/726/604
f 625/748/625 626/749/626 606/728/606 605/727/605
f 626/749/626 627/750/627 607/729/607 606/728/606
f 627/750/627 628/751/628 608/730/608 607/729/607
f 628/751/628 609/752/609 589/731/589 608/730/608
f 629/753/629 630/754/630 610/733/610 609/732/609
f 630/754/630 631/755/631 611/734/611 610/733/610
f 631/755/631 632/756/632 612/735/612 611/734/611
f 632/756/632 633/757/633 613/736/613 612/735/612
f 633/757/633 634/758/634 614/737/614 613/736/613
f 634/758/634 635/759/635 615/738/615 614/737/614
f 635/759/635 636/760/636 616/739/616 615/738/615
f 636/760/636 637/761/637 617/740/617 616/739/616
f 637/761/637 638/762/638 618/741/618 617/740/617
f 638/762/638 639/763/639 619/742/619 618/741/618
f 639/763/639 640/764/640 620/743/620 619/742/619
f 640/764/640 641/765/641 621/744/621 620/743/620
f 641/765/641 642/766/642 622/745/622 621/744/621
f 642/766/642 643/767/643 623/746/623 622/745/622
f 643/767/643 644/768/644 624/747/624 623/746/623
f 644/768/644 645/769/645 625/748/625 624/747/624
f 645/769/645 646/770/646 626/749/626 625/748/625
f 646/770/646 647/771/647 627/750/627 626/749/626
f 647/771/647 648/772/648 628/751/628 627/750/627
f 648/772/648 629/773/629 609/752/609 628/751/628
f 649/774/649 650/775/650 630/754/630 629/753/629
f 650/775/650 651/776/651 631/755/631 630/754/630
f 651/776/651 652/777/652 632/756/632 631/755/631
f 652/777/652 653/778/653 633/757/633 632/756/632
f 653/778/653 654/779/654 634/758/634 633/757/633
f 654/779/654 655/780/655 635/759/635 634/758/634
f 655/780/655 656/781/656 636/760/636 635/759/635
f 656/781/656 657/782/657 637/761/637 636/760/636
f 657/782/657 658/783/658 638/762/638 637/761/637
f 658/783/658 659/784/659 639/763/639 638/762/638
f 659/784/659 660/785/660 640/764/640 639/763/639
f 660/785/660 661/786/661 641/765/641 640/764/640
f 661/786/661 662/787/662 642/766/642 641/765/641
f 662/787/662 663/788/663 643/767/643 642/766/642
f 663/788/663 664/789/664 644/768/644 643/767/643
f 664/789/664 665/790/665 645/769/645 644/768/644
f 665/790/665 666/791/666 646/770/646 645/769/645
f 666/791/666 667/792/667 647/771/647 646/770/646
f 667/792/667 668/793/668 648/772/648 647/771/647
f 668/793/668 649/794/649 629/773/629 648/772/648
f 529/648/529 530/649/530 669/795/669
f 530/649/530 531/650/531 669/796/669
f 531/650/531 532/651/532 669/797/669
f 532/651/532 533/652/533 669/798/669
f 533/652/533 534/653/534 669/799/669
f 534/653/534 535/654/535 669/800/669
f 535/654/535 536/655/536 669/801/669
f 536/655/536 537/656/537 669/802/669
f 537/656/537 538/657/538 669/803/669
f 538/657/538 539/658/539 669/804/669
f 539/658/539 540/659/540 669/805/669
f 540/659/540 541/660/541 669/806/669
f 541/660/541 542/661/542 669/807/669
f 542/661/542 543/662/543 669/808/669
f 543/662/543 544/663/544 669/809/669
f 544/663/544 545/664/545 669/810/669
f 545/664/545 546/665/546 669/811/669
f 546/665/546 547/666/547 669/812/669
f 547/666/547 548/667/548 669/813/669
f 548/667/548 529/668/529 669/814/669
f 670/815/670 650/775/650 649/774/649
f 670/816/670 651/776/651 650/775/650
f 670/817/670 652/777/652 651/776/651
f 670/818/670 653/778/653 652/777/652
f 670/819/670 654/779/654 653/778/653
f 670/820/670 655/780/655 654/779/654
f 670/821/670 656/781/656 655/780/655
f 670/822/670 657/782/657 656/781/656
f 670/823/670 658/783/658 657/782/657
f 670/824/670 659/784/659 658/783/658
f 670/825/670 660/785/660 659/784/659
f 670/826/670 661/786/661 660/785/660
f 670/827/670 662/787/662 661/786/661
f 670/828/670 663/788/663 662/787/662
f 670/829/670 664/789/664 663/788/663
f 670/830/670 665/790/665 664/789/664
f 670/831/670 666/791/666 665/790/665
f 670/832/670 667/792/667 666/791/666
f 670/833/670 668/793/668 667/792/667
f 670/834/670 649/794/649 668/793/668
f 677/842/677 678/843/678 672/836/672 671/835/671
f 678/843/678 679/844/679 673/837/673 672/836/672
f 679/844/679 680/845/680 674/838/674 673/837/673
f 680/845/680 681/846/681 675/839/675 674/838/674
f 681/846/681 682/847/682 676/840/676 675/839/675
f 682/847/682 677/848/677 671/841/671 676/840/676
f 683/849/683 684/850/684 678/843/678 677/842/677
f 684/850/684 685/851/685 679/844/679 678/843/678
f 685/851/685 686/852/686 680/845/680 679/844/679
f 686/852/686 687/853/687 681/846/681 680/845/680
f 687/853/687 688/854/688 682/847/682 681/846/681
f 688/854/688 683/855/683 677/848/677 682/847/682
f 689/856/689 690/857/690 684/850/684 683/849/683
f 690/857/690 691/858/691 685/851/685 684/850/684
f 691/858/691 692/859/692 686/852/686 685/851/685
f 692/859/692 693/860/693 687/853/687 686/852/686
f 693/860/693 694/861/694 688/854/688 687/853/687
f 694/861/694 689/862/689 683/855/683 688/854/688
f 695/863/695 696/864/696 690/857/690 689/856/689
f 696/864/696 697/865/697 691/858/691 690/857/690
f 697/865/697 698/866/698 692/859/692 691/858/691
f 698/866/698 699/867/699 693/860/693 692/859/692
f 699/867/699 700/868/700 694/861/694 693/860/693
f 700/868/700 695/869/695 689/862/689 694/861/694
f 701/870/701 702/871/702 696/864/696 695/863/695
f 702/871/702 703/872/703 697/865/697 696/864/696
f 703/872/703 704/873/704 698/866/698 697/865/697
f 704/873/704 705/874/705 699/867/699 698/866/698
f 705/874/705 706/875/706 700/868/700 699/867/699
f 706/875/706 701/876/701 695/869/695 700/868/700
f 707/877/707 708/878/708 702/871/702 701/870/701
f 708/878/708 709/879/709 703/872/703 702/871/702
f 709/879/709 710/880/710 704/873/704 703/872/703
f 710/880/710 711/881/711 705/874/705 704/873/704
f 711/881/711 712/882/712 706/875/706 705/874/705
f 712/882/712 707/883/707 701/876/701 706/875/706
f 713/884/713 714/885/714 708/878/708 707/877/707
f 714/885/714 715/886/715 709/879/709 708/878/708
f 715/886/715 716/887/716 710/880/710 709/879/709
f 716/887/716 717/888/717 711/881/711 710/880/710
f 717/888/717 718/889/718 712/882/712 711/881/711
f 718/889/718 713/890/713 707/883/707 712/882/712
f 719/891/719 720/892/720 714/885/714 713/884/713
f 720/892/720 721/893/721 715/886/715 714/885/714
f 721/893/721 722/894/722 716/887/716 715/886/715
f 722/894/722 723/895/723 717/888/717 716/887/716
f 723/895/723 724/896/724 718/889/718 717/888/717
f 724/896/724 719/897/719 713/890/713 718/889/718
f 725/898/725 726/899/726 720/892/720 719/891/719
f 726/899/726 727/900/727 721/893/721 720/892/720
f 727/900/727 728/901/728 722/894/722 721/893/721
f 728/901/728 729/902/729 723/895/723 722/894/722
f 729/902/729 730/903/730 724/896/724 723/895/723
f 730/903/730 725/904/725 719/897/719 724/896/724
f 731/905/731 732/906/732 726/899/726 725/898/725
f 732/906/732 733/907/733 727/900/727 726/899/726
f 733/907/733 734/908/734 728/901/728 727/900/727
f 734/908/734 735/909/735 729/902/729 728/901/728
f 735/909/735 736/910/736 730/903/730 729/902/729
f 736/910/736 731/911/731 725/904/725 730/903/730
f 737/912/737 738/913/738 732/906/732 731/905/731
f 738/913/738 739/914/739 733/907/733 732/906/732
f 739/914/739 740/915/740 734/908/734 733/907/733
f 740/915/740 741/916/741 735/909/735 734/908/734
f 741/916/741 742/917/742 736/910/736 735/909/735
f 742/917/742 737/918/737 731/911/731 736/910/736
f 743/919/743 744/920/744 738/913/738 737/912/737
f 744/920/744 745/921/745 739/914/739 738/913/738
f 745/921/745 746/922/746 740/915/740 739/914/739
f 746/922/746 747/923/747 741/916/741 740/915/740
f 747/923/747 748/924/748 742/917/742 741/916/741
f 748/924/748 743/925/743 737/918/737 742/917/742
f 749/926/749 750/927/750 744/920/744 743/919/743
f 750/927/750 751/928/751 745/921/745 744/920/744
f 751/928/751 752/929/752 746/922/746 745/921/745
f 752/929/752 753/930/753 747/923/747 746/922/746
f 753/930/753 754/931/754 748/924/748 747/923/747
f 754/931/754 749/932/749 743/925/743 748/924/748
f 755/933/755 756/934/756 750/927/750 749/926/749
f 756/934/756 757/935/757 751/928/751 750/927/750
f 757/935/757 758/936/758 752/929/752 751/928/751
f 758/936/758 759/937/759 753/930/753 752/929/752
f 759/937/759 760/938/760 754/931/754 753/930/753
f 760/938/760 755/939/755 749/932/749 754/931/754
f 761/940/761 762/941/762 756/934/756 755/933/755
f 762/941/762 763/942/763 757/935/757 756/934/756
f 763/942/763 764/943/764 758/936/758 757/935/757
f 764/943/764 765/944/765 759/937/759 758/936/758
f 765/944/765 766/945/766 760/938/760 759/937/759
f 766/945/766 761/946/761 755/939/755 760/938/760
f 767/947/767 768/948/768 762/941/762 761/940/761
f 768/948/768 769/949/769 763/942/763 762/941/762
f 769/949/769 770/950/770 764/943/764 763/942/763
f 770/950/770 771/951/771 765/944/765 764/943/764
f 771/951/771 772/952/772 766/945/766 765/944/765
f 772/952/772 767/953/767 761/946/761 766/945/766
f 773/954/773 774/955/774 768/948/768 767/947/767
f 774/955/774 775/956/775 769/949/769 768/948/768
f 775/956/775 776/957/776 770/950/770 769/949/769
f 776/957/776 777/958/777 771/951/771 770/950/770
f 777/958/777 778/959/778 772/952/772 771/951/771
f 778/959/778 773/960/773 767/953/767 772/952/772
f 779/961/779 780/962/780 774/955/774 773/954/773
f 780/962/780 781/963/781 775/956/775 774/955/774
f 781/963/781 782/964/782 776/957/776 775/956/775
f 782/964/782 783/965/783 777/958/777 776/957/776
f 783/965/783 784/966/784 778/959/778 777/958/777
f 784/966/784 779/967/779 773/960/773 778/959/778
f 785/968/785 786/969/786 780/962/780 779/961/779
f 786/969/786 787/970/787 781/963/781 780/962/780
f 787/970/787 788/971/788 782/964/782 781/963/781
f 788/971/788 789/972/789 783/965/783 782/964/782
f 789/972/789 790/973/790 784/966/784 783/965/783
f 790/973/790 785/974/785 779/967/779 784/966/784
f 791/975/791 792/976/792 786/969/786 785/968/785
f 792/976/792 793/977/793 787/970/787 786/969/786
f 793/977/793 794/978/794 788/971/788 787/970/787
f 794/978/794 795/979/795 789/972/789 788/971/788
f 795/979/795 796/980/796 790/973/790 789/972/789
f 796/980/796 791/981/791 785/974/785 790/973/790
f 797/982/797 798/983/798 792/976/792 791/975/791
f 798/983/798 799/984/799 793/977/793 792/976/792
f 799/984/799 800/985/800 794/978/794 793/977/793
f 800/985/800 801/986/801 795/979/795 794/978/794
f 801/986/801 802/987/802 796/980/796 795/979/795
f 802/987/802 797/988/797 791/981/791 796/980/796
f 803/989/803 804/990/804 798/983/798 797/982/797
f 804/990/804 805/991/805 799/984/799 798/983/798
f 805/991/805 806/992/806 800/985/800 799/984/799
f 806/992/806 807/993/807 801/986/801 800/985/800
f 807/993/807 808/994/808 802/987/802 801/986/801
f 808/994/808 803/995/803 797/988/797 802/987/802
f 809/996/809 810/997/810 804/990/804 803/989/803
f 810/997/810 811/998/811 805/991/805 804/990/804
f 811/998/811 812/999/812 806/992/806 805/991/805
f 812/999/812 813/1000/813 807/993/807 806/992/806
f 813/1000/813 814/1001/814 808/994/808 807/993/807
f 814/1001/814 809/1002/809 803/995/803 808/994/808
f 815/1003/815 816/1004/816 810/997/810 809/996/809
f 816/1004/816 817/1005/817 811/998/811 810/997/810
f 817/1005/817 818/1006/818 812/999/812 811/998/811
f 818/1006/818 819/1007/819 813/1000/813 812/999/812
f 819/1007/819 820/1008/820 814/1001/814 813/1000/813
f 820/1008/820 815/1009/815 809/1002/809 814/1001/814
f 671/1010/671 672/1011/672 816/1004/816 815/1003/815
f 672/1011/672 673/1012/673 817/1005/817 816/1004/816
f 673/1012/673 674/1013/674 818/1006/818 817/1005/817
f 674/1013/674 675/1014/675 819/1007/819 818/1006/818
f 675/1014/675 676/1015/676 820/1008/820 819/1007/819
f 676/1015/676 671/1016/671 815/1009/815 820/1008/820
f 821/1017/821 822/1018/822 828/1025/828 827/1024/827
f 822/1018/822 823/1019/823 829/1026/829 828/1025/828
f 823/1019/823 824/1020/824 830/1027/830 829/1026/829
f 824/1020/824 825/1021/825 831/1028/831 830/1027/830
f 825/1021/825 826/1022/826 832/1029/832 831/1028/831
f 826/1022/826 821/1023/821 827/1030/827 832/1029/832
f 827/1024/827 828/1025/828 834/1032/834 833/1031/833
f 828/1025/828 829/1026/829 835/1033/835 834/1032/834
f 829/1026/829 830/1027/830 836/1034/836 835/1033/835
f 830/1027/830 831/1028/831 837/1035/837 836/1034/836
f 831/1028/831 832/1029/832 838/1036/838 837/1035/837
f 832/1029/832 827/1030/827 833/1037/833 838/1036/838
f 833/1031/833 834/1032/834 840/1039/840 839/1038/839
f 834/1032/834 835/1033/835 841/1040/841 840/1039/840
f 835/1033/835 836/1034/836 842/1041/842 841/1040/841
f 836/1034/836 837/1035/837 843/1042/843 842/1041/842
f 837/1035/837 838/1036/838 844/1043/844 843/1042/843
f 838/1036/838 833/1037/833 839/1044/839 844/1043/844
f 839/1038/839 840/1039/840 846/1046/846 845/1045/845
f 840/1039/840 841/1040/841 847/1047/847 846/1046/846
f 841/1040/841 842/1041/842 848/1048/848 847/1047/847
f 842/1041/842 843/1042/843 849/1049/849 848/1048/848
f 843/1042/843 844/1043/844 850/1050/850 849/1049/849
f 844/1043/844 839/1044/839 845/1051/845 850/1050/850
f 845/1045/845 846/1046/846 852/1053/852 851/1052/851
f 846/1046/846 847/1047/847 853/1054/853 852/1053/852
f 847/1047/847 848/1048/848 854/1055/854 853/1054/853
f 848/1048/848 849/1049/849 855/1056/855 854/1055/854
f 849/1049/849 850/1050/850 856/1057/856 855/1056/855
f 850/1050/850 845/1051/845 851/1058/851 856/1057/856
f 851/1052/851 852/1053/852 858/1060/858 857/1059/857
f 852/1053/852 853/1054/853 859/1061/859 858/1060/858
f 853/1054/853 854/1055/854 860/1062/860 859/1061/859
f 854/1055/854 855/1056/855 861/1063/861 860/1062/860
f 855/1056/855 856/1057/856 862/1064/862 861/1063/861
f 856/1057/856 851/1058/851 857/1065/857 862/1064/862
f 857/1059/857 858/1060/858 864/1067/864 863/1066/863
f 858/1060/858 859/1061/859 865/1068/865 864/1067/864
f 859/1061/859 860/1062/860 866/1069/866 865/1068/865
f 860/1062/860 861/1063/861 867/1070/867 866/1069/866
f 861/1063/861 862/1064/862 868/1071/868 867/1070/867
f 862/1064/862 857/1065/857 863/1072/863 868/1071/868
f 863/1066/863 864/1067/864 870/1074/870 869/1073/869
f 864/1067/864 865/1068/865 871/1075/871 870/1074/870
f 865/1068/865 866/1069/866 872/1076/872 871/1075/871
f 866/1069/866 867/1070/867 873/1077/873 872/1076/872
f 867/1070/867 868/1071/868 874/1078/874 873/1077/873
f 868/1071/868 863/1072/863 869/1079/869 874/1078/874
f 869/1073/869 870/1074/870 876/1081/876 875/1080/875
f 870/1074/870 871/1075/871 877/1082/877 876/1081/876
f 871/1075/871 872/1076/872 878/1083/878 877/1082/877
f 872/1076/872 873/1077/873 879/1084/879 878/1083/878
f 873/1077/873 874/1078/874 880/1085/880 879/1084/879
f 874/1078/874 869/1079/869 875/1086/875 880/1085/880
f 875/1080/875 876/1081/876 882/1088/882 881/1087/881
f 876/1081/876 877/1082/877 883/1089/883 882/1088/882
f 877/1082/877 878/1083/878 884/1090/884 883/1089/883
f 878/1083/878 879/1084/879 885/1091/885 884/1090/884
f 879/1084/879 880/1085/880 886/1092/886 885/1091/885
f 880/1085/880 875/1086/875 881/1093/881 886/1092/886
f 881/1087/881 882/1088/882 888/1095/888 887/1094/887
f 882/1088/882 883/1089/883 889/1096/889 888/1095/888
f 883/1089/883 884/1090/884 890/1097/890 889/1096/889
f 884/1090/884 885/1091/885 891/1098/891 890/1097/890
f 885/1091/885 886/1092/886 892/1099/892 891/1098/891
f 886/1092/886 881/1093/881 887/1100/887 892/1099/892
f 887/1094/887 888/1095/888 894/1102/894 893/1101/893
f 888/1095/888 889/1096/889 895/1103/895 894/1102/894
f 889/1096/889 890/1097/890 896/1104/896 895/1103/895
f 890/1097/890 891/1098/891 897/1105/897 896/1104/896
f 891/1098/891 892/1099/892 898/1106/898 897/1105/897
f 892/1099/892 887/1100/887 893/1107/893 898/1106/898
f 893/1101/893 894/1102/894 900/1109/900 899/1108/899
f 894/1102/894 895/1103/895 901/1110/901 900/1109/900
f 895/1103/895 896/1104/896 902/1111/902 901/1110/901
f 896/1104/896 897/1105/897 903/1112/903 902/1111/902
f 897/1105/897 898/1106/898 904/1113/904 903/1112/903
f 898/1106/898 893/1107/893 899/1114/899 904/1113/904
f 899/1108/899 900/1109/900 906/1116/906 905/1115/905
f 900/1109/900 901/1110/901 907/1117/907 906/1116/906
f 901/1110/901 902/1111/902 908/1118/908 907/1117/907
f 902/1111/902 903/1112/903 909/1119/909 908/1118/908
f 903/1112/903 904/1113/904 910/1120/910 909/1119/909
f 904/1113/904 899/1114/899 905/1121/905 910/1120/910
f 905/1115/905 906/1116/906 912/1123/912 911/1122/911
f 906/1116/906 907/1117/907 913/1124/913 912/1123/912
f 907/1117/907 908/1118/908 914/1125/914 913/1124/913
f 908/1118/908 909/1119/909 915/1126/915 914/1125/914
f 909/1119/909 910/1120/910 916/1127/916 915/1126/915
f 910/1120/910 905/1121/905 911/1128/911 916/1127/916
f 911/1122/911 912/1123/912 918/1130/918 917/1129/917
f 912/1123/912 913/1124/913 919/1131/919 918/1130/918
f 913/1124/913 914/1125/914 920/1132/920 919/1131/919
f 914/1125/914 915/1126/915 921/1133/921 920/1132/920
f 915/1126/915 916/1127/916 922/1134/922 921/1133/921
f 916/1127/916 911/1128/911 917/1135/917 922/1134/922
f 917/1129/917 918/1130/918 924/1137/924 923/1136/923
f 918/1130/918 919/1131/919 925/1138/925 924/1137/924
f 919/1131/919 920/1132/920 926/1139/926 925/1138/925
f 920/1132/920 921/1133/921 927/1140/927 926/1139/926
f 921/1133/921 922/1134/922 928/1141/928 927/1140/927
f 922/1134/922 917/1135/917 923/1142/923 928/1141/928
f 923/1136/923 924/1137/924 930/1144/930 929/1143/929
f 924/1137/924 925/1138/925 931/1145/931 930/1144/930
f 925/1138/925 926/1139/926 932/1146/932 931/1145/931
f 926/1139/926 927/1140/927 933/1147/933 932/1146/932
f 927/1140/927 928/1141/928 934/1148/934 933/1147/933
f 928/1141/928 923/1142/923 929/1149/929 934/1148/934
f 929/1143/929 930/1144/930 936/1151/936 935/1150/935
f 930/1144/930 931/1145/931 937/1152/937 936/1151/936
f 931/1145/931 932/1146/932 938/1153/938 937/1152/937
f 932/1146/932 933/1147/933 939/1154/939 938/1153/938
f 933/1147/933 934/1148/934 940/1155/940 939/1154/939
f 934/1148/934 929/1149/929 935/1156/935 940/1155/940
f 935/1150/935 936/1151/936 942/1158/942 941/1157/941
f 936/1151/936 937/1152/937 943/1159/943 942/1158/942
f 937/1152/937 938/1153/938 944/1160/944 943/1159/943
f 938/1153/938 939/1154/939 945/1161/945 944/1160/944
f 939/1154/939 940/1155/940 946/1162/946 945/1161/945
f 940/1155/940 935/1156/935 941/1163/941 946/1162/946
f 941/1157/941 942/1158/942 948/1165/948 947/1164/947
f 942/1158/942 943/1159/943 949/1166/949 948/1165/948
f 943/1159/943 944/1160/944 950/1167/950 949/1166/949
f 944/1160/944 945/1161/945 951/1168/951 950/1167/950
f 945/1161/945 946/1162/946 952/1169/952 951/1168/951
f 946/1162/946 941/1163/941 947/1170/947 952/1169/952
f 947/1164/947 948/1165/948 954/1172/954 953/1171/953
f 948/1165/948 949/1166/949 955/1173/955 954/1172/954
f 949/1166/949 950/1167/950 956/1174/956 955/1173/955
f 950/1167/950 951/1168/951 957/1175/957 956/1174/956
f 951/1168/951 952/1169/952 958/1176/958 957/1175/957
f 952/1169/952 947/1170/947 953/1177/953 958/1176/958
f 953/1171/953 954/1172/954 960/1179/960 959/1178/959
f 954/1172/954 955/1173/955 961/1180/961 960/1179/960
f 955/1173/955 956/1174/956 962/1181/962 961/1180/961
f 956/1174/956 957/1175/957 963/1182/963 962/1181/962
f 957/1175/957 958/1176/958 964/1183/964 963/1182/963
f 958/1176/958 953/1177/953 959/1184/959 964/1183/964
f 959/1178/959 960/1179/960 966/1186/966 965/1185/965
f 960/1179/960 961/1180/961 967/1187/967 966/1186/966
f 961/1180/961 962/1181/962 968/1188/968 967/1187/967
f 962/1181/962 963/1182/963 969/1189/969 968/1188/968
f 963/1182/963 964/1183/964 970/1190/970 969/1189/969
f 964/1183/964 959/1184/959 965/1191/965 970/1190/970
f 965/1185/965 966/1186/966 822/1193/822 821/1192/821
f 966/1186/966 967/1187/967 823/1194/823 822/1193/822
f 967/1187/967 968/1188/968 824/1195/824 823/1194/823
f 968/1188/968 969/1189/969 825/1196/825 824/1195/824
f 969/1189/969 970/1190/970 826/1197/826 825/1196/825
f 970/1190/970 965/1191/965 821/1198/821 826/1197/826
f 979/1208/979 980/1209/980 972/1200/972 971/1199/971
f 980/1209/980 981/1210/981 973/1201/973 972/1200/972
f 981/1210/981 982/1211/982 974/1202/974 973/1201/973
f 982/1211/982 983/1212/983 975/1203/975 974/1202/974
f 983/1212/983 984/1213/984 976/1204/976 975/1203/975
f 984/1213/984 985/1214/985 977/1205/977 976/1204/976
f 985/1214/985 986/1215/986 978/1206/978 977/1205/977
f 986/1215/986 979/1216/979 971/1207/971 978/1206/978
f 987/1217/987 988/1218/988 980/1209/980 979/1208/979
f 988/1218/988 989/1219/989 981/1210/981 980/1209/980
f 989/1219/989 990/1220/990 982/1211/982 981/1210/981
f 990/1220/990 991/1221/991 983/1212/983 982/1211/982
f 991/1221/991 992/1222/992 984/1213/984 983/1212/983
f 992/1222/992 993/1223/993 985/1214/985 984/1213/984
f 993/1223/993 994/1224/994 986/1215/986 985/1214/985
f 994/1224/994 987/1225/987 979/1216/979 986/1215/986
f 995/1226/995 996/1227/996 988/1218/988 987/1217/987
f 996/1227/996 997/1228/997 989/1219/989 988/1218/988
f 997/1228/997 998/1229/998 990/1220/990 989/1219/989
f 998/1229/998 999/1230/999 991/1221/991 990/1220/990
f 999/1230/999 1000/1231/1000 992/1222/992 991/1221/991
f 1000/1231/1000 1001/1232/1001 993/1223/993 992/1222/992
f 1001/1232/1001 1002/1233/1002 994/1224/994 993/1223/993
f 1002/1233/1002 995/1234/995 987/1225/987 994/1224/994
f 1003/1235/1003 1004/1236/1004 996/1227/996 995/1226/995
f 1004/1236/1004 1005/1237/1005 997/1228/997 996/1227/996
f 1005/1237/1005 1006/1238/1006 998/1229/998 997/1228/997
f 1006/1238/1006 1007/1239/1007 999/1230/999 998/1229/998
f 1007/1239/1007 1008/1240/1008 1000/1231/1000 999/1230/999
f 1008/1240/1008 1009/1241/1009 1001/1232/1001 1000/1231/1000
f 1009/1241/1009 1010/1242/1010 1002/1233/1002 1001/1232/1001
f 1010/1242/1010 1003/1243/1003 995/1234/995 1002/1233/1002
f 1011/1244/1011 1012/1245/1012 1004/1236/1004 1003/1235/1003
f 1012/1245/1012 1013/1246/1013 1005/1237/1005 1004/1236/1004
f 1013/1246/1013 1014/1247/1014 1006/1238/1006 1005/1237/1005
f 1014/1247/1014 1015/1248/1015 1007/1239/1007 1006/1238/1006
f 1015/1248/1015 1016/1249/1016 1008/1240/1008 1007/1239/1007
f 1016/1249/1016 1017/1250/1017 1009/1241/1009 1008/1240/1008
f 1017/1250/1017 1018/1251/1018 1010/1242/1010 1009/1241/1009
f 1018/1251/1018 1011/1252/1011 1003/1243/1003 1010/1242/1010
f 1019/1253/1019 1020/1254/1020 1012/1245/1012 1011/1244/1011
f 1020/1254/1020 1021/1255/1021 1013/1246/1013 1012/1245/1012
f 1021/1255/1021 1022/1256/1022 1014/1247/1014 1013/1246/1013
f 1022/1256/1022 1023/1257/1023 1015/1248/1015 1014/1247/1014
f 1023/1257/1023 1024/1258/1024 1016/1249/1016 1015/1248/1015
f 1024/1258/1024 1025/1259/1025 1017/1250/1017 1016/1249/1016
f 1025/1259/1025 1026/1260/1026 1018/1251/1018 1017/1250/1017
f 1026/1260/1026 1019/1261/1019 1011/1252/1011 1018/1251/1018
f 1027/1262/1027 1028/1263/1028 1020/1254/1020 1019/1253/1019
f 1028/1263/1028 1029/1264/1029 1021/1255/1021 1020/1254/1020
f 1029/1264/1029 1030/1265/1030 1022/1256/1022 1021/1255/1021
f 1030/1265/1030 1031/1266/1031 1023/1257/1023 1022/1256/1022
f 1031/1266/1031 1032/1267/1032 1024/1258/1024 1023/1257/1023
f 1032/1267/1032 1033/1268/1033 1025/1259/1025 1024/1258/1024
f 1033/1268/1033 1034/1269/1034 1026/1260/1026 1025/1259/1025
f 1034/1269/1034 1027/1270/1027 1019/1261/1019 1026/1260/1026
f 971/1199/971 972/1200/972 1035/1271/1035
f 972/1200/972 973/1201/973 1035/1272/1035
f 973/1201/973 974/1202/974 1035/1273/1035
f 974/1202/974 975/1203/975 1035/1274/1035
f 975/1203/975 976/1204/976 1035/1275/1035
f 976/1204/976 977/1205/977 1035/1276/1035
f 977/1205/977 978/1206/978 1035/1277/1035
f 978/1206/978 971/1207/971 1035/1278/1035
f 1036/1279/1036 1028/1263/1028 1027/1262/1027
f 1036/1280/1036 1029/1264/1029 1028/1263/1028
f 1036/1281/1036 1030/1265/1030 1029/1264/1029
f 1036/1282/1036 1031/1266/1031 1030/1265/1030
f 1036/1283/1036 1032/1267/1032 1031/1266/1031
f 1036/1284/1036 1033/1268/1033 1032/1267/1032
f 1036/1285/1036 1034/1269/1034 1033/1268/1033
f 1036/1286/1036 1027/1270/1027 1034/1269/1034
f 1045/1296/1045 1046/1297/1046 1038/1288/1038 1037/1287/1037
f 1046/1297/1046 1047/1298/1047 1039/1289/1039 1038/1288/1038
f 1047/1298/1047 1048/1299/1048 1040/1290/1040 1039/1289/1039
f 1048/1299/1048 1049/1300/1049 1041/1291/1041 1040/1290/1040
f 1049/1300/1049 1050/1301/1050 1042/1292/1042 1041/1291/1041
f 1050/1301/1050 1051/1302/1051 1043/1293/1043 1042/1292/1042
f 1051/1302/1051 1052/1303/1052 1044/1294/1044 1043/1293/1043
f 1052/1303/1052 1045/1304/1045 1037/1295/1037 1044/1294/1044
f 1053/1305/1053 1054/1306/1054 1046/1297/1046 1045/1296/1045
f 1054/1306/1054 1055/1307/1055 1047/1298/1047 1046/1297/1046
f 1055/1307/1055 1056/1308/1056 1048/1299/1048 1047/1298/1047
f 1056/1308/1056 1057/1309/1057 1049/1300/1049 1048/1299/1048
f 1057/1309/1057 1058/1310/1058 1050/1301/1050 1049/1300/1049
f 1058/1310/1058 1059/1311/1059 1051/1302/1051 1050/1301/1050
f 1059/1311/1059 1060/1312/1060 1052/1303/1052 1051/1302/1051
f 1060/1312/1060 1053/1313/1053 1045/1304/1045 1052/1303/1052
f 1061/1314/1061 1062/1315/1062 1054/1306/1054 1053/1305/1053
f 1062/1315/1062 1063/1316/1063 1055/1307/1055 1054/1306/1054
f 1063/1316/1063 1064/1317/1064 1056/1308/1056 1055/1307/1055
f 1064/1317/1064 1065/1318/1065 1057/1309/1057 1056/1308/1056
f 1065/1318/1065 1066/1319/1066 1058/1310/1058 1057/1309/1057
f 1066/1319/1066 1067/1320/1067 1059/1311/1059 1058/1310/1058
f 1067/1320/1067 1068/1321/1068 1060/1312/1060 1059/1311/1059
f 1068/1321/1068 1061/1322/1061 1053/1313/1053 1060/1312/1060
f 1069/1323/1069 1070/1324/1070 1062/1315/1062 1061/1314/1061
f 1070/1324/1070 1071/1325/1071 1063/1316/1063 1062/1315/1062
f 1071/1325/1071 1072/1326/1072 1064/1317/1064 1063/1316/1063
f 1072/1326/1072 1073/1327/1073 1065/1318/1065 1064/1317/1064
f 1073/1327/1073 1074/1328/1074 1066/1319/1066 1065/1318/1065
f 1074/1328/1074 1075/1329/1075 1067/1320/1067 1066/1319/1066
f 1075/1329/1075 1076/1330/1076 1068/1321/1068 1067/1320/1067
f 1076/1330/1076 1069/1331/1069 1061/1322/1061 1068/1321/1068
f 1077/1332/1077 1078/1333/1078 1070/1324/1070 1069/1323/1069
f 1078/1333/1078 1079/1334/1079 1071/1325/1071 1070/1324/1070
f 1079/1334/1079 1080/1335/1080 1072/1326/1072 1071/1325/1071
f 1080/1335/1080 1081/1336/1081 1073/1327/1073 1072/1326/1072
f 1081/1336/1081 1082/1337/1082 1074/1328/1074 1073/1327/1073
f 1082/1337/1082 1083/1338/1083 1075/1329/1075 1074/1328/1074
f 1083/1338/1083 1084/1339/1084 1076/1330/1076 1075/1329/1075
f 1084/1339/1084 1077/1340/1077 1069/1331/1069 1076/1330/1076
f 1085/1341/1085 1086/1342/1086 1078/1333/1078 1077/1332/1077
f 1086/1342/1086 1087/1343/1087 1079/1334/1079 1078/1333/1078
f 1087/1343/1087 1088/1344/1088 1080/1335/1080 1079/1334/1079
f 1088/1344/1088 1089/1345/1089 1081/1336/1081 1080/1335/1080
f 1089/1345/1089 1090/1346/1090 1082/1337/1082 1081/1336/1081
f 1090/1346/1090 1091/1347/1091 1083/1338/1083 1082/1337/1082
f 1091/1347/1091 1092/1348/1092 1084/1339/1084 1083/1338/1083
f 1092/1348/1092 1085/1349/1085 1077/1340/1077 1084/1339/1084
f 1093/1350/1093 1094/1351/1094 1086/1342/1086 1085/1341/1085
f 1094/1351/1094 1095/1352/1095 1087/1343/1087 1086/1342/1086
f 1095/1352/1095 1096/1353/1096 1088/1344/1088 1087/1343/1087
f 1096/1353/1096 1097/1354/1097 1089/1345/1089 1088/1344/1088
f 1097/1354/1097 1098/1355/1098 1090/1346/1090 1089/1345/1089
f 1098/1355/1098 1099/1356/1099 1091/1347/1091 1090/1346/1090
f 1099/1356/1099 1100/1357/1100 1092/1348/1092 1091/1347/1091
f 1100/1357/1100 1093/1358/1093 1085/1349/1085 1092/1348/1092
f 1037/1287/1037 1038/1288/1038 1101/1359/1101
f 1038/1288/1038 1039/1289/1039 1101/1360/1101
f 1039/1289/1039 1040/1290/1040 1101/1361/1101
f 1040/1290/1040 1041/1291/1041 1101/1362/1101
f 1041/1291/1041 1042/1292/1042 1101/1363/1101
f 1042/1292/1042 1043/1293/1043 1101/1364/1101
f 1043/1293/1043 1044/1294/1044 1101/1365/1101
f 1044/1294/1044 1037/1295/1037 1101/1366/1101
f 1102/1367/1102 1094/1351/1094 1093/1350/1093
f 1102/1368/1102 1095/1352/1095 1094/1351/1094
f 1102/1369/1102 1096/1353/1096 1095/1352/1095
f 1102/1370/1102 1097/1354/1097 1096/1353/1096
f 1102/1371/1102 1098/1355/1098 1097/1354/1097
f 1102/1372/1102 1099/1356/1099 1098/1355/1098
f 1102/1373/1102 1100/1357/1100 1099/1356/1099
f 1102/1374/1102 1093/1358/1093 1100/1357/1100
f 1111/1384/1111 1112/1385/1112 1104/1376/1104 1103/1375/1103
f 1112/1385/1112 1113/1386/1113 1105/1377/1105 1104/1376/1104
f 1113/1386/1113 1114/1387/1114 1106/1378/1106 1105/1377/1105
f 1114/1387/1114 1115/1388/1115 1107/1379/1107 1106/1378/1106
f 1115/1388/1115 1116/1389/1116 1108/1380/1108 1107/1379/1107
f 1116/1389/1116 1117/1390/1117 1109/1381/1109 1108/1380/1108
f 1117/1390/1117 1118/1391/1118 1110/1382/1110 1109/1381/1109
f 1118/1391/1118 1111/1392/1111 1103/1383/1103 1110/1382/1110
f 1119/1393/1119 1120/1394/1120 1112/1385/1112 1111/1384/1111
f 1120/1394/1120 1121/1395/1121 1113/1386/1113 1112/1385/1112
f 1121/1395/1121 1122/1396/1122 1114/1387/1114 1113/1386/1113
f 1122/1396/1122 1123/1397/1123 1115/1388/1115 1114/1387/1114
f 1123/1397/1123 1124/1398/1124 1116/1389/1116 1115/1388/1115
f 1124/1398/1124 1125/1399/1125 1117/1390/1117 1116/1389/1116
f 1125/1399/1125 1126/1400/1126 1118/1391/1118 1117/1390/1117
f 1126/1400/1126 1119/1401/1119 1111/1392/1111 1118/1391/1118
f 1127/1402/1127 1128/1403/1128 1120/1394/1120 1119/1393/1119
f 1128/1403/1128 1129/1404/1129 1121/1395/1121 1120/1394/1120
f 1129/1404/1129 1130/1405/1130 1122/1396/1122 1121/1395/1121
f 1130/1405/1130 1131/1406/1131 1123/1397/1123 1122/1396/1122
f 1131/1406/1131 1132/1407/1132 1124/1398/1124 1123/1397/1123
f 1132/1407/1132 1133/1408/1133 1125/1399/1125 1124/1398/1124
f 1133/1408/1133 1134/1409/1134 1126/1400/1126 1125/1399/1125
f 1134/1409/1134 1127/1410/1127 1119/1401/1119 1126/1400/1126
f 1135/1411/1135 1136/1412/1136 1128/1403/1128 1127/1402/1127
f 1136/1412/1136 1137/1413/1137 1129/1404/1129 1128/1403/1128
f 1137/1413/1137 1138/1414/1138 1130/1405/1130 1129/1404/1129
f 1138/1414/1138 1139/1415/1139 1131/1406/1131 1130/1405/1130
f 1139/1415/1139 1140/1416/1140 1132/1407/1132 1131/1406/1131
f 1140/1416/1140 1141/1417/1141 1133/1408/1133 1132/1407/1132
f 1141/1417/1141 1142/1418/1142 1134/1409/1134 1133/1408/1133
f 1142/1418/1142 1135/1419/1135 1127/1410/1127 1134/1409/1134
f 1143/1420/1143 1144/1421/1144 1136/1412/1136 1135/1411/1135
f 1144/1421/1144 1145/1422/1145 1137/1413/1137 1136/1412/1136
f 1145/1422/1145 1146/1423/1146 1138/1414/1138 1137/1413/1137
f 1146/1423/1146 1147/1424/1147 1139/1415/1139 1138/1414/1138
f 1147/1424/1147 1148/1425/1148 1140/1416/1140 1139/1415/1139
f 1148/1425/1148 1149/1426/1149 1141/1417/1141 1140/1416/1140
f 1149/1426/1149 1150/1427/1150 1142/1418/1142 1141/1417/1141
f 1150/1427/1150 1143/1428/1143 1135/1419/1135 1142/1418/1142
f 1151/1429/1151 1152/1430/1152 1144/1421/1144 1143/1420/1143
f 1152/1430/1152 1153/1431/1153 1145/1422/1145 1144/1421/1144
f 1153/1431/1153 1154/1432/1154 1146/1423/1146 1145/1422/1145
f 1154/1432/1154 1155/1433/1155 1147/1424/1147 1146/1423/1146
f 1155/1433/1155 1156/1434/1156 1148/1425/1148 1147/1424/1147
f 1156/1434/1156 1157/1435/1157 1149/1426/1149 1148/1425/1148
f 1157/1435/1157 1158/1436/1158 1150/1427/1150 1149/1426/1149
f 1158/1436/1158 1151/1437/1151 1143/1428/1143 1150/1427/1150
f 1159/1438/1159 1160/1439/1160 1152/1430/1152 1151/1429/1151
f 1160/1439/1160 1161/1440/1161 1153/1431/1153 1152/1430/1152
f 1161/1440/1161 1162/1441/1162 1154/1432/1154 1153/1431/1153
f 1162/1441/1162 1163/1442/1163 1155/1433/1155 1154/1432/1154
f 1163/1442/1163 1164/1443/1164 1156/1434/1156 1155/1433/1155
f 1164/1443/1164 1165/1444/1165 1157/1435/1157 1156/1434/1156
f 1165/1444/1165 1166/1445/1166 1158/1436/1158 1157/1435/1157
f 1166/1445/1166 1159/1446/1159 1151/1437/1151 1158/1436/1158
f 1103/1375/1103 1104/1376/1104 1167/1447/1167
f 1104/1376/1104 1105/1377/1105 1167/1448/1167
f 1105/1377/1105 1106/1378/1106 1167/1449/1167
f 1106/1378/1106 1107/1379/1107 1167/1450/1167
f 1107/1379/1107 1108/1380/1108 1167/1451/1167
f 1108/1380/1108 1109/1381/1109 1167/1452/1167
f 1109/1381/1109 1110/1382/1110 1167/1453/1167
f 1110/1382/1110 1103/1383/1103 1167/1454/1167
f 1168/1455/1168 1160/1439/1160 1159/1438/1159
f 1168/1456/1168 1161/1440/1161 1160/1439/1160
f 1168/1457/1168 1162/1441/1162 1161/1440/1161
f 1168/1458/1168 1163/1442/1163 1162/1441/1162
f 1168/1459/1168 1164/1443/1164 1163/1442/1163
f 1168/1460/1168 1165/1444/1165 1164/1443/1164
f 1168/1461/1168 1166/1445/1166 1165/1444/1165
f 1168/1462/1168 1159/1446/1159 1166/1445/1166
f 1177/1472/1177 1178/1473/1178 1170/1464/1170 1169/1463/1169
f 1178/1473/1178 1179/1474/1179 1171/1465/1171 1170/1464/1170
f 1179/1474/1179 1180/1475/1180 1172/1466/1172 1171/1465/1171
f 1180/1475/1180 1181/1476/1181 1173/1467/1173 1172/1466/1172
f 1181/1476/1181 1182/1477/1182 1174/1468/1174 1173/1467/1173
f 1182/1477/1182 1183/1478/1183 1175/1469/1175 1174/1468/1174
f 1183/1478/1183 1184/1479/1184 1176/1470/1176 1175/1469/1175
f 1184/1479/1184 1177/1480/1177 1169/1471/1169 1176/1470/1176
f 1185/1481/1185 1186/1482/1186 1178/1473/1178 1177/1472/1177
f 1186/1482/1186 1187/1483/1187 1179/1474/1179 1178/1473/1178
f 1187/1483/1187 1188/1484/1188 1180/1475/1180 1179/1474/1179
f 1188/1484/1188 1189/1485/1189 1181/1476/1181 1180/1475/1180
f 1189/1485/1189 1190/1486/1190 1182/1477/1182 1181/1476/1181
f 1190/1486/1190 1191/1487/1191 1183/1478/1183 1182/1477/1182
f 1191/1487/1191 1192/1488/1192 1184/1479/1184 1183/1478/1183
f 1192/1488/1192 1185/1489/1185 1177/1480/1177 1184/1479/1184
f 1193/1490/1193 1194/1491/1194 1186/1482/1186 1185/1481/1185
f 1194/1491/1194 1195/1492/1195 1187/1483/1187 1186/1482/1186
f 1195/1492/1195 1196/1493/1196 1188/1484/1188 1187/1483/1187
f 1196/1493/1196 1197/1494/1197 1189/1485/1189 1188/1484/1188
f 1197/1494/1197 1198/1495/1198 1190/1486/1190 1189/1485/1189
f 1198/1495/1198 1199/1496/1199 1191/1487/1191 1190/1486/1190
f 1199/1496/1199 1200/1497/1200 1192/1488/1192 1191/1487/1191
f 1200/1497/1200 1193/1498/1193 1185/1489/1185 1192/1488/1192
f 1201/1499/1201 1202/1500/1202 1194/1491/1194 1193/1490/1193
f 1202/1500/1202 1203/1501/1203 1195/1492/1195 1194/1491/1194
f 1203/1501/1203 1204/1502/1204 1196/1493/1196 1195/1492/1195
f 1204/1502/1204 1205/1503/1205 1197/1494/1197 1196/1493/1196
f 1205/1503/1205 1206/1504/1206 1198/1495/1198 1197/1494/1197
f 1206/1504/1206 1207/1505/1207 1199/1496/1199 1198/1495/1198
f 1207/1505/1207 1208/1506/1208 1200/1497/1200 1199/1496/1199
f 1208/1506/1208 1201/1507/1201 1193/1498/1193 1200/1497/1200
f 1209/1508/1209 1210/1509/1210 1202/1500/1202 1201/1499/1201
f 1210/1509/1210 1211/1510/1211 1203/1501/1203 1202/1500/1202
f 1211/1510/1211 1212/1511/1212 1204/1502/1204 1203/1501/1203
f 1212/1511/1212 1213/1512/1213 1205/1503/1205 1204/1502/1204
f 1213/1512/1213 1214/1513/1214 1206/1504/1206 1205/1503/1205
f 1214/1513/1214 1215/1514/1215 1207/1505/1207 1206/1504/1206
f 1215/1514/1215 1216/1515/1216 1208/1506/1208 1207/1505/1207
f 1216/1515/1216 1209/1516/1209 1201/1507/1201 1208/1506/1208
f 1217/1517/1217 1218/1518/1218 1210/1509/1210 1209/1508/1209
f 1218/1518/1218 1219/1519/1219 1211/1510/1211 1210/1509/1210
f 1219/1519/1219 1220/1520/1220 1212/1511/1212 1211/1510/1211
f 1220/1520/1220 1221/1521/1221 1213/1512/1213 1212/1511/1212
f 1221/1521/1221 1222/1522/1222 1214/1513/1214 1213/1512/1213
f 1222/1522/1222 1223/1523/1223 1215/1514/1215 1214/1513/1214
f 1223/1523/1223 1224/1524/1224 1216/1515/1216 1215/1514/1215
f 1224/1524/1224 1217/1525/1217 1209/1516/1209 1216/1515/1216
f 1225/1526/1225 1226/1527/1226 1218/1518/1218 1217/1517/1217
f 1226/1527/1226 1227/1528/1227 1219/1519/1219 1218/1518/1218
f 1227/1528/1227 1228/1529/1228 1220/1520/1220 1219/1519/1219
f 1228/1529/1228 1229/1530/1229 1221/1521/1221 1220/1520/1220
f 1229/1530/1229 1230/1531/1230 1222/1522/1222 1221/1521/1221
f 1230/1531/1230 1231/1532/1231 1223/1523/1223 1222/1522/1222
f 1231/1532/1231 1232/1533/1232 1224/1524/1224 1223/1523/1223
f 1232/1533/1232 1225/1534/1225 1217/1525/1217 1224/1524/1224
f 1169/1463/1169 1170/1464/1170 1233/1535/1233
f 1170/1464/1170 1171/1465/1171 1233/1536/1233
f 1171/1465/1171 1172/1466/1172 1233/1537/1233
f 1172/1466/1172 1173/1467/1173 1233/1538/1233
f 1173/1467/1173 1174/1468/1174 1233/1539/1233
f 1174/1468/1174 1175/1469/1175 1233/1540/1233
f 1175/1469/1175 1176/1470/1176 1233/1541/1233
f 1176/1470/1176 1169/1471/1169 1233/1542/1233
f 1234/1543/1234 1226/1527/1226 1225/1526/1225
f 1234/1544/1234 1227/1528/1227 1226/1527/1226
f 1234/1545/1234 1228/1529/1228 1227/1528/1227
f 1234/1546/1234 1229/1530/1229 1228/1529/1228
f 1234/1547/1234 1230/1531/1230 1229/1530/1229
f 1234/1548/1234 1231/1532/1231 1230/1531/1230
f 1234/1549/1234 1232/1533/1232 1231/1532/1231
f 1234/1550/1234 1225/1534/1225 1232/1533/1232
f 1243/1560/1243 1244/1561/1244 1236/1552/1236 1235/1551/1235
f 1244/1561/1244 1245/1562/1245 1237/1553/1237 1236/1552/1236
f 1245/1562/1245 1246/1563/1246 1238/1554/1238 1237/1553/1237
f 1246/1563/1246 1247/1564/1247 1239/1555/1239 1238/1554/1238
f 1247/1564/1247 1248/1565/1248 1240/1556/1240 1239/1555/1239
f 1248/1565/1248 1249/1566/1249 1241/1557/1241 1240/1556/1240
f 1249/1566/1249 1250/1567/1250 1242/1558/1242 1241/1557/1241
f 1250/1567/1250 1243/1568/1243 1235/1559/1235 1242/1558/1242
f 1251/1569/1251 1252/1570/1252 1244/1561/1244 1243/1560/1243
f 1252/1570/1252 1253/1571/1253 1245/1562/1245 1244/1561/1244
f 1253/1571/1253 1254/1572/1254 1246/1563/1246 1245/1562/1245
f 1254/1572/1254 1255/1573/1255 1247/1564/1247 1246/1563/1246
f 1255/1573/1255 1256/1574/1256 1248/1565/1248 1247/1564/1247
f 1256/1574/1256 1257/1575/1257 1249/1566/1249 1248/1565/1248
f 1257/1575/1257 1258/1576/1258 1250/1567/1250 1249/1566/1249
f 1258/1576/1258 1251/1577/1251 1243/1568/1243 1250/1567/1250
f 1259/1578/1259 1260/1579/1260 1252/1570/1252 1251/1569/1251
f 1260/1579/1260 1261/1580/1261 1253/1571/1253 1252/1570/1252
f 1261/1580/1261 1262/1581/1262 1254/1572/1254 1253/1571/1253
f 1262/1581/1262 1263/1582/1263 1255/1573/1255 1254/1572/1254
f 1263/1582/1263 1264/1583/1264 1256/1574/1256 1255/1573/1255
f 1264/1583/1264 1265/1584/1265 1257/1575/1257 1256/1574/1256
f 1265/1584/1265 1266/1585/1266 1258/1576/1258 1257/1575/1257
f 1266/1585/1266 1259/1586/1259 1251/1577/1251 1258/1576/1258
f 1267/1587/1267 1268/1588/1268 1260/1579/1260 1259/1578/1259
f 1268/1588/1268 1269/1589/1269 1261/1580/1261 1260/1579/1260
f 1269/1589/1269 1270/1590/1270 1262/1581/1262 1261/1580/1261
f 1270/1590/1270 1271/1591/1271 1263/1582/1263 1262/1581/1262
f 1271/1591/1271 1272/1592/1272 1264/1583/1264 1263/1582/1263
f 1272/1592/1272 1273/1593/1273 1265/1584/1265 1264/1583/1264
f 1273/1593/1273 1274/1594/1274 1266/1585/1266 1265/1584/1265
f 1274/1594/1274 1267/1595/1267 1259/1586/1259 1266/1585/1266
f 1275/1596/1275 1276/1597/1276 1268/1588/1268 1267/1587/1267
f 1276/1597/1276 1277/1598/1277 1269/1589/1269 1268/1588/1268
f 1277/1598/1277 1278/1599/1278 1270/1590/1270 1269/1589/1269
f 1278/1599/1278 1279/1600/1279 1271/1591/1271 1270/1590/1270
f 1279/1600/1279 1280/1601/1280 1272/1592/1272 1271/1591/1271
f 1280/1601/1280 1281/1602/1281 1273/1593/1273 1272/1592/1272
f 1281/1602/1281 1282/1603/1282 1274/1594/1274 1273/1593/1273
f 1282/1603/1282 1275/1604/1275 1267/1595/1267 1274/1594/1274
f 1283/1605/1283 1284/1606/1284 1276/1597/1276 1275/1596/1275
f 1284/1606/1284 1285/1607/1285 1277/1598/1277 1276/1597/1276
f 1285/1607/1285 1286/1608/1286 1278/1599/1278 1277/1598/1277
f 1286/1608/1286 1287/1609/1287 1279/1600/1279 1278/1599/1278
f 1287/1609/1287 1288/1610/1288 1280/1601/1280 1279/1600/1279
f 1288/1610/1288 1289/1611/1289 1281/1602/1281 1280/1601/1280
f 1289/1611/1289 1290/1612/1290 1282/1603/1282 1281/1602/1281
f 1290/1612/1290 1283/1613/1283 1275/1604/1275 1282/1603/1282
f 1291/1614/1291 1292/1615/1292 1284/1606/1284 1283/1605/1283
f 1292/1615/1292 1293/1616/1293 1285/1607/1285 1284/1606/1284
f 1293/1616/1293 1294/1617/1294 1286/1608/1286 1285/1607/1285
f 1294/1617/1294 1295/1618/1295 1287/1609/1287 1286/1608/1286
f 1295/1618/1295 1296/1619/1296 1288/1610/1288 1287/1609/1287
f 1296/1619/1296 1297/1620/1297 1289/1611/1289 1288/1610/1288
f 1297/1620/1297 1298/1621/1298 1290/1612/1290 1289/1611/1289
f 1298/1621/1298 1291/1622/1291 1283/1613/1283 1290/1612/1290
f 1235/1551/1235 1236/1552/1236 1299/1623/1299
f 1236/1552/1236 1237/1553/1237 1299/1624/1299
f 1237/1553/1237 1238/1554/1238 1299/1625/1299
f 1238/1554/1238 1239/1555/1239 1299/1626/1299
f 1239/1555/1239 1240/1556/1240 1299/1627/1299
f 1240/1556/1240 1241/1557/1241 1299/1628/1299
f 1241/1557/1241 1242/1558/1242 1299/1629/1299
f 1242/1558/1242 1235/1559/1235 1299/1630/1299
f 1300/1631/1300 1292/1615/1292 1291/1614/1291
f 1300/1632/1300 1293/1616/1293 1292/1615/1292
f 1300/1633/1300 1294/1617/1294 1293/1616/1293
f 1300/1634/1300 1295/1618/1295 1294/1617/1294
f 1300/1635/1300 1296/1619/1296 1295/1618/1295
f 1300/1636/1300 1297/1620/1297 1296/1619/1296
f 1300/1637/1300 1298/1621/1298 1297/1620/1297
f 1300/1638/1300 1291/1622/1291 1298/1621/1298
f 1309/1648/1309 1310/1649/1310 1302/1640/1302 1301/1639/1301
f 1310/1649/1310 1311/1650/1311 1303/1641/1303 1302/1640/1302
f 1311/1650/1311 1312/1651/1312 1304/1642/1304 1303/1641/1303
f 1312/1651/1312 1313/1652/1313 1305/1643/1305 1304/1642/1304
f 1313/1652/1313 1314/1653/1314 1306/1644/1306 1305/1643/1305
f 1314/1653/1314 1315/1654/1315 1307/1645/1307 1306/1644/1306
f 1315/1654/1315 1316/1655/1316 1308/1646/1308 1307/1645/1307
f 1316/1655/1316 1309/1656/1309 1301/1647/1301 1308/1646/1308
f 1317/1657/1317 1318/1658/1318 1310/1649/1310 1309/1648/1309
f 1318/1658/1318 1319/1659/1319 1311/1650/1311 1310/1649/1310
f 1319/1659/1319 1320/1660/1320 1312/1651/1312 1311/1650/1311
f 1320/1660/1320 1321/1661/1321 1313/1652/1313 1312/1651/1312
f 1321/1661/1321 1322/1662/1322 1314/1653/1314 1313/1652/1313
f 1322/1662/1322 1323/1663/1323 1315/1654/1315 1314/1653/1314
f 1323/1663/1323 1324/1664/1324 1316/1655/1316 1315/1654/1315
f 1324/1664/1324 1317/1665/1317 1309/1656/1309 1316/1655/1316
f 1325/1666/1325 1326/1667/1326 1318/1658/1318 1317/1657/1317
f 1326/1667/1326 1327/1668/1327 1319/1659/1319 1318/1658/1318
f 1327/1668/1327 1328/1669/1328 1320/1660/1320 1319/1659/1319
f 1328/1669/1328 1329/1670/1329 1321/1661/1321 1320/1660/1320
f 1329/1670/1329 1330/1671/1330 1322/1662/1322 1321/1661/1321
f 1330/1671/1330 1331/1672/1331 1323/1663/1323 1322/1662/1322
f 1331/1672/1331 1332/1673/1332 1324/1664/1324 1323/1663/1323
f 1332/1673/1332 1325/1674/1325 1317/1665/1317 1324/1664/1324
f 1333/1675/1333 1334/1676/1334 1326/1667/1326 1325/1666/1325
f 1334/1676/1334 1335/1677/1335 1327/1668/1327 1326/1667/1326
f 1335/1677/1335 1336/1678/1336 1328/1669/1328 1327/1668/1327
f 1336/1678/1336 1337/1679/1337 1329/1670/1329 1328/1669/1328
f 1337/1679/1337 1338/1680/1338 1330/1671/1330 1329/1670/1329
f 1338/1680/1338 1339/1681/1339 1331/1672/1331 1330/1671/1330
f 1339/1681/1339 1340/1682/1340 1332/1673/1332 1331/1672/1331
f 1340/1682/1340 1333/1683/1333 1325/1674/1325 1332/1673/1332
f 1341/1684/1341 1342/1685/1342 1334/1676/1334 1333/1675/1333
f 1342/1685/1342 1343/1686/1343 1335/1677/1335 1334/1676/1334
f 1343/1686/1343 1344/1687/1344 1336/1678/1336 1335/1677/1335
f 1344/1687/1344 1345/1688/1345 1337/1679/1337 1336/1678/1336
f 1345/1688/1345 1346/1689/1346 1338/1680/1338 1337/1679/1337
f 1346/1689/1346 1347/1690/1347 1339/1681/1339 1338/1680/1338
f 1347/1690/1347 1348/1691/1348 1340/1682/1340 1339/1681/1339
f 1348/1691/1348 1341/1692/1341 1333/1683/1333 1340/1682/1340
f 1349/1693/1349 1350/1694/1350 1342/1685/1342 1341/1684/1341
f 1350/1694/1350 1351/1695/1351 1343/1686/1343 1342/1685/1342
f 1351/1695/1351 1352/1696/1352 1344/1687/1344 1343/1686/1343
f 1352/1696/1352 1353/1697/1353 1345/1688/1345 1344/1687/1344
f 1353/1697/1353 1354/1698/1354 1346/1689/1346 1345/1688/1345
f 1354/1698/1354 1355/1699/1355 1347/1690/1347 1346/1689/1346
f 1355/1699/1355 1356/1700/1356 1348/1691/1348 1347/1690/1347
f 1356/1700/1356 1349/1701/1349 1341/1692/1341 1348/1691/1348
f 1357/1702/1357 1358/1703/1358 1350/1694/1350 1349/1693/1349
f 1358/1703/1358 1359/1704/1359 1351/1695/1351 1350/1694/1350
f 1359/1704/1359 1360/1705/1360 1352/1696/1352 1351/1695/1351
f 1360/1705/1360 1361/1706/1361 1353/1697/1353 1352/1696/1352
f 1361/1706/1361 1362/1707/1362 1354/1698/1354 1353/1697/1353
f 1362/1707/1362 1363/1708/1363 1355/1699/1355 1354/1698/1354
f 1363/1708/1363 1364/1709/1364 1356/1700/1356 1355/1699/1355
f 1364/1709/1364 1357/1710/1357 1349/1701/1349 1356/1700/1356
f 1301/1639/1301 1302/1640/1302 1365/1711/1365
f 1302/1640/1302 1303/1641/1303 1365/1712/1365
f 1303/1641/1303 1304/1642/1304 1365/1713/1365
f 1304/1642/1304 1305/1643/1305 1365/1714/1365
f 1305/1643/1305 1306/1644/1306 1365/1715/1365
f 1306/1644/1306 1307/1645/1307 1365/1716/1365
f 1307/1645/1307 1308/1646/1308 1365/1717/1365
f 1308/1646/1308 1301/1647/1301 1365/1718/1365
f 1366/1719/1366 1358/1703/1358 1357/1702/1357
f 1366/1720/1366 1359/1704/1359 1358/1703/1358
f 1366/1721/1366 1360/1705/1360 1359/1704/1359
f 1366/1722/1366 1361/1706/1361 1360/1705/1360
f 1366/1723/1366 1362/1707/1362 1361/1706/1361
f 1366/1724/1366 1363/1708/1363 1362/1707/1362
f 1366/1725/1366 1364/1709/1364 1363/1708/1363
f 1366/1726/1366 1357/1710/1357 1364/1709/1364
f 1375/1736/1375 1376/1737/1376 1368/1728/1368 1367/1727/1367
f 1376/1737/1376 1377/1738/1377 1369/1729/1369 1368/1728/1368
f 1377/1738/1377 1378/1739/1378 1370/1730/1370 1369/1729/1369
f 1378/1739/1378 1379/1740/1379 1371/1731/1371 1370/1730/1370
f 1379/1740/1379 1380/1741/1380 1372/1732/1372 1371/1731/1371
f 1380/1741/1380 1381/1742/1381 1373/1733/1373 1372/1732/1372
f 1381/1742/1381 1382/1743/1382 1374/1734/1374 1373/1733/1373
f 1382/1743/1382 1375/1744/1375 1367/1735/1367 1374/1734/1374
f 1383/1745/1383 1384/1746/1384 1376/1737/1376 1375/1736/1375
f 1384/1746/1384 1385/1747/1385 1377/1738/1377 1376/1737/1376
f 1385/1747/1385 1386/1748/1386 1378/1739/1378 1377/1738/1377
f 1386/1748/1386 1387/1749/1387 1379/1740/1379 1378/1739/1378
f 1387/1749/1387 1388/1750/1388 1380/1741/1380 1379/1740/1379
f 1388/1750/1388 1389/1751/1389 1381/1742/1381 1380/1741/1380
f 1389/1751/1389 1390/1752/1390 1382/1743/1382 1381/1742/1381
f 1390/1752/1390 1383/1753/1383 1375/1744/1375 1382/1743/1382
f 1391/1754/1391 1392/1755/1392 1384/1746/1384 1383/1745/1383
f 1392/1755/1392 1393/1756/1393 1385/1747/1385 1384/1746/1384
f 1393/1756/1393 1394/1757/1394 1386/1748/1386 1385/1747/1385
f 1394/1757/1394 1395/1758/1395 1387/1749/1387 1386/1748/1386
f 1395/1758/1395 1396/1759/1396 1388/1750/1388 1387/1749/1387
f 1396/1759/1396 1397/1760/1397 1389/1751/1389 1388/1750/1388
f 1397/1760/1397 1398/1761/1398 1390/1752/1390 1389/1751/1389
f 1398/1761/1398 1391/1762/1391 1383/1753/1383 1390/1752/1390
f 1399/1763/1399 1400/1764/1400 1392/1755/1392 1391/1754/1391
f 1400/1764/1400 1401/1765/1401 1393/1756/1393 1392/1755/1392
f 1401/1765/1401 1402/1766/1402 1394/1757/1394 1393/1756/1393
f 1402/1766/1402 1403/1767/1403 1395/1758/1395 1394/1757/1394
f 1403/1767/1403 1404/1768/1404 1396/1759/1396 1395/1758/1395
f 1404/1768/1404 1405/1769/1405 1397/1760/1397 1396/1759/1396
f 1405/1769/1405 1406/1770/1406 1398/1761/1398 1397/1760/1397
f 1406/1770/1406 1399/1771/1399 1391/1762/1391 1398/1761/1398
f 1407/1772/1407 1408/1773/1408 1400/1764/1400 1399/1763/1399
f 1408/1773/1408 1409/1774/1409 1401/1765/1401 1400/1764/1400
f 1409/1774/1409 1410/1775/1410 1402/1766/1402 1401/1765/1401
f 1410/1775/1410 1411/1776/1411 1403/1767/1403 1402/1766/1402
f 1411/1776/1411 1412/1777/1412 1404/1768/1404 1403/1767/1403
f 1412/1777/1412 1413/1778/1413 1405/1769/1405 1404/1768/1404
f 1413/1778/1413 1414/1779/1414 1406/1770/1406 1405/1769/1405
f 1414/1779/1414 1407/1780/1407 1399/1771/1399 1406/1770/1406
f 1415/1781/1415 1416/1782/1416 1408/1773/1408 1407/1772/1407
f 1416/1782/1416 1417/1783/1417 1409/1774/1409 1408/1773/1408
f 1417/1783/1417 1418/1784/1418 1410/1775/1410 1409/1774/1409
f 1418/1784/1418 1419/1785/1419 1411/1776/1411 1410/1775/1410
f 1419/1785/1419 1420/1786/1420 1412/1777/1412 1411/1776/1411
f 1420/1786/1420 1421/1787/1421 1413/1778/1413 1412/1777/1412
f 1421/1787/1421 1422/1788/1422 1414/1779/1414 1413/1778/1413
f 1422/1788/1422 1415/1789/1415 1407/1780/1407 1414/1779/1414
f 1423/1790/1423 1424/1791/1424 1416/1782/1416 1415/1781/1415
f 1424/1791/1424 1425/1792/1425 1417/1783/1417 1416/1782/1416
f 1425/1792/1425 1426/1793/1426 1418/1784/1418 1417/1783/1417
f 1426/1793/1426 1427/1794/1427 1419/1785/1419 1418/1784/1418
f 1427/1794/1427 1428/1795/1428 1420/1786/1420 1419/1785/1419
f 1428/1795/1428 1429/1796/1429 1421/1787/1421 1420/1786/1420
f 1429/1796/1429 1430/1797/1430 1422/1788/1422 1421/1787/1421
f 1430/1797/1430 1423/1798/1423 1415/1789/1415 1422/1788/1422
f 1367/1727/1367 1368/1728/1368 1431/1799/1431
f 1368/1728/1368 1369/1729/1369 1431/1800/1431
f 1369/1729/1369 1370/1730/1370 1431/1801/1431
f 1370/1730/1370 1371/1731/1371 1431/1802/1431
f 1371/1731/1371 1372/1732/1372 1431/1803/1431
f 1372/1732/1372 1373/1733/1373 1431/1804/1431
f 1373/1733/1373 1374/1734/1374 1431/1805/1431
f 1374/1734/1374 1367/1735/1367 1431/1806/1431
f 1432/1807/1432 1424/1791/1424 1423/1790/1423
f 1432/1808/1432 1425/1792/1425 1424/1791/1424
f 1432/1809/1432 1426/1793/1426 1425/1792/1425
f 1432/1810/1432 1427/1794/1427 1426/1793/1426
f 1432/1811/1432 1428/1795/1428 1427/1794/1427
f 1432/1812/1432 1429/1796/1429 1428/1795/1428
f 1432/1813/1432 1430/1797/1430 1429/1796/1429
f 1432/1814/1432 1423/1798/1423 1430/1797/1430
f 1441/1824/1441 1442/1825/1442 1434/1816/1434 1433/1815/1433
f 1442/1825/1442 1443/1826/1443 1435/1817/1435 1434/1816/1434
f 1443/1826/1443 1444/1827/1444 1436/1818/1436 1435/1817/1435
f 1444/1827/1444 1445/1828/1445 1437/1819/1437 1436/1818/1436
f 1445/1828/1445 1446/1829/1446 1438/1820/1438 1437/1819/1437
f 1446/1829/1446 1447/1830/1447 1439/1821/1439 1438/1820/1438
f 1447/1830/1447 1448/1831/1448 1440/1822/1440 1439/1821/1439
f 1448/1831/1448 1441/1832/1441 1433/1823/1433 1440/1822/1440
f 1449/1833/1449 1450/1834/1450 1442/1825/1442 1441/1824/1441
f 1450/1834/1450 1451/1835/1451 1443/1826/1443 1442/1825/1442
f 1451/1835/1451 1452/1836/1452 1444/1827/1444 1443/1826/1443
f 1452/1836/1452 1453/1837/1453 1445/1828/1445 1444/1827/1444
f 1453/1837/1453 1454/1838/1454 1446/1829/1446 1445/1828/1445
f 1454/1838/1454 1455/1839/1455 1447/1830/1447 1446/1829/1446
f 1455/1839/1455 1456/1840/1456 1448/1831/1448 1447/1830/1447
f 1456/1840/1456 1449/1841/1449 1441/1832/1441 1448/1831/1448
f 1457/1842/1457 1458/1843/1458 1450/1834/1450 1449/1833/1449
f 1458/1843/1458 1459/1844/1459 1451/1835/1451 1450/1834/1450
f 1459/1844/1459 1460/1845/1460 1452/1836/1452 1451/1835/1451
f 1460/1845/1460 1461/1846/1461 1453/1837/1453 1452/1836/1452
f 1461/1846/1461 1462/1847/1462 1454/1838/1454 1453/1837/1453
f 1462/1847/1462 1463/1848/1463 1455/1839/1455 1454/1838/1454
f 1463/1848/1463 1464/1849/1464 1456/1840/1456 1455/1839/1455
f 1464/1849/1464 1457/1850/1457 1449/1841/1449 1456/1840/1456
f 1465/1851/1465 1466/1852/1466 1458/1843/1458 1457/1842/1457
f 1466/1852/1466 1467/1853/1467 1459/1844/1459 1458/1843/1458
f 1467/1853/1467 1468/1854/1468 1460/1845/1460 1459/1844/1459
f 1468/1854/1468 1469/1855/1469 1461/1846/1461 1460/1845/1460
f 1469/1855/1469 1470/1856/1470 1462/1847/1462 1461/1846/1461
f 1470/1856/1470 1471/1857/1471 1463/1848/1463 1462/1847/1462
f 1471/1857/1471 1472/1858/1472 1464/1849/1464 1463/1848/1463
f 1472/1858/1472 1465/1859/1465 1457/1850/1457 1464/1849/1464
f 1473/1860/1473 1474/1861/1474 1466/1852/1466 1465/1851/1465
f 1474/1861/1474 1475/1862/1475 1467/1853/1467 1466/1852/1466
f 1475/1862/1475 1476/1863/1476 1468/1854/1468 1467/1853/1467
f 1476/1863/1476 1477/1864/1477 1469/1855/1469 1468/1854/1468
f 1477/1864/1477 1478/1865/1478 1470/1856/1470 1469/1855/1469
f 1478/1865/1478 1479/1866/1479 1471/1857/1471 1470/1856/1470
f 1479/1866/1479 1480/1867/1480 1472/1858/1472 1471/1857/1471
f 1480/1867/1480 1473/1868/1473 1465/1859/1465 1472/1858/1472
f 1481/1869/1481 1482/1870/1482 1474/1861/1474 1473/1860/1473
f 1482/1870/1482 1483/1871/1483 1475/1862/1475 1474/1861/1474
f 1483/1871/1483 1484/1872/1484 1476/1863/1476 1475/1862/1475
f 1484/1872/1484 1485/1873/1485 1477/1864/1477 1476/1863/1476
f 1485/1873/1485 1486/1874/1486 1478/1865/1478 1477/1864/1477
f 1486/1874/1486 1487/1875/1487 1479/1866/1479 1478/1865/1478
f 1487/1875/1487 1488/1876/1488 1480/1867/1480 1479/1866/1479
f 1488/1876/1488 1481/1877/1481 1473/1868/1473 1480/1867/1480
f 1489/1878/1489 1490/1879/1490 1482/1870/1482 1481/1869/1481
f 1490/1879/1490 1491/1880/1491 1483/1871/1483 1482/1870/1482
f 1491/1880/1491 1492/1881/1492 1484/1872/1484 1483/1871/1483
f 1492/1881/1492 1493/1882/1493 1485/1873/1485 1484/1872/1484
f 1493/1882/1493 1494/1883/1494 1486/1874/1486 1485/1873/1485
f 1494/1883/1494 1495/1884/1495 1487/1875/1487 1486/1874/1486
f 1495/1884/1495 1496/1885/1496 1488/1876/1488 1487/1875/1487
f 1496/1885/1496 1489/1886/1489 1481/1877/1481 1488/1876/1488
f 1497/1887/1497 1498/1888/1498 1490/1879/1490 1489/1878/1489
f 1498/1888/1498 1499/1889/1499 1491/1880/1491 1490/1879/1490
f 1499/1889/1499 1500/1890/1500 1492/1881/1492 1491/1880/1491
f 1500/1890/1500 1501/1891/1501 1493/1882/1493 1492/1881/1492
f 1501/1891/1501 1502/1892/1502 1494/1883/1494 1493/1882/1493
f 1502/1892/1502 1503/1893/1503 1495/1884/1495 1494/1883/1494
f 1503/1893/1503 1504/1894/1504 1496/1885/1496 1495/1884/1495
f 1504/1894/1504 1497/1895/1497 1489/1886/1489 1496/1885/1496
f 1433/1815/1433 1434/1816/1434 1505/1896/1505
f 1434/1816/1434 1435/1817/1435 1505/1897/1505
f 1435/1817/1435 1436/1818/1436 1505/1898/1505
f 1436/1818/1436 1437/1819/1437 1505/1899/1505
f 1437/1819/1437 1438/1820/1438 1505/1900/1505
f 1438/1820/1438 1439/1821/1439 1505/1901/1505
f 1439/1821/1439 1440/1822/1440 1505/1902/1505
f 1440/1822/1440 1433/1823/1433 1505/1903/1505
f 1506/1904/1506 1498/1888/1498 1497/1887/1497
f 1506/1905/1506 1499/1889/1499 1498/1888/1498
f 1506/1906/1506 1500/1890/1500 1499/1889/1499
f 1506/1907/1506 1501/1891/1501 1500/1890/1500
f 1506/1908/1506 1502/1892/1502 1501/1891/1501
f 1506/1909/1506 1503/1893/1503 1502/1892/1502
f 1506/1910/1506 1504/1894/1504 1503/1893/1503
f 1506/1911/1506 1497/1895/1497 1504/1894/1504
f 1515/1921/1515 1516/1922/1516 1508/1913/1508 1507/1912/1507
f 1516/1922/1516 1517/1923/1517 1509/1914/1509 1508/1913/1508
f 1517/1923/1517 1518/1924/1518 1510/1915/1510 1509/1914/1509
f 1518/1924/1518 1519/1925/1519 1511/1916/1511 1510/1915/1510
f 1519/1925/1519 1520/1926/1520 1512/1917/1512 1511/1916/1511
f 1520/1926/1520 1521/1927/1521 1513/1918/1513 1512/1917/1512
f 1521/1927/1521 1522/1928/1522 1514/1919/1514 1513/1918/1513
f 1522/1928/1522 1515/1929/1515 1507/1920/1507 1514/1919/1514
f 1523/1930/1523 1524/1931/1524 1516/1922/1516 1515/1921/1515
f 1524/1931/1524 1525/1932/1525 1517/1923/1517 1516/1922/1516
f 1525/1932/1525 1526/1933/1526 1518/1924/1518 1517/1923/1517
f 1526/1933/1526 1527/1934/1527 1519/1925/1519 1518/1924/1518
f 1527/1934/1527 1528/1935/1528 1520/1926/1520 1519/1925/1519
f 1528/1935/1528 1529/1936/1529 1521/1927/1521 1520/1926/1520
f 1529/1936/1529 1530/1937/1530 1522/1928/1522 1521/1927/1521
f 1530/1937/1530 1523/1938/1523 1515/1929/1515 1522/1928/1522
f 1531/1939/1531 1532/1940/1532 1524/1931/1524 1523/1930/1523
f 1532/1940/1532 1533/1941/1533 1525/1932/1525 1524/1931/1524
f 1533/1941/1533 1534/1942/1534 1526/1933/1526 1525/1932/1525
f 1534/1942/1534 1535/1943/1535 1527/1934/1527 1526/1933/1526
f 1535/1943/1535 1536/1944/1536 1528/1935/1528 1527/1934/1527
f 1536/1944/1536 1537/1945/1537 1529/1936/1529 1528/1935/1528
f 1537/1945/1537 1538/1946/1538 1530/1937/1530 1529/1936/1529
f 1538/1946/1538 1531/1947/1531 1523/1938/1523 1530/1937/1530
f 1539/1948/1539 1540/1949/1540 1532/1940/1532 1531/1939/1531
f 1540/1949/1540 1541/1950/1541 1533/1941/1533 1532/1940/1532
f 1541/1950/1541 1542/1951/1542 1534/1942/1534 1533/1941/1533
f 1542/1951/1542 1543/1952/1543 1535/1943/1535 1534/1942/1534
f 1543/1952/1543 1544/1953/1544 1536/1944/1536 1535/1943/1535
f 1544/1953/1544 1545/1954/1545 1537/1945/1537 1536/1944/1536
f 1545/1954/1545 1546/1955/1546 1538/1946/1538 1537/1945/1537
f 1546/1955/1546 1539/1956/1539 1531/1947/1531 1538/1946/1538
f 1547/1957/1547 1548/1958/1548 1540/1949/1540 1539/1948/1539
f 1548/1958/1548 1549/1959/1549 1541/1950/1541 1540/1949/1540
f 1549/1959/1549 1550/1960/1550 1542/1951/1542 1541/1950/1541
f 1550/1960/1550 1551/1961/1551 1543/1952/1543 1542/1951/1542
f 1551/1961/1551 1552/1962/1552 1544/1953/1544 1543/1952/1543
f 1552/1962/1552 1553/1963/1553 1545/1954/1545 1544/1953/1544
f 1553/1963/1553 1554/1964/1554 1546/1955/1546 1545/1954/1545
f 1554/1964/1554 1547/1965/1547 1539/1956/1539 1546/1955/1546
f 1555/1966/1555 1556/1967/1556 1548/1958/1548 1547/1957/1547
f 1556/1967/1556 1557/1968/1557 1549/1959/1549 1548/1958/1548
f 1557/1968/1557 1558/1969/1558 1550/1960/1550 1549/1959/1549
f 1558/1969/1558 1559/1970/1559 1551/1961/1551 1550/1960/1550
f 1559/1970/1559 1560/1971/1560 1552/1962/1552 1551/1961/1551
f 1560/1971/1560 1561/1972/1561 1553/1963/1553 1552/1962/1552
f 1561/1972/1561 1562/1973/1562 1554/1964/1554 1553/1963/1553
f 1562/1973/1562 1555/1974/1555 1547/1965/1547 1554/1964/1554
f 1563/1975/1563 1564/1976/1564 1556/1967/1556 1555/1966/1555
f 1564/1976/1564 1565/1977/1565 1557/1968/1557 1556/1967/1556
f 1565/1977/1565 1566/1978/1566 1558/1969/1558 1557/1968/1557
f 1566/1978/1566 1567/1979/1567 1559/1970/1559 1558/1969/1558
f 1567/1979/1567 1568/1980/1568 1560/1971/1560 1559/1970/1559
f 1568/1980/1568 1569/1981/1569 1561/1972/1561 1560/1971/1560
f 1569/1981/1569 1570/1982/1570 1562/1973/1562 1561/1972/1561
f 1570/1982/1570 1563/1983/1563 1555/1974/1555 1562/1973/1562
f 1571/1984/1571 1572/1985/1572 1564/1976/1564 1563/1975/1563
f 1572/1985/1572 1573/1986/1573 1565/1977/1565 1564/1976/1564
f 1573/1986/1573 1574/1987/1574 1566/1978/1566 1565/1977/1565
f 1574/1987/1574 1575/1988/1575 1567/1979/1567 1566/1978/1566
f 1575/1988/1575 1576/1989/1576 1568/1980/1568 1567/1979/1567
f 1576/1989/1576 1577/1990/1577 1569/1981/1569 1568/1980/1568
f 1577/1990/1577 1578/1991/1578 1570/1982/1570 1569/1981/1569
f 1578/1991/1578 1571/1992/1571 1563/1983/1563 1570/1982/1570
f 1507/1912/1507 1508/1913/1508 1579/1993/1579
f 1508/1913/1508 1509/1914/1509 1579/1994/1579
f 1509/1914/1509 1510/1915/1510 1579/1995/1579
f 1510/1915/1510 1511/1916/1511 1579/1996/1579
f 1511/1916/1511 1512/1917/1512 1579/1997/1579
f 1512/1917/1512 1513/1918/1513 1579/1998/1579
f 1513/1918/1513 1514/1919/1514 1579/1999/1579
f 1514/1919/1514 1507/1920/1507 1579/2000/1579
f 1580/2001/1580 1572/1985/1572 1571/1984/1571
f 1580/2002/1580 1573/1986/1573 1572/1985/1572
f 1580/2003/1580 1574/1987/1574 1573/1986/1573
f 1580/2004/1580 1575/1988/1575 1574/1987/1574
f 1580/2005/1580 1576/1989/1576 1575/1988/1575
f 1580/2006/1580 1577/1990/1577 1576/1989/1576
f 1580/2007/1580 1578/1991/1578 1577/1990/1577
f 1580/2008/1580 1571/1992/1571 1578/1991/1578
f 1587/2016/1587 1588/2017/1588 1582/2010/1582 1581/2009/1581
f 1588/2017/1588 1589/2018/1589 1583/2011/1583 1582/2010/1582
f 1589/2018/1589 1590/2019/1590 1584/2012/1584 1583/2011/1583
f 1590/2019/1590 1591/2020/1591 1585/2013/1585 1584/2012/1584
f 1591/2020/1591 1592/2021/1592 1586/2014/1586 1585/2013/1585
f 1592/2021/1592 1587/2022/1587 1581/2015/1581 1586/2014/1586
f 1593/2023/1593 1594/2024/1594 1588/2017/1588 1587/2016/1587
f 1594/2024/1594 1595/2025/1595 1589/2018/1589 1588/2017/1588
f 1595/2025/1595 1596/2026/1596 1590/2019/1590 1589/2018/1589
f 1596/2026/1596 1597/2027/1597 1591/2020/1591 1590/2019/1590
f 1597/2027/1597 1598/2028/1598 1592/2021/1592 1591/2020/1591
f 1598/2028/1598 1593/2029/1593 1587/2022/1587 1592/2021/1592
f 1599/2030/1599 1600/2031/1600 1594/2024/1594 1593/2023/1593
f 1600/2031/1600 1601/2032/1601 1595/2025/1595 1594/2024/1594
f 1601/2032/1601 1602/2033/1602 1596/2026/1596 1595/2025/1595
f 1602/2033/1602 1603/2034/1603 1597/2027/1597 1596/2026/1596
f 1603/2034/1603 1604/2035/1604 1598/2028/1598 1597/2027/1597
f 1604/2035/1604 1599/2036/1599 1593/2029/1593 1598/2028/1598
f 1605/2037/1605 1606/2038/1606 1600/2031/1600 1599/2030/1599
f 1606/2038/1606 1607/2039/1607 1601/2032/1601 1600/2031/1600
f 1607/2039/1607 1608/2040/1608 1602/2033/1602 1601/2032/1601
f 1608/2040/1608 1609/2041/1609 1603/2034/1603 1602/2033/1602
f 1609/2041/1609 1610/2042/1610 1604/2035/1604 1603/2034/1603
f 1610/2042/1610 1605/2043/1605 1599/2036/1599 1604/2035/1604
f 1611/2044/1611 1612/2045/1612 1606/2038/1606 1605/2037/1605
f 1612/2045/1612 1613/2046/1613 1607/2039/1607 1606/2038/1606
f 1613/2046/1613 1614/2047/1614 1608/2040/1608 1607/2039/1607
f 1614/2047/1614 1615/2048/1615 1609/2041/1609 1608/2040/1608
f 1615/2048/1615 1616/2049/1616 1610/2042/1610 1609/2041/1609
f 1616/2049/1616 1611/2050/1611 1605/2043/1605 1610/2042/1610
f 1617/2051/1617 1618/2052/1618 1612/2045/1612 1611/2044/1611
f 1618/2052/1618 1619/2053/1619 1613/2046/1613 1612/2045/1612
f 1619/2053/1619 1620/2054/1620 1614/2047/1614 1613/2046/1613
f 1620/2054/1620 1621/2055/1621 1615/2048/1615 1614/2047/1614
f 1621/2055/1621 1622/2056/1622 1616/2049/1616 1615/2048/1615
f 1622/2056/1622 1617/2057/1617 1611/2050/1611 1616/2049/1616
f 1623/2058/1623 1624/2059/1624 1618/2052/1618 1617/2051/1617
f 1624/2059/1624 1625/2060/1625 1619/2053/1619 1618/2052/1618
f 1625/2060/1625 1626/2061/1626 1620/2054/1620 1619/2053/1619
f 1626/2061/1626 1627/2062/1627 1621/2055/1621 1620/2054/1620
f 1627/2062/1627 1628/2063/1628 1622/2056/1622 1621/2055/1621
f 1628/2063/1628 1623/2064/1623 1617/2057/1617 1622/2056/1622
f 1629/2065/1629 1630/2066/1630 1624/2059/1624 1623/2058/1623
f 1630/2066/1630 1631/2067/1631 1625/2060/1625 1624/2059/1624
f 1631/2067/1631 1632/2068/1632 1626/2061/1626 1625/2060/1625
f 1632/2068/1632 1633/2069/1633 1627/2062/1627 1626/2061/1626
f 1633/2069/1633 1634/2070/1634 1628/2063/1628 1627/2062/1627
f 1634/2070/1634 1629/2071/1629 1623/2064/1623 1628/2063/1628
f 1581/2009/1581 1582/2010/1582 1635/2072/1635
f 1582/2010/1582 1583/2011/1583 1635/2073/1635
f 1583/2011/1583 1584/2012/1584 1635/2074/1635
f 1584/2012/1584 1585/2013/1585 1635/2075/1635
f 1585/2013/1585 1586/2014/1586 1635/2076/1635
f 1586/2014/1586 1581/2015/1581 1635/2077/1635
f 1636/2078/1636 1630/2066/1630 1629/2065/1629
f 1636/2079/1636 1631/2067/1631 1630/2066/1630
f 1636/2080/1636 1632/2068/1632 1631/2067/1631
f 1636/2081/1636 1633/2069/1633 1632/2068/1632
f 1636/2082/1636 1634/2070/1634 1633/2069/1633
f 1636/2083/1636 1629/2071/1629 1634/2070/1634
f 1643/2091/1643 1644/2092/1644 1638/2085/1638 1637/2084/1637
f 1644/2092/1644 1645/2093/1645 1639/2086/1639 1638/2085/1638
f 1645/2093/1645 1646/2094/1646 1640/2087/1640 1639/2086/1639
f 1646/2094/1646 1647/2095/1647 1641/2088/1641 1640/2087/1640
f 1647/2095/1647 1648/2096/1648 1642/2089/1642 1641/2088/1641
f 1648/2096/1648 1643/2097/1643 1637/2090/1637 1642/2089/1642
f 1649/2098/1649 1650/2099/1650 1644/2092/1644 1643/2091/1643
f 1650/2099/1650 1651/2100/1651 1645/2093/1645 1644/2092/1644
f 1651/2100/1651 1652/2101/1652 1646/2094/1646 1645/2093/1645
f 1652/2101/1652 1653/2102/1653 1647/2095/1647 1646/2094/1646
f 1653/2102/1653 1654/2103/1654 1648/2096/1648 1647/2095/1647
f 1654/2103/1654 1649/2104/1649 1643/2097/1643 1648/2096/1648
f 1655/2105/1655 1656/2106/1656 1650/2099/1650 1649/2098/1649
f 1656/2106/1656 1657/2107/1657 1651/2100/1651 1650/2099/1650
f 1657/2107/1657 1658/2108/1658 1652/2101/1652 1651/2100/1651
f 1658/2108/1658 1659/2109/1659 1653/2102/1653 1652/2101/1652
f 1659/2109/1659 1660/2110/1660 1654/2103/1654 1653/2102/1653
f 1660/2110/1660 1655/2111/1655 1649/2104/1649 1654/2103/1654
f 1661/2112/1661 1662/2113/1662 1656/2106/1656 1655/2105/1655
f 1662/2113/1662 1663/2114/1663 1657/2107/1657 1656/2106/1656
f 1663/2114/1663 1664/2115/1664 1658/2108/1658 1657/2107/1657
f 1664/2115/1664 1665/2116/1665 1659/2109/1659 1658/2108/1658
f 1665/2116/1665 1666/2117/1666 1660/2110/1660 1659/2109/1659
f 1666/2117/1666 1661/2118/1661 1655/2111/1655 1660/2110/1660
f 1667/2119/1667 1668/2120/1668 1662/2113/1662 1661/2112/1661
f 1668/2120/1668 1669/2121/1669 1663/2114/1663 1662/2113/1662
f 1669/2121/1669 1670/2122/1670 1664/2115/1664 1663/2114/1663
f 1670/2122/1670 1671/2123/1671 1665/2116/1665 1664/2115/1664
f 1671/2123/1671 1672/2124/1672 1666/2117/1666 1665/2116/1665
f 1672/2124/1672 1667/2125/1667 1661/2118/1661 1666/2117/1666
f 1673/2126/1673 1674/2127/1674 1668/2120/1668 1667/2119/1667
f 1674/2127/1674 1675/2128/1675 1669/2121/1669 1668/2120/1668
f 1675/2128/1675 1676/2129/1676 1670/2122/1670 1669/2121/1669
f 1676/2129/1676 1677/2130/1677 1671/2123/1671 1670/2122/1670
f 1677/2130/1677 1678/2131/1678 1672/2124/1672 1671/2123/1671
f 1678/2131/1678 1673/2132/1673 1667/2125/1667 1672/2124/1672
f 1679/2133/1679 1680/2134/1680 1674/2127/1674 1673/2126/1673
f 1680/2134/1680 1681/2135/1681 1675/2128/1675 1674/2127/1674
f 1681/2135/1681 1682/2136/1682 1676/2129/1676 1675/2128/1675
f 1682/2136/1682 1683/2137/1683 1677/2130/1677 1676/2129/1676
f 1683/2137/1683 1684/2138/1684 1678/2131/1678 1677/2130/1677
f 1684/2138/1684 1679/2139/1679 1673/2132/1673 1678/2131/1678
f 1685/2140/1685 1686/2141/1686 1680/2134/1680 1679/2133/1679
f 1686/2141/1686 1687/2142/1687 1681/2135/1681 1680/2134/1680
f 1687/2142/1687 1688/2143/1688 1682/2136/1682 1681/2135/1681
f 1688/2143/1688 1689/2144/1689 1683/2137/1683 1682/2136/1682
f 1689/2144/1689 1690/2145/1690 1684/2138/1684 1683/2137/1683
f 1690/2145/1690 1685/2146/1685 1679/2139/1679 1684/2138/1684
f 1637/2084/1637 1638/2085/1638 1691/2147/1691
f 1638/2085/1638 1639/2086/1639 1691/2148/1691
f 1639/2086/1639 1640/2087/1640 1691/2149/1691
f 1640/2087/1640 1641/2088/1641 1691/2150/1691
f 1641/2088/1641 1642/2089/1642 1691/2151/1691
f 1642/2089/1642 1637/2090/1637 1691/2152/1691
f 1692/2153/1692 1686/2141/1686 1685/2140/1685
f 1692/2154/1692 1687/2142/1687 1686/2141/1686
f 1692/2155/1692 1688/2143/1688 1687/2142/1687
f 1692/2156/1692 1689/2144/1689 1688/2143/1688
f 1692/2157/1692 1690/2145/1690 1689/2144/1689
f 1692/2158/1692 1685/2146/1685 1690/2145/1690
f 1699/2166/1699 1700/2167/1700 1694/2160/1694 1693/2159/1693
f 1700/2167/1700 1701/2168/1701 1695/2161/1695 1694/2160/1694
f 1701/2168/1701 1702/2169/1702 1696/2162/1696 1695/2161/1695
f 1702/2169/1702 1703/2170/1703 1697/2163/1697 1696/2162/1696
f 1703/2170/1703 1704/2171/1704 1698/2164/1698 1697/2163/1697
f 1704/2171/1704 1699/2172/1699 1693/2165/1693 1698/2164/1698
f 1705/2173/1705 1706/2174/1706 1700/2167/1700 1699/2166/1699
f 1706/2174/1706 1707/2175/1707 1701/2168/1701 1700/2167/1700
f 1707/2175/1707 1708/2176/1708 1702/2169/1702 1701/2168/1701
f 1708/2176/1708 1709/2177/1709 1703/2170/1703 1702/2169/1702
f 1709/2177/1709 1710/2178/1710 1704/2171/1704 1703/2170/1703
f 1710/2178/1710 1705/2179/1705 1699/2172/1699 1704/2171/1704
f 1711/2180/1711 1712/2181/1712 1706/2174/1706 1705/2173/1705
f 1712/2181/1712 1713/2182/1713 1707/2175/1707 1706/2174/1706
f 1713/2182/1713 1714/2183/1714 1708/2176/1708 1707/2175/1707
f 1714/2183/1714 1715/2184/1715 1709/2177/1709 1708/2176/1708
f 1715/2184/1715 1716/2185/1716 1710/2178/1710 1709/2177/1709
f 1716/2185/1716 1711/2186/1711 1705/2179/1705 1710/2178/1710
f 1717/2187/1717 1718/2188/1718 1712/2181/1712 1711/2180/1711
f 1718/2188/1718 1719/2189/1719 1713/2182/1713 1712/2181/1712
f 1719/2189/1719 1720/2190/1720 1714/2183/1714 1713/2182/1713
f 1720/2190/1720 1721/2191/1721 1715/2184/1715 1714/2183/1714
f 1721/2191/1721 1722/2192/1722 1716/2185/1716 1715/2184/1715
f 1722/2192/1722 1717/2193/1717 1711/2186/1711 1716/2185/1716
f 1723/2194/1723 1724/2195/1724 1718/2188/1718 1717/2187/1717
f 1724/2195/1724 1725/2196/1725 1719/2189/1719 1718/2188/1718
f 1725/2196/1725 1726/2197/1726 1720/2190/1720 1719/2189/1719
f 1726/2197/1726 1727/2198/1727 1721/2191/1721 1720/2190/1720
f 1727/2198/1727 1728/2199/1728 1722/2192/1722 1721/2191/1721
f 1728/2199/1728 1723/2200/1723 1717/2193/1717 1722/2192/1722
f 1729/2201/1729 1730/2202/1730 1724/2195/1724 1723/2194/1723
f 1730/2202/1730 1731/2203/1731 1725/2196/1725 1724/2195/1724
f 1731/2203/1731 1732/2204/1732 1726/2197/1726 1725/2196/1725
f 1732/2204/1732 1733/2205/1733 1727/2198/1727 1726/2197/1726
f 1733/2205/1733 1734/2206/1734 1728/2199/1728 1727/2198/1727
f 1734/2206/1734 1729/2207/1729 1723/2200/1723 1728/2199/1728
f 1735/2208/1735 1736/2209/1736 1730/2202/1730 1729/2201/1729
f 1736/2209/1736 1737/2210/1737 1731/2203/1731 1730/2202/1730
f 1737/2210/1737 1738/2211/1738 1732/2204/1732 1731/2203/1731
f 1738/2211/1738 1739/2212/1739 1733/2205/1733 1732/2204/1732
f 1739/2212/1739 1740/2213/1740 1734/2206/1734 1733/2205/1733
f 1740/2213/1740 1735/2214/1735 1729/2207/1729 1734/2206/1734
f 1741/2215/1741 1742/2216/1742 1736/2209/1736 1735/2208/1735
f 1742/2216/1742 1743/2217/1743 1737/2210/1737 1736/2209/1736
f 1743/2217/1743 1744/2218/1744 1738/2211/1738 1737/2210/1737
f 1744/2218/1744 1745/2219/1745 1739/2212/1739 1738/2211/1738
f 1745/2219/1745 1746/2220/1746 1740/2213/1740 1739/2212/1739
f 1746/2220/1746 1741/2221/1741 1735/2214/1735 1740/2213/1740
f 1693/2159/1693 1694/2160/1694 1747/2222/1747
f 1694/2160/1694 1695/2161/1695 1747/2223/1747
f 1695/2161/1695 1696/2162/1696 1747/2224/1747
f 1696/2162/1696 1697/2163/1697 1747/2225/1747
f 1697/2163/1697 1698/2164/1698 1747/2226/1747
f 1698/2164/1698 1693/2165/1693 1747/2227/1747
f 1748/2228/1748 1742/2216/1742 1741/2215/1741
f 1748/2229/1748 1743/2217/1743 1742/2216/1742
f 1748/2230/1748 1744/2218/1744 1743/2217/1743
f 1748/2231/1748 1745/2219/1745 1744/2218/1744
f 1748/2232/1748 1746/2220/1746 1745/2219/1745
f 1748/2233/1748 1741/2221/1741 1746/2220/1746
f 1755/2241/1755 1756/2242/1756 1750/2235/1750 1749/2234/1749
f 1756/2242/1756 1757/2243/1757 1751/2236/1751 1750/2235/1750
f 1757/2243/1757 1758/2244/1758 1752/2237/1752 1751/2236/1751
f 1758/2244/1758 1759/2245/1759 1753/2238/1753 1752/2237/1752
f 1759/2245/1759 1760/2246/1760 1754/2239/1754 1753/2238/1753
f 1760/2246/1760 1755/2247/1755 1749/2240/1749 1754/2239/1754
f 1761/2248/1761 1762/2249/1762 1756/2242/1756 1755/2241/1755
f 1762/2249/1762 1763/2250/1763 1757/2243/1757 1756/2242/1756
f 1763/2250/1763 1764/2251/1764 1758/2244/1758 1757/2243/1757
f 1764/2251/1764 1765/2252/1765 1759/2245/1759 1758/2244/1758
f 1765/2252/1765 1766/2253/1766 1760/2246/1760 1759/2245/1759
f 1766/2253/1766 1761/2254/1761 1755/2247/1755 1760/2246/1760
f 1767/2255/1767 1768/2256/1768 1762/2249/1762 1761/2248/1761
f 1768/2256/1768 1769/2257/1769 1763/2250/1763 1762/2249/1762
f 1769/2257/1769 1770/2258/1770 1764/2251/1764 1763/2250/1763
f 1770/2258/1770 1771/2259/1771 1765/2252/1765 1764/2251/1764
f 1771/2259/1771 1772/2260/1772 1766/2253/1766 1765/2252/1765
f 1772/2260/1772 1767/2261/1767 1761/2254/1761 1766/2253/1766
f 1773/2262/1773 1774/2263/1774 1768/2256/1768 1767/2255/1767
f 1774/2263/1774 1775/2264/1775 1769/2257/1769 1768/2256/1768
f 1775/2264/1775 1776/2265/1776 1770/2258/1770 1769/2257/1769
f 1776/2265/1776 1777/2266/1777 1771/2259/1771 1770/2258/1770
f 1777/2266/1777 1778/2267/1778 1772/2260/1772 1771/2259/1771
f 1778/2267/1778 1773/2268/1773 1767/2261/1767 1772/2260/1772
f 1779/2269/1779 1780/2270/1780 1774/2263/1774 1773/2262/1773
f 1780/2270/1780 1781/2271/1781 1775/2264/1775 1774/2263/1774
f 1781/2271/1781 1782/2272/1782 1776/2265/1776 1775/2264/1775
f 1782/2272/1782 1783/2273/1783 1777/2266/1777 1776/2265/1776
f 1783/2273/1783 1784/2274/1784 1778/2267/1778 1777/2266/1777
f 1784/2274/1784 1779/2275/1779 1773/2268/1773 1778/2267/1778
f 1785/2276/1785 1786/2277/1786 1780/2270/1780 1779/2269/1779
f 1786/2277/1786 1787/2278/1787 1781/2271/1781 1780/2270/1780
f 1787/2278/1787 1788/2279/1788 1782/2272/1782 1781/2271/1781
f 1788/2279/1788 1789/2280/1789 1783/2273/1783 1782/2272/1782
f 1789/2280/1789 1790/2281/1790 1784/2274/1784 1783/2273/1783
f 1790/2281/1790 1785/2282/1785 1779/2275/1779 1784/2274/1784
f 1791/2283/1791 1792/2284/1792 1786/2277/1786 1785/2276/1785
f 1792/2284/1792 1793/2285/1793 1787/2278/1787 1786/2277/1786
f 1793/2285/1793 1794/2286/1794 1788/2279/1788 1787/2278/1787
f 1794/2286/1794 1795/2287/1795 1789/2280/1789 1788/2279/1788
f 1795/2287/1795 1796/2288/1796 1790/2281/1790 1789/2280/1789
f 1796/2288/1796 1791/2289/1791 1785/2282/1785 1790/2281/1790
f 1797/2290/1797 1798/2291/1798 1792/2284/1792 1791/2283/1791
f 1798/2291/1798 1799/2292/1799 1793/2285/1793 1792/2284/1792
f 1799/2292/1799 1800/2293/1800 1794/2286/1794 1793/2285/1793
f 1800/2293/1800 1801/2294/1801 1795/2287/1795 1794/2286/1794
f 1801/2294/1801 1802/2295/1802 1796/2288/1796 1795/2287/1795
f 1802/2295/1802 1797/2296/1797 1791/2289/1791 1796/2288/1796
f 1749/2234/1749 1750/2235/1750 1803/2297/1803
f 1750/2235/1750 1751/2236/1751 1803/2298/1803
f 1751/2236/1751 1752/2237/1752 1803/2299/1803
f 1752/2237/1752 1753/2238/1753 1803/2300/1803
f 1753/2238/1753 1754/2239/1754 1803/2301/1803
f 1754/2239/1754 1749/2240/1749 1803/2302/1803
f 1804/2303/1804 1798/2291/1798 1797/2290/1797
f 1804/2304/1804 1799/2292/1799 1798/2291/1798
f 1804/2305/1804 1800/2293/1800 1799/2292/1799
f 1804/2306/1804 1801/2294/1801 1800/2293/1800
f 1804/2307/1804 1802/2295/1802 1801/2294/1801
f 1804/2308/1804 1797/2296/1797 1802/2295/1802
f 1811/2316/1811 1812/2317/1812 1806/2310/1806 1805/2309/1805
f 1812/2317/1812 1813/2318/1813 1807/2311/1807 1806/2310/1806
f 1813/2318/1813 1814/2319/1814 1808/2312/1808 1807/2311/1807
f 1814/2319/1814 1815/2320/1815 1809/2313/1809 1808/2312/1808
f 1815/2320/1815 1816/2321/1816 1810/2314/1810 1809/2313/1809
f 1816/2321/1816 1811/2322/1811 1805/2315/1805 1810/2314/1810
f 1817/2323/1817 1818/2324/1818 1812/2317/1812 1811/2316/1811
f 1818/2324/1818 1819/2325/1819 1813/2318/1813 1812/2317/1812
f 1819/2325/1819 1820/2326/1820 1814/2319/1814 1813/2318/1813
f 1820/2326/1820 1821/2327/1821 1815/2320/1815 1814/2319/1814
f 1821/2327/1821 1822/2328/1822 1816/2321/1816 1815/2320/1815
f 1822/2328/1822 1817/2329/1817 1811/2322/1811 1816/2321/1816
f 1823/2330/1823 1824/2331/1824 1818/2324/1818 1817/2323/1817
f 1824/2331/1824 1825/2332/1825 1819/2325/1819 1818/2324/1818
f 1825/2332/1825 1826/2333/1826 1820/2326/1820 1819/2325/1819
f 1826/2333/1826 1827/2334/1827 1821/2327/1821 1820/2326/1820
f 1827/2334/1827 1828/2335/1828 1822/2328/1822 1821/2327/1821
f 1828/2335/1828 1823/2336/1823 1817/2329/1817 1822/2328/1822
f 1829/2337/1829 1830/2338/1830 1824/2331/1824 1823/2330/1823
f 1830/2338/1830 1831/2339/1831 1825/2332/1825 1824/2331/1824
f 1831/2339/1831 1832/2340/1832 1826/2333/1826 1825/2332/1825
f 1832/2340/1832 1833/2341/1833 1827/2334/1827 1826/2333/1826
f 1833/2341/1833 1834/2342/1834 1828/2335/1828 1827/2334/1827
f 1834/2342/1834 1829/2343/1829 1823/2336/1823 1828/2335/1828
f 1835/2344/1835 1836/2345/1836 1830/2338/1830 1829/2337/1829
f 1836/2345/1836 1837/2346/1837 1831/2339/1831 1830/2338/1830
f 1837/2346/1837 1838/2347/1838 1832/2340/1832 1831/2339/1831
f 1838/2347/1838 1839/2348/1839 1833/2341/1833 1832/2340/1832
f 1839/2348/1839 1840/2349/1840 1834/2342/1834 1833/2341/1833
f 1840/2349/1840 1835/2350/1835 1829/2343/1829 1834/2342/1834
f 1841/2351/1841 1842/2352/1842 1836/2345/1836 1835/2344/1835
f 1842/2352/1842 1843/2353/1843 1837/2346/1837 1836/2345/1836
f 1843/2353/1843 1844/2354/1844 1838/2347/1838 1837/2346/1837
f 1844/2354/1844 1845/2355/1845 1839/2348/1839 1838/2347/1838
f 1845/2355/1845 1846/2356/1846 1840/2349/1840 1839/2348/1839
f 1846/2356/1846 1841/2357/1841 1835/2350/1835 1840/2349/1840
f 1847/2358/1847 1848/2359/1848 1842/2352/1842 1841/2351/1841
f 1848/2359/1848 1849/2360/1849 1843/2353/1843 1842/2352/1842
f 1849/2360/1849 1850/2361/1850 1844/2354/1844 1843/2353/1843
f 1850/2361/1850 1851/2362/1851 1845/2355/1845 1844/2354/1844
f 1851/2362/1851 1852/2363/1852 1846/2356/1846 1845/2355/1845
f 1852/2363/1852 1847/2364/1847 1841/2357/1841 1846/2356/1846
f 1853/2365/1853 1854/2366/1854 1848/2359/1848 1847/2358/1847
f 1854/2366/1854 1855/2367/1855 1849/2360/1849 1848/2359/1848
f 1855/2367/1855 1856/2368/1856 1850/2361/1850 1849/2360/1849
f 1856/2368/1856 1857/2369/1857 1851/2362/1851 1850/2361/1850
f 1857/2369/1857 1858/2370/1858 1852/2363/1852 1851/2362/1851
f 1858/2370/1858 1853/2371/1853 1847/2364/1847 1852/2363/1852
f 1805/2309/1805 1806/2310/1806 1859/2372/1859
f 1806/2310/1806 1807/2311/1807 1859/2373/1859
f 1807/2311/1807 1808/2312/1808 1859/2374/1859
f 1808/2312/1808 1809/2313/1809 1859/2375/1859
f 1809/2313/1809 1810/2314/1810 1859/2376/1859
f 1810/2314/1810 1805/2315/1805 1859/2377/1859
f 1860/2378/1860 1854/2366/1854 1853/2365/1853
f 1860/2379/1860 1855/2367/1855 1854/2366/1854
f 1860/2380/1860 1856/2368/1856 1855/2367/1855
f 1860/2381/1860 1857/2369/1857 1856/2368/1856
f 1860/2382/1860 1858/2370/1858 1857/2369/1857
f 1860/2383/1860 1853/2371/1853 1858/2370/1858
f 1867/2391/1867 1868/2392/1868 1862/2385/1862 1861/2384/1861
f 1868/2392/1868 1869/2393/1869 1863/2386/1863 1862/2385/1862
f 1869/2393/1869 1870/2394/1870 1864/2387/1864 1863/2386/1863
f 1870/2394/1870 1871/2395/1871 1865/2388/1865 1864/2387/1864
f 1871/2395/1871 1872/2396/1872 1866/2389/1866 1865/2388/1865
f 1872/2396/1872 1867/2397/1867 1861/2390/1861 1866/2389/1866
f 1873/2398/1873 1874/2399/1874 1868/2392/1868 1867/2391/1867
f 1874/2399/1874 1875/2400/1875 1869/2393/1869 1868/2392/1868
f 1875/2400/1875 1876/2401/1876 1870/2394/1870 1869/2393/1869
f 1876/2401/1876 1877/2402/1877 1871/2395/1871 1870/2394/1870
f 1877/2402/1877 1878/2403/1878 1872/2396/1872 1871/2395/1871
f 1878/2403/1878 1873/2404/1873 1867/2397/1867 1872/2396/1872
f 1879/2405/1879 1880/2406/1880 1874/2399/1874 1873/2398/1873
f 1880/2406/1880 1881/2407/1881 1875/2400/1875 1874/2399/1874
f 1881/2407/1881 1882/2408/1882 1876/2401/1876 1875/2400/1875
f 1882/2408/1882 1883/2409/1883 1877/2402/1877 1876/2401/1876
f 1883/2409/1883 1884/2410/1884 1878/2403/1878 1877/2402/1877
f 1884/2410/1884 1879/2411/1879 1873/2404/1873 1878/2403/1878
f 1885/2412/1885 1886/2413/1886 1880/2406/1880 1879/2405/1879
f 1886/2413/1886 1887/2414/1887 1881/2407/1881 1880/2406/1880
f 1887/2414/1887 1888/2415/1888 1882/2408/1882 1881/2407/1881
f 1888/2415/1888 1889/2416/1889 1883/2409/1883 1882/2408/1882
f 1889/2416/1889 1890/2417/1890 1884/2410/1884 1883/2409/1883
f 1890/2417/1890 1885/2418/1885 1879/2411/1879 1884/2410/1884
f 1891/2419/1891 1892/2420/1892 1886/2413/1886 1885/2412/1885
f 1892/2420/1892 1893/2421/1893 1887/2414/1887 1886/2413/1886
f 1893/2421/1893 1894/2422/1894 1888/2415/1888 1887/2414/1887
f 1894/2422/1894 1895/2423/1895 1889/2416/1889 1888/2415/1888
f 1895/2423/1895 1896/2424/1896 1890/2417/1890 1889/2416/1889
f 1896/2424/1896 1891/2425/1891 1885/2418/1885 1890/2417/1890
f 1897/2426/1897 1898/2427/1898 1892/2420/1892 1891/2419/1891
f 1898/2427/1898 1899/2428/1899 1893/2421/1893 1892/2420/1892
f 1899/2428/1899 1900/2429/1900 1894/2422/1894 1893/2421/1893
f 1900/2429/1900 1901/2430/1901 1895/2423/1895 1894/2422/1894
f 1901/2430/1901 1902/2431/1902 1896/2424/1896 1895/2423/1895
f 1902/2431/1902 1897/2432/1897 1891/2425/1891 1896/2424/1896
f 1903/2433/1903 1904/2434/1904 1898/2427/1898 1897/2426/1897
f 1904/2434/1904 1905/2435/1905 1899/2428/1899 1898/2427/1898
f 1905/2435/1905 1906/2436/1906 1900/2429/1900 1899/2428/1899
f 1906/2436/1906 1907/2437/1907 1901/2430/1901 1900/2429/1900
f 1907/2437/1907 1908/2438/1908 1902/2431/1902 1901/2430/1901
f 1908/2438/1908 1903/2439/1903 1897/2432/1897 1902/2431/1902
f 1909/2440/1909 1910/2441/1910 1904/2434/1904 1903/2433/1903
f 1910/2441/1910 1911/2442/1911 1905/2435/1905 1904/2434/1904
f 1911/2442/1911 1912/2443/1912 1906/2436/1906 1905/2435/1905
f 1912/2443/1912 1913/2444/1913 1907/2437/1907 1906/2436/1906
f 1913/2444/1913 1914/2445/1914 1908/2438/1908 1907/2437/1907
f 1914/2445/1914 1909/2446/1909 1903/2439/1903 1908/2438/1908
f 1861/2384/1861 1862/2385/1862 1915/2447/1915
f 1862/2385/1862 1863/2386/1863 1915/2448/1915
f 1863/2386/1863 1864/2387/1864 1915/2449/1915
f 1864/2387/1864 1865/2388/1865 1915/2450/1915
f 1865/2388/1865 1866/2389/1866 1915/2451/1915
f 1866/2389/1866 1861/2390/1861 1915/2452/1915
f 1916/2453/1916 1910/2441/1910 1909/2440/1909
f 1916/2454/1916 1911/2442/1911 1910/2441/1910
f 1916/2455/1916 1912/2443/1912 1911/2442/1911
f 1916/2456/1916 1913/2444/1913 1912/2443/1912
f 1916/2457/1916 1914/2445/1914 1913/2444/1913
f 1916/2458/1916 1909/2446/1909 1914/2445/1914
f 1923/2466/1923 1924/2467/1924 1918/2460/1918 1917/2459/1917
f 1924/2467/1924 1925/2468/1925 1919/2461/1919 1918/2460/1918
f 1925/2468/1925 1926/2469/1926 1920/2462/1920 1919/2461/1919
f 1926/2469/1926 1927/2470/1927 1921/2463/1921 1920/2462/1920
f 1927/2470/1927 1928/2471/1928 1922/2464/1922 1921/2463/1921
f 1928/2471/1928 1923/2472/1923 1917/2465/1917 1922/2464/1922
f 1929/2473/1929 1930/2474/1930 1924/2467/1924 1923/2466/1923
f 1930/2474/1930 1931/2475/1931 1925/2468/1925 1924/2467/1924
f 1931/2475/1931 1932/2476/1932 1926/2469/1926 1925/2468/1925
f 1932/2476/1932 1933/2477/1933 1927/2470/1927 1926/2469/1926
f 1933/2477/1933 1934/2478/1934 1928/2471/1928 1927/2470/1927
f 1934/2478/1934 1929/2479/1929 1923/2472/1923 1928/2471/1928
f 1935/2480/1935 1936/2481/1936 1930/2474/1930 1929/2473/1929
f 1936/2481/1936 1937/2482/1937 1931/2475/1931 1930/2474/1930
f 1937/2482/1937 1938/2483/1938 1932/2476/1932 1931/2475/1931
f 1938/2483/1938 1939/2484/1939 1933/2477/1933 1932/2476/1932
f 1939/2484/1939 1940/2485/1940 1934/2478/1934 1933/2477/1933
f 1940/2485/1940 1935/2486/1935 1929/2479/1929 1934/2478/1934
f 1941/2487/1941 1942/2488/1942 1936/2481/1936 1935/2480/1935
f 1942/2488/1942 1943/2489/1943 1937/2482/1937 1936/2481/1936
f 1943/2489/1943 1944/2490/1944 1938/2483/1938 1937/2482/1937
f 1944/2490/1944 1945/2491/1945 1939/2484/1939 1938/2483/1938
f 1945/2491/1945 1946/2492/1946 1940/2485/1940 1939/2484/1939
f 1946/2492/1946 1941/2493/1941 1935/2486/1935 1940/2485/1940
f 1947/2494/1947 1948/2495/1948 1942/2488/1942 1941/2487/1941
f 1948/2495/1948 1949/2496/1949 1943/2489/1943 1942/2488/1942
f 1949/2496/1949 1950/2497/1950 1944/2490/1944 1943/2489/1943
f 1950/2497/1950 1951/2498/1951 1945/2491/1945 1944/2490/1944
f 1951/2498/1951 1952/2499/1952 1946/2492/1946 1945/2491/1945
f 1952/2499/1952 1947/2500/1947 1941/2493/1941 1946/2492/1946
f 1953/2501/1953 1954/2502/1954 1948/2495/1948 1947/2494/1947
f 1954/2502/1954 1955/2503/1955 1949/2496/1949 1948/2495/1948
f 1955/2503/1955 1956/2504/1956 1950/2497/1950 1949/2496/1949
f 1956/2504/1956 1957/2505/1957 1951/2498/1951 1950/2497/1950
f 1957/2505/1957 1958/2506/1958 1952/2499/1952 1951/2498/1951
f 1958/2506/1958 1953/2507/1953 1947/2500/1947 1952/2499/1952
f 1917/2459/1917 1918/2460/1918 1959/2508/1959
f 1918/2460/1918 1919/2461/1919 1959/2509/1959
f 1919/2461/1919 1920/2462/1920 1959/2510/1959
f 1920/2462/1920 1921/2463/1921 1959/2511/1959
f 1921/2463/1921 1922/2464/1922 1959/2512/1959
f 1922/2464/1922 1917/2465/1917 1959/2513/1959
f 1960/2514/1960 1954/2502/1954 1953/2501/1953
f 1960/2515/1960 1955/2503/1955 1954/2502/1954
f 1960/2516/1960 1956/2504/1956 1955/2503/1955
f 1960/2517/1960 1957/2505/1957 1956/2504/1956
f 1960/2518/1960 1958/2506/1958 1957/2505/1957
f 1960/2519/1960 1953/2507/1953 1958/2506/1958
f 1967/2527/1967 1968/2528/1968 1962/2521/1962 1961/2520/1961
f 1968/2528/1968 1969/2529/1969 1963/2522/1963 1962/2521/1962
f 1969/2529/1969 1970/2530/1970 1964/2523/1964 1963/2522/1963
f 1970/2530/1970 1971/2531/1971 1965/2524/1965 1964/2523/1964
f 1971/2531/1971 1972/2532/1972 1966/2525/1966 1965/2524/1965
f 1972/2532/1972 1967/2533/1967 1961/2526/1961 1966/2525/1966
f 1973/2534/1973 1974/2535/1974 1968/2528/1968 1967/2527/1967
f 1974/2535/1974 1975/2536/1975 1969/2529/1969 1968/2528/1968
f 1975/2536/1975 1976/2537/1976 1970/2530/1970 1969/2529/1969
f 1976/2537/1976 1977/2538/1977 1971/2531/1971 1970/2530/1970
f 1977/2538/1977 1978/2539/1978 1972/2532/1972 1971/2531/1971
f 1978/2539/1978 1973/2540/1973 1967/2533/1967 1972/2532/1972
f 1979/2541/1979 1980/2542/1980 1974/2535/1974 1973/2534/1973
f 1980/2542/1980 1981/2543/1981 1975/2536/1975 1974/2535/1974
f 1981/2543/1981 1982/2544/1982 1976/2537/1976 1975/2536/1975
f 1982/2544/1982 1983/2545/1983 1977/2538/1977 1976/2537/1976
f 1983/2545/1983 1984/2546/1984 1978/2539/1978 1977/2538/1977
f 1984/2546/1984 1979/2547/1979 1973/2540/1973 1978/2539/1978
f 1985/2548/1985 1986/2549/1986 1980/2542/1980 1979/2541/1979
f 1986/2549/1986 1987/2550/1987 1981/2543/1981 1980/2542/1980
f 1987/2550/1987 1988/2551/1988 1982/2544/1982 1981/2543/1981
f 1988/2551/1988 1989/2552/1989 1983/2545/1983 1982/2544/1982
f 1989/2552/1989 1990/2553/1990 1984/2546/1984 1983/2545/1983
f 1990/2553/1990 1985/2554/1985 1979/2547/1979 1984/2546/1984
f 1991/2555/1991 1992/2556/1992 1986/2549/1986 1985/2548/1985
f 1992/2556/1992 1993/2557/1993 1987/2550/1987 1986/2549/1986
f 1993/2557/1993 1994/2558/1994 1988/2551/1988 1987/2550/1987
f 1994/2558/1994 1995/2559/1995 1989/2552/1989 1988/2551/1988
f 1995/2559/1995 1996/2560/1996 1990/2553/1990 1989/2552/1989
f 1996/2560/1996 1991/2561/1991 1985/2554/1985 1990/2553/1990
f 1997/2562/1997 1998/2563/1998 1992/2556/1992 1991/2555/1991
f 1998/2563/1998 1999/2564/1999 1993/2557/1993 1992/2556/1992
f 1999/2564/1999 2000/2565/2000 1994/2558/1994 1993/2557/1993
f 2000/2565/2000 2001/2566/2001 1995/2559/1995 1994/2558/1994
f 2001/2566/2001 2002/2567/2002 1996/2560/1996 1995/2559/1995
f 2002/2567/2002 1997/2568/1997 1991/2561/1991 1996/2560/1996
f 1961/2520/1961 1962/2521/1962 2003/2569/2003
f 1962/2521/1962 1963/2522/1963 2003/2570/2003
f 1963/2522/1963 1964/2523/1964 2003/2571/2003
f 1964/2523/1964 1965/2524/1965 2003/2572/2003
f 1965/2524/1965 1966/2525/1966 2003/2573/2003
f 1966/2525/1966 1961/2526/1961 2003/2574/2003
f 2004/2575/2004 1998/2563/1998 1997/2562/1997
f 2004/2576/2004 1999/2564/1999 1998/2563/1998
f 2004/2577/2004 2000/2565/2000 1999/2564/1999
f 2004/2578/2004 2001/2566/2001 2000/2565/2000
f 2004/2579/2004 2002/2567/2002 2001/2566/2001
f 2004/2580/2004 1997/2568/1997 2002/2567/2002
