# FluffyWolfCut - Roblox UGC rigid accessory
# Units: studs, +Y up, avatar faces -Z. Origin = the attachment point.
# Triangles: 3960
mtllib FluffyWolfCut.mtl
o FluffyWolfCut
v 0.000000 0.179468 -0.077841
v 0.021923 0.179178 -0.081817
v 0.046722 0.178721 -0.080925
v 0.072683 0.178127 -0.072683
v 0.097192 0.177419 -0.056114
v 0.117252 0.176630 -0.031418
v 0.130155 0.175784 -0.000000
v 0.134743 0.174788 0.036104
v 0.127869 0.173841 0.073825
v 0.108518 0.173122 0.108518
v 0.077799 0.172849 0.134752
v 0.040588 0.172691 0.151476
v 0.000000 0.172586 0.157625
v -0.040588 0.172691 0.151476
v -0.077799 0.172849 0.134752
v -0.108518 0.173122 0.108518
v -0.127869 0.173841 0.073825
v -0.134743 0.174788 0.036104
v -0.130155 0.175784 0.000000
v -0.117252 0.176630 -0.031418
v -0.097192 0.177419 -0.056114
v -0.072683 0.178127 -0.072683
v -0.046722 0.178721 -0.080925
v -0.021923 0.179178 -0.081817
v 0.000000 0.165746 -0.202386
v 0.056999 0.162516 -0.212724
v 0.121477 0.158031 -0.210405
v 0.188975 0.152822 -0.188975
v 0.252699 0.147176 -0.145896
v 0.304855 0.141375 -0.081686
v 0.338403 0.135572 -0.000000
v 0.361178 0.127685 0.096777
v 0.350236 0.117974 0.202209
v 0.300769 0.109532 0.300769
v 0.216412 0.106143 0.374837
v 0.113120 0.104130 0.422169
v 0.000000 0.102775 0.439836
v -0.113120 0.104130 0.422169
v -0.216412 0.106143 0.374837
v -0.300769 0.109532 0.300769
v -0.350236 0.117974 0.202209
v -0.361178 0.127685 0.096777
v -0.338403 0.135572 0.000000
v -0.304855 0.141375 -0.081686
v -0.252699 0.147176 -0.145896
v -0.188975 0.152822 -0.188975
v -0.121477 0.158031 -0.210405
v -0.056999 0.162516 -0.212724
v 0.000000 0.136526 -0.334715
v 0.097359 0.127069 -0.363348
v 0.214567 0.107843 -0.371640
v 0.339692 0.079357 -0.339692
v 0.455105 0.043679 -0.262755
v 0.543052 0.003879 -0.145510
v 0.590489 -0.037666 -0.000000
v 0.592328 -0.084319 0.158714
v 0.542994 -0.126084 0.313498
v 0.447966 -0.156053 0.447966
v 0.317624 -0.167005 0.550140
v 0.164630 -0.173275 0.614409
v 0.000000 -0.177403 0.636573
v -0.164630 -0.173275 0.614409
v -0.317624 -0.167005 0.550140
v -0.447966 -0.156053 0.447966
v -0.542994 -0.126084 0.313498
v -0.592328 -0.084319 0.158714
v -0.590489 -0.037666 0.000000
v -0.543052 0.003879 -0.145510
v -0.455105 0.043679 -0.262755
v -0.339692 0.079357 -0.339692
v -0.214567 0.107843 -0.371640
v -0.097359 0.127069 -0.363348
v 0.000000 0.058056 -0.509089
v 0.142407 0.018262 -0.531469
v 0.295573 -0.038800 -0.511948
v 0.438796 -0.104379 -0.438796
v 0.550739 -0.172131 -0.317970
v 0.616706 -0.236906 -0.165246
v 0.633161 -0.292524 -0.000000
v 0.608647 -0.348570 0.163087
v 0.545596 -0.397493 0.315000
v 0.445477 -0.432402 0.445477
v 0.315000 -0.445181 0.545596
v 0.163056 -0.452509 0.608533
v 0.000000 -0.457340 0.630000
v -0.163056 -0.452509 0.608533
v -0.315000 -0.445181 0.545596
v -0.445477 -0.432402 0.445477
v -0.545596 -0.397493 0.315000
v -0.608647 -0.348570 0.163087
v -0.633161 -0.292524 0.000000
v -0.616706 -0.236906 -0.165246
v -0.550739 -0.172131 -0.317970
v -0.438796 -0.104379 -0.438796
v -0.295573 -0.038800 -0.511948
v -0.142407 0.018262 -0.531469
v 0.000000 -0.087177 -0.607735
v 0.162007 -0.149099 -0.604618
v 0.316291 -0.227359 -0.547831
v 0.442662 -0.303066 -0.442662
v 0.540164 -0.375744 -0.311864
v 0.602474 -0.446282 -0.161433
v 0.623727 -0.513788 -0.000000
v 0.602474 -0.585714 0.161433
v 0.540164 -0.648498 0.311864
v 0.441042 -0.693298 0.441042
v 0.311864 -0.709697 0.540164
v 0.161433 -0.719102 0.602474
v 0.000000 -0.725302 0.623727
v -0.161433 -0.719102 0.602474
v -0.311864 -0.709697 0.540164
v -0.441042 -0.693298 0.441042
v -0.540164 -0.648498 0.311864
v -0.602474 -0.585714 0.161433
v -0.623727 -0.513788 0.000000
v -0.602474 -0.446282 -0.161433
v -0.540164 -0.375744 -0.311864
v -0.442662 -0.303066 -0.442662
v -0.316291 -0.227359 -0.547831
v -0.162007 -0.149099 -0.604618
v 0.000000 -0.232914 -0.626726
v 0.160619 -0.299330 -0.599438
v 0.309000 -0.380624 -0.535204
v 0.436992 -0.467527 -0.436992
v 0.535204 -0.555308 -0.309000
v 0.596942 -0.640504 -0.159950
v 0.618000 -0.722036 -0.000000
v 0.596942 -0.808908 0.159950
v 0.535204 -0.884738 0.309000
v 0.436992 -0.938848 0.436992
v 0.308642 -0.959928 0.534584
v 0.159471 -0.972019 0.595155
v 0.000000 -0.979959 0.615113
v -0.159471 -0.972019 0.595155
v -0.308642 -0.959928 0.534584
v -0.436992 -0.938848 0.436992
v -0.535204 -0.884738 0.309000
v -0.596942 -0.808908 0.159950
v -0.618000 -0.722036 0.000000
v -0.596942 -0.640504 -0.159950
v -0.535204 -0.555308 -0.309000
v -0.436992 -0.467527 -0.436992
v -0.309000 -0.380624 -0.535204
v -0.160619 -0.299330 -0.599438
v 0.000000 -0.278000 -0.616000
v 0.159433 -0.346622 -0.595010
v 0.308000 -0.434035 -0.533472
v 0.435578 -0.527479 -0.435578
v 0.533472 -0.621867 -0.308000
v 0.595010 -0.713475 -0.159433
v 0.616000 -0.801144 -0.000000
v 0.595010 -0.894555 0.159433
v 0.531172 -0.978192 0.306672
v 0.422888 -1.037898 0.422888
v 0.294589 -1.058684 0.510244
v 0.150977 -1.070254 0.563454
v 0.000000 -1.077727 0.579180
v -0.150977 -1.070254 0.563454
v -0.294589 -1.058684 0.510244
v -0.422888 -1.037898 0.422888
v -0.531172 -0.978192 0.306672
v -0.595010 -0.894555 0.159433
v -0.616000 -0.801144 0.000000
v -0.595010 -0.713475 -0.159433
v -0.533472 -0.621867 -0.308000
v -0.435578 -0.527479 -0.435578
v -0.308000 -0.434035 -0.533472
v -0.159433 -0.346622 -0.595010
v 0.000000 -0.325000 -0.568000
v 0.147009 -0.393622 -0.548646
v 0.284000 -0.481035 -0.491902
v 0.401637 -0.574479 -0.401637
v 0.491902 -0.668867 -0.284000
v 0.548646 -0.760475 -0.147009
v 0.568000 -0.848144 -0.000000
v 0.548642 -0.941364 0.147008
v 0.481904 -1.011632 0.278228
v 0.378417 -1.057881 0.378417
v 0.262431 -1.073454 0.454544
v 0.134170 -1.081987 0.500728
v 0.000000 -1.087443 0.513909
v -0.134170 -1.081987 0.500728
v -0.262431 -1.073454 0.454544
v -0.378417 -1.057881 0.378417
v -0.481904 -1.011632 0.278228
v -0.548642 -0.941364 0.147008
v -0.568000 -0.848144 0.000000
v -0.548646 -0.760475 -0.147009
v -0.491902 -0.668867 -0.284000
v -0.401637 -0.574479 -0.401637
v -0.284000 -0.481035 -0.491902
v -0.147009 -0.393622 -0.548646
v 0.000000 0.180000 0.000000
v 0.000000 -0.500000 0.050000
v -0.029777 0.127493 -0.192715
v -0.001662 0.179958 0.000265
v 0.031588 0.127493 0.192427
v 0.032097 0.117093 0.192346
v 0.001246 0.120531 -0.000199
v -0.029268 0.117093 -0.192796
v 0.138095 0.130567 -0.231329
v 0.172295 0.198984 -0.027433
v 0.209864 0.130567 0.175868
v 0.210198 0.117005 0.175810
v 0.174203 0.121489 -0.027770
v 0.138429 0.117005 -0.231388
v 0.282979 0.122395 -0.273577
v 0.347874 0.213422 -0.061727
v 0.373028 0.122389 0.158405
v 0.369090 0.104345 0.159226
v 0.325367 0.110313 -0.057037
v 0.279040 0.104351 -0.272756
v 0.483887 0.046135 -0.303918
v 0.588940 0.118508 -0.113846
v 0.575162 0.037323 0.099744
v 0.563385 0.022104 0.102075
v 0.521641 0.031542 -0.100527
v 0.472110 0.030916 -0.301588
v 0.590462 -0.110674 -0.306611
v 0.706196 -0.085081 -0.147918
v 0.671485 -0.127535 0.042412
v 0.656575 -0.134279 0.045547
v 0.620993 -0.123619 -0.130001
v 0.575552 -0.117418 -0.303475
v 0.641577 -0.275362 -0.296978
v 0.738977 -0.265175 -0.165481
v 0.706706 -0.296990 -0.007911
v 0.693854 -0.301153 -0.005326
v 0.665538 -0.288962 -0.150714
v 0.628725 -0.279525 -0.294394
v 0.699643 -0.394856 -0.286807
v 0.774480 -0.383089 -0.184833
v 0.753196 -0.416438 -0.064116
v 0.743670 -0.420910 -0.062258
v 0.720043 -0.408640 -0.174218
v 0.690117 -0.399328 -0.284949
v 0.762266 -0.500369 -0.275791
v 0.815276 -0.493153 -0.206475
v 0.801082 -0.516557 -0.123302
v 0.794422 -0.519592 -0.121929
v 0.777216 -0.510494 -0.198627
v 0.755606 -0.503404 -0.274418
v 0.806189 -0.589137 -0.257453
v 0.835568 -0.588290 -0.222594
v 0.827163 -0.598073 -0.178861
v 0.823418 -0.599127 -0.177981
v 0.814170 -0.594310 -0.217568
v 0.802445 -0.590191 -0.256574
v 0.827023 -0.651429 -0.230912
v 0.831522 -0.651271 -0.229001
v 0.828606 -0.652107 -0.225165
v 0.827871 -0.652206 -0.224974
v 0.827322 -0.651834 -0.227911
v 0.826288 -0.651528 -0.230722
v -0.009159 0.131115 0.001459
v 0.828486 -0.655670 -0.228684
v 0.068527 0.157102 -0.201201
v -0.003692 0.195776 -0.001247
v -0.067457 0.157102 0.201562
v -0.066326 0.146759 0.201944
v 0.002769 0.136668 0.000935
v 0.069658 0.146759 -0.200819
v 0.201662 0.172034 -0.169686
v 0.129576 0.222374 0.043906
v 0.069336 0.172034 0.261137
v 0.070920 0.158570 0.261623
v 0.138629 0.145435 0.046687
v 0.203246 0.158570 -0.169199
v 0.321410 0.187116 -0.152507
v 0.262655 0.256234 0.080697
v 0.204819 0.187116 0.314130
v 0.204941 0.168630 0.314161
v 0.263357 0.150596 0.080872
v 0.321533 0.168630 -0.152476
v 0.468681 0.175303 -0.103398
v 0.447466 0.239719 0.123646
v 0.376816 0.168440 0.338300
v 0.370205 0.150293 0.336643
v 0.409688 0.136023 0.114178
v 0.462070 0.157157 -0.105055
v 0.615144 0.076706 -0.047399
v 0.621618 0.112250 0.154572
v 0.545524 0.056598 0.336809
v 0.534482 0.044402 0.334170
v 0.558520 0.042558 0.139491
v 0.604101 0.064510 -0.050038
v 0.709516 -0.052580 -0.007270
v 0.726129 -0.042304 0.161493
v 0.655232 -0.082357 0.310597
v 0.643529 -0.089088 0.307968
v 0.659255 -0.080765 0.146469
v 0.697813 -0.059311 -0.009899
v 0.764364 -0.193811 0.023812
v 0.779502 -0.198318 0.154453
v 0.720248 -0.226782 0.268449
v 0.710299 -0.229986 0.266223
v 0.722652 -0.216625 0.141733
v 0.754415 -0.197014 0.021586
v 0.783802 -0.299877 0.050166
v 0.795883 -0.309456 0.139439
v 0.754717 -0.330671 0.217301
v 0.747595 -0.332227 0.215775
v 0.755191 -0.318348 0.130719
v 0.776681 -0.301433 0.048640
v 0.796224 -0.378309 0.078560
v 0.804034 -0.385164 0.124422
v 0.782928 -0.396823 0.164795
v 0.779061 -0.397466 0.164061
v 0.781937 -0.388835 0.120227
v 0.792357 -0.378951 0.077825
v 0.797217 -0.435987 0.109074
v 0.799626 -0.436385 0.112426
v 0.796401 -0.437259 0.114881
v 0.795647 -0.437322 0.114761
v 0.795320 -0.436749 0.111741
v 0.796464 -0.436051 0.108954
v -0.008832 0.155548 -0.002982
v 0.797234 -0.440521 0.111184
v 0.144227 0.127498 -0.113130
v -0.001156 0.179949 -0.001457
v -0.142967 0.127498 0.114719
v -0.142613 0.117101 0.115165
v 0.000867 0.120538 0.001093
v 0.144581 0.117101 -0.112684
v 0.257384 0.131242 0.011760
v 0.105373 0.199645 0.132850
v -0.043828 0.131242 0.257386
v -0.043549 0.117683 0.257727
v 0.106965 0.122166 0.134802
v 0.257663 0.117683 0.012102
v 0.362655 0.124478 0.116911
v 0.216919 0.216020 0.265546
v 0.047931 0.124478 0.387097
v 0.045626 0.106333 0.384413
v 0.203750 0.112332 0.250207
v 0.360350 0.106333 0.114226
v 0.483367 0.057416 0.274362
v 0.374670 0.133487 0.447027
v 0.191957 0.051101 0.532135
v 0.184621 0.035396 0.523457
v 0.332752 0.043745 0.397440
v 0.476031 0.041711 0.265685
v 0.541865 -0.091970 0.371927
v 0.465216 -0.060025 0.541021
v 0.290755 -0.104323 0.596605
v 0.281061 -0.111879 0.585355
v 0.409821 -0.103205 0.476735
v 0.532171 -0.099527 0.360677
v 0.565567 -0.258753 0.430039
v 0.503036 -0.243157 0.572025
v 0.356478 -0.275339 0.614435
v 0.348150 -0.280074 0.604566
v 0.455448 -0.270215 0.515631
v 0.557239 -0.263488 0.420170
v 0.586287 -0.374793 0.487688
v 0.537078 -0.359128 0.596915
v 0.426261 -0.391955 0.632124
v 0.420155 -0.396761 0.624788
v 0.502187 -0.386591 0.554995
v 0.580182 -0.379599 0.480352
v 0.609860 -0.476744 0.551186
v 0.577126 -0.466478 0.627093
v 0.500977 -0.489691 0.651616
v 0.496675 -0.493009 0.646523
v 0.552538 -0.485439 0.597992
v 0.605557 -0.480063 0.546093
v 0.616863 -0.561962 0.600087
v 0.601731 -0.559666 0.640705
v 0.561057 -0.569136 0.652540
v 0.558526 -0.570303 0.649687
v 0.587265 -0.566330 0.624404
v 0.614331 -0.563129 0.597234
v 0.604663 -0.621498 0.630602
v 0.605098 -0.621235 0.635466
v 0.600339 -0.622078 0.634720
v 0.599824 -0.622188 0.634164
v 0.602156 -0.621862 0.632289
v 0.604149 -0.621608 0.630046
v -0.005716 0.131067 -0.007205
v 0.603379 -0.625685 0.633034
v 0.198516 0.157106 -0.041469
v -0.000853 0.195750 -0.004023
v -0.198269 0.157106 0.042635
v -0.198007 0.146770 0.043867
v 0.000640 0.136687 0.003017
v 0.198777 0.146770 -0.040237
v 0.237746 0.172484 0.085105
v 0.027290 0.222761 0.129611
v -0.179991 0.172484 0.187120
v -0.179566 0.159037 0.188859
v 0.029716 0.145919 0.139548
v 0.238170 0.159037 0.086844
v 0.282798 0.188856 0.192458
v 0.062914 0.257943 0.258085
v -0.155732 0.188856 0.327726
v -0.155566 0.170378 0.328263
v 0.063860 0.152352 0.261152
v 0.282964 0.170378 0.192995
v 0.314528 0.181824 0.332580
v 0.118858 0.247499 0.427375
v -0.090657 0.175842 0.477918
v -0.092509 0.157476 0.472000
v 0.108277 0.142551 0.393558
v 0.312676 0.163458 0.326662
v 0.344728 0.093474 0.487618
v 0.183667 0.131242 0.593943
v -0.002046 0.073834 0.623732
v -0.005343 0.061106 0.613496
v 0.164828 0.058510 0.535455
v 0.341431 0.080746 0.477383
v 0.363019 -0.027670 0.591333
v 0.234898 -0.015801 0.691116
v 0.078614 -0.058184 0.708188
v 0.074848 -0.065439 0.697127
v 0.213376 -0.057260 0.627909
v 0.359252 -0.034926 0.580272
v 0.369432 -0.162173 0.656763
v 0.272101 -0.166441 0.736860
v 0.149612 -0.195317 0.745216
v 0.146247 -0.198608 0.735622
v 0.252876 -0.185247 0.682036
v 0.366068 -0.165464 0.647169
v 0.360473 -0.277535 0.686101
v 0.294692 -0.288061 0.741807
v 0.210341 -0.308288 0.745918
v 0.207857 -0.309586 0.739018
v 0.280501 -0.295475 0.702379
v 0.357989 -0.278833 0.679201
v 0.344106 -0.353747 0.706247
v 0.311340 -0.361708 0.736183
v 0.267852 -0.373383 0.738539
v 0.266418 -0.373880 0.734851
v 0.303146 -0.364546 0.715107
v 0.342672 -0.354244 0.702559
v 0.321329 -0.410916 0.721308
v 0.319767 -0.411413 0.725117
v 0.315992 -0.412323 0.723662
v 0.315696 -0.412378 0.722958
v 0.318076 -0.411728 0.721094
v 0.321033 -0.410971 0.720604
v -0.001924 0.155489 -0.009079
v 0.319625 -0.415499 0.722351
v 0.172112 0.127502 0.034337
v 0.000378 0.179941 -0.001958
v -0.172524 0.127502 -0.032203
v -0.172639 0.117107 -0.031603
v -0.000284 0.120544 0.001468
v 0.171996 0.117107 0.034937
v 0.149745 0.131726 0.205456
v -0.031416 0.200114 0.162945
v -0.213709 0.131726 0.125588
v -0.213821 0.118170 0.126099
v -0.032057 0.122652 0.165864
v 0.149633 0.118170 0.205967
v 0.123477 0.126099 0.363465
v -0.072327 0.218006 0.326821
v -0.259831 0.126099 0.259561
v -0.259008 0.107881 0.256526
v -0.067626 0.113904 0.309482
v 0.124299 0.107881 0.360430
v 0.055295 0.058576 0.553760
v -0.136507 0.145023 0.552747
v -0.301048 0.069458 0.445610
v -0.298346 0.053401 0.435092
v -0.121068 0.053268 0.492644
v 0.057997 0.042519 0.543242
v -0.012556 -0.092343 0.658374
v -0.185642 -0.040652 0.680514
v -0.319508 -0.070291 0.560838
v -0.315621 -0.078352 0.546782
v -0.163430 -0.086713 0.600197
v -0.008669 -0.100404 0.644319
v -0.071312 -0.258103 0.701921
v -0.215260 -0.221200 0.726546
v -0.325483 -0.228939 0.624173
v -0.322140 -0.233364 0.611586
v -0.196160 -0.246483 0.654622
v -0.067969 -0.262528 0.689334
v -0.130673 -0.379112 0.735107
v -0.240658 -0.343901 0.752054
v -0.325630 -0.349052 0.672198
v -0.323151 -0.353052 0.662604
v -0.226492 -0.366759 0.697230
v -0.128194 -0.383112 0.725512
v -0.194065 -0.474798 0.774042
v -0.269500 -0.448767 0.784550
v -0.326849 -0.451768 0.728154
v -0.325057 -0.454645 0.721523
v -0.259257 -0.465209 0.746659
v -0.192273 -0.477675 0.767411
v -0.251637 -0.551723 0.792720
v -0.291584 -0.540426 0.798842
v -0.319784 -0.539117 0.767794
v -0.318619 -0.540106 0.764111
v -0.284931 -0.546082 0.777791
v -0.250472 -0.552712 0.789036
v -0.296852 -0.602286 0.789702
v -0.300896 -0.601291 0.792266
v -0.302373 -0.601229 0.787605
v -0.302119 -0.601321 0.786888
v -0.299442 -0.601819 0.788174
v -0.296598 -0.602379 0.788986
v 0.001732 0.131031 -0.008972
v -0.300542 -0.605628 0.789147
v 0.163099 0.157104 0.130130
v 0.002464 0.195768 -0.003106
v -0.163814 0.157104 -0.129229
v -0.164568 0.146762 -0.128278
v -0.001848 0.136674 0.002330
v 0.162344 0.146762 0.131081
v 0.083317 0.172180 0.250849
v -0.084120 0.222503 0.106149
v -0.259552 0.172180 -0.028746
v -0.260622 0.158720 -0.027434
v -0.090230 0.145589 0.113642
v 0.082247 0.158720 0.252161
v 0.006367 0.187584 0.365621
v -0.172123 0.256698 0.211107
v -0.351724 0.187584 0.057884
v -0.351873 0.169098 0.058057
v -0.172972 0.151065 0.212094
v 0.006218 0.169098 0.365794
v -0.113813 0.172032 0.480633
v -0.295260 0.241611 0.352050
v -0.444066 0.175163 0.185499
v -0.439700 0.156972 0.180421
v -0.270316 0.137661 0.323035
v -0.109448 0.153841 0.475556
v -0.245902 0.065660 0.580182
v -0.415075 0.116096 0.482484
v -0.528737 0.075089 0.320905
v -0.521313 0.062860 0.312362
v -0.372654 0.046216 0.433667
v -0.238478 0.053431 0.571639
v -0.342020 -0.070031 0.628048
v -0.488315 -0.038214 0.553922
v -0.574932 -0.055803 0.412156
v -0.566951 -0.062410 0.403111
v -0.442709 -0.075970 0.502233
v -0.334039 -0.076639 0.619003
v -0.409856 -0.210560 0.637343
v -0.525788 -0.191845 0.582990
v -0.590706 -0.194835 0.471091
v -0.583884 -0.197738 0.463395
v -0.486804 -0.208432 0.539014
v -0.403033 -0.213463 0.629647
v -0.457194 -0.315599 0.619943
v -0.537482 -0.303617 0.583236
v -0.581137 -0.300892 0.505622
v -0.576238 -0.302130 0.500152
v -0.509488 -0.310691 0.551976
v -0.452295 -0.316837 0.614473
v -0.502317 -0.383453 0.597962
v -0.544023 -0.376980 0.579047
v -0.565777 -0.374409 0.538314
v -0.563109 -0.374931 0.535396
v -0.528776 -0.379962 0.562374
v -0.499649 -0.383975 0.595044
v -0.538944 -0.426936 0.570268
v -0.543058 -0.426417 0.570294
v -0.543264 -0.426301 0.566154
v -0.542742 -0.426355 0.565597
v -0.540072 -0.426725 0.567111
v -0.538421 -0.426989 0.569711
v 0.005786 0.155529 -0.007293
v -0.541584 -0.430588 0.568103
v 0.056317 0.127496 0.180574
v 0.001706 0.179953 -0.000542
v -0.058177 0.127496 -0.179984
v -0.058700 0.117098 -0.179818
v -0.001280 0.120535 0.000406
v 0.055795 0.117098 0.180740
v -0.110972 0.130980 0.245504
v -0.163406 0.199388 0.051935
v -0.219805 0.130980 -0.140517
v -0.220198 0.117421 -0.140406
v -0.165652 0.121904 0.052568
v -0.111365 0.117421 0.245615
v -0.269955 0.123814 0.298461
v -0.333260 0.215227 0.093188
v -0.360407 0.123814 -0.119902
v -0.356824 0.105694 -0.120677
v -0.312783 0.111685 0.088761
v -0.266372 0.105694 0.297687
v -0.478693 0.042801 0.324889
v -0.570680 0.129538 0.140810
v -0.549470 0.059033 -0.070019
v -0.538251 0.043449 -0.072670
v -0.506572 0.040485 0.125660
v -0.467475 0.027217 0.322238
v -0.597946 -0.119209 0.305216
v -0.699959 -0.066236 0.149914
v -0.654563 -0.087813 -0.036647
v -0.639954 -0.095202 -0.039745
v -0.616475 -0.108457 0.132210
v -0.583336 -0.126598 0.302117
v -0.660077 -0.293451 0.264426
v -0.749258 -0.249265 0.139238
v -0.711371 -0.252009 -0.016116
v -0.698777 -0.256660 -0.019106
v -0.677294 -0.275844 0.122154
v -0.647483 -0.298103 0.261436
v -0.732153 -0.411434 0.221535
v -0.795633 -0.366579 0.125025
v -0.765381 -0.369494 0.004892
v -0.756092 -0.374229 0.002550
v -0.742549 -0.393633 0.111646
v -0.722864 -0.416168 0.219193
v -0.806693 -0.508291 0.176599
v -0.849171 -0.476508 0.109646
v -0.825553 -0.477103 0.027554
v -0.819002 -0.480312 0.026053
v -0.811738 -0.494845 0.101072
v -0.800142 -0.511500 0.175099
v -0.855978 -0.586538 0.127039
v -0.879015 -0.572386 0.091697
v -0.863952 -0.569476 0.049928
v -0.860176 -0.570590 0.049291
v -0.857437 -0.578753 0.088057
v -0.852202 -0.587652 0.126402
v -0.875056 -0.637443 0.079452
v -0.879110 -0.636251 0.076990
v -0.875566 -0.636116 0.073623
v -0.874813 -0.636221 0.073533
v -0.874807 -0.636850 0.076477
v -0.874303 -0.637548 0.079362
v 0.008795 0.131086 -0.002793
v -0.876245 -0.640600 0.075749
v -0.036721 0.157103 0.207375
v 0.003871 0.195772 0.000675
v 0.035599 0.157103 -0.207570
v 0.034413 0.146760 -0.207777
v -0.002903 0.136671 -0.000506
v -0.037907 0.146760 0.207168
v -0.183133 0.172104 0.194660
v -0.134153 0.222437 -0.023267
v -0.097452 0.172104 -0.243595
v -0.099094 0.158642 -0.243916
v -0.143536 0.145509 -0.025102
v -0.184775 0.158642 0.194339
v -0.324136 0.187332 0.179233
v -0.268598 0.256448 -0.052490
v -0.214308 0.187332 -0.284508
v -0.214474 0.168845 -0.284547
v -0.269551 0.150812 -0.052715
v -0.324302 0.168845 0.179194
v -0.484890 0.170165 0.123488
v -0.451489 0.240595 -0.098194
v -0.369051 0.175117 -0.308278
v -0.362493 0.156941 -0.306727
v -0.414016 0.136735 -0.089331
v -0.478333 0.151990 0.125039
v -0.634372 0.061289 0.048242
v -0.621284 0.114778 -0.147634
v -0.526901 0.075960 -0.323659
v -0.516029 0.063615 -0.321004
v -0.559159 0.044237 -0.132464
v -0.623500 0.048945 0.050896
v -0.724092 -0.074354 -0.021198
v -0.721239 -0.037049 -0.185466
v -0.632815 -0.052510 -0.328035
v -0.621371 -0.059567 -0.325133
v -0.655846 -0.077372 -0.168884
v -0.712648 -0.081410 -0.018296
v -0.770521 -0.217610 -0.084948
v -0.772523 -0.192075 -0.212905
v -0.701542 -0.193329 -0.322401
v -0.691781 -0.196911 -0.319932
v -0.716749 -0.212547 -0.198797
v -0.760760 -0.221193 -0.082479
v -0.784297 -0.323656 -0.142822
v -0.786518 -0.305239 -0.230729
v -0.736484 -0.300609 -0.305205
v -0.729496 -0.302452 -0.303409
v -0.746585 -0.315774 -0.220466
v -0.777308 -0.325499 -0.141027
v -0.789675 -0.390515 -0.199295
v -0.790868 -0.380577 -0.244845
v -0.763837 -0.376308 -0.282610
v -0.760063 -0.377066 -0.281568
v -0.769300 -0.384909 -0.238895
v -0.785901 -0.391273 -0.198253
v -0.781305 -0.432123 -0.247748
v -0.783127 -0.431348 -0.251392
v -0.779496 -0.431134 -0.253383
v -0.778767 -0.431209 -0.253162
v -0.778960 -0.431777 -0.250129
v -0.780576 -0.432198 -0.247527
v 0.009177 0.155539 0.001600
v -0.780550 -0.435557 -0.251303
v 0.238037 0.052045 0.211088
v 0.164293 0.129715 0.265629
v 0.075395 0.052045 0.288209
v 0.073767 0.035353 0.284775
v 0.154988 0.034331 0.246004
v 0.236408 0.035353 0.207653
v 0.339073 0.012367 0.343064
v 0.241547 0.086546 0.424897
v 0.112773 0.019958 0.451241
v 0.109416 0.004832 0.445278
v 0.222360 0.000110 0.390825
v 0.335715 -0.002760 0.337101
v 0.429240 -0.087393 0.449251
v 0.309027 -0.033007 0.573265
v 0.133272 -0.070728 0.595083
v 0.127303 -0.080625 0.584101
v 0.274922 -0.089564 0.510513
v 0.423272 -0.097291 0.438270
v 0.437379 -0.240230 0.514259
v 0.332566 -0.218026 0.639861
v 0.168041 -0.223601 0.652309
v 0.161625 -0.226586 0.640150
v 0.295901 -0.235084 0.570381
v 0.430963 -0.243215 0.502100
v 0.410105 -0.376050 0.532322
v 0.321959 -0.360824 0.636776
v 0.184770 -0.362770 0.646128
v 0.179500 -0.364615 0.635909
v 0.291845 -0.371368 0.578380
v 0.404835 -0.377895 0.522103
v 0.401138 -0.500716 0.590463
v 0.330854 -0.479021 0.668231
v 0.224937 -0.491409 0.677537
v 0.221108 -0.495071 0.670180
v 0.308974 -0.499949 0.626193
v 0.397309 -0.504378 0.583106
v 0.398772 -0.611760 0.666228
v 0.349736 -0.595448 0.719225
v 0.276707 -0.605774 0.725507
v 0.274129 -0.608637 0.720487
v 0.335003 -0.611805 0.690540
v 0.396194 -0.614622 0.661209
v 0.386872 -0.706452 0.726258
v 0.361771 -0.699894 0.754857
v 0.323368 -0.703477 0.756679
v 0.321939 -0.704567 0.753802
v 0.353603 -0.706121 0.738415
v 0.385443 -0.707542 0.723381
v 0.361699 -0.771893 0.754766
v 0.360521 -0.771180 0.759215
v 0.356284 -0.771644 0.757337
v 0.355955 -0.771770 0.756657
v 0.358643 -0.771902 0.755330
v 0.361371 -0.772019 0.754086
v 0.152970 0.058694 0.241749
v 0.359214 -0.775676 0.756899
v 0.100454 0.052016 0.294405
v 0.010506 0.129784 0.311921
v -0.079545 0.052016 0.294942
v -0.079556 0.035303 0.291235
v 0.010443 0.034280 0.290740
v 0.100443 0.035303 0.290698
v 0.136206 0.017084 0.453240
v 0.011455 0.088708 0.485143
v -0.114708 0.018102 0.456715
v -0.114860 0.002819 0.450232
v 0.010588 0.001374 0.448098
v 0.136055 0.001801 0.446757
v 0.178907 -0.067861 0.583685
v 0.015057 -0.019767 0.643923
v -0.151320 -0.069956 0.593046
v -0.151592 -0.080517 0.581106
v 0.013505 -0.080116 0.575694
v 0.178635 -0.078422 0.571745
v 0.169440 -0.202187 0.651968
v 0.019624 -0.189404 0.720131
v -0.133456 -0.208688 0.661402
v -0.133807 -0.212133 0.647766
v 0.017620 -0.209094 0.642215
v 0.169089 -0.205633 0.638333
v 0.148097 -0.329424 0.654660
v 0.023374 -0.326779 0.712532
v -0.104402 -0.338280 0.663004
v -0.104731 -0.339800 0.651464
v 0.021499 -0.335465 0.646585
v 0.147769 -0.330944 0.643119
v 0.125823 -0.439304 0.691175
v 0.028468 -0.428264 0.734288
v -0.070588 -0.448147 0.698920
v -0.070771 -0.451470 0.690487
v 0.027423 -0.447252 0.686098
v 0.125640 -0.442627 0.682742
v 0.102186 -0.535265 0.743628
v 0.035013 -0.526324 0.773411
v -0.033320 -0.542275 0.749841
v -0.033444 -0.544950 0.744108
v 0.034301 -0.541609 0.740650
v 0.102061 -0.537940 0.737895
v 0.075805 -0.615809 0.782875
v 0.041176 -0.613028 0.799728
v 0.005535 -0.619807 0.786510
v 0.005426 -0.620834 0.783278
v 0.040555 -0.618898 0.781263
v 0.075696 -0.616836 0.779643
v 0.047543 -0.671580 0.796539
v 0.044716 -0.671202 0.800221
v 0.041563 -0.671938 0.796873
v 0.041528 -0.672058 0.796118
v 0.044515 -0.671886 0.795904
v 0.047508 -0.671700 0.795783
v 0.010428 0.058615 0.285894
v 0.044832 -0.675671 0.797519
v -0.051981 0.052064 0.312107
v -0.138100 0.129670 0.280386
v -0.205442 0.052064 0.218034
v -0.203424 0.035386 0.214743
v -0.126570 0.034365 0.261578
v -0.049963 0.035386 0.308815
v -0.107485 0.012363 0.469380
v -0.230159 0.085463 0.433075
v -0.322045 0.018455 0.339387
v -0.318736 0.003399 0.333221
v -0.211254 -0.000568 0.397840
v -0.104176 -0.002692 0.463214
v -0.146146 -0.089643 0.604120
v -0.316975 -0.038764 0.572223
v -0.430691 -0.077408 0.436709
v -0.424554 -0.087028 0.425575
v -0.281905 -0.093735 0.508599
v -0.140009 -0.099263 0.592986
v -0.193081 -0.248388 0.646053
v -0.355998 -0.229844 0.626857
v -0.456086 -0.237292 0.495779
v -0.449334 -0.240085 0.483757
v -0.317419 -0.245804 0.558157
v -0.186329 -0.251181 0.634031
v -0.220810 -0.387518 0.634328
v -0.356799 -0.375651 0.617647
v -0.439564 -0.379524 0.507888
v -0.433844 -0.381216 0.497886
v -0.324117 -0.385316 0.560494
v -0.215090 -0.389210 0.624326
v -0.270809 -0.519094 0.657509
v -0.375159 -0.501039 0.641908
v -0.440592 -0.514040 0.558194
v -0.436410 -0.517377 0.550875
v -0.351262 -0.520108 0.600084
v -0.266627 -0.522431 0.650190
v -0.331565 -0.637930 0.695346
v -0.403448 -0.624320 0.684088
v -0.448517 -0.634930 0.626334
v -0.445636 -0.637533 0.621338
v -0.386983 -0.639192 0.655538
v -0.328683 -0.640533 0.690349
v -0.385187 -0.740387 0.717601
v -0.423123 -0.735151 0.712658
v -0.445774 -0.738986 0.681623
v -0.444131 -0.739960 0.678819
v -0.413737 -0.740720 0.696636
v -0.383545 -0.741361 0.714797
v -0.421371 -0.811805 0.712709
v -0.425744 -0.811228 0.714206
v -0.426524 -0.811691 0.709638
v -0.426138 -0.811803 0.708986
v -0.423538 -0.811867 0.710482
v -0.420985 -0.811916 0.712058
v -0.124155 0.058744 0.257638
v -0.424413 -0.815675 0.711809
v 0.336658 0.008181 -0.081586
v 0.390452 0.081688 0.022685
v 0.361432 0.005115 0.134326
v 0.352533 -0.011012 0.135118
v 0.339601 -0.010466 0.027211
v 0.327760 -0.007946 -0.080794
v 0.476315 -0.058944 -0.147697
v 0.547083 -0.006225 0.007676
v 0.503570 -0.084493 0.162301
v 0.491290 -0.098568 0.162220
v 0.476911 -0.086656 0.007217
v 0.464035 -0.073020 -0.147777
v 0.562054 -0.163853 -0.223899
v 0.653100 -0.152002 -0.012847
v 0.586105 -0.211047 0.199280
v 0.569123 -0.218665 0.199395
v 0.556058 -0.195535 -0.012187
v 0.545072 -0.171471 -0.223783
v 0.596116 -0.307397 -0.230421
v 0.683212 -0.314552 -0.031421
v 0.615225 -0.349465 0.172041
v 0.598560 -0.352448 0.172520
v 0.587985 -0.331597 -0.028681
v 0.579451 -0.310380 -0.229942
v 0.616319 -0.449602 -0.216792
v 0.693936 -0.453763 -0.047048
v 0.640208 -0.482939 0.129351
v 0.626094 -0.485627 0.130067
v 0.613285 -0.469123 -0.042961
v 0.602205 -0.452289 -0.216077
v 0.651109 -0.583982 -0.196493
v 0.713909 -0.580805 -0.061129
v 0.675193 -0.609340 0.080165
v 0.664284 -0.612747 0.080803
v 0.651574 -0.600277 -0.057487
v 0.640200 -0.587389 -0.195855
v 0.702819 -0.704954 -0.170868
v 0.748333 -0.700864 -0.075703
v 0.722786 -0.722417 0.024434
v 0.715150 -0.725173 0.024968
v 0.704699 -0.716610 -0.072650
v 0.695183 -0.707710 -0.170334
v 0.743769 -0.808466 -0.137633
v 0.769613 -0.808189 -0.087897
v 0.755594 -0.817593 -0.034450
v 0.751310 -0.818633 -0.034051
v 0.745136 -0.814134 -0.085618
v 0.739486 -0.809506 -0.137234
v 0.761855 -0.881457 -0.096566
v 0.765735 -0.881296 -0.093994
v 0.762584 -0.881981 -0.090634
v 0.761828 -0.882072 -0.090549
v 0.761418 -0.881816 -0.093510
v 0.761100 -0.881548 -0.096482
v 0.342722 0.015770 0.027225
v 0.762852 -0.885651 -0.094025
v 0.339897 0.007296 0.109326
v 0.325893 0.081388 0.217735
v 0.239066 0.006255 0.282960
v 0.231241 -0.009780 0.278320
v 0.281177 -0.010242 0.191219
v 0.332072 -0.008740 0.104686
v 0.486167 -0.068919 0.142424
v 0.461435 -0.008631 0.297696
v 0.338842 -0.077608 0.390262
v 0.328326 -0.091498 0.383524
v 0.401344 -0.088004 0.259192
v 0.475651 -0.082809 0.135686
v 0.589591 -0.185708 0.137301
v 0.554257 -0.159606 0.347961
v 0.384398 -0.201489 0.473266
v 0.369943 -0.208795 0.464094
v 0.471654 -0.201351 0.295550
v 0.575136 -0.193013 0.128129
v 0.614246 -0.333805 0.157377
v 0.582329 -0.326987 0.357775
v 0.418633 -0.347467 0.476132
v 0.404472 -0.350400 0.467316
v 0.501412 -0.343749 0.307399
v 0.600086 -0.336738 0.148561
v 0.624132 -0.481476 0.188260
v 0.596610 -0.471649 0.360156
v 0.457948 -0.492150 0.463864
v 0.446006 -0.495409 0.456536
v 0.528367 -0.490272 0.318286
v 0.612190 -0.484735 0.180932
v 0.650726 -0.622146 0.236685
v 0.627006 -0.605998 0.373083
v 0.519196 -0.630214 0.458043
v 0.510160 -0.634551 0.452515
v 0.575372 -0.630783 0.341498
v 0.641690 -0.626483 0.231158
v 0.692449 -0.749017 0.300748
v 0.675699 -0.735727 0.396998
v 0.600325 -0.754563 0.457703
v 0.594026 -0.758015 0.453884
v 0.639702 -0.755453 0.375172
v 0.686150 -0.752469 0.296929
v 0.716223 -0.857651 0.360490
v 0.708939 -0.852955 0.412144
v 0.667851 -0.860545 0.443726
v 0.664218 -0.861865 0.441569
v 0.688182 -0.860499 0.399819
v 0.712590 -0.858971 0.358333
v 0.709001 -0.933665 0.405874
v 0.710543 -0.933213 0.410245
v 0.706002 -0.933845 0.411068
v 0.705349 -0.933961 0.410686
v 0.706808 -0.933878 0.408066
v 0.708348 -0.933781 0.405492
v 0.284023 0.015964 0.193028
v 0.708262 -0.937675 0.408774
v 0.243734 0.008094 0.251455
v 0.175255 0.081345 0.350443
v 0.059912 0.005493 0.378663
v 0.054877 -0.010530 0.371058
v 0.146479 -0.010210 0.306989
v 0.238699 -0.007928 0.243851
v 0.369337 -0.063543 0.343646
v 0.264289 -0.010735 0.483350
v 0.101640 -0.085313 0.519741
v 0.095451 -0.099001 0.508639
v 0.228920 -0.088954 0.419912
v 0.363148 -0.077231 0.332545
v 0.476779 -0.181638 0.381553
v 0.330680 -0.168886 0.566215
v 0.104955 -0.220306 0.611071
v 0.096398 -0.227202 0.596048
v 0.281787 -0.208290 0.480369
v 0.468223 -0.188533 0.366530
v 0.494494 -0.341233 0.406489
v 0.357606 -0.345029 0.582168
v 0.140713 -0.373314 0.624278
v 0.132116 -0.375945 0.609925
v 0.308480 -0.360066 0.500151
v 0.485897 -0.343865 0.392136
v 0.490622 -0.503224 0.434254
v 0.374819 -0.503356 0.586586
v 0.189345 -0.527284 0.627108
v 0.181859 -0.529841 0.615093
v 0.332039 -0.517967 0.517931
v 0.483136 -0.505781 0.422240
v 0.488754 -0.659759 0.479721
v 0.396718 -0.653532 0.601765
v 0.249868 -0.677221 0.637514
v 0.243978 -0.680435 0.628241
v 0.363061 -0.671901 0.548777
v 0.482864 -0.662974 0.470449
v 0.491021 -0.804189 0.543933
v 0.426840 -0.798087 0.630831
v 0.323461 -0.815720 0.657462
v 0.319248 -0.818271 0.650986
v 0.402771 -0.812661 0.593825
v 0.486808 -0.806739 0.537457
v 0.480578 -0.930265 0.600964
v 0.447781 -0.928796 0.648095
v 0.392494 -0.936093 0.661850
v 0.390078 -0.937035 0.658264
v 0.433971 -0.934179 0.627601
v 0.478161 -0.931207 0.597378
v 0.450963 -1.019546 0.638809
v 0.450525 -1.019328 0.643440
v 0.446055 -1.019866 0.642245
v 0.445622 -1.019947 0.641619
v 0.448050 -1.019792 0.639863
v 0.450530 -1.019627 0.638183
v 0.148166 0.015990 0.309963
v 0.449042 -1.023656 0.640920
v 0.096495 0.005166 0.368517
v -0.004743 0.081846 0.390769
v -0.092463 0.007995 0.331818
v -0.091011 -0.008181 0.323092
v 0.003557 -0.010585 0.340908
v 0.097948 -0.011009 0.359792
v 0.108056 -0.082131 0.510979
v -0.031429 -0.003968 0.544290
v -0.163747 -0.058614 0.465670
v -0.162977 -0.072886 0.453642
v -0.027028 -0.085518 0.475560
v 0.108827 -0.096403 0.498951
v 0.131863 -0.202717 0.596234
v -0.060124 -0.143097 0.648764
v -0.239842 -0.158433 0.545617
v -0.238523 -0.166487 0.528889
v -0.052590 -0.189122 0.553173
v 0.133181 -0.210771 0.579506
v 0.102999 -0.334359 0.624386
v -0.081470 -0.298280 0.679755
v -0.250823 -0.293146 0.581322
v -0.249199 -0.296471 0.564794
v -0.072188 -0.317281 0.585315
v 0.104623 -0.337684 0.607859
v 0.060961 -0.459038 0.647053
v -0.098324 -0.425380 0.689527
v -0.242725 -0.424941 0.603172
v -0.241125 -0.428511 0.589329
v -0.089184 -0.445777 0.610422
v 0.062561 -0.462607 0.633210
v 0.010473 -0.574754 0.690446
v -0.115971 -0.538504 0.718475
v -0.231796 -0.547674 0.650740
v -0.230655 -0.552554 0.640450
v -0.109451 -0.566393 0.659673
v 0.011614 -0.579634 0.680156
v -0.048014 -0.674780 0.750871
v -0.137223 -0.646725 0.768373
v -0.218733 -0.655284 0.720056
v -0.217906 -0.659218 0.712983
v -0.132495 -0.669207 0.727958
v -0.047186 -0.678714 0.743798
v -0.107230 -0.756309 0.791307
v -0.155110 -0.743780 0.801626
v -0.197284 -0.745748 0.773815
v -0.196670 -0.747306 0.769718
v -0.151606 -0.752682 0.778213
v -0.106616 -0.757867 0.787210
v -0.159280 -0.810138 0.797715
v -0.162822 -0.809132 0.800567
v -0.165119 -0.809440 0.796527
v -0.164986 -0.809581 0.795786
v -0.162058 -0.809939 0.796335
v -0.159146 -0.810279 0.796975
v 0.003373 0.015668 0.343882
v -0.162831 -0.813655 0.797954
v -0.060676 0.006340 0.366286
v -0.173270 0.081282 0.351776
v -0.244658 0.007300 0.262700
v -0.240230 -0.008703 0.254687
v -0.147968 -0.010162 0.305990
v -0.056248 -0.009662 0.358273
v -0.090497 -0.078200 0.511145
v -0.250169 -0.010193 0.490287
v -0.356062 -0.070177 0.364812
v -0.350283 -0.083930 0.353571
v -0.217147 -0.088784 0.426049
v -0.084718 -0.091954 0.499904
v -0.084858 -0.205574 0.607164
v -0.304164 -0.165580 0.580398
v -0.449662 -0.191206 0.411327
v -0.441731 -0.198257 0.396036
v -0.258843 -0.205873 0.493018
v -0.076927 -0.212625 0.591873
v -0.112598 -0.356841 0.626565
v -0.322368 -0.338305 0.602485
v -0.459344 -0.344736 0.440858
v -0.451522 -0.347419 0.426077
v -0.277670 -0.353635 0.518026
v -0.104775 -0.359523 0.611785
v -0.152337 -0.507791 0.633597
v -0.332302 -0.492367 0.610829
v -0.449620 -0.498622 0.471756
v -0.442888 -0.500952 0.459258
v -0.293834 -0.505679 0.539414
v -0.145605 -0.510120 0.621100
v -0.201513 -0.653403 0.645366
v -0.344734 -0.637020 0.625328
v -0.438630 -0.646704 0.514549
v -0.433330 -0.649505 0.504798
v -0.314447 -0.653026 0.569610
v -0.196213 -0.656204 0.635616
v -0.262011 -0.787226 0.666098
v -0.363111 -0.774583 0.651378
v -0.429180 -0.782785 0.572860
v -0.425416 -0.785025 0.566004
v -0.341601 -0.787382 0.612203
v -0.258247 -0.789466 0.659242
v -0.321070 -0.903077 0.673890
v -0.375041 -0.898112 0.666742
v -0.409318 -0.900826 0.624242
v -0.407201 -0.901651 0.620444
v -0.362948 -0.902827 0.645035
v -0.318954 -0.903902 0.670091
v -0.370374 -0.983757 0.660720
v -0.374725 -0.983361 0.662334
v -0.375595 -0.983626 0.657766
v -0.375221 -0.983697 0.657102
v -0.372587 -0.983767 0.658538
v -0.370000 -0.983828 0.660056
v -0.149564 0.016031 0.309066
v -0.373342 -0.987654 0.659699
v -0.242443 0.005311 0.299882
v -0.327083 0.081409 0.215434
v -0.335509 0.008222 0.094360
v -0.327320 -0.007820 0.090424
v -0.280285 -0.010258 0.192944
v -0.234253 -0.010731 0.295946
v -0.350415 -0.086238 0.399344
v -0.471598 -0.010153 0.283818
v -0.491296 -0.061886 0.108443
v -0.480391 -0.075621 0.102012
v -0.409283 -0.088638 0.247069
v -0.339510 -0.099973 0.392913
v -0.400075 -0.221136 0.475317
v -0.571914 -0.166999 0.320257
v -0.604547 -0.177685 0.085047
v -0.589589 -0.184651 0.076434
v -0.486437 -0.206803 0.271042
v -0.385117 -0.228102 0.466705
v -0.438242 -0.372348 0.467176
v -0.604172 -0.341612 0.319035
v -0.633463 -0.336020 0.096472
v -0.618780 -0.338722 0.088475
v -0.520270 -0.357051 0.273338
v -0.423559 -0.375050 0.459179
v -0.483232 -0.524214 0.444049
v -0.622327 -0.497183 0.313149
v -0.645079 -0.496725 0.121589
v -0.632577 -0.499580 0.115071
v -0.550888 -0.513500 0.275902
v -0.470730 -0.527070 0.437531
v -0.546347 -0.671752 0.423271
v -0.653904 -0.644433 0.316165
v -0.671749 -0.651601 0.163139
v -0.662109 -0.655306 0.158205
v -0.598817 -0.665609 0.287969
v -0.536707 -0.675458 0.418337
v -0.627592 -0.807292 0.404787
v -0.702322 -0.786909 0.327984
v -0.713829 -0.793838 0.219733
v -0.707035 -0.796773 0.216354
v -0.663501 -0.803680 0.308674
v -0.620799 -0.810227 0.401408
v -0.694735 -0.924559 0.374165
v -0.735072 -0.916031 0.333511
v -0.739336 -0.917702 0.275791
v -0.735459 -0.918798 0.273957
v -0.712922 -0.922293 0.323032
v -0.690859 -0.925655 0.372332
v -0.732313 -1.005912 0.329315
v -0.736749 -1.005282 0.328043
v -0.734749 -1.005538 0.323845
v -0.734057 -1.005633 0.323530
v -0.732797 -1.005826 0.326246
v -0.731621 -1.006008 0.329001
v -0.283196 0.015949 0.194633
v -0.734271 -1.009661 0.326640
v -0.360300 0.005215 0.124034
v -0.390245 0.081803 0.022720
v -0.337966 0.007983 -0.071324
v -0.329130 -0.008180 -0.070543
v -0.339756 -0.010553 0.027184
v -0.351464 -0.010947 0.124815
v -0.501630 -0.082160 0.147701
v -0.545523 -0.004414 0.007931
v -0.476859 -0.059140 -0.132771
v -0.464765 -0.073375 -0.132872
v -0.476409 -0.085756 0.007358
v -0.489535 -0.096395 0.147601
v -0.584824 -0.203426 0.179596
v -0.651751 -0.144711 -0.012230
v -0.562172 -0.160223 -0.203172
v -0.545354 -0.168199 -0.203077
v -0.555651 -0.190289 -0.011687
v -0.568007 -0.211402 0.179691
v -0.614929 -0.336283 0.153394
v -0.683797 -0.301092 -0.030493
v -0.598075 -0.296378 -0.210562
v -0.581463 -0.299652 -0.210152
v -0.588873 -0.319805 -0.028149
v -0.598317 -0.339558 0.153804
v -0.640655 -0.462637 0.113247
v -0.694937 -0.430043 -0.045925
v -0.619438 -0.429843 -0.199693
v -0.605492 -0.433324 -0.199112
v -0.615247 -0.449934 -0.042607
v -0.626709 -0.466118 0.113827
v -0.686750 -0.580307 0.066210
v -0.724454 -0.545342 -0.060701
v -0.665247 -0.554423 -0.183838
v -0.654833 -0.559156 -0.183432
v -0.664947 -0.572388 -0.058384
v -0.676336 -0.585040 0.066615
v -0.750137 -0.682586 0.012444
v -0.774582 -0.655574 -0.077309
v -0.732227 -0.664065 -0.164009
v -0.725049 -0.667880 -0.163681
v -0.733564 -0.677374 -0.075434
v -0.742959 -0.686401 0.012772
v -0.794110 -0.766431 -0.043752
v -0.808105 -0.754455 -0.091807
v -0.783461 -0.756448 -0.136945
v -0.779310 -0.757949 -0.136631
v -0.784379 -0.763033 -0.090015
v -0.789958 -0.767932 -0.043438
v -0.804278 -0.822103 -0.095768
v -0.807403 -0.821151 -0.099088
v -0.803551 -0.821459 -0.101689
v -0.802802 -0.821594 -0.101612
v -0.803119 -0.821924 -0.098647
v -0.803529 -0.822238 -0.095691
v -0.342774 0.015696 0.027211
v -0.804768 -0.825658 -0.099256
v 0.490251 -0.251623 0.204515
v 0.499718 -0.201623 0.309000
v 0.390909 -0.210458 0.348864
v 0.378199 -0.216781 0.341920
v 0.427092 -0.237750 0.269321
v 0.477541 -0.257946 0.197571
v 0.542910 -0.377373 0.226243
v 0.529474 -0.318912 0.364013
v 0.397139 -0.324080 0.435004
v 0.384363 -0.330917 0.427829
v 0.456466 -0.357982 0.323008
v 0.530134 -0.384210 0.219067
v 0.615741 -0.500439 0.242695
v 0.569454 -0.453589 0.426152
v 0.402347 -0.444719 0.526104
v 0.389364 -0.448800 0.517131
v 0.495266 -0.476910 0.374877
v 0.602758 -0.504520 0.233721
v 0.606798 -0.609942 0.263869
v 0.555020 -0.586515 0.441089
v 0.393857 -0.565375 0.531732
v 0.382103 -0.565621 0.522428
v 0.487854 -0.587919 0.387928
v 0.595044 -0.610188 0.254566
v 0.592538 -0.719572 0.297100
v 0.543562 -0.695793 0.449263
v 0.402153 -0.687464 0.527058
v 0.392220 -0.689124 0.519067
v 0.486805 -0.705280 0.403598
v 0.582606 -0.721232 0.289108
v 0.591693 -0.822577 0.346924
v 0.548936 -0.797245 0.467590
v 0.434747 -0.800163 0.530698
v 0.427071 -0.803198 0.524513
v 0.505074 -0.814591 0.432248
v 0.584017 -0.825612 0.340739
v 0.596009 -0.913720 0.407082
v 0.564188 -0.894952 0.492566
v 0.482432 -0.899362 0.536937
v 0.477066 -0.901852 0.532519
v 0.533526 -0.909184 0.467321
v 0.590643 -0.916210 0.402664
v 0.588969 -0.990162 0.462990
v 0.572248 -0.982200 0.509238
v 0.527788 -0.983087 0.531697
v 0.524808 -0.984038 0.529141
v 0.555215 -0.987634 0.494631
v 0.585988 -0.991113 0.460433
v 0.566002 -1.041941 0.505617
v 0.566649 -1.041294 0.510184
v 0.561998 -1.041499 0.510064
v 0.561429 -1.041590 0.509560
v 0.563396 -1.041817 0.507306
v 0.565432 -1.042032 0.505113
v 0.441748 -0.220489 0.274485
v 0.564311 -1.045656 0.508512
v -0.390712 -0.203925 0.347051
v -0.500056 -0.201012 0.307781
v -0.490160 -0.258677 0.207364
v -0.477347 -0.265186 0.200794
v -0.426839 -0.238209 0.270235
v -0.377899 -0.210434 0.340481
v -0.392234 -0.307043 0.439590
v -0.525271 -0.310376 0.369810
v -0.538279 -0.378585 0.236554
v -0.525381 -0.385556 0.229733
v -0.451569 -0.350212 0.330833
v -0.379336 -0.314014 0.432769
v -0.390277 -0.420020 0.534695
v -0.559243 -0.438314 0.439250
v -0.608268 -0.495618 0.259510
v -0.595380 -0.499810 0.250452
v -0.485595 -0.462267 0.387490
v -0.377389 -0.424212 0.525637
v -0.377107 -0.536441 0.543351
v -0.540368 -0.565663 0.458921
v -0.597042 -0.597290 0.284494
v -0.585588 -0.597549 0.274824
v -0.474920 -0.567140 0.403660
v -0.365654 -0.536699 0.533680
v -0.381808 -0.655591 0.541812
v -0.525831 -0.669608 0.469848
v -0.579970 -0.699635 0.320565
v -0.570312 -0.701355 0.312257
v -0.470639 -0.679439 0.422372
v -0.372150 -0.657311 0.533504
v -0.411337 -0.765545 0.549037
v -0.528123 -0.766377 0.490808
v -0.575544 -0.796379 0.372989
v -0.568090 -0.799514 0.366586
v -0.485530 -0.784289 0.454217
v -0.403883 -0.768680 0.542633
v -0.456455 -0.862253 0.559222
v -0.540223 -0.860193 0.518589
v -0.575713 -0.882039 0.435309
v -0.570525 -0.884608 0.430726
v -0.510578 -0.874872 0.492402
v -0.451267 -0.864821 0.554639
v -0.500318 -0.943996 0.557633
v -0.545843 -0.944301 0.537403
v -0.564719 -0.953756 0.492279
v -0.561856 -0.954739 0.489604
v -0.529480 -0.949919 0.522117
v -0.497455 -0.944979 0.554958
v -0.534536 -1.001419 0.538776
v -0.539178 -1.001284 0.539133
v -0.538756 -1.002030 0.534555
v -0.538212 -1.002125 0.534025
v -0.536069 -1.001825 0.536102
v -0.533992 -1.001514 0.538245
v -0.441903 -0.220984 0.274209
v -0.536857 -1.005648 0.537443
v 0.359494 -0.170381 0.380474
v 0.318625 -0.135101 0.491499
v 0.198202 -0.158471 0.477572
v 0.189654 -0.164773 0.464146
v 0.269777 -0.171114 0.414774
v 0.350946 -0.176683 0.367047
v 0.411115 -0.325501 0.417972
v 0.342512 -0.285961 0.548461
v 0.191980 -0.310548 0.554207
v 0.183176 -0.317439 0.540803
v 0.292205 -0.325338 0.471864
v 0.402311 -0.332392 0.404567
v 0.490448 -0.492046 0.462190
v 0.377921 -0.464617 0.623668
v 0.181313 -0.478165 0.649195
v 0.172278 -0.482568 0.634586
v 0.326293 -0.489778 0.540190
v 0.481413 -0.496449 0.447582
v 0.496000 -0.648544 0.469054
v 0.375373 -0.641262 0.632136
v 0.174360 -0.637361 0.660028
v 0.165722 -0.637724 0.645501
v 0.326013 -0.643338 0.549125
v 0.487362 -0.648907 0.454527
v 0.478642 -0.801975 0.483549
v 0.368505 -0.797655 0.629024
v 0.187737 -0.794182 0.653968
v 0.180147 -0.794273 0.641017
v 0.325135 -0.798175 0.555014
v 0.471052 -0.802066 0.470598
v 0.458396 -0.949120 0.502010
v 0.362910 -0.939674 0.625563
v 0.208031 -0.943645 0.647214
v 0.201649 -0.945087 0.636264
v 0.326440 -0.947913 0.562991
v 0.452013 -0.950562 0.491060
v 0.448732 -1.086409 0.547895
v 0.371100 -1.069891 0.644455
v 0.248196 -1.082637 0.663310
v 0.243331 -1.085782 0.654961
v 0.343302 -1.087861 0.596742
v 0.443868 -1.089554 0.539545
v 0.446719 -1.207901 0.616195
v 0.391322 -1.193715 0.683672
v 0.304746 -1.205498 0.697425
v 0.301396 -1.208288 0.691652
v 0.372177 -1.209661 0.650684
v 0.443368 -1.210692 0.610422
v 0.434586 -1.309939 0.675498
v 0.405741 -1.304166 0.712181
v 0.359354 -1.308755 0.718353
v 0.357469 -1.309868 0.715075
v 0.394969 -1.310528 0.693447
v 0.432701 -1.311052 0.672220
v 0.406132 -1.379789 0.708852
v 0.405270 -1.379225 0.713394
v 0.400915 -1.379710 0.711816
v 0.400540 -1.379823 0.711158
v 0.403125 -1.379869 0.709636
v 0.405756 -1.379902 0.708195
v 0.279717 -0.153478 0.429123
v 0.403869 -1.383676 0.711047
v 0.181627 -0.171029 0.489577
v 0.111196 -0.135132 0.575101
v 0.014123 -0.157796 0.514879
v 0.011260 -0.164089 0.499217
v 0.094837 -0.171091 0.485608
v 0.178764 -0.177322 0.473916
v 0.209221 -0.326516 0.544736
v 0.109439 -0.286238 0.637301
v -0.019748 -0.309909 0.583471
v -0.022907 -0.316781 0.567740
v 0.091384 -0.325505 0.547409
v 0.206061 -0.333388 0.529005
v 0.259139 -0.493317 0.617104
v 0.111470 -0.465170 0.720673
v -0.062402 -0.477906 0.666532
v -0.065218 -0.482299 0.649584
v 0.095380 -0.490274 0.623833
v 0.256323 -0.497710 0.600157
v 0.259867 -0.650019 0.626007
v 0.104358 -0.642127 0.727743
v -0.073590 -0.637610 0.673804
v -0.076001 -0.637972 0.657076
v 0.090579 -0.644199 0.632153
v 0.257455 -0.650381 0.609278
v 0.239224 -0.803667 0.632711
v 0.098208 -0.798761 0.722372
v -0.061657 -0.795019 0.673612
v -0.063683 -0.795144 0.658738
v 0.086634 -0.799475 0.637377
v 0.237198 -0.803792 0.617837
v 0.215202 -0.951740 0.642585
v 0.093756 -0.939521 0.717567
v -0.043286 -0.945624 0.676304
v -0.044962 -0.947592 0.663812
v 0.084179 -0.950771 0.646188
v 0.213526 -0.953708 0.630094
v 0.192381 -1.089948 0.692690
v 0.094802 -1.068525 0.748526
v -0.014377 -1.085683 0.718799
v -0.015624 -1.089829 0.709605
v 0.087679 -1.092215 0.695988
v 0.191135 -1.094094 0.683496
v 0.169488 -1.211418 0.774726
v 0.100255 -1.193279 0.812661
v 0.023266 -1.208657 0.792725
v 0.022432 -1.212259 0.786506
v 0.095492 -1.213860 0.777126
v 0.168655 -1.215020 0.768507
v 0.140567 -1.313023 0.839403
v 0.104015 -1.305458 0.860945
v 0.063145 -1.311644 0.848749
v 0.062681 -1.313121 0.845123
v 0.101363 -1.313901 0.840228
v 0.140103 -1.314500 0.835777
v 0.105863 -1.382524 0.862492
v 0.103310 -1.381759 0.866311
v 0.099906 -1.382421 0.863202
v 0.099815 -1.382574 0.862457
v 0.102788 -1.382635 0.862057
v 0.105772 -1.382678 0.861747
v 0.098800 -0.153476 0.502629
v 0.102937 -1.386350 0.863849
v -0.002028 -0.157591 0.517289
v -0.111328 -0.137479 0.575959
v -0.193610 -0.169239 0.486438
v -0.190707 -0.174813 0.470514
v -0.094738 -0.169330 0.484965
v 0.000876 -0.163165 0.501365
v 0.034248 -0.329723 0.584933
v -0.111247 -0.307698 0.636692
v -0.227837 -0.343914 0.539595
v -0.224731 -0.350173 0.523600
v -0.093499 -0.343460 0.545289
v 0.037354 -0.335981 0.568937
v 0.081239 -0.516816 0.670513
v -0.115963 -0.504445 0.720254
v -0.286445 -0.529645 0.611549
v -0.283574 -0.533682 0.594523
v -0.099556 -0.527515 0.622962
v 0.084110 -0.520854 0.653487
v 0.091872 -0.694636 0.678065
v -0.110563 -0.698181 0.726828
v -0.289271 -0.704767 0.620101
v -0.286721 -0.705094 0.603393
v -0.095994 -0.700049 0.631352
v 0.094421 -0.694963 0.661356
v 0.076509 -0.868681 0.677371
v -0.105512 -0.871724 0.721342
v -0.267298 -0.875638 0.627085
v -0.265123 -0.875732 0.612232
v -0.093087 -0.872259 0.636466
v 0.078683 -0.868775 0.662518
v 0.054267 -1.034362 0.678880
v -0.101789 -1.029875 0.716262
v -0.241047 -1.039209 0.636945
v -0.239242 -1.040694 0.624405
v -0.091475 -1.038362 0.644605
v 0.056072 -1.035847 0.666340
v 0.021457 -1.188400 0.713114
v -0.103008 -1.175029 0.741101
v -0.214730 -1.191728 0.680333
v -0.213361 -1.194960 0.670796
v -0.095183 -1.193493 0.686602
v 0.022826 -1.191632 0.703577
v -0.020360 -1.324781 0.773527
v -0.108214 -1.312522 0.792749
v -0.187382 -1.326902 0.750752
v -0.186449 -1.329765 0.744174
v -0.102881 -1.328879 0.755158
v -0.019427 -1.327644 0.766948
v -0.065177 -1.439564 0.819141
v -0.111795 -1.434761 0.830580
v -0.153607 -1.440610 0.807243
v -0.153091 -1.441754 0.803506
v -0.108844 -1.441301 0.809226
v -0.064660 -1.440708 0.815404
v -0.107717 -1.518387 0.829995
v -0.111162 -1.517880 0.833087
v -0.113664 -1.518455 0.829201
v -0.113562 -1.518571 0.828451
v -0.110583 -1.518544 0.828802
v -0.107615 -1.518503 0.829245
v -0.098630 -0.152500 0.502778
v -0.110753 -1.522343 0.830405
v -0.204572 -0.160115 0.474388
v -0.318384 -0.133445 0.490838
v -0.353330 -0.170144 0.384221
v -0.344855 -0.176953 0.370996
v -0.269957 -0.172356 0.415270
v -0.196097 -0.166925 0.461163
v -0.202475 -0.300911 0.549403
v -0.344177 -0.273296 0.547711
v -0.404572 -0.313751 0.422967
v -0.395835 -0.321065 0.409745
v -0.294251 -0.315093 0.472153
v -0.193738 -0.308225 0.536181
v -0.195923 -0.457187 0.641297
v -0.380506 -0.441646 0.621854
v -0.480733 -0.469291 0.467319
v -0.471668 -0.473931 0.452803
v -0.328708 -0.468164 0.538903
v -0.186859 -0.461828 0.626780
v -0.190041 -0.605378 0.651758
v -0.378673 -0.608508 0.630162
v -0.486214 -0.615247 0.473804
v -0.477500 -0.615635 0.459323
v -0.328880 -0.610724 0.547414
v -0.181327 -0.605766 0.637278
v -0.202601 -0.752030 0.646299
v -0.372162 -0.754829 0.626865
v -0.470384 -0.758977 0.487325
v -0.462718 -0.759121 0.474418
v -0.328357 -0.755657 0.553115
v -0.194935 -0.752174 0.633392
v -0.222103 -0.893013 0.641238
v -0.367093 -0.884896 0.623695
v -0.452517 -0.897973 0.505680
v -0.446117 -0.900251 0.494884
v -0.330517 -0.897910 0.562001
v -0.215702 -0.895290 0.630441
v -0.268544 -1.024143 0.671674
v -0.382287 -1.004104 0.653825
v -0.453073 -1.027635 0.563863
v -0.448457 -1.032317 0.556114
v -0.355910 -1.030858 0.609545
v -0.263928 -1.028825 0.663925
v -0.336548 -1.138612 0.729638
v -0.416176 -1.121075 0.715755
v -0.467174 -1.140892 0.653728
v -0.464097 -1.144906 0.648554
v -0.398596 -1.144012 0.686193
v -0.333471 -1.142626 0.724465
v -0.398715 -1.234166 0.768758
v -0.441736 -1.226941 0.763042
v -0.467929 -1.235312 0.728697
v -0.466121 -1.236988 0.725621
v -0.431403 -1.236517 0.745463
v -0.396907 -1.235841 0.765682
v -0.439882 -1.299797 0.767905
v -0.444223 -1.299015 0.769401
v -0.445078 -1.299881 0.764905
v -0.444703 -1.300058 0.764261
v -0.442083 -1.300027 0.765722
v -0.439508 -1.299974 0.767261
v -0.279585 -0.154166 0.429132
v -0.442995 -1.303683 0.767404
v -0.148904 0.045811 -0.359095
v -0.014866 0.106316 -0.425799
v 0.120328 0.024532 -0.459120
v 0.120443 0.010430 -0.455812
v -0.014211 0.025732 -0.406893
v -0.148790 0.031709 -0.355787
v -0.203037 0.035809 -0.460637
v -0.058262 0.078478 -0.548662
v 0.083947 -0.019077 -0.576745
v 0.083692 -0.032975 -0.570805
v -0.059715 -0.000937 -0.514715
v -0.203291 0.021912 -0.454697
v -0.263448 0.004366 -0.535421
v -0.122485 0.005807 -0.663229
v 0.038357 -0.095526 -0.671527
v 0.040327 -0.105712 -0.659682
v -0.111226 -0.052399 -0.595545
v -0.261478 -0.005820 -0.523576
v -0.303400 -0.075771 -0.566121
v -0.183213 -0.118952 -0.697587
v -0.019217 -0.200377 -0.689355
v -0.014875 -0.204167 -0.675510
v -0.158402 -0.140611 -0.618470
v -0.299058 -0.079561 -0.552275
v -0.333425 -0.163271 -0.578413
v -0.229554 -0.227240 -0.689747
v -0.081490 -0.298822 -0.674589
v -0.077110 -0.299577 -0.662052
v -0.204526 -0.231552 -0.618109
v -0.329045 -0.164025 -0.565876
v -0.348997 -0.240906 -0.573818
v -0.267790 -0.303864 -0.666370
v -0.147285 -0.370770 -0.655128
v -0.143390 -0.371161 -0.644841
v -0.245534 -0.306100 -0.607587
v -0.345103 -0.241297 -0.563531
v -0.360679 -0.319692 -0.577012
v -0.303987 -0.365255 -0.648600
v -0.217153 -0.418727 -0.644670
v -0.214166 -0.419511 -0.637186
v -0.286916 -0.369734 -0.605831
v -0.357691 -0.320476 -0.569527
v -0.363532 -0.396662 -0.588009
v -0.334647 -0.421722 -0.629206
v -0.286331 -0.450448 -0.629171
v -0.284405 -0.450811 -0.625084
v -0.323643 -0.423798 -0.605854
v -0.361607 -0.397026 -0.583922
v -0.351572 -0.460096 -0.603739
v -0.351187 -0.461477 -0.608415
v -0.347134 -0.463217 -0.606301
v -0.346771 -0.463253 -0.605628
v -0.349110 -0.461680 -0.604570
v -0.351209 -0.460131 -0.603066
v -0.010784 0.042918 -0.401323
v -0.351405 -0.465053 -0.604436
v -0.139611 0.088134 -0.208456
v -0.012433 0.151619 -0.256815
v 0.111586 0.088134 -0.312783
v 0.111226 0.073679 -0.313649
v -0.014488 0.069018 -0.261765
v -0.139971 0.073679 -0.209323
v -0.211441 0.107332 -0.348123
v -0.079048 0.164175 -0.423569
v 0.054707 0.089823 -0.478635
v 0.054862 0.074887 -0.476315
v -0.078162 0.078825 -0.410311
v -0.211286 0.092396 -0.345803
v -0.304733 0.072325 -0.479678
v -0.179192 0.094282 -0.602995
v -0.029152 0.008611 -0.642977
v -0.026363 -0.003642 -0.633490
v -0.163254 0.024264 -0.548781
v -0.301944 0.060072 -0.470191
v -0.372511 -0.044276 -0.536195
v -0.271034 -0.071826 -0.670878
v -0.118754 -0.146009 -0.693323
v -0.112970 -0.151318 -0.680545
v -0.237984 -0.102163 -0.597860
v -0.366727 -0.049585 -0.523417
v -0.420293 -0.167167 -0.547426
v -0.334559 -0.223822 -0.662170
v -0.196362 -0.290976 -0.673052
v -0.190390 -0.292171 -0.661227
v -0.300429 -0.230652 -0.594602
v -0.414320 -0.168363 -0.535602
v -0.446082 -0.265312 -0.532023
v -0.382515 -0.324434 -0.627462
v -0.271784 -0.389676 -0.638730
v -0.266415 -0.390373 -0.629147
v -0.351832 -0.328415 -0.572704
v -0.440713 -0.266008 -0.522440
v -0.472889 -0.362202 -0.528289
v -0.430772 -0.405435 -0.601930
v -0.352308 -0.457735 -0.615119
v -0.348170 -0.458768 -0.608236
v -0.407126 -0.411334 -0.562602
v -0.468751 -0.363234 -0.521407
v -0.490390 -0.455218 -0.530982
v -0.470463 -0.479422 -0.572996
v -0.427287 -0.507448 -0.582923
v -0.424640 -0.507883 -0.579269
v -0.455338 -0.481908 -0.552121
v -0.487743 -0.455653 -0.527328
v -0.489794 -0.530033 -0.540141
v -0.490068 -0.531452 -0.544409
v -0.486030 -0.533250 -0.543530
v -0.485540 -0.533293 -0.542944
v -0.487263 -0.531699 -0.541060
v -0.489304 -0.530077 -0.539555
v -0.010121 0.090063 -0.251249
v -0.489769 -0.535003 -0.540707
v -0.119802 0.120045 -0.041726
v -0.002686 0.173036 -0.111762
v 0.101412 0.120045 -0.199993
v 0.099671 0.105872 -0.202426
v -0.012634 0.092046 -0.125667
v -0.121543 0.105872 -0.044160
v -0.232069 0.158853 -0.177645
v -0.115640 0.215344 -0.269791
v -0.001318 0.158853 -0.364538
v -0.001600 0.143743 -0.364886
v -0.117250 0.129003 -0.271779
v -0.232350 0.143743 -0.177993
v -0.401765 0.152311 -0.348348
v -0.302901 0.184186 -0.487429
v -0.171026 0.114746 -0.576426
v -0.166612 0.101197 -0.569728
v -0.277674 0.106762 -0.449155
v -0.397350 0.138762 -0.341650
v -0.540085 -0.043399 -0.440506
v -0.465284 -0.059879 -0.589284
v -0.324362 -0.118502 -0.657886
v -0.315519 -0.124137 -0.647164
v -0.414755 -0.092084 -0.528014
v -0.531242 -0.049034 -0.429784
v -0.592596 -0.254268 -0.424955
v -0.528500 -0.296989 -0.554776
v -0.397335 -0.345737 -0.611401
v -0.388366 -0.346543 -0.601613
v -0.477247 -0.301595 -0.498840
v -0.583627 -0.255075 -0.415167
v -0.616846 -0.413333 -0.397229
v -0.572317 -0.451823 -0.509199
v -0.468082 -0.496916 -0.564907
v -0.460097 -0.497799 -0.557383
v -0.526690 -0.456869 -0.466204
v -0.608862 -0.414216 -0.389705
v -0.642930 -0.574431 -0.388025
v -0.615151 -0.599538 -0.473557
v -0.541139 -0.631563 -0.520616
v -0.534956 -0.632488 -0.515470
v -0.579820 -0.604824 -0.444156
v -0.636747 -0.575356 -0.382879
v -0.657730 -0.721551 -0.390899
v -0.645480 -0.734881 -0.438975
v -0.605793 -0.750973 -0.467349
v -0.602124 -0.751343 -0.464715
v -0.624513 -0.736992 -0.423919
v -0.654061 -0.721920 -0.388264
v -0.654213 -0.830730 -0.405409
v -0.655097 -0.831481 -0.409390
v -0.651173 -0.832488 -0.410274
v -0.650530 -0.832523 -0.409860
v -0.651422 -0.831677 -0.407023
v -0.653570 -0.830765 -0.404995
v -0.003571 0.117420 -0.112998
v -0.653447 -0.835431 -0.406932
v -0.100188 0.092503 -0.262306
v -0.042211 0.120994 -0.297855
v 0.016780 0.092503 -0.331692
v 0.016921 0.084606 -0.331455
v -0.041407 0.075872 -0.296500
v -0.100047 0.084606 -0.262069
v -0.226606 0.094923 -0.463529
v -0.167757 0.111059 -0.515486
v -0.103264 0.073494 -0.544686
v -0.102482 0.066052 -0.541532
v -0.163288 0.068536 -0.497465
v -0.225824 0.087482 -0.460375
v -0.362598 -0.059007 -0.601137
v -0.310187 -0.067035 -0.665545
v -0.236401 -0.101816 -0.683027
v -0.233439 -0.105523 -0.676525
v -0.293261 -0.088220 -0.628387
v -0.359636 -0.062715 -0.594634
v -0.426534 -0.266037 -0.590969
v -0.383257 -0.289714 -0.646274
v -0.314685 -0.315537 -0.657373
v -0.311180 -0.315834 -0.651247
v -0.363227 -0.291413 -0.611269
v -0.423029 -0.266334 -0.584843
v -0.465170 -0.406571 -0.558697
v -0.434545 -0.429118 -0.606084
v -0.380282 -0.452879 -0.619602
v -0.377006 -0.453047 -0.614909
v -0.415827 -0.430079 -0.579265
v -0.461895 -0.406740 -0.554004
v -0.501878 -0.542231 -0.539262
v -0.481932 -0.557153 -0.575376
v -0.443588 -0.574231 -0.588139
v -0.441039 -0.574529 -0.584903
v -0.467364 -0.558860 -0.556885
v -0.499329 -0.542530 -0.536026
v -0.529490 -0.663324 -0.526431
v -0.520070 -0.671122 -0.546695
v -0.499656 -0.679917 -0.554826
v -0.498132 -0.680055 -0.553145
v -0.511365 -0.671911 -0.537087
v -0.527967 -0.663462 -0.524749
v -0.541258 -0.750504 -0.518801
v -0.541276 -0.751498 -0.522756
v -0.537380 -0.752702 -0.522817
v -0.536837 -0.752731 -0.522277
v -0.538177 -0.751664 -0.519672
v -0.540716 -0.750533 -0.518261
v -0.036593 0.092196 -0.288384
v -0.540408 -0.755324 -0.519825
v -0.120328 0.024532 -0.459120
v 0.014866 0.106316 -0.425799
v 0.148904 0.045811 -0.359095
v 0.148790 0.031709 -0.355787
v 0.014211 0.025732 -0.406893
v -0.120443 0.010430 -0.455812
v -0.083947 -0.019077 -0.576745
v 0.058262 0.078478 -0.548662
v 0.203037 0.035809 -0.460637
v 0.203291 0.021912 -0.454697
v 0.059715 -0.000937 -0.514715
v -0.083692 -0.032975 -0.570805
v -0.038357 -0.095526 -0.671527
v 0.122485 0.005807 -0.663229
v 0.263448 0.004366 -0.535421
v 0.261478 -0.005820 -0.523576
v 0.111226 -0.052399 -0.595545
v -0.040327 -0.105712 -0.659682
v 0.019217 -0.200377 -0.689355
v 0.183213 -0.118952 -0.697587
v 0.303400 -0.075771 -0.566121
v 0.299058 -0.079561 -0.552275
v 0.158402 -0.140611 -0.618470
v 0.014875 -0.204167 -0.675510
v 0.081490 -0.298822 -0.674589
v 0.229554 -0.227240 -0.689747
v 0.333425 -0.163271 -0.578413
v 0.329045 -0.164025 -0.565876
v 0.204526 -0.231552 -0.618109
v 0.077110 -0.299577 -0.662052
v 0.147285 -0.370770 -0.655128
v 0.267790 -0.303864 -0.666370
v 0.348997 -0.240906 -0.573818
v 0.345103 -0.241297 -0.563531
v 0.245534 -0.306100 -0.607587
v 0.143390 -0.371161 -0.644841
v 0.217153 -0.418727 -0.644670
v 0.303987 -0.365255 -0.648600
v 0.360679 -0.319692 -0.577012
v 0.357691 -0.320476 -0.569527
v 0.286916 -0.369734 -0.605831
v 0.214166 -0.419511 -0.637186
v 0.286331 -0.450448 -0.629171
v 0.334647 -0.421722 -0.629206
v 0.363532 -0.396662 -0.588009
v 0.361607 -0.397026 -0.583922
v 0.323643 -0.423798 -0.605854
v 0.284405 -0.450811 -0.625084
v 0.347134 -0.463217 -0.606301
v 0.351187 -0.461477 -0.608415
v 0.351572 -0.460096 -0.603739
v 0.351209 -0.460131 -0.603066
v 0.349110 -0.461680 -0.604570
v 0.346771 -0.463253 -0.605628
v 0.010784 0.042918 -0.401323
v 0.351405 -0.465053 -0.604436
v -0.111586 0.088134 -0.312783
v 0.012433 0.151619 -0.256815
v 0.139611 0.088134 -0.208456
v 0.139971 0.073679 -0.209323
v 0.014488 0.069018 -0.261765
v -0.111226 0.073679 -0.313649
v -0.054707 0.089823 -0.478635
v 0.079048 0.164175 -0.423569
v 0.211441 0.107332 -0.348123
v 0.211286 0.092396 -0.345803
v 0.078162 0.078825 -0.410311
v -0.054862 0.074887 -0.476315
v 0.029152 0.008611 -0.642977
v 0.179192 0.094282 -0.602995
v 0.304733 0.072325 -0.479678
v 0.301944 0.060072 -0.470191
v 0.163254 0.024264 -0.548781
v 0.026363 -0.003642 -0.633490
v 0.118754 -0.146009 -0.693323
v 0.271034 -0.071826 -0.670878
v 0.372511 -0.044276 -0.536195
v 0.366727 -0.049585 -0.523417
v 0.237984 -0.102163 -0.597860
v 0.112970 -0.151318 -0.680545
v 0.196362 -0.290976 -0.673052
v 0.334559 -0.223822 -0.662170
v 0.420293 -0.167167 -0.547426
v 0.414320 -0.168363 -0.535602
v 0.300429 -0.230652 -0.594602
v 0.190390 -0.292171 -0.661227
v 0.271784 -0.389676 -0.638730
v 0.382515 -0.324434 -0.627462
v 0.446082 -0.265312 -0.532023
v 0.440713 -0.266008 -0.522440
v 0.351832 -0.328415 -0.572704
v 0.266415 -0.390373 -0.629147
v 0.352308 -0.457735 -0.615119
v 0.430772 -0.405435 -0.601930
v 0.472889 -0.362202 -0.528289
v 0.468751 -0.363234 -0.521407
v 0.407126 -0.411334 -0.562602
v 0.348170 -0.458768 -0.608236
v 0.427287 -0.507448 -0.582923
v 0.470463 -0.479422 -0.572996
v 0.490390 -0.455218 -0.530982
v 0.487743 -0.455653 -0.527328
v 0.455338 -0.481908 -0.552121
v 0.424640 -0.507883 -0.579269
v 0.486030 -0.533250 -0.543530
v 0.490068 -0.531452 -0.544409
v 0.489794 -0.530033 -0.540141
v 0.489304 -0.530077 -0.539555
v 0.487263 -0.531699 -0.541060
v 0.485540 -0.533293 -0.542944
v 0.010121 0.090063 -0.251249
v 0.489769 -0.535003 -0.540707
v -0.101412 0.120045 -0.199993
v 0.002686 0.173036 -0.111762
v 0.119802 0.120045 -0.041726
v 0.121543 0.105872 -0.044160
v 0.012634 0.092046 -0.125667
v -0.099671 0.105872 -0.202426
v 0.001318 0.158853 -0.364538
v 0.115640 0.215344 -0.269791
v 0.232069 0.158853 -0.177645
v 0.232350 0.143743 -0.177993
v 0.117250 0.129003 -0.271779
v 0.001600 0.143743 -0.364886
v 0.171026 0.114746 -0.576426
v 0.302901 0.184186 -0.487429
v 0.401765 0.152311 -0.348348
v 0.397350 0.138762 -0.341650
v 0.277674 0.106762 -0.449155
v 0.166612 0.101197 -0.569728
v 0.324362 -0.118502 -0.657886
v 0.465284 -0.059879 -0.589284
v 0.540085 -0.043399 -0.440506
v 0.531242 -0.049034 -0.429784
v 0.414755 -0.092084 -0.528014
v 0.315519 -0.124137 -0.647164
v 0.397335 -0.345737 -0.611401
v 0.528500 -0.296989 -0.554776
v 0.592596 -0.254268 -0.424955
v 0.583627 -0.255075 -0.415167
v 0.477247 -0.301595 -0.498840
v 0.388366 -0.346543 -0.601613
v 0.468082 -0.496916 -0.564907
v 0.572317 -0.451823 -0.509199
v 0.616846 -0.413333 -0.397229
v 0.608862 -0.414216 -0.389705
v 0.526690 -0.456869 -0.466204
v 0.460097 -0.497799 -0.557383
v 0.541139 -0.631563 -0.520616
v 0.615151 -0.599538 -0.473557
v 0.642930 -0.574431 -0.388025
v 0.636747 -0.575356 -0.382879
v 0.579820 -0.604824 -0.444156
v 0.534956 -0.632488 -0.515470
v 0.605793 -0.750973 -0.467349
v 0.645480 -0.734881 -0.438975
v 0.657730 -0.721551 -0.390899
v 0.654061 -0.721920 -0.388264
v 0.624513 -0.736992 -0.423919
v 0.602124 -0.751343 -0.464715
v 0.651173 -0.832488 -0.410274
v 0.655097 -0.831481 -0.409390
v 0.654213 -0.830730 -0.405409
v 0.653570 -0.830765 -0.404995
v 0.651422 -0.831677 -0.407023
v 0.650530 -0.832523 -0.409860
v 0.003571 0.117420 -0.112998
v 0.653447 -0.835431 -0.406932
v -0.016780 0.092503 -0.331692
v 0.042211 0.120994 -0.297855
v 0.100188 0.092503 -0.262306
v 0.100047 0.084606 -0.262069
v 0.041407 0.075872 -0.296500
v -0.016921 0.084606 -0.331455
v 0.103264 0.073494 -0.544686
v 0.167757 0.111059 -0.515486
v 0.226606 0.094923 -0.463529
v 0.225824 0.087482 -0.460375
v 0.163288 0.068536 -0.497465
v 0.102482 0.066052 -0.541532
v 0.236401 -0.101816 -0.683027
v 0.310187 -0.067035 -0.665545
v 0.362598 -0.059007 -0.601137
v 0.359636 -0.062715 -0.594634
v 0.293261 -0.088220 -0.628387
v 0.233439 -0.105523 -0.676525
v 0.314685 -0.315537 -0.657373
v 0.383257 -0.289714 -0.646274
v 0.426534 -0.266037 -0.590969
v 0.423029 -0.266334 -0.584843
v 0.363227 -0.291413 -0.611269
v 0.311180 -0.315834 -0.651247
v 0.380282 -0.452879 -0.619602
v 0.434545 -0.429118 -0.606084
v 0.465170 -0.406571 -0.558697
v 0.461895 -0.406740 -0.554004
v 0.415827 -0.430079 -0.579265
v 0.377006 -0.453047 -0.614909
v 0.443588 -0.574231 -0.588139
v 0.481932 -0.557153 -0.575376
v 0.501878 -0.542231 -0.539262
v 0.499329 -0.542530 -0.536026
v 0.467364 -0.558860 -0.556885
v 0.441039 -0.574529 -0.584903
v 0.499656 -0.679917 -0.554826
v 0.520070 -0.671122 -0.546695
v 0.529490 -0.663324 -0.526431
v 0.527967 -0.663462 -0.524749
v 0.511365 -0.671911 -0.537087
v 0.498132 -0.680055 -0.553145
v 0.537380 -0.752702 -0.522817
v 0.541276 -0.751498 -0.522756
v 0.541258 -0.750504 -0.518801
v 0.540716 -0.750533 -0.518261
v 0.538177 -0.751664 -0.519672
v 0.536837 -0.752731 -0.522277
v 0.036593 0.092196 -0.288384
v 0.540408 -0.755324 -0.519825
vt 0.007000 0.904613
vt 0.022085 0.904613
vt 0.038888 0.904613
vt 0.057333 0.904613
vt 0.077367 0.904613
vt 0.098914 0.904613
vt 0.121915 0.904613
vt 0.146563 0.904613
vt 0.172529 0.904613
vt 0.199427 0.904613
vt 0.226777 0.904613
vt 0.254396 0.904613
vt 0.282188 0.904613
vt 0.309980 0.904613
vt 0.337600 0.904613
vt 0.364949 0.904613
vt 0.391847 0.904613
vt 0.417813 0.904613
vt 0.442462 0.904613
vt 0.465462 0.904613
vt 0.487009 0.904613
vt 0.507044 0.904613
vt 0.525488 0.904613
vt 0.542291 0.904613
vt 0.557376 0.904613
vt 0.007000 0.881281
vt 0.021522 0.881281
vt 0.037709 0.881281
vt 0.055482 0.881281
vt 0.074786 0.881281
vt 0.095542 0.881281
vt 0.117692 0.881281
vt 0.142654 0.881281
vt 0.169295 0.881281
vt 0.196977 0.881281
vt 0.225088 0.881281
vt 0.253530 0.881281
vt 0.282188 0.881281
vt 0.310846 0.881281
vt 0.339289 0.881281
vt 0.367399 0.881281
vt 0.395081 0.881281
vt 0.421722 0.881281
vt 0.446685 0.881281
vt 0.468835 0.881281
vt 0.489590 0.881281
vt 0.508894 0.881281
vt 0.526667 0.881281
vt 0.542855 0.881281
vt 0.557376 0.881281
vt 0.007000 0.856491
vt 0.022533 0.856491
vt 0.040679 0.856491
vt 0.060833 0.856491
vt 0.082661 0.856491
vt 0.105807 0.856491
vt 0.129976 0.856491
vt 0.155189 0.856491
vt 0.180753 0.856491
vt 0.206260 0.856491
vt 0.231555 0.856491
vt 0.256864 0.856491
vt 0.282188 0.856491
vt 0.307513 0.856491
vt 0.332821 0.856491
vt 0.358117 0.856491
vt 0.383623 0.856491
vt 0.409187 0.856491
vt 0.434401 0.856491
vt 0.458570 0.856491
vt 0.481716 0.856491
vt 0.503543 0.856491
vt 0.523697 0.856491
vt 0.541843 0.856491
vt 0.557376 0.856491
vt 0.007000 0.831701
vt 0.027296 0.831701
vt 0.049637 0.831701
vt 0.073209 0.831701
vt 0.097381 0.831701
vt 0.121611 0.831701
vt 0.145379 0.831701
vt 0.169019 0.831701
vt 0.192309 0.831701
vt 0.215127 0.831701
vt 0.237515 0.831701
vt 0.259858 0.831701
vt 0.282188 0.831701
vt 0.304519 0.831701
vt 0.326862 0.831701
vt 0.349250 0.831701
vt 0.372068 0.831701
vt 0.395357 0.831701
vt 0.418997 0.831701
vt 0.442766 0.831701
vt 0.466995 0.831701
vt 0.491167 0.831701
vt 0.514739 0.831701
vt 0.537080 0.831701
vt 0.557376 0.831701
vt 0.007000 0.806911
vt 0.029951 0.806911
vt 0.054041 0.806911
vt 0.077988 0.806911
vt 0.101618 0.806911
vt 0.125095 0.806911
vt 0.148416 0.806911
vt 0.171967 0.806911
vt 0.195056 0.806911
vt 0.217399 0.806911
vt 0.239051 0.806911
vt 0.260630 0.806911
vt 0.282188 0.806911
vt 0.303747 0.806911
vt 0.325325 0.806911
vt 0.346977 0.806911
vt 0.369320 0.806911
vt 0.392409 0.806911
vt 0.415960 0.806911
vt 0.439281 0.806911
vt 0.462758 0.806911
vt 0.486388 0.806911
vt 0.510336 0.806911
vt 0.534426 0.806911
vt 0.557376 0.806911
vt 0.007000 0.783579
vt 0.030015 0.783579
vt 0.053689 0.783579
vt 0.077660 0.783579
vt 0.101686 0.783579
vt 0.125552 0.783579
vt 0.149199 0.783579
vt 0.173168 0.783579
vt 0.196487 0.783579
vt 0.218747 0.783579
vt 0.240019 0.783579
vt 0.261139 0.783579
vt 0.282188 0.783579
vt 0.303238 0.783579
vt 0.324358 0.783579
vt 0.345630 0.783579
vt 0.367889 0.783579
vt 0.391208 0.783579
vt 0.415178 0.783579
vt 0.438824 0.783579
vt 0.462690 0.783579
vt 0.486716 0.783579
vt 0.510687 0.783579
vt 0.534361 0.783579
vt 0.557376 0.783579
vt 0.007000 0.770301
vt 0.029940 0.770301
vt 0.053955 0.770301
vt 0.078358 0.770301
vt 0.102824 0.770301
vt 0.127106 0.770301
vt 0.151137 0.770301
vt 0.175538 0.770301
vt 0.199283 0.770301
vt 0.221548 0.770301
vt 0.242095 0.770301
vt 0.262247 0.770301
vt 0.282188 0.770301
vt 0.302129 0.770301
vt 0.322281 0.770301
vt 0.342828 0.770301
vt 0.365093 0.770301
vt 0.388838 0.770301
vt 0.413239 0.770301
vt 0.437270 0.770301
vt 0.461553 0.770301
vt 0.486018 0.770301
vt 0.510421 0.770301
vt 0.534436 0.770301
vt 0.557376 0.770301
vt 0.007000 0.765696
vt 0.030251 0.765696
vt 0.054745 0.765696
vt 0.079687 0.765696
vt 0.104700 0.765696
vt 0.129503 0.765696
vt 0.154016 0.765696
vt 0.178940 0.765696
vt 0.202154 0.765696
vt 0.223683 0.765696
vt 0.243550 0.765696
vt 0.262987 0.765696
vt 0.282188 0.765696
vt 0.301389 0.765696
vt 0.320826 0.765696
vt 0.340694 0.765696
vt 0.362222 0.765696
vt 0.385436 0.765696
vt 0.410360 0.765696
vt 0.434873 0.765696
vt 0.459676 0.765696
vt 0.484689 0.765696
vt 0.509631 0.765696
vt 0.534125 0.765696
vt 0.557376 0.765696
vt 0.014543 0.922533
vt 0.030487 0.922533
vt 0.048110 0.922533
vt 0.067350 0.922533
vt 0.088140 0.922533
vt 0.110414 0.922533
vt 0.134239 0.922533
vt 0.159546 0.922533
vt 0.185978 0.922533
vt 0.213102 0.922533
vt 0.240586 0.922533
vt 0.268292 0.922533
vt 0.296084 0.922533
vt 0.323790 0.922533
vt 0.351274 0.922533
vt 0.378398 0.922533
vt 0.404830 0.922533
vt 0.430137 0.922533
vt 0.453962 0.922533
vt 0.476236 0.922533
vt 0.497027 0.922533
vt 0.516266 0.922533
vt 0.533890 0.922533
vt 0.549834 0.922533
vt 0.018625 0.760690
vt 0.042498 0.760690
vt 0.067216 0.760690
vt 0.092193 0.760690
vt 0.117102 0.760690
vt 0.141760 0.760690
vt 0.166478 0.760690
vt 0.190547 0.760690
vt 0.212919 0.760690
vt 0.233616 0.760690
vt 0.253269 0.760690
vt 0.272588 0.760690
vt 0.291789 0.760690
vt 0.311108 0.760690
vt 0.330760 0.760690
vt 0.351458 0.760690
vt 0.373829 0.760690
vt 0.397898 0.760690
vt 0.422617 0.760690
vt 0.447275 0.760690
vt 0.472183 0.760690
vt 0.497160 0.760690
vt 0.521878 0.760690
vt 0.545751 0.760690
vt 0.425421 0.014689
vt 0.453546 0.014689
vt 0.481672 0.014689
vt 0.483122 0.014689
vt 0.510283 0.014689
vt 0.537444 0.014689
vt 0.538895 0.014689
vt 0.425421 0.045668
vt 0.453622 0.045668
vt 0.481824 0.045668
vt 0.483580 0.045668
vt 0.510359 0.045668
vt 0.537138 0.045668
vt 0.538895 0.045668
vt 0.425421 0.074686
vt 0.453809 0.074686
vt 0.482197 0.074686
vt 0.484388 0.074686
vt 0.510546 0.074686
vt 0.536704 0.074686
vt 0.538895 0.074686
vt 0.425421 0.116389
vt 0.453943 0.116389
vt 0.482464 0.116389
vt 0.484879 0.116389
vt 0.510679 0.116389
vt 0.536479 0.116389
vt 0.538895 0.116389
vt 0.425421 0.153098
vt 0.453932 0.153098
vt 0.482442 0.153098
vt 0.484841 0.153098
vt 0.510668 0.153098
vt 0.536496 0.153098
vt 0.538895 0.153098
vt 0.425421 0.184329
vt 0.453927 0.184329
vt 0.482433 0.184329
vt 0.484824 0.184329
vt 0.510664 0.184329
vt 0.536503 0.184329
vt 0.538895 0.184329
vt 0.425421 0.207146
vt 0.453932 0.207146
vt 0.482442 0.207146
vt 0.484840 0.207146
vt 0.510668 0.207146
vt 0.536496 0.207146
vt 0.538895 0.207146
vt 0.425421 0.228116
vt 0.453950 0.228116
vt 0.482479 0.228116
vt 0.484905 0.228116
vt 0.510687 0.228116
vt 0.536468 0.228116
vt 0.538895 0.228116
vt 0.425421 0.244895
vt 0.453999 0.244895
vt 0.482578 0.244895
vt 0.485078 0.244895
vt 0.510736 0.244895
vt 0.536395 0.244895
vt 0.538895 0.244895
vt 0.425421 0.255603
vt 0.457437 0.255603
vt 0.489453 0.255603
vt 0.494465 0.255603
vt 0.514174 0.255603
vt 0.533883 0.255603
vt 0.538895 0.255603
vt 0.439484 0.007000
vt 0.467609 0.007000
vt 0.482397 0.007000
vt 0.496702 0.007000
vt 0.523864 0.007000
vt 0.538169 0.007000
vt 0.441429 0.263292
vt 0.473445 0.263292
vt 0.491959 0.263292
vt 0.504320 0.263292
vt 0.524028 0.263292
vt 0.536389 0.263292
vt 0.202201 0.307150
vt 0.231922 0.307150
vt 0.261642 0.307150
vt 0.263074 0.307150
vt 0.292342 0.307150
vt 0.321609 0.307150
vt 0.323042 0.307150
vt 0.202201 0.332380
vt 0.231877 0.332380
vt 0.261553 0.332380
vt 0.263296 0.332380
vt 0.292297 0.332380
vt 0.321299 0.332380
vt 0.323042 0.332380
vt 0.202201 0.356033
vt 0.231853 0.356033
vt 0.261504 0.356033
vt 0.263695 0.356033
vt 0.292273 0.356033
vt 0.320851 0.356033
vt 0.323042 0.356033
vt 0.202201 0.385601
vt 0.231859 0.385601
vt 0.261517 0.385601
vt 0.263944 0.385601
vt 0.292279 0.385601
vt 0.320615 0.385601
vt 0.323042 0.385601
vt 0.202201 0.419928
vt 0.231858 0.419928
vt 0.261515 0.419928
vt 0.263924 0.419928
vt 0.292279 0.419928
vt 0.320633 0.419928
vt 0.323042 0.419928
vt 0.202201 0.450049
vt 0.231858 0.450049
vt 0.261515 0.450049
vt 0.263916 0.450049
vt 0.292278 0.450049
vt 0.320641 0.450049
vt 0.323042 0.450049
vt 0.202201 0.477581
vt 0.231858 0.477581
vt 0.261515 0.477581
vt 0.263924 0.477581
vt 0.292279 0.477581
vt 0.320633 0.477581
vt 0.323042 0.477581
vt 0.202201 0.496888
vt 0.231860 0.496888
vt 0.261519 0.496888
vt 0.263957 0.496888
vt 0.292280 0.496888
vt 0.320604 0.496888
vt 0.323042 0.496888
vt 0.202201 0.510305
vt 0.231865 0.510305
vt 0.261529 0.510305
vt 0.264045 0.510305
vt 0.292286 0.510305
vt 0.320526 0.510305
vt 0.323042 0.510305
vt 0.202201 0.519233
vt 0.233503 0.519233
vt 0.264806 0.519233
vt 0.270585 0.519233
vt 0.293924 0.519233
vt 0.317262 0.519233
vt 0.323042 0.519233
vt 0.217061 0.300381
vt 0.246782 0.300381
vt 0.262358 0.300381
vt 0.277708 0.300381
vt 0.306976 0.300381
vt 0.322326 0.300381
vt 0.217852 0.526002
vt 0.249154 0.526002
vt 0.267695 0.526002
vt 0.282254 0.526002
vt 0.305593 0.526002
vt 0.320152 0.526002
vt 0.545895 0.014568
vt 0.572547 0.014568
vt 0.599199 0.014568
vt 0.600655 0.014568
vt 0.626280 0.014568
vt 0.651906 0.014568
vt 0.653361 0.014568
vt 0.545895 0.044749
vt 0.572637 0.044749
vt 0.599379 0.044749
vt 0.601140 0.044749
vt 0.626370 0.044749
vt 0.651600 0.044749
vt 0.653361 0.044749
vt 0.545895 0.073011
vt 0.572846 0.073011
vt 0.599797 0.073011
vt 0.601988 0.073011
vt 0.626579 0.073011
vt 0.651170 0.073011
vt 0.653361 0.073011
vt 0.545895 0.113101
vt 0.572992 0.113101
vt 0.600089 0.113101
vt 0.602501 0.113101
vt 0.626725 0.113101
vt 0.650949 0.113101
vt 0.653361 0.113101
vt 0.545895 0.149238
vt 0.572980 0.149238
vt 0.600065 0.149238
vt 0.602461 0.149238
vt 0.626713 0.149238
vt 0.650965 0.149238
vt 0.653361 0.149238
vt 0.545895 0.181396
vt 0.572975 0.181396
vt 0.600055 0.181396
vt 0.602444 0.181396
vt 0.626708 0.181396
vt 0.650972 0.181396
vt 0.653361 0.181396
vt 0.545895 0.203901
vt 0.572980 0.203901
vt 0.600065 0.203901
vt 0.602461 0.203901
vt 0.626713 0.203901
vt 0.650966 0.203901
vt 0.653361 0.203901
vt 0.545895 0.224769
vt 0.573000 0.224769
vt 0.600105 0.224769
vt 0.602528 0.224769
vt 0.626733 0.224769
vt 0.650938 0.224769
vt 0.653361 0.224769
vt 0.545895 0.241287
vt 0.573053 0.241287
vt 0.600212 0.241287
vt 0.602708 0.241287
vt 0.626787 0.241287
vt 0.650866 0.241287
vt 0.653361 0.241287
vt 0.545895 0.251686
vt 0.576216 0.251686
vt 0.606537 0.251686
vt 0.611284 0.251686
vt 0.629949 0.251686
vt 0.648614 0.251686
vt 0.653361 0.251686
vt 0.559221 0.007000
vt 0.585873 0.007000
vt 0.599927 0.007000
vt 0.613467 0.007000
vt 0.639093 0.007000
vt 0.652633 0.007000
vt 0.561055 0.259254
vt 0.591376 0.259254
vt 0.608910 0.259254
vt 0.620616 0.259254
vt 0.639282 0.259254
vt 0.650988 0.259254
vt 0.813273 0.307012
vt 0.841727 0.307012
vt 0.870180 0.307012
vt 0.871615 0.307012
vt 0.899593 0.307012
vt 0.927571 0.307012
vt 0.929006 0.307012
vt 0.813273 0.331565
vt 0.841687 0.331565
vt 0.870101 0.331565
vt 0.871846 0.331565
vt 0.899554 0.331565
vt 0.927261 0.331565
vt 0.929006 0.331565
vt 0.813273 0.354592
vt 0.841672 0.354592
vt 0.870072 0.354592
vt 0.872263 0.354592
vt 0.899539 0.354592
vt 0.926815 0.354592
vt 0.929006 0.354592
vt 0.813273 0.382180
vt 0.841685 0.382180
vt 0.870096 0.382180
vt 0.872521 0.382180
vt 0.899551 0.382180
vt 0.926581 0.382180
vt 0.929006 0.382180
vt 0.813273 0.415818
vt 0.841683 0.415818
vt 0.870093 0.415818
vt 0.872501 0.415818
vt 0.899550 0.415818
vt 0.926599 0.415818
vt 0.929006 0.415818
vt 0.813273 0.445350
vt 0.841683 0.445350
vt 0.870092 0.445350
vt 0.872492 0.445350
vt 0.899549 0.445350
vt 0.926606 0.445350
vt 0.929006 0.445350
vt 0.813273 0.472075
vt 0.841683 0.472075
vt 0.870093 0.472075
vt 0.872501 0.472075
vt 0.899550 0.472075
vt 0.926599 0.472075
vt 0.929006 0.472075
vt 0.813273 0.492993
vt 0.841686 0.492993
vt 0.870098 0.492993
vt 0.872535 0.492993
vt 0.899552 0.492993
vt 0.926569 0.492993
vt 0.929006 0.492993
vt 0.813273 0.506029
vt 0.841693 0.506029
vt 0.870113 0.506029
vt 0.872627 0.506029
vt 0.899559 0.506029
vt 0.926492 0.506029
vt 0.929006 0.506029
vt 0.813273 0.514803
vt 0.843252 0.514803
vt 0.873232 0.514803
vt 0.878767 0.514803
vt 0.901119 0.514803
vt 0.923470 0.514803
vt 0.929006 0.514803
vt 0.827500 0.300381
vt 0.855953 0.300381
vt 0.870897 0.300381
vt 0.885604 0.300381
vt 0.913582 0.300381
vt 0.928289 0.300381
vt 0.828263 0.521435
vt 0.858242 0.521435
vt 0.875999 0.521435
vt 0.889943 0.521435
vt 0.912295 0.521435
vt 0.926238 0.521435
vt 0.660361 0.014429
vt 0.686038 0.014429
vt 0.711714 0.014429
vt 0.713174 0.014429
vt 0.737777 0.014429
vt 0.762380 0.014429
vt 0.763840 0.014429
vt 0.660361 0.044026
vt 0.686138 0.044026
vt 0.711914 0.044026
vt 0.713678 0.044026
vt 0.737877 0.044026
vt 0.762076 0.044026
vt 0.763840 0.044026
vt 0.660361 0.071687
vt 0.686363 0.071687
vt 0.712365 0.071687
vt 0.714556 0.071687
vt 0.738102 0.071687
vt 0.761648 0.071687
vt 0.763840 0.071687
vt 0.660361 0.110424
vt 0.686518 0.110424
vt 0.712674 0.110424
vt 0.715084 0.110424
vt 0.738257 0.110424
vt 0.761430 0.110424
vt 0.763840 0.110424
vt 0.660361 0.146115
vt 0.686505 0.146115
vt 0.712649 0.146115
vt 0.715043 0.146115
vt 0.738244 0.146115
vt 0.761446 0.146115
vt 0.763840 0.146115
vt 0.660361 0.177650
vt 0.686500 0.177650
vt 0.712639 0.177650
vt 0.715025 0.177650
vt 0.738239 0.177650
vt 0.761453 0.177650
vt 0.763840 0.177650
vt 0.660361 0.200464
vt 0.686505 0.200464
vt 0.712649 0.200464
vt 0.715043 0.200464
vt 0.738244 0.200464
vt 0.761446 0.200464
vt 0.763840 0.200464
vt 0.660361 0.220547
vt 0.686526 0.220547
vt 0.712691 0.220547
vt 0.715112 0.220547
vt 0.738265 0.220547
vt 0.761419 0.220547
vt 0.763840 0.220547
vt 0.660361 0.236760
vt 0.686583 0.236760
vt 0.712804 0.236760
vt 0.715296 0.236760
vt 0.738322 0.236760
vt 0.761347 0.236760
vt 0.763840 0.236760
vt 0.660361 0.247212
vt 0.689557 0.247212
vt 0.718753 0.247212
vt 0.723324 0.247212
vt 0.741296 0.247212
vt 0.759269 0.247212
vt 0.763840 0.247212
vt 0.673199 0.007000
vt 0.698876 0.007000
vt 0.712444 0.007000
vt 0.725475 0.007000
vt 0.750079 0.007000
vt 0.763110 0.007000
vt 0.674959 0.254641
vt 0.704155 0.254641
vt 0.721038 0.254641
vt 0.732310 0.254641
vt 0.750283 0.254641
vt 0.761554 0.254641
vt 0.571734 0.307034
vt 0.600947 0.307034
vt 0.630160 0.307034
vt 0.631593 0.307034
vt 0.660345 0.307034
vt 0.689097 0.307034
vt 0.690530 0.307034
vt 0.571734 0.332047
vt 0.600904 0.332047
vt 0.630075 0.332047
vt 0.631819 0.332047
vt 0.660302 0.332047
vt 0.688786 0.332047
vt 0.690530 0.332047
vt 0.571734 0.355553
vt 0.600884 0.355553
vt 0.630034 0.355553
vt 0.632225 0.355553
vt 0.660282 0.355553
vt 0.688339 0.355553
vt 0.690530 0.355553
vt 0.571734 0.384658
vt 0.600892 0.384658
vt 0.630051 0.384658
vt 0.632477 0.384658
vt 0.660291 0.384658
vt 0.688104 0.384658
vt 0.690530 0.384658
vt 0.571734 0.418784
vt 0.600891 0.418784
vt 0.630049 0.418784
vt 0.632457 0.418784
vt 0.660289 0.418784
vt 0.688122 0.418784
vt 0.690530 0.418784
vt 0.571734 0.448513
vt 0.600891 0.448513
vt 0.630048 0.448513
vt 0.632449 0.448513
vt 0.660289 0.448513
vt 0.688129 0.448513
vt 0.690530 0.448513
vt 0.571734 0.475155
vt 0.600891 0.475155
vt 0.630049 0.475155
vt 0.632457 0.475155
vt 0.660289 0.475155
vt 0.688122 0.475155
vt 0.690530 0.475155
vt 0.571734 0.494207
vt 0.600893 0.494207
vt 0.630053 0.494207
vt 0.632490 0.494207
vt 0.660291 0.494207
vt 0.688092 0.494207
vt 0.690530 0.494207
vt 0.571734 0.506979
vt 0.600899 0.506979
vt 0.630065 0.506979
vt 0.632580 0.506979
vt 0.660298 0.506979
vt 0.688015 0.506979
vt 0.690530 0.506979
vt 0.571734 0.515491
vt 0.602506 0.515491
vt 0.633279 0.515491
vt 0.638961 0.515491
vt 0.661904 0.515491
vt 0.684848 0.515491
vt 0.690530 0.515491
vt 0.586340 0.300381
vt 0.615553 0.300381
vt 0.630877 0.300381
vt 0.645969 0.300381
vt 0.674721 0.300381
vt 0.689813 0.300381
vt 0.587120 0.522144
vt 0.617893 0.522144
vt 0.636120 0.522144
vt 0.650433 0.522144
vt 0.673376 0.522144
vt 0.687689 0.522144
vt 0.307955 0.014701
vt 0.335342 0.014701
vt 0.362730 0.014701
vt 0.364182 0.014701
vt 0.390575 0.014701
vt 0.416969 0.014701
vt 0.418421 0.014701
vt 0.307955 0.045195
vt 0.335425 0.045195
vt 0.362895 0.045195
vt 0.364654 0.045195
vt 0.390658 0.045195
vt 0.416662 0.045195
vt 0.418421 0.045195
vt 0.307955 0.073655
vt 0.335623 0.073655
vt 0.363290 0.073655
vt 0.365481 0.073655
vt 0.390856 0.073655
vt 0.416230 0.073655
vt 0.418421 0.073655
vt 0.307955 0.114175
vt 0.335762 0.114175
vt 0.363570 0.114175
vt 0.365983 0.114175
vt 0.390995 0.114175
vt 0.416007 0.114175
vt 0.418421 0.114175
vt 0.307955 0.150548
vt 0.335751 0.150548
vt 0.363547 0.150548
vt 0.365944 0.150548
vt 0.390984 0.150548
vt 0.416024 0.150548
vt 0.418421 0.150548
vt 0.307955 0.182822
vt 0.335746 0.182822
vt 0.363537 0.182822
vt 0.365927 0.182822
vt 0.390979 0.182822
vt 0.416031 0.182822
vt 0.418421 0.182822
vt 0.307955 0.205961
vt 0.335751 0.205961
vt 0.363547 0.205961
vt 0.365944 0.205961
vt 0.390984 0.205961
vt 0.416024 0.205961
vt 0.418421 0.205961
vt 0.307955 0.227601
vt 0.335770 0.227601
vt 0.363585 0.227601
vt 0.366010 0.227601
vt 0.391003 0.227601
vt 0.415996 0.227601
vt 0.418421 0.227601
vt 0.307955 0.244931
vt 0.335821 0.244931
vt 0.363688 0.244931
vt 0.366186 0.244931
vt 0.391055 0.244931
vt 0.415924 0.244931
vt 0.418421 0.244931
vt 0.307955 0.255986
vt 0.339122 0.255986
vt 0.370290 0.255986
vt 0.375169 0.255986
vt 0.394356 0.255986
vt 0.413542 0.255986
vt 0.418421 0.255986
vt 0.321648 0.007000
vt 0.349036 0.007000
vt 0.363456 0.007000
vt 0.377379 0.007000
vt 0.403772 0.007000
vt 0.417695 0.007000
vt 0.323538 0.263687
vt 0.354706 0.263687
vt 0.372730 0.263687
vt 0.384762 0.263687
vt 0.403949 0.263687
vt 0.415982 0.263687
vt 0.330042 0.307138
vt 0.359508 0.307138
vt 0.388975 0.307138
vt 0.390408 0.307138
vt 0.419418 0.307138
vt 0.448427 0.307138
vt 0.449860 0.307138
vt 0.330042 0.332264
vt 0.359465 0.332264
vt 0.388888 0.332264
vt 0.390631 0.332264
vt 0.419374 0.332264
vt 0.448117 0.332264
vt 0.449860 0.332264
vt 0.330042 0.355852
vt 0.359442 0.355852
vt 0.388843 0.355852
vt 0.391034 0.355852
vt 0.419352 0.355852
vt 0.447669 0.355852
vt 0.449860 0.355852
vt 0.330042 0.385215
vt 0.359450 0.385215
vt 0.388859 0.385215
vt 0.391284 0.385215
vt 0.419359 0.385215
vt 0.447434 0.385215
vt 0.449860 0.385215
vt 0.330042 0.419455
vt 0.359449 0.419455
vt 0.388856 0.419455
vt 0.391265 0.419455
vt 0.419358 0.419455
vt 0.447452 0.419455
vt 0.449860 0.419455
vt 0.330042 0.449517
vt 0.359449 0.449517
vt 0.388856 0.449517
vt 0.391256 0.449517
vt 0.419358 0.449517
vt 0.447459 0.449517
vt 0.449860 0.449517
vt 0.330042 0.477215
vt 0.359449 0.477215
vt 0.388856 0.477215
vt 0.391265 0.477215
vt 0.419358 0.477215
vt 0.447452 0.477215
vt 0.449860 0.477215
vt 0.330042 0.496906
vt 0.359451 0.496906
vt 0.388860 0.496906
vt 0.391298 0.496906
vt 0.419360 0.496906
vt 0.447422 0.496906
vt 0.449860 0.496906
vt 0.330042 0.510153
vt 0.359457 0.510153
vt 0.388871 0.510153
vt 0.391387 0.510153
vt 0.419366 0.510153
vt 0.447344 0.510153
vt 0.449860 0.510153
vt 0.330042 0.518869
vt 0.361079 0.518869
vt 0.392117 0.518869
vt 0.397847 0.518869
vt 0.420988 0.518869
vt 0.444129 0.518869
vt 0.449860 0.518869
vt 0.344775 0.300381
vt 0.374242 0.300381
vt 0.389692 0.300381
vt 0.404913 0.300381
vt 0.433922 0.300381
vt 0.449144 0.300381
vt 0.345560 0.525626
vt 0.376598 0.525626
vt 0.394982 0.525626
vt 0.409418 0.525626
vt 0.432559 0.525626
vt 0.446994 0.525626
vt 0.309579 0.543864
vt 0.330877 0.543864
vt 0.352175 0.543864
vt 0.355208 0.543864
vt 0.371157 0.543864
vt 0.387107 0.543864
vt 0.390140 0.543864
vt 0.309579 0.574071
vt 0.330086 0.574071
vt 0.350593 0.574071
vt 0.352904 0.574071
vt 0.370367 0.574071
vt 0.387830 0.574071
vt 0.390140 0.574071
vt 0.309579 0.605298
vt 0.329717 0.605298
vt 0.349854 0.605298
vt 0.351627 0.605298
vt 0.369997 0.605298
vt 0.388367 0.605298
vt 0.390140 0.605298
vt 0.309579 0.636234
vt 0.329687 0.636234
vt 0.349794 0.636234
vt 0.351508 0.636234
vt 0.369967 0.636234
vt 0.388427 0.636234
vt 0.390140 0.636234
vt 0.309579 0.660780
vt 0.329681 0.660780
vt 0.349783 0.660780
vt 0.351486 0.660780
vt 0.369962 0.660780
vt 0.388438 0.660780
vt 0.390140 0.660780
vt 0.309579 0.683932
vt 0.329682 0.683932
vt 0.349784 0.683932
vt 0.351486 0.683932
vt 0.369962 0.683932
vt 0.388438 0.683932
vt 0.390140 0.683932
vt 0.309579 0.706855
vt 0.329690 0.706855
vt 0.349800 0.706855
vt 0.351519 0.706855
vt 0.369970 0.706855
vt 0.388421 0.706855
vt 0.390140 0.706855
vt 0.309579 0.725998
vt 0.329715 0.725998
vt 0.349850 0.725998
vt 0.351619 0.725998
vt 0.369995 0.725998
vt 0.388371 0.725998
vt 0.390140 0.725998
vt 0.309579 0.738184
vt 0.331851 0.738184
vt 0.354122 0.738184
vt 0.357784 0.738184
vt 0.372131 0.738184
vt 0.386479 0.738184
vt 0.390140 0.738184
vt 0.320228 0.537662
vt 0.341526 0.537662
vt 0.353691 0.537662
vt 0.363183 0.537662
vt 0.379132 0.537662
vt 0.388623 0.537662
vt 0.320715 0.744386
vt 0.342987 0.744386
vt 0.355953 0.744386
vt 0.364957 0.744386
vt 0.379305 0.744386
vt 0.388310 0.744386
vt 0.912439 0.543259
vt 0.933737 0.543259
vt 0.955034 0.543259
vt 0.958068 0.543259
vt 0.974017 0.543259
vt 0.989966 0.543259
vt 0.993000 0.543259
vt 0.912439 0.572891
vt 0.932946 0.572891
vt 0.953453 0.572891
vt 0.955763 0.572891
vt 0.973226 0.572891
vt 0.990689 0.572891
vt 0.993000 0.572891
vt 0.912439 0.602664
vt 0.932577 0.602664
vt 0.952714 0.602664
vt 0.954487 0.602664
vt 0.972857 0.602664
vt 0.991227 0.602664
vt 0.993000 0.602664
vt 0.912439 0.631323
vt 0.932547 0.631323
vt 0.952654 0.631323
vt 0.954368 0.631323
vt 0.972827 0.631323
vt 0.991287 0.631323
vt 0.993000 0.631323
vt 0.912439 0.654435
vt 0.932541 0.654435
vt 0.952643 0.654435
vt 0.954346 0.654435
vt 0.972822 0.654435
vt 0.991298 0.654435
vt 0.993000 0.654435
vt 0.912439 0.674200
vt 0.932541 0.674200
vt 0.952644 0.674200
vt 0.954346 0.674200
vt 0.972822 0.674200
vt 0.991297 0.674200
vt 0.993000 0.674200
vt 0.912439 0.693139
vt 0.932549 0.693139
vt 0.952660 0.693139
vt 0.954379 0.693139
vt 0.972830 0.693139
vt 0.991281 0.693139
vt 0.993000 0.693139
vt 0.912439 0.708745
vt 0.932575 0.708745
vt 0.952710 0.708745
vt 0.954479 0.708745
vt 0.972855 0.708745
vt 0.991231 0.708745
vt 0.993000 0.708745
vt 0.912439 0.718614
vt 0.934711 0.718614
vt 0.956982 0.718614
vt 0.960644 0.718614
vt 0.974991 0.718614
vt 0.989339 0.718614
vt 0.993000 0.718614
vt 0.923088 0.537662
vt 0.944386 0.537662
vt 0.956551 0.537662
vt 0.966043 0.537662
vt 0.981992 0.537662
vt 0.991483 0.537662
vt 0.923575 0.724210
vt 0.945847 0.724210
vt 0.958813 0.724210
vt 0.967817 0.724210
vt 0.982165 0.724210
vt 0.991169 0.724210
vt 0.116669 0.544046
vt 0.137966 0.544046
vt 0.159264 0.544046
vt 0.162297 0.544046
vt 0.178246 0.544046
vt 0.194196 0.544046
vt 0.197229 0.544046
vt 0.116669 0.574451
vt 0.137175 0.574451
vt 0.157682 0.574451
vt 0.159993 0.574451
vt 0.177456 0.574451
vt 0.194919 0.574451
vt 0.197229 0.574451
vt 0.116669 0.606205
vt 0.136806 0.606205
vt 0.156943 0.606205
vt 0.158716 0.606205
vt 0.177086 0.606205
vt 0.195456 0.606205
vt 0.197229 0.606205
vt 0.116669 0.637994
vt 0.136776 0.637994
vt 0.156883 0.637994
vt 0.158597 0.637994
vt 0.177056 0.637994
vt 0.195516 0.637994
vt 0.197229 0.637994
vt 0.116669 0.663071
vt 0.136771 0.663071
vt 0.156873 0.663071
vt 0.158575 0.663071
vt 0.177051 0.663071
vt 0.195527 0.663071
vt 0.197229 0.663071
vt 0.116669 0.687193
vt 0.136771 0.687193
vt 0.156873 0.687193
vt 0.158575 0.687193
vt 0.177051 0.687193
vt 0.195527 0.687193
vt 0.197229 0.687193
vt 0.116669 0.710934
vt 0.136779 0.710934
vt 0.156889 0.710934
vt 0.158608 0.710934
vt 0.177059 0.710934
vt 0.195510 0.710934
vt 0.197229 0.710934
vt 0.116669 0.731006
vt 0.136804 0.731006
vt 0.156939 0.731006
vt 0.158708 0.731006
vt 0.177084 0.731006
vt 0.195460 0.731006
vt 0.197229 0.731006
vt 0.116669 0.744059
vt 0.138940 0.744059
vt 0.161212 0.744059
vt 0.164873 0.744059
vt 0.179220 0.744059
vt 0.193568 0.744059
vt 0.197229 0.744059
vt 0.127317 0.537662
vt 0.148615 0.537662
vt 0.160780 0.537662
vt 0.170272 0.537662
vt 0.186221 0.537662
vt 0.195712 0.537662
vt 0.127804 0.750442
vt 0.150076 0.750442
vt 0.163042 0.750442
vt 0.172047 0.750442
vt 0.186394 0.750442
vt 0.195399 0.750442
vt 0.397140 0.543591
vt 0.424581 0.543591
vt 0.452021 0.543591
vt 0.455675 0.543591
vt 0.477215 0.543591
vt 0.498754 0.543591
vt 0.502408 0.543591
vt 0.397140 0.573139
vt 0.423746 0.573139
vt 0.450352 0.573139
vt 0.453133 0.573139
vt 0.476380 0.573139
vt 0.499627 0.573139
vt 0.502408 0.573139
vt 0.397140 0.600534
vt 0.423360 0.600534
vt 0.449581 0.600534
vt 0.451701 0.600534
vt 0.475994 0.600534
vt 0.500288 0.600534
vt 0.502408 0.600534
vt 0.397140 0.627263
vt 0.423328 0.627263
vt 0.449515 0.627263
vt 0.451556 0.627263
vt 0.475962 0.627263
vt 0.500368 0.627263
vt 0.502408 0.627263
vt 0.397140 0.651996
vt 0.423319 0.651996
vt 0.449497 0.651996
vt 0.451514 0.651996
vt 0.475953 0.651996
vt 0.500391 0.651996
vt 0.502408 0.651996
vt 0.397140 0.675557
vt 0.423315 0.675557
vt 0.449490 0.675557
vt 0.451497 0.675557
vt 0.475949 0.675557
vt 0.500401 0.675557
vt 0.502408 0.675557
vt 0.397140 0.697963
vt 0.423319 0.697963
vt 0.449497 0.697963
vt 0.451515 0.697963
vt 0.475953 0.697963
vt 0.500391 0.697963
vt 0.502408 0.697963
vt 0.397140 0.716900
vt 0.423339 0.716900
vt 0.449538 0.716900
vt 0.451607 0.716900
vt 0.475973 0.716900
vt 0.500339 0.716900
vt 0.502408 0.716900
vt 0.397140 0.729374
vt 0.426242 0.729374
vt 0.455344 0.729374
vt 0.460128 0.729374
vt 0.478876 0.729374
vt 0.497624 0.729374
vt 0.502408 0.729374
vt 0.410860 0.537662
vt 0.438301 0.537662
vt 0.453848 0.537662
vt 0.466445 0.537662
vt 0.487984 0.537662
vt 0.500581 0.537662
vt 0.411691 0.735303
vt 0.440793 0.735303
vt 0.457736 0.735303
vt 0.469502 0.735303
vt 0.488250 0.735303
vt 0.500016 0.735303
vt 0.204229 0.543928
vt 0.230112 0.543928
vt 0.255995 0.543928
vt 0.259608 0.543928
vt 0.279287 0.543928
vt 0.298966 0.543928
vt 0.302579 0.543928
vt 0.204229 0.573577
vt 0.229224 0.573577
vt 0.254218 0.573577
vt 0.256991 0.573577
vt 0.278399 0.573577
vt 0.299807 0.573577
vt 0.302579 0.573577
vt 0.204229 0.601413
vt 0.228793 0.601413
vt 0.253357 0.601413
vt 0.255481 0.601413
vt 0.277968 0.601413
vt 0.300455 0.601413
vt 0.302579 0.601413
vt 0.204229 0.628944
vt 0.228755 0.628944
vt 0.253281 0.628944
vt 0.255327 0.628944
vt 0.277930 0.628944
vt 0.300534 0.628944
vt 0.302579 0.628944
vt 0.204229 0.654935
vt 0.228745 0.654935
vt 0.253260 0.654935
vt 0.255282 0.654935
vt 0.277920 0.654935
vt 0.300557 0.654935
vt 0.302579 0.654935
vt 0.204229 0.680445
vt 0.228740 0.680445
vt 0.253251 0.680445
vt 0.255264 0.680445
vt 0.277915 0.680445
vt 0.300567 0.680445
vt 0.302579 0.680445
vt 0.204229 0.705541
vt 0.228745 0.705541
vt 0.253260 0.705541
vt 0.255283 0.705541
vt 0.277920 0.705541
vt 0.300557 0.705541
vt 0.302579 0.705541
vt 0.204229 0.726646
vt 0.228768 0.726646
vt 0.253307 0.726646
vt 0.255381 0.726646
vt 0.277943 0.726646
vt 0.300506 0.726646
vt 0.302579 0.726646
vt 0.204229 0.740262
vt 0.231419 0.740262
vt 0.258608 0.740262
vt 0.263078 0.740262
vt 0.280594 0.740262
vt 0.298110 0.740262
vt 0.302579 0.740262
vt 0.217171 0.537662
vt 0.243053 0.537662
vt 0.257802 0.537662
vt 0.269448 0.537662
vt 0.289126 0.537662
vt 0.300773 0.537662
vt 0.217824 0.746528
vt 0.245014 0.746528
vt 0.260843 0.746528
vt 0.271836 0.746528
vt 0.289352 0.746528
vt 0.300345 0.746528
vt 0.456860 0.307060
vt 0.484891 0.307060
vt 0.512922 0.307060
vt 0.516589 0.307060
vt 0.538828 0.307060
vt 0.561066 0.307060
vt 0.564734 0.307060
vt 0.456860 0.337156
vt 0.484077 0.337156
vt 0.511293 0.337156
vt 0.514077 0.337156
vt 0.538013 0.337156
vt 0.561949 0.337156
vt 0.564734 0.337156
vt 0.456860 0.366027
vt 0.483707 0.366027
vt 0.510554 0.366027
vt 0.512673 0.366027
vt 0.537644 0.366027
vt 0.562614 0.366027
vt 0.564734 0.366027
vt 0.456860 0.395178
vt 0.483676 0.395178
vt 0.510492 0.395178
vt 0.512531 0.395178
vt 0.537613 0.395178
vt 0.562695 0.395178
vt 0.564734 0.395178
vt 0.456860 0.423359
vt 0.483667 0.423359
vt 0.510475 0.423359
vt 0.512490 0.423359
vt 0.537604 0.423359
vt 0.562718 0.423359
vt 0.564734 0.423359
vt 0.456860 0.450955
vt 0.483664 0.450955
vt 0.510468 0.450955
vt 0.512473 0.450955
vt 0.537601 0.450955
vt 0.562728 0.450955
vt 0.564734 0.450955
vt 0.456860 0.477682
vt 0.483667 0.477682
vt 0.510475 0.477682
vt 0.512491 0.477682
vt 0.537604 0.477682
vt 0.562718 0.477682
vt 0.564734 0.477682
vt 0.456860 0.500775
vt 0.483686 0.500775
vt 0.510513 0.500775
vt 0.512580 0.500775
vt 0.537623 0.500775
vt 0.562666 0.500775
vt 0.564734 0.500775
vt 0.456860 0.516344
vt 0.486682 0.516344
vt 0.516505 0.516344
vt 0.521407 0.516344
vt 0.540619 0.516344
vt 0.559831 0.516344
vt 0.564734 0.516344
vt 0.470875 0.300381
vt 0.498906 0.300381
vt 0.514756 0.300381
vt 0.527708 0.300381
vt 0.549947 0.300381
vt 0.562900 0.300381
vt 0.471771 0.523024
vt 0.501593 0.523024
vt 0.518956 0.523024
vt 0.531013 0.523024
vt 0.550225 0.523024
vt 0.562282 0.523024
vt 0.810530 0.543309
vt 0.835644 0.543309
vt 0.860757 0.543309
vt 0.864349 0.543309
vt 0.883098 0.543309
vt 0.901848 0.543309
vt 0.905439 0.543309
vt 0.810530 0.572558
vt 0.834729 0.572558
vt 0.858927 0.572558
vt 0.861695 0.572558
vt 0.882183 0.572558
vt 0.902672 0.572558
vt 0.905439 0.572558
vt 0.810530 0.599161
vt 0.834274 0.599161
vt 0.858018 0.599161
vt 0.860145 0.599161
vt 0.881729 0.599161
vt 0.903312 0.599161
vt 0.905439 0.599161
vt 0.810530 0.624665
vt 0.834233 0.624665
vt 0.857937 0.624665
vt 0.859986 0.624665
vt 0.881688 0.624665
vt 0.903391 0.624665
vt 0.905439 0.624665
vt 0.810530 0.647635
vt 0.834222 0.647635
vt 0.857914 0.647635
vt 0.859940 0.647635
vt 0.881677 0.647635
vt 0.903414 0.647635
vt 0.905439 0.647635
vt 0.810530 0.669784
vt 0.834217 0.669784
vt 0.857905 0.669784
vt 0.859921 0.669784
vt 0.881672 0.669784
vt 0.903423 0.669784
vt 0.905439 0.669784
vt 0.810530 0.691509
vt 0.834222 0.691509
vt 0.857914 0.691509
vt 0.859940 0.691509
vt 0.881677 0.691509
vt 0.903413 0.691509
vt 0.905439 0.691509
vt 0.810530 0.709278
vt 0.834247 0.709278
vt 0.857965 0.709278
vt 0.860041 0.709278
vt 0.881702 0.709278
vt 0.903363 0.709278
vt 0.905439 0.709278
vt 0.810530 0.720243
vt 0.836768 0.720243
vt 0.863006 0.720243
vt 0.867320 0.720243
vt 0.884223 0.720243
vt 0.901126 0.720243
vt 0.905439 0.720243
vt 0.823087 0.537662
vt 0.848201 0.537662
vt 0.862553 0.537662
vt 0.873723 0.537662
vt 0.892473 0.537662
vt 0.903644 0.537662
vt 0.823649 0.725890
vt 0.849887 0.725890
vt 0.865163 0.725890
vt 0.875771 0.725890
vt 0.892674 0.725890
vt 0.903283 0.725890
vt 0.007000 0.544093
vt 0.033853 0.544093
vt 0.060707 0.544093
vt 0.064346 0.544093
vt 0.085188 0.544093
vt 0.106029 0.544093
vt 0.109669 0.544093
vt 0.007000 0.573953
vt 0.032999 0.573953
vt 0.058997 0.573953
vt 0.061775 0.573953
vt 0.084333 0.573953
vt 0.106890 0.573953
vt 0.109669 0.573953
vt 0.007000 0.602337
vt 0.032596 0.602337
vt 0.058193 0.602337
vt 0.060315 0.602337
vt 0.083931 0.602337
vt 0.107547 0.602337
vt 0.109669 0.602337
vt 0.007000 0.630764
vt 0.032562 0.630764
vt 0.058124 0.630764
vt 0.060166 0.630764
vt 0.083896 0.630764
vt 0.107626 0.630764
vt 0.109669 0.630764
vt 0.007000 0.657959
vt 0.032552 0.657959
vt 0.058105 0.657959
vt 0.060124 0.657959
vt 0.083887 0.657959
vt 0.107649 0.657959
vt 0.109669 0.657959
vt 0.007000 0.684226
vt 0.032548 0.684226
vt 0.058097 0.684226
vt 0.060106 0.684226
vt 0.083883 0.684226
vt 0.107659 0.684226
vt 0.109669 0.684226
vt 0.007000 0.709292
vt 0.032552 0.709292
vt 0.058105 0.709292
vt 0.060124 0.709292
vt 0.083887 0.709292
vt 0.107649 0.709292
vt 0.109669 0.709292
vt 0.007000 0.730935
vt 0.032574 0.730935
vt 0.058148 0.730935
vt 0.060218 0.730935
vt 0.083908 0.730935
vt 0.107598 0.730935
vt 0.109669 0.730935
vt 0.007000 0.745591
vt 0.035383 0.745591
vt 0.063767 0.745591
vt 0.068433 0.745591
vt 0.086718 0.745591
vt 0.105003 0.745591
vt 0.109669 0.745591
vt 0.020427 0.537662
vt 0.047280 0.537662
vt 0.062526 0.537662
vt 0.074767 0.537662
vt 0.095608 0.537662
vt 0.107849 0.537662
vt 0.021192 0.752022
vt 0.049575 0.752022
vt 0.066100 0.752022
vt 0.077575 0.752022
vt 0.095860 0.752022
vt 0.107336 0.752022
vt 0.697530 0.307025
vt 0.725758 0.307025
vt 0.753987 0.307025
vt 0.757659 0.307025
vt 0.780130 0.307025
vt 0.802601 0.307025
vt 0.806273 0.307025
vt 0.697530 0.337083
vt 0.724951 0.337083
vt 0.752372 0.337083
vt 0.755157 0.337083
vt 0.779322 0.337083
vt 0.803488 0.337083
vt 0.806273 0.337083
vt 0.697530 0.365824
vt 0.724586 0.365824
vt 0.751642 0.365824
vt 0.753761 0.365824
vt 0.778958 0.365824
vt 0.804155 0.365824
vt 0.806273 0.365824
vt 0.697530 0.394740
vt 0.724556 0.394740
vt 0.751582 0.394740
vt 0.753620 0.394740
vt 0.778928 0.394740
vt 0.804235 0.394740
vt 0.806273 0.394740
vt 0.697530 0.422604
vt 0.724547 0.422604
vt 0.751565 0.422604
vt 0.753580 0.422604
vt 0.778919 0.422604
vt 0.804258 0.422604
vt 0.806273 0.422604
vt 0.697530 0.450048
vt 0.724544 0.450048
vt 0.751558 0.450048
vt 0.753563 0.450048
vt 0.778916 0.450048
vt 0.804268 0.450048
vt 0.806273 0.450048
vt 0.697530 0.476893
vt 0.724548 0.476893
vt 0.751565 0.476893
vt 0.753580 0.476893
vt 0.778919 0.476893
vt 0.804258 0.476893
vt 0.806273 0.476893
vt 0.697530 0.499910
vt 0.724566 0.499910
vt 0.751603 0.499910
vt 0.753669 0.499910
vt 0.778938 0.499910
vt 0.804207 0.499910
vt 0.806273 0.499910
vt 0.697530 0.515212
vt 0.727593 0.515212
vt 0.757655 0.515212
vt 0.762597 0.515212
vt 0.781964 0.515212
vt 0.801331 0.515212
vt 0.806273 0.515212
vt 0.711644 0.300381
vt 0.739873 0.300381
vt 0.755823 0.300381
vt 0.768894 0.300381
vt 0.791366 0.300381
vt 0.804437 0.300381
vt 0.712561 0.521856
vt 0.742624 0.521856
vt 0.760126 0.521856
vt 0.772281 0.521856
vt 0.791648 0.521856
vt 0.803802 0.521856
vt 0.706901 0.543359
vt 0.732399 0.543359
vt 0.757896 0.543359
vt 0.761499 0.543359
vt 0.780713 0.543359
vt 0.799927 0.543359
vt 0.803530 0.543359
vt 0.706901 0.572647
vt 0.731497 0.572647
vt 0.756093 0.572647
vt 0.758863 0.572647
vt 0.779811 0.572647
vt 0.800759 0.572647
vt 0.803530 0.572647
vt 0.706901 0.599371
vt 0.731055 0.599371
vt 0.755208 0.599371
vt 0.757333 0.599371
vt 0.779369 0.599371
vt 0.801404 0.599371
vt 0.803530 0.599371
vt 0.706901 0.625065
vt 0.731015 0.625065
vt 0.755129 0.625065
vt 0.757177 0.625065
vt 0.779329 0.625065
vt 0.801482 0.625065
vt 0.803530 0.625065
vt 0.706901 0.648323
vt 0.731004 0.648323
vt 0.755107 0.648323
vt 0.757131 0.648323
vt 0.779318 0.648323
vt 0.801506 0.648323
vt 0.803530 0.648323
vt 0.706901 0.670736
vt 0.731000 0.670736
vt 0.755098 0.670736
vt 0.757113 0.670736
vt 0.779314 0.670736
vt 0.801515 0.670736
vt 0.803530 0.670736
vt 0.706901 0.692653
vt 0.731004 0.692653
vt 0.755108 0.692653
vt 0.757132 0.692653
vt 0.779319 0.692653
vt 0.801505 0.692653
vt 0.803530 0.692653
vt 0.706901 0.710657
vt 0.731029 0.710657
vt 0.755156 0.710657
vt 0.757231 0.710657
vt 0.779343 0.710657
vt 0.801455 0.710657
vt 0.803530 0.710657
vt 0.706901 0.721867
vt 0.733615 0.721867
vt 0.760328 0.721867
vt 0.764720 0.721867
vt 0.781929 0.721867
vt 0.799138 0.721867
vt 0.803530 0.721867
vt 0.719650 0.537662
vt 0.745148 0.537662
vt 0.759698 0.537662
vt 0.771106 0.537662
vt 0.790320 0.537662
vt 0.801728 0.537662
vt 0.720258 0.727564
vt 0.746972 0.727564
vt 0.762524 0.727564
vt 0.773324 0.727564
vt 0.790534 0.727564
vt 0.801334 0.727564
vt 0.564376 0.763915
vt 0.587986 0.763915
vt 0.611595 0.763915
vt 0.614805 0.763915
vt 0.633090 0.763915
vt 0.651374 0.763915
vt 0.654584 0.763915
vt 0.564376 0.787539
vt 0.587234 0.787539
vt 0.610092 0.787539
vt 0.612552 0.787539
vt 0.632338 0.787539
vt 0.652125 0.787539
vt 0.654584 0.787539
vt 0.564376 0.812776
vt 0.586874 0.812776
vt 0.609372 0.812776
vt 0.611253 0.812776
vt 0.631978 0.812776
vt 0.652703 0.812776
vt 0.654584 0.812776
vt 0.564376 0.834213
vt 0.586842 0.834213
vt 0.609308 0.834213
vt 0.611118 0.834213
vt 0.631946 0.834213
vt 0.652775 0.834213
vt 0.654584 0.834213
vt 0.564376 0.854429
vt 0.586833 0.854429
vt 0.609289 0.854429
vt 0.611075 0.854429
vt 0.631937 0.854429
vt 0.652798 0.854429
vt 0.654584 0.854429
vt 0.564376 0.873712
vt 0.586828 0.873712
vt 0.609279 0.873712
vt 0.611054 0.873712
vt 0.631932 0.873712
vt 0.652810 0.873712
vt 0.654584 0.873712
vt 0.564376 0.891914
vt 0.586830 0.891914
vt 0.609284 0.891914
vt 0.611064 0.891914
vt 0.631934 0.891914
vt 0.652804 0.891914
vt 0.654584 0.891914
vt 0.564376 0.907205
vt 0.586848 0.907205
vt 0.609319 0.907205
vt 0.611141 0.907205
vt 0.631952 0.907205
vt 0.652762 0.907205
vt 0.654584 0.907205
vt 0.564376 0.917224
vt 0.589315 0.917224
vt 0.614254 0.917224
vt 0.618353 0.917224
vt 0.634419 0.917224
vt 0.650485 0.917224
vt 0.654584 0.917224
vt 0.576181 0.759022
vt 0.599791 0.759022
vt 0.613200 0.759022
vt 0.623948 0.759022
vt 0.642232 0.759022
vt 0.652979 0.759022
vt 0.576846 0.922117
vt 0.601784 0.922117
vt 0.616303 0.922117
vt 0.626386 0.922117
vt 0.642452 0.922117
vt 0.652535 0.922117
vt 0.661584 0.763737
vt 0.685194 0.763737
vt 0.708803 0.763737
vt 0.712014 0.763737
vt 0.730298 0.763737
vt 0.748582 0.763737
vt 0.751793 0.763737
vt 0.661584 0.786484
vt 0.684442 0.786484
vt 0.707300 0.786484
vt 0.709760 0.786484
vt 0.729546 0.786484
vt 0.749333 0.786484
vt 0.751793 0.786484
vt 0.661584 0.810869
vt 0.684082 0.810869
vt 0.706580 0.810869
vt 0.708461 0.810869
vt 0.729186 0.810869
vt 0.749911 0.810869
vt 0.751793 0.810869
vt 0.661584 0.831440
vt 0.684050 0.831440
vt 0.706516 0.831440
vt 0.708326 0.831440
vt 0.729155 0.831440
vt 0.749983 0.831440
vt 0.751793 0.831440
vt 0.661584 0.850851
vt 0.684041 0.850851
vt 0.706497 0.850851
vt 0.708283 0.850851
vt 0.729145 0.850851
vt 0.750006 0.850851
vt 0.751793 0.850851
vt 0.661584 0.869425
vt 0.684036 0.869425
vt 0.706487 0.869425
vt 0.708262 0.869425
vt 0.729140 0.869425
vt 0.750018 0.869425
vt 0.751793 0.869425
vt 0.661584 0.887027
vt 0.684038 0.887027
vt 0.706492 0.887027
vt 0.708272 0.887027
vt 0.729142 0.887027
vt 0.750012 0.887027
vt 0.751793 0.887027
vt 0.661584 0.901805
vt 0.684056 0.901805
vt 0.706527 0.901805
vt 0.708349 0.901805
vt 0.729160 0.901805
vt 0.749970 0.901805
vt 0.751793 0.901805
vt 0.661584 0.911460
vt 0.686523 0.911460
vt 0.711462 0.911460
vt 0.715561 0.911460
vt 0.731627 0.911460
vt 0.747693 0.911460
vt 0.751793 0.911460
vt 0.673389 0.759022
vt 0.696999 0.759022
vt 0.710409 0.759022
vt 0.721156 0.759022
vt 0.739440 0.759022
vt 0.750187 0.759022
vt 0.674054 0.916175
vt 0.698992 0.916175
vt 0.713512 0.916175
vt 0.723594 0.916175
vt 0.739660 0.916175
vt 0.749743 0.916175
vt 0.865379 0.014182
vt 0.890501 0.014182
vt 0.915623 0.014182
vt 0.919106 0.014182
vt 0.938300 0.014182
vt 0.957494 0.014182
vt 0.960978 0.014182
vt 0.865379 0.043208
vt 0.889753 0.043208
vt 0.914127 0.043208
vt 0.916915 0.043208
vt 0.937553 0.043208
vt 0.958191 0.043208
vt 0.960978 0.043208
vt 0.865379 0.076349
vt 0.889291 0.076349
vt 0.913203 0.076349
vt 0.915337 0.076349
vt 0.937090 0.076349
vt 0.958844 0.076349
vt 0.960978 0.076349
vt 0.865379 0.105196
vt 0.889217 0.105196
vt 0.913055 0.105196
vt 0.915041 0.105196
vt 0.937017 0.105196
vt 0.958993 0.105196
vt 0.960978 0.105196
vt 0.865379 0.132610
vt 0.889206 0.132610
vt 0.913032 0.132610
vt 0.914992 0.132610
vt 0.937005 0.132610
vt 0.959018 0.132610
vt 0.960978 0.132610
vt 0.865379 0.158423
vt 0.889198 0.158423
vt 0.913017 0.158423
vt 0.914959 0.158423
vt 0.936997 0.158423
vt 0.959036 0.158423
vt 0.960978 0.158423
vt 0.865379 0.182943
vt 0.889195 0.182943
vt 0.913012 0.182943
vt 0.914948 0.182943
vt 0.936995 0.182943
vt 0.959042 0.182943
vt 0.960978 0.182943
vt 0.865379 0.206554
vt 0.889201 0.206554
vt 0.913022 0.206554
vt 0.914971 0.206554
vt 0.937000 0.206554
vt 0.959029 0.206554
vt 0.960978 0.206554
vt 0.865379 0.226439
vt 0.889223 0.226439
vt 0.913068 0.226439
vt 0.915067 0.226439
vt 0.937023 0.226439
vt 0.958979 0.226439
vt 0.960978 0.226439
vt 0.865379 0.239232
vt 0.891808 0.239232
vt 0.918237 0.239232
vt 0.922581 0.239232
vt 0.939607 0.239232
vt 0.956633 0.239232
vt 0.960978 0.239232
vt 0.877940 0.007000
vt 0.903062 0.007000
vt 0.917364 0.007000
vt 0.928703 0.007000
vt 0.947897 0.007000
vt 0.959236 0.007000
vt 0.878593 0.246415
vt 0.905022 0.246415
vt 0.920409 0.246415
vt 0.931094 0.246415
vt 0.948120 0.246415
vt 0.958806 0.246415
vt 0.770840 0.014309
vt 0.794164 0.014309
vt 0.817488 0.014309
vt 0.820917 0.014309
vt 0.837934 0.014309
vt 0.854950 0.014309
vt 0.858379 0.014309
vt 0.770840 0.043404
vt 0.793365 0.043404
vt 0.815890 0.043404
vt 0.818660 0.043404
vt 0.837135 0.043404
vt 0.855609 0.043404
vt 0.858379 0.043404
vt 0.770840 0.076609
vt 0.792843 0.076609
vt 0.814847 0.076609
vt 0.816985 0.076609
vt 0.836613 0.076609
vt 0.856241 0.076609
vt 0.858379 0.076609
vt 0.770840 0.105526
vt 0.792756 0.105526
vt 0.814673 0.105526
vt 0.816665 0.105526
vt 0.836526 0.105526
vt 0.856387 0.105526
vt 0.858379 0.105526
vt 0.770840 0.133007
vt 0.792743 0.133007
vt 0.814646 0.133007
vt 0.816612 0.133007
vt 0.836512 0.133007
vt 0.856412 0.133007
vt 0.858379 0.133007
vt 0.770840 0.158886
vt 0.792733 0.158886
vt 0.814627 0.158886
vt 0.816577 0.158886
vt 0.836503 0.158886
vt 0.856429 0.158886
vt 0.858379 0.158886
vt 0.770840 0.183979
vt 0.792730 0.183979
vt 0.814621 0.183979
vt 0.816565 0.183979
vt 0.836500 0.183979
vt 0.856435 0.183979
vt 0.858379 0.183979
vt 0.770840 0.209288
vt 0.792737 0.209288
vt 0.814634 0.209288
vt 0.816589 0.209288
vt 0.836506 0.209288
vt 0.856423 0.209288
vt 0.858379 0.209288
vt 0.770840 0.230378
vt 0.792764 0.230378
vt 0.814688 0.230378
vt 0.816694 0.230378
vt 0.836534 0.230378
vt 0.856373 0.230378
vt 0.858379 0.230378
vt 0.770840 0.243327
vt 0.795040 0.243327
vt 0.819241 0.243327
vt 0.823219 0.243327
vt 0.838810 0.243327
vt 0.854400 0.243327
vt 0.858379 0.243327
vt 0.782502 0.007000
vt 0.805826 0.007000
vt 0.819203 0.007000
vt 0.829425 0.007000
vt 0.846442 0.007000
vt 0.856664 0.007000
vt 0.782940 0.250636
vt 0.807141 0.250636
vt 0.821230 0.250636
vt 0.831015 0.250636
vt 0.846605 0.250636
vt 0.856390 0.250636
vt 0.202861 0.014970
vt 0.228543 0.014970
vt 0.254226 0.014970
vt 0.257725 0.014970
vt 0.277591 0.014970
vt 0.297456 0.014970
vt 0.300955 0.014970
vt 0.202861 0.047178
vt 0.227812 0.047178
vt 0.252764 0.047178
vt 0.255556 0.047178
vt 0.276859 0.047178
vt 0.298163 0.047178
vt 0.300955 0.047178
vt 0.202861 0.083453
vt 0.227367 0.083453
vt 0.251874 0.083453
vt 0.254006 0.083453
vt 0.276414 0.083453
vt 0.298822 0.083453
vt 0.300955 0.083453
vt 0.202861 0.115498
vt 0.227297 0.115498
vt 0.251734 0.115498
vt 0.253717 0.115498
vt 0.276344 0.115498
vt 0.298971 0.115498
vt 0.300955 0.115498
vt 0.202861 0.145955
vt 0.227286 0.145955
vt 0.251712 0.145955
vt 0.253670 0.145955
vt 0.276333 0.145955
vt 0.298997 0.145955
vt 0.300955 0.145955
vt 0.202861 0.174634
vt 0.227279 0.174634
vt 0.251697 0.174634
vt 0.253638 0.174634
vt 0.276326 0.174634
vt 0.299014 0.174634
vt 0.300955 0.174634
vt 0.202861 0.201916
vt 0.227277 0.201916
vt 0.251693 0.201916
vt 0.253627 0.201916
vt 0.276324 0.201916
vt 0.299020 0.201916
vt 0.300955 0.201916
vt 0.202861 0.228279
vt 0.227282 0.228279
vt 0.251703 0.228279
vt 0.253649 0.228279
vt 0.276329 0.228279
vt 0.299008 0.228279
vt 0.300955 0.228279
vt 0.202861 0.250463
vt 0.227303 0.250463
vt 0.251746 0.250463
vt 0.253743 0.250463
vt 0.276350 0.250463
vt 0.298957 0.250463
vt 0.300955 0.250463
vt 0.202861 0.264685
vt 0.229979 0.264685
vt 0.257098 0.264685
vt 0.261556 0.264685
vt 0.279026 0.264685
vt 0.296497 0.264685
vt 0.300955 0.264685
vt 0.215702 0.007000
vt 0.241385 0.007000
vt 0.255976 0.007000
vt 0.267658 0.007000
vt 0.287523 0.007000
vt 0.299205 0.007000
vt 0.216420 0.272655
vt 0.243539 0.272655
vt 0.259327 0.272655
vt 0.270291 0.272655
vt 0.287762 0.272655
vt 0.298726 0.272655
vt 0.007000 0.307289
vt 0.030736 0.307289
vt 0.054471 0.307289
vt 0.057913 0.307289
vt 0.075432 0.307289
vt 0.092950 0.307289
vt 0.096392 0.307289
vt 0.007000 0.334522
vt 0.029948 0.334522
vt 0.052896 0.334522
vt 0.055671 0.334522
vt 0.074644 0.334522
vt 0.093618 0.334522
vt 0.096392 0.334522
vt 0.007000 0.365855
vt 0.029441 0.365855
vt 0.051881 0.365855
vt 0.054018 0.365855
vt 0.074137 0.365855
vt 0.094256 0.365855
vt 0.096392 0.365855
vt 0.007000 0.392855
vt 0.029357 0.392855
vt 0.051714 0.392855
vt 0.053704 0.392855
vt 0.074053 0.392855
vt 0.094402 0.392855
vt 0.096392 0.392855
vt 0.007000 0.418510
vt 0.029344 0.418510
vt 0.051687 0.418510
vt 0.053652 0.418510
vt 0.074040 0.418510
vt 0.094427 0.418510
vt 0.096392 0.418510
vt 0.007000 0.442669
vt 0.029335 0.442669
vt 0.051669 0.442669
vt 0.053617 0.442669
vt 0.074031 0.442669
vt 0.094444 0.442669
vt 0.096392 0.442669
vt 0.007000 0.466439
vt 0.029332 0.466439
vt 0.051663 0.466439
vt 0.053605 0.466439
vt 0.074028 0.466439
vt 0.094450 0.466439
vt 0.096392 0.466439
vt 0.007000 0.491136
vt 0.029338 0.491136
vt 0.051676 0.491136
vt 0.053629 0.491136
vt 0.074034 0.491136
vt 0.094438 0.491136
vt 0.096392 0.491136
vt 0.007000 0.511583
vt 0.029364 0.511583
vt 0.051728 0.511583
vt 0.053732 0.511583
vt 0.074060 0.511583
vt 0.094388 0.511583
vt 0.096392 0.511583
vt 0.007000 0.523754
vt 0.031713 0.523754
vt 0.056426 0.523754
vt 0.060489 0.523754
vt 0.076409 0.523754
vt 0.092329 0.523754
vt 0.096392 0.523754
vt 0.018868 0.300381
vt 0.042603 0.300381
vt 0.056192 0.300381
vt 0.066672 0.300381
vt 0.084191 0.300381
vt 0.094671 0.300381
vt 0.019356 0.530662
vt 0.044069 0.530662
vt 0.058457 0.530662
vt 0.068449 0.530662
vt 0.084369 0.530662
vt 0.094361 0.530662
vt 0.758793 0.763255
vt 0.783402 0.763255
vt 0.808012 0.763255
vt 0.810219 0.763255
vt 0.832176 0.763255
vt 0.854134 0.763255
vt 0.856341 0.763255
vt 0.758793 0.785396
vt 0.783343 0.785396
vt 0.807894 0.785396
vt 0.810018 0.785396
vt 0.832118 0.785396
vt 0.854217 0.785396
vt 0.856341 0.785396
vt 0.758793 0.807682
vt 0.783280 0.807682
vt 0.807766 0.807682
vt 0.809793 0.807682
vt 0.832054 0.807682
vt 0.854315 0.807682
vt 0.856341 0.807682
vt 0.758793 0.828809
vt 0.783265 0.828809
vt 0.807737 0.828809
vt 0.809740 0.828809
vt 0.832039 0.828809
vt 0.854339 0.828809
vt 0.856341 0.828809
vt 0.758793 0.847974
vt 0.783245 0.847974
vt 0.807697 0.847974
vt 0.809667 0.847974
vt 0.832019 0.847974
vt 0.854372 0.847974
vt 0.856341 0.847974
vt 0.758793 0.863270
vt 0.783231 0.863270
vt 0.807669 0.863270
vt 0.809614 0.863270
vt 0.832005 0.863270
vt 0.854396 0.863270
vt 0.856341 0.863270
vt 0.758793 0.876382
vt 0.783227 0.876382
vt 0.807662 0.876382
vt 0.809600 0.876382
vt 0.832002 0.876382
vt 0.854403 0.876382
vt 0.856341 0.876382
vt 0.758793 0.887896
vt 0.783246 0.887896
vt 0.807700 0.887896
vt 0.809672 0.887896
vt 0.832021 0.887896
vt 0.854370 0.887896
vt 0.856341 0.887896
vt 0.758793 0.895891
vt 0.786316 0.895891
vt 0.813839 0.895891
vt 0.818147 0.895891
vt 0.835090 0.895891
vt 0.852033 0.895891
vt 0.856341 0.895891
vt 0.771097 0.759022
vt 0.795707 0.759022
vt 0.809115 0.759022
vt 0.821198 0.759022
vt 0.843155 0.759022
vt 0.855238 0.759022
vt 0.772554 0.900124
vt 0.800077 0.900124
vt 0.815993 0.900124
vt 0.826619 0.900124
vt 0.843561 0.900124
vt 0.854187 0.900124
vt 0.509408 0.543554
vt 0.532313 0.543554
vt 0.555217 0.543554
vt 0.557427 0.543554
vt 0.578186 0.543554
vt 0.598945 0.543554
vt 0.601155 0.543554
vt 0.509408 0.573453
vt 0.532273 0.573453
vt 0.555137 0.573453
vt 0.557262 0.573453
vt 0.578146 0.573453
vt 0.599030 0.573453
vt 0.601155 0.573453
vt 0.509408 0.607104
vt 0.532230 0.607104
vt 0.555052 0.607104
vt 0.557078 0.607104
vt 0.578103 0.607104
vt 0.599129 0.607104
vt 0.601155 0.607104
vt 0.509408 0.637918
vt 0.532220 0.637918
vt 0.555032 0.637918
vt 0.557035 0.637918
vt 0.578094 0.637918
vt 0.599153 0.637918
vt 0.601155 0.637918
vt 0.509408 0.664754
vt 0.532207 0.664754
vt 0.555006 0.664754
vt 0.556975 0.664754
vt 0.578081 0.664754
vt 0.599186 0.664754
vt 0.601155 0.664754
vt 0.509408 0.684879
vt 0.532198 0.684879
vt 0.554988 0.684879
vt 0.556932 0.684879
vt 0.578071 0.684879
vt 0.599211 0.684879
vt 0.601155 0.684879
vt 0.509408 0.702282
vt 0.532196 0.702282
vt 0.554983 0.702282
vt 0.556921 0.702282
vt 0.578069 0.702282
vt 0.599217 0.702282
vt 0.601155 0.702282
vt 0.509408 0.717558
vt 0.532208 0.717558
vt 0.555008 0.717558
vt 0.556979 0.717558
vt 0.578082 0.717558
vt 0.599184 0.717558
vt 0.601155 0.717558
vt 0.509408 0.728177
vt 0.534368 0.728177
vt 0.559328 0.728177
vt 0.563568 0.728177
vt 0.580241 0.728177
vt 0.596914 0.728177
vt 0.601155 0.728177
vt 0.520861 0.537662
vt 0.543765 0.537662
vt 0.556322 0.537662
vt 0.567807 0.537662
vt 0.588566 0.537662
vt 0.600050 0.537662
vt 0.521888 0.734069
vt 0.546848 0.734069
vt 0.561448 0.734069
vt 0.571905 0.734069
vt 0.588578 0.734069
vt 0.599034 0.734069
vt 0.007000 0.015591
vt 0.029364 0.015591
vt 0.051727 0.015591
vt 0.053940 0.015591
vt 0.074829 0.015591
vt 0.095717 0.015591
vt 0.097930 0.015591
vt 0.007000 0.049081
vt 0.029349 0.049081
vt 0.051698 0.049081
vt 0.053824 0.049081
vt 0.074814 0.049081
vt 0.095804 0.049081
vt 0.097930 0.049081
vt 0.007000 0.095078
vt 0.029335 0.095078
vt 0.051670 0.095078
vt 0.053696 0.095078
vt 0.074800 0.095078
vt 0.095904 0.095078
vt 0.097930 0.095078
vt 0.007000 0.144099
vt 0.029332 0.144099
vt 0.051664 0.144099
vt 0.053666 0.144099
vt 0.074797 0.144099
vt 0.095929 0.144099
vt 0.097930 0.144099
vt 0.007000 0.185023
vt 0.029328 0.185023
vt 0.051657 0.185023
vt 0.053624 0.185023
vt 0.074794 0.185023
vt 0.095963 0.185023
vt 0.097930 0.185023
vt 0.007000 0.214365
vt 0.029326 0.214365
vt 0.051652 0.214365
vt 0.053595 0.214365
vt 0.074791 0.214365
vt 0.095988 0.214365
vt 0.097930 0.214365
vt 0.007000 0.242236
vt 0.029325 0.242236
vt 0.051651 0.242236
vt 0.053587 0.242236
vt 0.074791 0.242236
vt 0.095994 0.242236
vt 0.097930 0.242236
vt 0.007000 0.267166
vt 0.029329 0.267166
vt 0.051657 0.267166
vt 0.053627 0.267166
vt 0.074794 0.267166
vt 0.095960 0.267166
vt 0.097930 0.267166
vt 0.007000 0.284789
vt 0.030554 0.284789
vt 0.054109 0.284789
vt 0.058458 0.284789
vt 0.076020 0.284789
vt 0.093581 0.284789
vt 0.097930 0.284789
vt 0.018182 0.007000
vt 0.040545 0.007000
vt 0.052834 0.007000
vt 0.064384 0.007000
vt 0.085273 0.007000
vt 0.096824 0.007000
vt 0.018777 0.293381
vt 0.042332 0.293381
vt 0.056283 0.293381
vt 0.067239 0.293381
vt 0.084800 0.293381
vt 0.095756 0.293381
vt 0.103392 0.307261
vt 0.113801 0.307261
vt 0.124209 0.307261
vt 0.125325 0.307261
vt 0.135003 0.307261
vt 0.144681 0.307261
vt 0.145796 0.307261
vt 0.103392 0.349930
vt 0.113791 0.349930
vt 0.124190 0.349930
vt 0.125244 0.349930
vt 0.134993 0.349930
vt 0.144743 0.349930
vt 0.145796 0.349930
vt 0.103392 0.394926
vt 0.113785 0.394926
vt 0.124179 0.394926
vt 0.125182 0.394926
vt 0.134988 0.394926
vt 0.144794 0.394926
vt 0.145796 0.394926
vt 0.103392 0.434395
vt 0.113784 0.434395
vt 0.124176 0.434395
vt 0.125167 0.434395
vt 0.134986 0.434395
vt 0.144806 0.434395
vt 0.145796 0.434395
vt 0.103392 0.461287
vt 0.113783 0.461287
vt 0.124174 0.461287
vt 0.125153 0.461287
vt 0.134985 0.461287
vt 0.144817 0.461287
vt 0.145796 0.461287
vt 0.103392 0.485992
vt 0.113783 0.485992
vt 0.124174 0.485992
vt 0.125152 0.485992
vt 0.134985 0.485992
vt 0.144818 0.485992
vt 0.145796 0.485992
vt 0.103392 0.507683
vt 0.113785 0.507683
vt 0.124178 0.507683
vt 0.125176 0.507683
vt 0.134987 0.507683
vt 0.144798 0.507683
vt 0.145796 0.507683
vt 0.103392 0.522850
vt 0.114253 0.522850
vt 0.125114 0.522850
vt 0.127153 0.522850
vt 0.135455 0.522850
vt 0.143757 0.522850
vt 0.145796 0.522850
vt 0.108596 0.300381
vt 0.119005 0.300381
vt 0.124767 0.300381
vt 0.130164 0.300381
vt 0.139842 0.300381
vt 0.145239 0.300381
vt 0.108823 0.529731
vt 0.119684 0.529731
vt 0.126134 0.529731
vt 0.131304 0.529731
vt 0.139606 0.529731
vt 0.144777 0.529731
vt 0.863341 0.763255
vt 0.887951 0.763255
vt 0.912560 0.763255
vt 0.914768 0.763255
vt 0.936725 0.763255
vt 0.958683 0.763255
vt 0.960890 0.763255
vt 0.863341 0.785396
vt 0.887892 0.785396
vt 0.912443 0.785396
vt 0.914566 0.785396
vt 0.936666 0.785396
vt 0.958766 0.785396
vt 0.960890 0.785396
vt 0.863341 0.807682
vt 0.887828 0.807682
vt 0.912315 0.807682
vt 0.914342 0.807682
vt 0.936603 0.807682
vt 0.958864 0.807682
vt 0.960890 0.807682
vt 0.863341 0.828809
vt 0.887814 0.828809
vt 0.912286 0.828809
vt 0.914288 0.828809
vt 0.936588 0.828809
vt 0.958888 0.828809
vt 0.960890 0.828809
vt 0.863341 0.847974
vt 0.887794 0.847974
vt 0.912246 0.847974
vt 0.914216 0.847974
vt 0.936568 0.847974
vt 0.958921 0.847974
vt 0.960890 0.847974
vt 0.863341 0.863270
vt 0.887780 0.863270
vt 0.912218 0.863270
vt 0.914163 0.863270
vt 0.936554 0.863270
vt 0.958945 0.863270
vt 0.960890 0.863270
vt 0.863341 0.876382
vt 0.887776 0.876382
vt 0.912211 0.876382
vt 0.914149 0.876382
vt 0.936551 0.876382
vt 0.958952 0.876382
vt 0.960890 0.876382
vt 0.863341 0.887896
vt 0.887795 0.887896
vt 0.912249 0.887896
vt 0.914221 0.887896
vt 0.936570 0.887896
vt 0.958919 0.887896
vt 0.960890 0.887896
vt 0.863341 0.895891
vt 0.890864 0.895891
vt 0.918387 0.895891
vt 0.922696 0.895891
vt 0.939639 0.895891
vt 0.956582 0.895891
vt 0.960890 0.895891
vt 0.875646 0.759022
vt 0.900256 0.759022
vt 0.913664 0.759022
vt 0.925747 0.759022
vt 0.947704 0.759022
vt 0.959787 0.759022
vt 0.877103 0.900124
vt 0.904626 0.900124
vt 0.920542 0.900124
vt 0.931167 0.900124
vt 0.948110 0.900124
vt 0.958736 0.900124
vt 0.608155 0.543554
vt 0.631059 0.543554
vt 0.653964 0.543554
vt 0.656174 0.543554
vt 0.676933 0.543554
vt 0.697692 0.543554
vt 0.699901 0.543554
vt 0.608155 0.573453
vt 0.631019 0.573453
vt 0.653883 0.573453
vt 0.656008 0.573453
vt 0.676892 0.573453
vt 0.697776 0.573453
vt 0.699901 0.573453
vt 0.608155 0.607104
vt 0.630977 0.607104
vt 0.653798 0.607104
vt 0.655825 0.607104
vt 0.676850 0.607104
vt 0.697875 0.607104
vt 0.699901 0.607104
vt 0.608155 0.637918
vt 0.630967 0.637918
vt 0.653779 0.637918
vt 0.655781 0.637918
vt 0.676840 0.637918
vt 0.697899 0.637918
vt 0.699901 0.637918
vt 0.608155 0.664754
vt 0.630954 0.664754
vt 0.653753 0.664754
vt 0.655722 0.664754
vt 0.676827 0.664754
vt 0.697933 0.664754
vt 0.699901 0.664754
vt 0.608155 0.684879
vt 0.630945 0.684879
vt 0.653735 0.684879
vt 0.655679 0.684879
vt 0.676818 0.684879
vt 0.697957 0.684879
vt 0.699901 0.684879
vt 0.608155 0.702282
vt 0.630942 0.702282
vt 0.653730 0.702282
vt 0.655668 0.702282
vt 0.676816 0.702282
vt 0.697964 0.702282
vt 0.699901 0.702282
vt 0.608155 0.717558
vt 0.630955 0.717558
vt 0.653755 0.717558
vt 0.655726 0.717558
vt 0.676828 0.717558
vt 0.697930 0.717558
vt 0.699901 0.717558
vt 0.608155 0.728177
vt 0.633115 0.728177
vt 0.658074 0.728177
vt 0.662315 0.728177
vt 0.678988 0.728177
vt 0.695661 0.728177
vt 0.699901 0.728177
vt 0.619607 0.537662
vt 0.642512 0.537662
vt 0.655069 0.537662
vt 0.666553 0.537662
vt 0.687312 0.537662
vt 0.698796 0.537662
vt 0.620635 0.734069
vt 0.645594 0.734069
vt 0.660195 0.734069
vt 0.670651 0.734069
vt 0.687324 0.734069
vt 0.697781 0.734069
vt 0.104930 0.015591
vt 0.127294 0.015591
vt 0.149657 0.015591
vt 0.151870 0.015591
vt 0.172759 0.015591
vt 0.193648 0.015591
vt 0.195861 0.015591
vt 0.104930 0.049081
vt 0.127279 0.049081
vt 0.149628 0.049081
vt 0.151755 0.049081
vt 0.172744 0.049081
vt 0.193734 0.049081
vt 0.195861 0.049081
vt 0.104930 0.095078
vt 0.127265 0.095078
vt 0.149600 0.095078
vt 0.151626 0.095078
vt 0.172730 0.095078
vt 0.193835 0.095078
vt 0.195861 0.095078
vt 0.104930 0.144099
vt 0.127262 0.144099
vt 0.149595 0.144099
vt 0.151596 0.144099
vt 0.172728 0.144099
vt 0.193859 0.144099
vt 0.195861 0.144099
vt 0.104930 0.185023
vt 0.127259 0.185023
vt 0.149587 0.185023
vt 0.151555 0.185023
vt 0.172724 0.185023
vt 0.193893 0.185023
vt 0.195861 0.185023
vt 0.104930 0.214365
vt 0.127256 0.214365
vt 0.149582 0.214365
vt 0.151525 0.214365
vt 0.172721 0.214365
vt 0.193918 0.214365
vt 0.195861 0.214365
vt 0.104930 0.242236
vt 0.127256 0.242236
vt 0.149581 0.242236
vt 0.151517 0.242236
vt 0.172721 0.242236
vt 0.193925 0.242236
vt 0.195861 0.242236
vt 0.104930 0.267166
vt 0.127259 0.267166
vt 0.149588 0.267166
vt 0.151558 0.267166
vt 0.172724 0.267166
vt 0.193891 0.267166
vt 0.195861 0.267166
vt 0.104930 0.284789
vt 0.128485 0.284789
vt 0.152039 0.284789
vt 0.156388 0.284789
vt 0.173950 0.284789
vt 0.191511 0.284789
vt 0.195861 0.284789
vt 0.116112 0.007000
vt 0.138476 0.007000
vt 0.150764 0.007000
vt 0.162315 0.007000
vt 0.183203 0.007000
vt 0.194754 0.007000
vt 0.116707 0.293381
vt 0.140262 0.293381
vt 0.154214 0.293381
vt 0.165169 0.293381
vt 0.182731 0.293381
vt 0.193686 0.293381
vt 0.152796 0.307261
vt 0.163205 0.307261
vt 0.173614 0.307261
vt 0.174729 0.307261
vt 0.184407 0.307261
vt 0.194086 0.307261
vt 0.195201 0.307261
vt 0.152796 0.349930
vt 0.163196 0.349930
vt 0.173595 0.349930
vt 0.174649 0.349930
vt 0.184398 0.349930
vt 0.194147 0.349930
vt 0.195201 0.349930
vt 0.152796 0.394926
vt 0.163190 0.394926
vt 0.173583 0.394926
vt 0.174586 0.394926
vt 0.184392 0.394926
vt 0.194198 0.394926
vt 0.195201 0.394926
vt 0.152796 0.434395
vt 0.163189 0.434395
vt 0.173581 0.434395
vt 0.174571 0.434395
vt 0.184391 0.434395
vt 0.194210 0.434395
vt 0.195201 0.434395
vt 0.152796 0.461287
vt 0.163188 0.461287
vt 0.173579 0.461287
vt 0.174558 0.461287
vt 0.184390 0.461287
vt 0.194222 0.461287
vt 0.195201 0.461287
vt 0.152796 0.485992
vt 0.163188 0.485992
vt 0.173579 0.485992
vt 0.174557 0.485992
vt 0.184390 0.485992
vt 0.194223 0.485992
vt 0.195201 0.485992
vt 0.152796 0.507683
vt 0.163189 0.507683
vt 0.173582 0.507683
vt 0.174580 0.507683
vt 0.184392 0.507683
vt 0.194203 0.507683
vt 0.195201 0.507683
vt 0.152796 0.522850
vt 0.163658 0.522850
vt 0.174519 0.522850
vt 0.176558 0.522850
vt 0.184860 0.522850
vt 0.193162 0.522850
vt 0.195201 0.522850
vt 0.158001 0.300381
vt 0.168410 0.300381
vt 0.174172 0.300381
vt 0.179568 0.300381
vt 0.189246 0.300381
vt 0.194643 0.300381
vt 0.158227 0.529731
vt 0.169088 0.529731
vt 0.175538 0.529731
vt 0.180709 0.529731
vt 0.189011 0.529731
vt 0.194181 0.529731
vn 0.01562 0.99572 -0.09110
vn 0.03990 0.99454 -0.09644
vn 0.07044 0.99310 -0.09377
vn 0.10159 0.99153 -0.08092
vn 0.12933 0.98993 -0.05749
vn 0.14998 0.98838 -0.02458
vn 0.16106 0.98686 0.01272
vn 0.15836 0.98501 0.06839
vn 0.14621 0.98243 0.11597
vn 0.12462 0.98045 0.15225
vn 0.08457 0.97953 0.18269
vn 0.03597 0.97893 0.20100
vn -0.01223 0.97880 0.20447
vn -0.06302 0.97935 0.19211
vn -0.10626 0.98018 0.16722
vn -0.13404 0.98176 0.13483
vn -0.15215 0.98445 0.08782
vn -0.15871 0.98679 0.03248
vn -0.15300 0.98821 -0.00615
vn -0.13679 0.98972 -0.04165
vn -0.11212 0.99130 -0.06892
vn -0.08237 0.99287 -0.08619
vn -0.05128 0.99432 -0.09323
vn -0.02157 0.99554 -0.09189
vn 0.00946 0.98366 -0.17977
vn 0.07954 0.97998 -0.18252
vn 0.15708 0.97060 -0.18239
vn 0.24238 0.95498 -0.17105
vn 0.33265 0.93335 -0.13492
vn 0.41711 0.90658 -0.06424
vn 0.48759 0.87254 0.03049
vn 0.52846 0.83443 0.15639
vn 0.50765 0.80172 0.31550
vn 0.42721 0.78092 0.45569
vn 0.29346 0.77261 0.56299
vn 0.13845 0.76738 0.62607
vn -0.02492 0.76624 0.64207
vn -0.19041 0.77117 0.60749
vn -0.33509 0.77886 0.53019
vn -0.44092 0.79562 0.41544
vn -0.49682 0.82713 0.26274
vn -0.49114 0.86474 0.10488
vn -0.43882 0.89842 -0.01644
vn -0.36692 0.92563 -0.09264
vn -0.28027 0.94855 -0.14732
vn -0.19310 0.96589 -0.17251
vn -0.11332 0.97720 -0.17953
vn -0.04437 0.98281 -0.17919
vn 0.04220 0.92683 -0.37310
vn 0.13685 0.88572 -0.44360
vn 0.30392 0.82932 -0.46890
vn 0.48852 0.76023 -0.42825
vn 0.65683 0.68183 -0.32198
vn 0.78313 0.60080 -0.16047
vn 0.85013 0.52492 0.04172
vn 0.85647 0.44922 0.25428
vn 0.78895 0.38580 0.47825
vn 0.65551 0.34224 0.67318
vn 0.46429 0.32200 0.82508
vn 0.23710 0.31228 0.91993
vn -0.00503 0.30685 0.95174
vn -0.24972 0.31000 0.91735
vn -0.47588 0.31849 0.81982
vn -0.66355 0.33541 0.66873
vn -0.79941 0.37796 0.46701
vn -0.86158 0.44888 0.23704
vn -0.84066 0.54150 0.00893
vn -0.75199 0.63318 -0.18328
vn -0.60671 0.72180 -0.33302
vn -0.42823 0.80264 -0.41520
vn -0.24575 0.86980 -0.42784
vn -0.08966 0.91759 -0.38729
vn 0.04541 0.72332 -0.68901
vn 0.23688 0.63275 -0.73724
vn 0.45713 0.49123 -0.74144
vn 0.66835 0.35063 -0.65602
vn 0.84694 0.24237 -0.47323
vn 0.95935 0.16008 -0.23244
vn 0.99553 0.09298 0.01633
vn 0.96672 0.03765 0.25305
vn 0.87266 0.00260 0.48832
vn 0.71355 -0.01417 0.70046
vn 0.50349 -0.02015 0.86376
vn 0.26157 -0.02211 0.96493
vn 0.00190 -0.02317 0.99973
vn -0.25846 -0.02295 0.96575
vn -0.50019 -0.02176 0.86564
vn -0.70856 -0.01938 0.70538
vn -0.86907 -0.01051 0.49457
vn -0.96645 0.00981 0.25665
vn -0.99880 0.04794 0.01041
vn -0.96350 0.11092 -0.24366
vn -0.84961 0.20820 -0.48458
vn -0.66738 0.34495 -0.66001
vn -0.43401 0.50779 -0.74416
vn -0.19508 0.65544 -0.72961
vn 0.03075 0.31632 -0.94815
vn 0.25217 0.22731 -0.94061
vn 0.50236 0.11638 -0.85679
vn 0.70404 0.02781 -0.70961
vn 0.85194 -0.03107 -0.52271
vn 0.95853 -0.04835 -0.28087
vn 0.99917 -0.03935 -0.01019
vn 0.96746 -0.02858 0.25138
vn 0.86953 -0.02478 0.49326
vn 0.70985 -0.02425 0.70393
vn 0.50157 -0.02544 0.86474
vn 0.26027 -0.02731 0.96515
vn 0.00256 -0.02785 0.99961
vn -0.25699 -0.02593 0.96606
vn -0.49902 -0.02427 0.86625
vn -0.70808 -0.02378 0.70573
vn -0.86792 -0.02468 0.49609
vn -0.96717 -0.02625 0.25276
vn -0.99944 -0.03289 -0.00570
vn -0.96268 -0.04645 -0.26662
vn -0.85734 -0.05136 -0.51219
vn -0.70179 -0.02910 -0.71179
vn -0.49728 0.05203 -0.86603
vn -0.25116 0.20044 -0.94696
vn 0.00580 0.01158 -0.99992
vn 0.22438 -0.00468 -0.97449
vn 0.44811 -0.06482 -0.89163
vn 0.67993 -0.05476 -0.73123
vn 0.84937 -0.03490 -0.52665
vn 0.95688 -0.02922 -0.28900
vn 0.99917 -0.02712 -0.03055
vn 0.97262 -0.02808 0.23071
vn 0.87767 -0.04713 0.47694
vn 0.72454 -0.08218 0.68432
vn 0.51634 -0.10163 0.85033
vn 0.27642 -0.11500 0.95413
vn 0.02150 -0.12024 0.99251
vn -0.23683 -0.10948 0.96536
vn -0.48114 -0.09093 0.87192
vn -0.69407 -0.06017 0.71739
vn -0.85966 -0.02873 0.51006
vn -0.96285 -0.02483 0.26889
vn -0.99960 -0.02659 0.00962
vn -0.96786 -0.02862 -0.24985
vn -0.86959 -0.03102 -0.49280
vn -0.71150 -0.04068 -0.70150
vn -0.50166 -0.07303 -0.86198
vn -0.25530 -0.07557 -0.96390
vn -0.06265 -0.50849 -0.85879
vn -0.01109 -0.47797 -0.87831
vn 0.21718 -0.43218 -0.87525
vn 0.44881 -0.40515 -0.79650
vn 0.65601 -0.38671 -0.64816
vn 0.81605 -0.37040 -0.44370
vn 0.90999 -0.35439 -0.21525
vn 0.92854 -0.36860 0.04416
vn 0.84494 -0.44353 0.29892
vn 0.66099 -0.54438 0.51647
vn 0.44816 -0.60991 0.65358
vn 0.24400 -0.64707 0.72233
vn 0.02577 -0.66740 0.74425
vn -0.19029 -0.65434 0.73187
vn -0.40050 -0.62151 0.67329
vn -0.63560 -0.55419 0.53748
vn -0.84181 -0.42515 0.33257
vn -0.93547 -0.34698 0.06708
vn -0.91471 -0.35684 -0.18964
vn -0.82292 -0.37245 -0.42905
vn -0.66462 -0.38876 -0.63808
vn -0.45871 -0.40730 -0.78974
vn -0.23062 -0.42830 -0.87371
vn -0.01465 -0.46406 -0.88568
vn 0.01014 -0.94029 -0.34021
vn -0.38819 -0.86316 -0.32291
vn -0.40803 -0.84771 -0.33896
vn -0.40641 -0.84136 -0.35630
vn -0.40289 -0.83326 -0.37862
vn -0.39735 -0.81935 -0.41325
vn -0.38021 -0.78711 -0.48569
vn -0.34853 -0.75422 -0.55648
vn -0.30650 -0.73334 -0.60686
vn -0.28956 -0.72258 -0.62772
vn -0.24883 -0.72062 -0.64714
vn -0.11682 -0.71010 -0.69434
vn 0.00303 -0.70328 -0.71091
vn 0.12026 -0.70948 -0.69439
vn 0.25409 -0.71990 -0.64589
vn 0.30141 -0.72313 -0.62148
vn 0.31572 -0.73581 -0.59909
vn 0.34888 -0.75912 -0.54955
vn 0.37354 -0.79260 -0.48193
vn 0.38861 -0.82527 -0.40978
vn 0.39236 -0.83848 -0.37815
vn 0.39552 -0.84531 -0.35918
vn 0.39826 -0.85010 -0.34455
vn 0.38166 -0.86347 -0.32977
vn -0.00000 0.99965 0.02640
vn 0.00000 -0.83895 -0.54421
vn -0.26403 0.92685 -0.26690
vn -0.22739 0.96277 0.14618
vn -0.25921 0.88179 0.39403
vn -0.05268 -0.99849 0.01563
vn -0.03289 -0.99938 0.01246
vn -0.13472 -0.98769 -0.07946
vn -0.10599 0.92257 -0.37098
vn -0.05920 0.99751 0.03835
vn 0.01716 0.93306 0.35932
vn -0.04533 -0.99784 0.04765
vn -0.03305 -0.99942 0.00762
vn -0.03812 -0.99829 -0.04423
vn 0.15714 0.86035 -0.48488
vn 0.21138 0.97740 0.00055
vn 0.21898 0.88767 0.40509
vn -0.28113 -0.95466 0.09795
vn -0.23746 -0.97016 0.04896
vn -0.20340 -0.97864 -0.02977
vn 0.51551 0.60445 -0.60737
vn 0.61383 0.77752 -0.13669
vn 0.57942 0.72892 0.36462
vn -0.65289 -0.72973 0.20306
vn -0.58927 -0.79961 0.11571
vn -0.50872 -0.85965 0.04705
vn 0.70229 0.28168 -0.65379
vn 0.90016 0.37845 -0.21561
vn 0.89567 0.33817 0.28881
vn -0.88141 -0.39437 0.25998
vn -0.88209 -0.43459 0.18182
vn -0.86182 -0.49066 0.12852
vn 0.70977 0.24495 -0.66048
vn 0.93796 0.24282 -0.24754
vn 0.94920 0.14925 0.27702
vn -0.88320 -0.39092 0.25913
vn -0.92300 -0.33880 0.18243
vn -0.93070 -0.33502 0.14680
vn 0.68395 0.31819 -0.65648
vn 0.90918 0.34130 -0.23854
vn 0.92755 0.23111 0.29367
vn -0.82274 -0.51582 0.23879
vn -0.86940 -0.46756 0.15980
vn -0.87523 -0.46862 0.11990
vn 0.67967 0.26303 -0.68473
vn 0.90187 0.32722 -0.28208
vn 0.93131 0.23307 0.27987
vn -0.81361 -0.51823 0.26359
vn -0.86083 -0.48296 0.16036
vn -0.85336 -0.50575 0.12643
vn 0.65061 0.06809 -0.75635
vn 0.90796 0.17497 -0.38077
vn 0.96712 0.08857 0.23839
vn -0.82149 -0.45713 0.34085
vn -0.90352 -0.38745 0.18312
vn -0.89243 -0.41800 0.16985
vn 0.14467 -0.34970 -0.92562
vn 0.79674 -0.02606 -0.60376
vn 0.96735 -0.12730 0.21914
vn -0.19185 -0.66172 0.72479
vn -0.94794 -0.25068 0.19641
vn -0.93413 -0.26611 0.23786
vn -0.98633 -0.04950 0.15715
vn 0.09516 -0.98522 -0.14246
vn -0.22392 0.92615 -0.30349
vn -0.32806 0.94416 -0.03068
vn -0.46316 0.87723 0.12633
vn -0.05241 -0.99664 0.06288
vn -0.01141 -0.99964 -0.02438
vn -0.07224 -0.98053 -0.18262
vn -0.08644 0.94290 -0.32167
vn -0.18183 0.98288 -0.02980
vn -0.21703 0.95236 0.21425
vn 0.01707 -0.99139 0.12986
vn 0.05681 -0.99829 0.01361
vn 0.09644 -0.99092 -0.09368
vn 0.10197 0.94266 -0.31779
vn -0.03657 0.99913 0.01989
vn -0.13673 0.94192 0.30675
vn -0.08330 -0.98849 0.12626
vn -0.02216 -0.99969 -0.01113
vn 0.04751 -0.98845 -0.14391
vn 0.49372 0.83038 -0.25828
vn 0.35736 0.92902 0.09603
vn 0.19536 0.88386 0.42500
vn -0.41185 -0.90870 0.06813
vn -0.31522 -0.94563 -0.08016
vn -0.18892 -0.95756 -0.21766
vn 0.75254 0.62283 -0.21392
vn 0.69246 0.70709 0.14326
vn 0.55446 0.66748 0.49704
vn -0.68936 -0.72420 0.01804
vn -0.63044 -0.76252 -0.14530
vn -0.53626 -0.79296 -0.28919
vn 0.89723 0.39697 -0.19337
vn 0.87677 0.45016 0.16922
vn 0.74883 0.40343 0.52583
vn -0.85925 -0.51135 -0.01433
vn -0.82449 -0.53574 -0.18224
vn -0.75178 -0.57075 -0.33026
vn 0.95467 0.21663 -0.20415
vn 0.95702 0.24462 0.15580
vn 0.83103 0.17957 0.52645
vn -0.92791 -0.37241 -0.01685
vn -0.91313 -0.35883 -0.19345
vn -0.85778 -0.38368 -0.34204
vn 0.96650 0.10107 -0.23593
vn 0.98582 0.10822 0.12825
vn 0.85859 0.01614 0.51240
vn -0.92792 -0.37262 -0.01057
vn -0.93643 -0.29151 -0.19524
vn -0.89319 -0.28625 -0.34679
vn 0.94344 -0.03473 -0.32973
vn 0.99776 0.03277 0.05831
vn 0.87215 -0.06921 0.48432
vn -0.90176 -0.43049 0.03877
vn -0.93461 -0.30512 -0.18276
vn -0.89194 -0.30024 -0.33808
vn 0.49183 -0.39982 -0.77346
vn 0.98571 -0.08636 -0.14465
vn 0.86616 -0.22426 0.44662
vn -0.39097 -0.77598 0.49498
vn -0.95846 -0.25724 -0.12323
vn -0.92372 -0.22756 -0.30817
vn -0.94121 -0.11462 -0.31778
vn 0.11367 -0.97375 -0.19720
vn 0.11217 0.91916 -0.37757
vn -0.25009 0.95941 -0.13034
vn -0.49072 0.87085 -0.02843
vn -0.03825 -0.99862 -0.03607
vn -0.02537 -0.99948 -0.01978
vn 0.00902 -0.98726 -0.15887
vn 0.28363 0.91311 -0.29289
vn -0.06942 0.99681 -0.03931
vn -0.32425 0.92499 0.19811
vn -0.06178 -0.99803 -0.01071
vn -0.01937 -0.99960 -0.02084
vn 0.02591 -0.99824 -0.05327
vn 0.49987 0.85566 -0.13407
vn 0.08296 0.98295 0.16410
vn -0.27968 0.87968 0.38462
vn -0.20581 -0.96294 -0.17435
vn -0.14285 -0.97574 -0.16590
vn -0.05682 -0.98193 -0.18053
vn 0.77638 0.61943 0.11637
vn 0.39587 0.80265 0.44613
vn -0.08061 0.73785 0.67014
vn -0.47389 -0.76094 -0.44317
vn -0.36514 -0.82379 -0.43363
vn -0.26344 -0.87773 -0.40023
vn 0.91014 0.31871 0.26471
vn 0.60854 0.42723 0.66870
vn 0.13890 0.37860 0.91508
vn -0.64007 -0.44437 -0.62678
vn -0.56864 -0.48333 -0.66561
vn -0.50712 -0.53703 -0.67411
vn 0.92403 0.26918 0.27150
vn 0.66537 0.28656 0.68933
vn 0.18194 0.19471 0.96384
vn -0.64834 -0.42454 -0.63199
vn -0.59394 -0.38079 -0.70868
vn -0.56435 -0.38179 -0.73194
vn 0.90627 0.33915 0.25228
vn 0.64053 0.37165 0.67201
vn 0.15746 0.25507 0.95402
vn -0.59705 -0.54590 -0.58781
vn -0.54833 -0.49766 -0.67206
vn -0.51468 -0.49823 -0.69777
vn 0.92800 0.28680 0.23781
vn 0.67362 0.36553 0.64235
vn 0.16567 0.26817 0.94902
vn -0.61245 -0.55193 -0.56593
vn -0.53911 -0.52038 -0.66224
vn -0.50378 -0.54458 -0.67055
vn 0.97893 0.08112 0.18740
vn 0.76875 0.20252 0.60663
vn 0.22141 0.11846 0.96796
vn -0.68969 -0.48305 -0.53944
vn -0.58246 -0.41885 -0.69664
vn -0.56439 -0.45148 -0.69111
vn 0.88950 -0.34214 -0.30286
vn 0.91526 -0.01991 0.40236
vn 0.24249 -0.11104 0.96378
vn -0.73739 -0.64799 0.19070
vn -0.61921 -0.26939 -0.73757
vn -0.65101 -0.28471 -0.70366
vn -0.62059 -0.05472 -0.78223
vn 0.16866 -0.98493 0.03831
vn 0.15399 0.92023 -0.35981
vn -0.14668 0.94011 -0.30769
vn -0.35769 0.86932 -0.34108
vn -0.08371 -0.99644 -0.00972
vn 0.01672 -0.99967 -0.01947
vn 0.12692 -0.97953 -0.15627
vn 0.24055 0.93672 -0.25434
vn -0.07214 0.98069 -0.18180
vn -0.30875 0.94766 -0.08136
vn -0.10601 -0.99022 0.09065
vn 0.01949 -0.99779 0.06359
vn 0.13675 -0.98975 0.04103
vn 0.33166 0.93747 -0.10554
vn -0.04332 0.99804 -0.04523
vn -0.35107 0.93598 0.02635
vn -0.15221 -0.98817 0.01878
vn 0.00334 -0.99998 -0.00454
vn 0.15834 -0.98724 -0.01693
vn 0.48030 0.84045 0.25093
vn 0.09224 0.94016 0.32801
vn -0.28408 0.88525 0.36827
vn -0.26742 -0.92216 -0.27948
vn -0.08515 -0.95626 -0.27985
vn 0.10499 -0.96285 -0.24878
vn 0.57719 0.65228 0.49132
vn 0.22831 0.73907 0.63376
vn -0.16069 0.69081 0.70496
vn -0.36982 -0.75534 -0.54101
vn -0.19198 -0.79370 -0.57723
vn -0.01204 -0.82066 -0.57129
vn 0.64028 0.43276 0.63464
vn 0.30882 0.48810 0.81632
vn -0.07724 0.43353 0.89782
vn -0.43569 -0.55116 -0.71162
vn -0.26696 -0.57405 -0.77408
vn -0.09477 -0.60522 -0.79040
vn 0.68693 0.22367 0.69144
vn 0.36884 0.25648 0.89341
vn -0.02662 0.19166 0.98110
vn -0.48095 -0.37148 -0.79416
vn -0.31445 -0.37051 -0.87398
vn -0.14872 -0.40126 -0.90381
vn 0.72616 0.08122 0.68271
vn 0.42066 0.08387 0.90333
vn 0.00848 -0.01000 0.99991
vn -0.49853 -0.33359 -0.80012
vn -0.33654 -0.25509 -0.90646
vn -0.17882 -0.25319 -0.95075
vn 0.79283 -0.05777 0.60670
vn 0.48592 -0.01028 0.87394
vn 0.04136 -0.12544 0.99124
vn -0.51783 -0.40718 -0.75237
vn -0.34333 -0.26722 -0.90040
vn -0.18280 -0.25590 -0.94926
vn 0.92854 -0.37119 -0.00615
vn 0.65485 -0.09147 0.75021
vn 0.06659 -0.24885 0.96625
vn -0.62628 -0.77360 -0.09651
vn -0.39900 -0.24959 -0.88233
vn -0.21706 -0.21364 -0.95249
vn -0.20583 -0.12096 -0.97108
vn 0.24390 -0.96944 -0.02654
vn 0.37430 0.91355 -0.15915
vn -0.06291 0.95631 -0.28551
vn -0.30599 0.85854 -0.41143
vn 0.00237 -0.99866 -0.05165
vn -0.00266 -0.99956 -0.02957
vn 0.13002 -0.98740 -0.09023
vn 0.42207 0.90545 0.04494
vn -0.00284 0.99595 -0.08983
vn -0.36811 0.91951 -0.13786
vn -0.02997 -0.99825 -0.05095
vn 0.00357 -0.99971 -0.02384
vn 0.06160 -0.99809 -0.00560
vn 0.42196 0.84514 0.32815
vn -0.06715 0.98892 0.13240
vn -0.48236 0.87489 -0.04349
vn 0.01093 -0.96992 -0.24316
vn 0.04760 -0.97804 -0.20289
vn 0.11812 -0.98311 -0.13980
vn 0.36092 0.59734 0.71618
vn -0.12325 0.82455 0.55221
vn -0.59248 0.76567 0.25044
vn 0.07588 -0.78876 -0.61000
vn 0.13635 -0.83951 -0.52596
vn 0.17590 -0.88575 -0.42954
vn 0.29437 0.26971 0.91684
vn -0.20613 0.46051 0.86339
vn -0.68686 0.46096 0.56191
vn 0.14631 -0.48030 -0.86482
vn 0.22773 -0.51153 -0.82854
vn 0.27462 -0.56133 -0.78070
vn 0.29426 0.13039 0.94679
vn -0.19921 0.25708 0.94564
vn -0.71037 0.27315 0.64866
vn 0.13525 -0.38729 -0.91198
vn 0.24176 -0.36908 -0.89740
vn 0.28771 -0.37561 -0.88099
vn 0.29841 0.15560 0.94167
vn -0.18862 0.28057 0.94112
vn -0.70709 0.28744 0.64607
vn 0.11523 -0.45863 -0.88113
vn 0.22208 -0.42697 -0.87657
vn 0.26102 -0.43544 -0.86155
vn 0.28798 0.10319 0.95206
vn -0.16918 0.28142 0.94455
vn -0.70327 0.32584 0.63186
vn 0.10119 -0.46469 -0.87967
vn 0.22102 -0.46398 -0.85783
vn 0.23555 -0.50243 -0.83191
vn 0.28996 -0.10264 0.95152
vn -0.14588 0.11140 0.98301
vn -0.73484 0.19760 0.64882
vn 0.06733 -0.38789 -0.91924
vn 0.26450 -0.37258 -0.88951
vn 0.25631 -0.41187 -0.87445
vn 0.56479 -0.54876 0.61635
vn 0.04377 -0.14723 0.98813
vn -0.77996 0.00910 0.62576
vn -0.62772 -0.41759 -0.65695
vn 0.32185 -0.25182 -0.91269
vn 0.27220 -0.25475 -0.92791
vn 0.18925 -0.05865 -0.98018
vn -0.20712 -0.97690 0.05252
vn 0.36407 0.92612 -0.09879
vn 0.14846 0.94110 -0.30379
vn 0.05148 0.86496 -0.49920
vn -0.04299 -0.99648 -0.07199
vn 0.02604 -0.99966 -0.00140
vn 0.19405 -0.98099 0.00161
vn 0.33193 0.94156 0.05729
vn 0.10833 0.98142 -0.15838
vn -0.11214 0.94971 -0.29236
vn -0.13205 -0.99078 -0.03033
vn -0.03395 -0.99815 0.05048
vn 0.05690 -0.99022 0.12735
vn 0.24523 0.93768 0.24621
vn 0.01530 0.99886 -0.04512
vn -0.20581 0.93813 -0.27848
vn -0.08859 -0.98828 -0.12430
vn 0.02048 -0.99968 -0.01476
vn 0.11697 -0.98758 0.10486
vn 0.00090 0.81611 0.57789
vn -0.23145 0.93476 0.26955
vn -0.44606 0.89363 -0.04960
vn 0.11322 -0.91143 -0.39557
vn 0.21213 -0.94579 -0.24595
vn 0.28403 -0.95614 -0.07155
vn -0.18032 0.58095 0.79371
vn -0.44322 0.71166 0.54507
vn -0.67825 0.70068 0.22142
vn 0.29590 -0.72227 -0.62511
vn 0.41807 -0.76386 -0.49166
vn 0.50359 -0.79489 -0.33845
vn -0.28470 0.31766 0.90445
vn -0.57416 0.44108 0.68978
vn -0.81249 0.45182 0.36839
vn 0.41897 -0.49393 -0.76191
vn 0.55550 -0.52645 -0.64364
vn 0.64982 -0.56898 -0.50399
vn -0.31469 0.09356 0.94457
vn -0.61768 0.20577 0.75903
vn -0.87121 0.22751 0.43500
vn 0.45970 -0.32500 -0.82647
vn 0.61385 -0.33668 -0.71403
vn 0.71593 -0.37526 -0.58875
vn -0.31376 -0.04766 0.94830
vn -0.62275 0.04618 0.78106
vn -0.89074 0.05579 0.45108
vn 0.45267 -0.28978 -0.84328
vn 0.62765 -0.25214 -0.73653
vn 0.73323 -0.28046 -0.61944
vn -0.27566 -0.19832 0.94057
vn -0.60055 -0.03951 0.79861
vn -0.89535 -0.01617 0.44506
vn 0.39522 -0.33165 -0.85663
vn 0.61615 -0.26822 -0.74055
vn 0.71558 -0.31788 -0.62201
vn 0.23458 -0.65412 0.71909
vn -0.46520 -0.19662 0.86310
vn -0.90029 -0.13820 0.41277
vn -0.32318 -0.57160 -0.75421
vn 0.58963 -0.23129 -0.77385
vn 0.72249 -0.26481 -0.63866
vn 0.61728 -0.11662 -0.77805
vn -0.12507 -0.99191 -0.02163
vn 0.30323 0.92338 0.23542
vn 0.21339 0.96022 -0.18011
vn 0.21608 0.87092 -0.44138
vn 0.04979 -0.99850 -0.02289
vn 0.02814 -0.99946 -0.01697
vn 0.13936 -0.98819 0.06372
vn 0.14301 0.91751 0.37111
vn 0.06964 0.99682 -0.03869
vn -0.05190 0.93003 -0.36380
vn 0.03868 -0.99805 -0.04900
vn 0.02872 -0.99954 -0.00950
vn 0.03752 -0.99821 0.04660
vn -0.13417 0.85092 0.50787
vn -0.17342 0.98478 0.01125
vn -0.19702 0.88695 -0.41773
vn 0.24981 -0.96239 -0.10676
vn 0.23040 -0.97132 -0.05872
vn 0.20093 -0.97913 0.03069
vn -0.51649 0.57554 0.63403
vn -0.57797 0.80103 0.15589
vn -0.51974 0.76839 -0.37343
vn 0.60952 -0.76173 -0.21966
vn 0.56415 -0.81515 -0.13142
vn 0.49936 -0.86454 -0.05669
vn -0.71456 0.23089 0.66038
vn -0.88090 0.42076 0.21674
vn -0.83862 0.44312 -0.31680
vn 0.85496 -0.44361 -0.26879
vn 0.86356 -0.46880 -0.18571
vn 0.84771 -0.51549 -0.12512
vn -0.71797 0.14859 0.68003
vn -0.92700 0.26585 0.26456
vn -0.91058 0.28817 -0.29633
vn 0.85388 -0.42039 -0.30686
vn 0.89898 -0.38458 -0.20962
vn 0.91419 -0.37143 -0.16214
vn -0.70406 0.20916 0.67864
vn -0.89470 0.35636 0.26930
vn -0.87923 0.37849 -0.28931
vn 0.80374 -0.50983 -0.30672
vn 0.84243 -0.49158 -0.22057
vn 0.84233 -0.50708 -0.18264
vn -0.73113 0.14000 0.66772
vn -0.89940 0.33403 0.28197
vn -0.86923 0.39567 -0.29644
vn 0.81088 -0.49334 -0.31479
vn 0.83944 -0.50216 -0.20779
vn 0.81912 -0.54200 -0.18783
vn -0.74862 -0.08341 0.65774
vn -0.94055 0.15107 0.30422
vn -0.90907 0.25716 -0.32780
vn 0.84686 -0.39886 -0.35176
vn 0.90015 -0.39872 -0.17537
vn 0.88066 -0.43869 -0.17888
vn -0.32184 -0.58306 0.74596
vn -0.88263 -0.13624 0.44990
vn -0.91801 0.04878 -0.39356
vn 0.29513 -0.39153 -0.87155
vn 0.95768 -0.25924 -0.12509
vn 0.94988 -0.26009 -0.17343
vn 0.95178 -0.05266 -0.30223
vn -0.15888 -0.96557 -0.20597
vn 0.25787 0.92743 0.27088
vn 0.33678 0.94149 -0.01340
vn 0.46473 0.86475 -0.19034
vn 0.04320 -0.99651 -0.07147
vn 0.01413 -0.99966 0.02206
vn 0.09043 -0.98132 0.16981
vn 0.10242 0.94270 0.31752
vn 0.18963 0.98160 0.02250
vn 0.20467 0.95043 -0.23406
vn -0.03509 -0.99095 -0.12959
vn -0.05947 -0.99821 -0.00568
vn -0.08383 -0.99038 0.11008
vn -0.11025 0.93811 0.32833
vn 0.04492 0.99897 -0.00588
vn 0.15226 0.93896 -0.30851
vn 0.07115 -0.98835 -0.13452
vn 0.02629 -0.99958 0.01238
vn -0.03483 -0.98770 0.15244
vn -0.51887 0.81363 0.26225
vn -0.34645 0.93463 -0.08024
vn -0.15847 0.89599 -0.41484
vn 0.40556 -0.91055 -0.08011
vn 0.31973 -0.94445 0.07609
vn 0.19875 -0.95530 0.21888
vn -0.78555 0.58577 0.19944
vn -0.68032 0.71883 -0.14296
vn -0.49843 0.71026 -0.49709
vn 0.68155 -0.73134 -0.02500
vn 0.62222 -0.76934 0.14475
vn 0.52859 -0.79758 0.29061
vn -0.92575 0.34412 0.15672
vn -0.85905 0.47407 -0.19312
vn -0.67783 0.48968 -0.54842
vn 0.85021 -0.52607 0.01955
vn 0.80789 -0.55625 0.19468
vn 0.72724 -0.59517 0.34188
vn -0.97825 0.14547 0.14788
vn -0.94234 0.26925 -0.19875
vn -0.76568 0.29887 -0.56957
vn 0.92315 -0.38385 0.02106
vn 0.89371 -0.39610 0.21070
vn 0.82876 -0.43000 0.35812
vn -0.98942 0.01429 0.14439
vn -0.97179 0.12999 -0.19681
vn -0.79792 0.15466 -0.58258
vn 0.93548 -0.35335 0.00376
vn 0.92073 -0.32927 0.20935
vn 0.86283 -0.36060 0.35426
vn -0.97431 -0.16045 0.15803
vn -0.98332 0.02890 -0.17959
vn -0.79943 0.07689 -0.59582
vn 0.93065 -0.36237 -0.05070
vn 0.92399 -0.32642 0.19921
vn 0.85942 -0.38599 0.33526
vn -0.55914 -0.67391 0.48291
vn -0.98279 -0.17719 -0.05226
vn -0.77351 -0.08405 -0.62819
vn 0.52175 -0.53113 -0.66759
vn 0.95303 -0.24836 0.17337
vn 0.89034 -0.29286 0.34861
vn 0.97855 -0.11558 0.17055
vn -0.04454 -0.98144 -0.18652
vn 0.54061 0.78271 -0.30839
vn -0.20304 0.97855 0.03492
vn -0.75961 0.65026 0.01248
vn -0.23126 -0.94379 -0.23619
vn -0.13368 -0.95593 -0.26138
vn 0.10202 -0.81214 -0.57448
vn 0.66602 0.74374 0.05716
vn 0.20953 0.91513 0.34443
vn -0.48049 0.77159 0.41686
vn -0.35301 -0.86468 -0.35738
vn -0.20431 -0.91038 -0.35982
vn -0.04627 -0.91314 -0.40501
vn 0.77559 0.46318 0.42887
vn 0.38592 0.61443 0.68814
vn -0.17232 0.63999 0.74881
vn -0.48979 -0.55053 -0.67603
vn -0.37181 -0.62805 -0.68360
vn -0.24856 -0.68259 -0.68723
vn 0.82186 0.05383 0.56713
vn 0.48036 0.18514 0.85731
vn -0.00265 0.23844 0.97115
vn -0.55375 -0.18902 -0.81094
vn -0.45085 -0.24616 -0.85798
vn -0.36545 -0.30670 -0.87885
vn 0.81947 0.08850 0.56625
vn 0.48070 0.08318 0.87293
vn 0.00611 0.04367 0.99903
vn -0.54068 -0.25865 -0.80048
vn -0.45160 -0.19361 -0.87096
vn -0.37684 -0.16648 -0.91119
vn 0.80533 0.27892 0.52312
vn 0.47192 0.33347 0.81614
vn -0.01007 0.28156 0.95949
vn -0.50899 -0.47344 -0.71888
vn -0.41885 -0.43579 -0.79665
vn -0.34886 -0.43406 -0.83060
vn 0.81174 0.27603 0.51467
vn 0.48753 0.38319 0.78452
vn -0.01975 0.35953 0.93292
vn -0.51230 -0.51366 -0.68826
vn -0.39891 -0.50657 -0.76436
vn -0.33101 -0.53176 -0.77953
vn 0.85721 0.09163 0.50676
vn 0.55346 0.25009 0.79444
vn -0.00535 0.25179 0.96777
vn -0.57682 -0.43044 -0.69427
vn -0.41116 -0.42239 -0.80780
vn -0.35587 -0.45754 -0.81487
vn 0.93393 -0.35656 0.02508
vn 0.71263 0.00005 0.70154
vn -0.02285 0.02412 0.99945
vn -0.88654 -0.45812 -0.06459
vn -0.43127 -0.25706 -0.86483
vn -0.40115 -0.26790 -0.87596
vn -0.41776 0.22202 -0.88101
vn 0.03389 -0.98541 0.16679
vn 0.61021 0.78981 -0.06205
vn -0.21123 0.97549 -0.06167
vn -0.69670 0.64727 -0.30928
vn -0.09570 -0.94402 -0.31569
vn -0.00018 -0.95850 -0.28509
vn 0.33812 -0.81707 -0.46699
vn 0.55410 0.77711 0.29844
vn 0.01881 0.92415 0.38158
vn -0.62724 0.75983 0.17097
vn -0.14028 -0.87652 -0.46046
vn -0.00840 -0.92132 -0.38871
vn 0.14330 -0.92204 -0.35959
vn 0.49227 0.54378 0.67969
vn 0.02935 0.65422 0.75574
vn -0.49836 0.63743 0.58763
vn -0.12654 -0.59776 -0.79163
vn -0.01633 -0.67389 -0.73865
vn 0.09153 -0.72389 -0.68382
vn 0.49602 0.10960 0.86137
vn 0.05432 0.22235 0.97345
vn -0.42983 0.23928 0.87063
vn -0.14044 -0.21637 -0.96616
vn -0.02547 -0.27744 -0.96041
vn 0.06335 -0.35173 -0.93396
vn 0.50048 0.08489 0.86158
vn 0.06523 0.05413 0.99640
vn -0.41573 -0.01200 0.90941
vn -0.13752 -0.24950 -0.95856
vn -0.02707 -0.17086 -0.98492
vn 0.05576 -0.13856 -0.98878
vn 0.50008 0.26759 0.82360
vn 0.07051 0.28500 0.95593
vn -0.42610 0.19720 0.88292
vn -0.13257 -0.46540 -0.87512
vn -0.01791 -0.40770 -0.91294
vn 0.06144 -0.39539 -0.91646
vn 0.51727 0.27178 0.81152
vn 0.10223 0.34209 0.93409
vn -0.42001 0.27348 0.86533
vn -0.15123 -0.52018 -0.84056
vn -0.01541 -0.48861 -0.87237
vn 0.05673 -0.50521 -0.86113
vn 0.58375 0.09218 0.80668
vn 0.17842 0.21992 0.95906
vn -0.40076 0.16625 0.90097
vn -0.21994 -0.46533 -0.85738
vn -0.02407 -0.41907 -0.90763
vn 0.03409 -0.44819 -0.89329
vn 0.85796 -0.34812 0.37778
vn 0.38645 -0.00585 0.92229
vn -0.40030 -0.06153 0.91432
vn -0.70926 -0.59905 -0.37160
vn -0.03983 -0.27084 -0.96180
vn -0.00604 -0.27997 -0.95999
vn -0.00291 0.21652 -0.97627
vn 0.06751 -0.98589 0.15317
vn 0.54976 0.78485 0.28595
vn -0.14547 0.97847 -0.14644
vn -0.43092 0.65159 -0.62429
vn 0.07609 -0.94276 -0.32469
vn 0.14856 -0.95543 -0.25513
vn 0.53711 -0.81215 -0.22787
vn 0.30653 0.74473 0.59280
vn -0.18583 0.91013 0.37031
vn -0.62052 0.76618 -0.16709
vn 0.11888 -0.85880 -0.49833
vn 0.19894 -0.90629 -0.37292
vn 0.31940 -0.91057 -0.26238
vn 0.05470 0.45400 0.88932
vn -0.37922 0.59703 0.70693
vn -0.73506 0.61929 0.27599
vn 0.31282 -0.52897 -0.78888
vn 0.38259 -0.60972 -0.69417
vn 0.45163 -0.66798 -0.59146
vn -0.02650 0.05658 0.99805
vn -0.45922 0.17231 0.87145
vn -0.81982 0.21420 0.53105
vn 0.38081 -0.17945 -0.90708
vn 0.47761 -0.23082 -0.84771
vn 0.54277 -0.28797 -0.78897
vn -0.02846 0.08416 0.99605
vn -0.47079 0.07417 0.87912
vn -0.83444 0.03004 0.55028
vn 0.38133 -0.24223 -0.89214
vn 0.48694 -0.17943 -0.85481
vn 0.56112 -0.15413 -0.81326
vn -0.00503 0.25655 0.96652
vn -0.43512 0.29996 0.84894
vn -0.81713 0.24490 0.52184
vn 0.33879 -0.43972 -0.83179
vn 0.45237 -0.40066 -0.79677
vn 0.51968 -0.39740 -0.75631
vn 0.00781 0.25231 0.96761
vn -0.40186 0.34500 0.84822
vn -0.80348 0.31479 0.50530
vn 0.31332 -0.47568 -0.82193
vn 0.43922 -0.46504 -0.76865
vn 0.49159 -0.48791 -0.72130
vn 0.05071 0.08228 0.99532
vn -0.36509 0.22079 0.90441
vn -0.81818 0.21216 0.53438
vn 0.27667 -0.39754 -0.87488
vn 0.46217 -0.38374 -0.79946
vn 0.50134 -0.41566 -0.75887
vn 0.51888 -0.32538 0.79050
vn -0.18563 -0.00211 0.98262
vn -0.84590 0.00510 0.53331
vn -0.42272 -0.44431 -0.78987
vn 0.48854 -0.23259 -0.84097
vn 0.51501 -0.24198 -0.82232
vn 0.50916 0.22551 -0.83060
vn -0.09078 -0.98912 0.11578
vn 0.08302 0.84681 -0.52537
vn 0.23076 0.94973 0.21158
vn -0.05104 0.73350 0.67777
vn -0.60436 -0.79069 0.09777
vn -0.54181 -0.84031 0.01806
vn -0.70958 -0.66048 -0.24548
vn 0.47903 0.73545 -0.47922
vn 0.63921 0.76903 -0.00117
vn 0.45250 0.66549 0.59361
vn -0.75189 -0.64897 0.11619
vn -0.66802 -0.74414 -0.00220
vn -0.62103 -0.77343 -0.12697
vn 0.79650 0.41423 -0.44045
vn 0.90557 0.42398 -0.01307
vn 0.79389 0.39338 0.46366
vn -0.93863 -0.32741 0.10850
vn -0.91601 -0.40100 0.01151
vn -0.88389 -0.45866 -0.09145
vn 0.87343 0.14319 -0.46542
vn 0.98728 0.14976 -0.05340
vn 0.91696 0.09452 0.38762
vn -0.96622 -0.22540 0.12497
vn -0.97891 -0.20204 0.03018
vn -0.97536 -0.21315 -0.05690
vn 0.86507 0.12915 -0.48474
vn 0.98924 0.12105 -0.08221
vn 0.92820 0.05938 0.36732
vn -0.94537 -0.29390 0.14109
vn -0.97134 -0.23379 0.04285
vn -0.97722 -0.20870 -0.03850
vn 0.84185 0.21757 -0.49392
vn 0.97067 0.21780 -0.10180
vn 0.92614 0.13624 0.35172
vn -0.89861 -0.41271 0.14893
vn -0.93662 -0.34706 0.04790
vn -0.94493 -0.32614 -0.02708
vn 0.83013 0.20607 -0.51809
vn 0.95738 0.25348 -0.13846
vn 0.92362 0.18711 0.33454
vn -0.87363 -0.45494 0.17261
vn -0.91027 -0.41043 0.05440
vn -0.90743 -0.41996 -0.01423
vn 0.80774 0.03680 -0.58839
vn 0.96503 0.14105 -0.22096
vn 0.95014 0.08283 0.30062
vn -0.87339 -0.42336 0.24075
vn -0.93216 -0.35460 0.07301
vn -0.92608 -0.37684 0.01903
vn 0.27038 -0.42156 -0.86555
vn 0.90227 -0.04340 -0.42897
vn 0.95261 -0.11230 0.28271
vn -0.23275 -0.66948 0.70543
vn -0.96500 -0.24464 0.09449
vn -0.96549 -0.25130 0.06838
vn -0.86835 0.48438 0.10651
vn 0.10797 -0.98905 -0.10063
vn 0.42113 0.80509 -0.41771
vn 0.06759 0.95269 0.29632
vn -0.46068 0.72175 0.51658
vn -0.55657 -0.79372 -0.24545
vn -0.47471 -0.82864 -0.29667
vn -0.43633 -0.62798 -0.64440
vn 0.72168 0.67131 -0.16887
vn 0.55216 0.75952 0.34388
vn 0.00321 0.67337 0.73930
vn -0.70294 -0.64556 -0.29854
vn -0.57351 -0.73271 -0.36635
vn -0.46424 -0.75227 -0.46752
vn 0.93466 0.35342 0.03882
vn 0.77515 0.40335 0.48626
vn 0.37510 0.40835 0.83220
vn -0.85193 -0.31562 -0.41786
vn -0.77983 -0.38655 -0.49238
vn -0.69738 -0.43447 -0.56999
vn 0.99035 0.11814 0.07250
vn 0.85075 0.14055 0.50643
vn 0.51614 0.11140 0.84923
vn -0.87908 -0.21495 -0.42546
vn -0.83164 -0.20242 -0.51711
vn -0.77757 -0.21297 -0.59163
vn 0.98500 0.16100 0.06209
vn 0.85617 0.16197 0.49066
vn 0.52673 0.10363 0.84369
vn -0.85757 -0.31852 -0.40388
vn -0.82044 -0.26712 -0.50549
vn -0.77622 -0.24886 -0.57927
vn 0.95819 0.28334 0.04000
vn 0.83353 0.30582 0.46010
vn 0.51388 0.22865 0.82683
vn -0.80376 -0.47113 -0.36332
vn -0.77365 -0.41895 -0.47534
vn -0.73403 -0.40533 -0.54490
vn 0.96153 0.27386 0.02148
vn 0.83659 0.34978 0.42162
vn 0.50713 0.29596 0.80946
vn -0.79297 -0.51167 -0.33074
vn -0.74580 -0.48660 -0.45498
vn -0.69832 -0.50370 -0.50857
vn 0.99591 0.08620 -0.02693
vn 0.90130 0.21819 0.37424
vn 0.55091 0.18283 0.81429
vn -0.84561 -0.45128 -0.28512
vn -0.78173 -0.41200 -0.46813
vn -0.74071 -0.44085 -0.50694
vn 0.75735 -0.38898 -0.52452
vn 0.98347 -0.01205 0.18069
vn 0.57161 -0.04186 0.81946
vn -0.64908 -0.58305 0.48862
vn -0.83181 -0.26710 -0.48657
vn -0.81591 -0.27470 -0.50875
vn -0.75344 0.49344 -0.43457
vn 0.14666 -0.98790 0.05046
vn 0.50923 0.84602 -0.15792
vn -0.05700 0.94954 0.30841
vn -0.60640 0.74686 0.27289
vn -0.37855 -0.78744 -0.48646
vn -0.28305 -0.83390 -0.47381
vn -0.13294 -0.65385 -0.74485
vn 0.67244 0.70534 0.22433
vn 0.32689 0.74664 0.57936
vn -0.28168 0.66920 0.68762
vn -0.47716 -0.62322 -0.61961
vn -0.33877 -0.72120 -0.60423
vn -0.20537 -0.75554 -0.62208
vn 0.78189 0.36354 0.50645
vn 0.46128 0.38579 0.79899
vn -0.00091 0.37482 0.92710
vn -0.55551 -0.29373 -0.77790
vn -0.46669 -0.35985 -0.80791
vn -0.36520 -0.41435 -0.83363
vn 0.82745 0.11864 0.54886
vn 0.52672 0.12774 0.84039
vn 0.11469 0.08841 0.98946
vn -0.58118 -0.20336 -0.78796
vn -0.50597 -0.18127 -0.84329
vn -0.43054 -0.18534 -0.88334
vn 0.83657 0.12272 0.53393
vn 0.54860 0.12016 0.82741
vn 0.13607 0.06947 0.98826
vn -0.58615 -0.26838 -0.76446
vn -0.51260 -0.21812 -0.83046
vn -0.44514 -0.19842 -0.87320
vn 0.83478 0.20556 0.51077
vn 0.55715 0.21229 0.80282
vn 0.14761 0.14642 0.97815
vn -0.57612 -0.37727 -0.72509
vn -0.50391 -0.32284 -0.80116
vn -0.44267 -0.30680 -0.84257
vn 0.84950 0.19221 0.49134
vn 0.58219 0.24203 0.77619
vn 0.16014 0.19352 0.96794
vn -0.58861 -0.40736 -0.69828
vn -0.50091 -0.37484 -0.78012
vn -0.44133 -0.38671 -0.80974
vn 0.89623 0.03956 0.44181
vn 0.65160 0.13645 0.74619
vn 0.19465 0.09752 0.97601
vn -0.64740 -0.36408 -0.66957
vn -0.52422 -0.31409 -0.79154
vn -0.47687 -0.33595 -0.81224
vn 0.90466 -0.38281 -0.18723
vn 0.80010 -0.03232 0.59899
vn 0.20151 -0.07564 0.97656
vn -0.81070 -0.57184 0.12553
vn -0.55117 -0.20761 -0.80815
vn -0.52974 -0.21358 -0.82083
vn -0.49930 0.49458 -0.71140
vn 0.10437 -0.99292 0.05673
vn 0.61011 0.74753 0.26262
vn -0.19748 0.97088 0.13565
vn -0.60406 0.73208 -0.31492
vn -0.03389 -0.81321 -0.58098
vn 0.07040 -0.82206 -0.56503
vn 0.46134 -0.60218 -0.65158
vn 0.52893 0.58949 0.61051
vn -0.01986 0.78231 0.62258
vn -0.62765 0.74827 0.21481
vn -0.09224 -0.68460 -0.72306
vn 0.04444 -0.75313 -0.65636
vn 0.21654 -0.75105 -0.62372
vn 0.41232 0.29190 0.86301
vn -0.06781 0.43644 0.89717
vn -0.55996 0.53219 0.63499
vn -0.02849 -0.36182 -0.93181
vn 0.07368 -0.43562 -0.89711
vn 0.18786 -0.46892 -0.86303
vn 0.36877 0.06157 0.92748
vn -0.08851 0.14966 0.98477
vn -0.55050 0.19807 0.81100
vn -0.00987 -0.21644 -0.97625
vn 0.09537 -0.23792 -0.96659
vn 0.18352 -0.26279 -0.94724
vn 0.36006 0.12764 0.92415
vn -0.08900 0.17277 0.98093
vn -0.55839 0.15686 0.81461
vn -0.00586 -0.31628 -0.94865
vn 0.10236 -0.29062 -0.95135
vn 0.18151 -0.30358 -0.93536
vn 0.36864 0.26194 0.89190
vn -0.06801 0.34094 0.93762
vn -0.54878 0.30834 0.77702
vn -0.02964 -0.49955 -0.86578
vn 0.08889 -0.46745 -0.87954
vn 0.16425 -0.47681 -0.86353
vn 0.36827 0.24926 0.89568
vn -0.03941 0.38997 0.91998
vn -0.53847 0.39233 0.74574
vn -0.05200 -0.55460 -0.83049
vn 0.08376 -0.54970 -0.83115
vn 0.14345 -0.58409 -0.79891
vn 0.37669 0.02750 0.92593
vn -0.00825 0.23655 0.97158
vn -0.55765 0.27386 0.78360
vn -0.09591 -0.49356 -0.86441
vn 0.10733 -0.47937 -0.87102
vn 0.14965 -0.52383 -0.83858
vn 0.63008 -0.54622 0.55194
vn 0.14900 -0.06569 0.98665
vn -0.59519 0.01587 0.80343
vn -0.73735 -0.54453 -0.39976
vn 0.13965 -0.32273 -0.93613
vn 0.16443 -0.33706 -0.92701
vn 0.17421 0.47958 -0.86003
vn -0.14910 -0.97593 0.15913
vn 0.42750 0.79460 0.43111
vn -0.25802 0.96190 0.09040
vn -0.47923 0.75140 -0.45358
vn 0.20396 -0.80001 -0.56425
vn 0.27188 -0.81996 -0.50373
vn 0.62942 -0.61162 -0.47932
vn 0.20337 0.62648 0.75243
vn -0.29228 0.75225 0.59050
vn -0.69336 0.71900 0.04792
vn 0.23677 -0.64457 -0.72696
vn 0.31588 -0.72391 -0.61334
vn 0.43367 -0.73739 -0.51788
vn 0.01037 0.30209 0.95322
vn -0.42470 0.38474 0.81951
vn -0.77648 0.44224 0.44890
vn 0.35442 -0.30451 -0.88411
vn 0.42794 -0.37738 -0.82125
vn 0.50947 -0.41896 -0.75161
vn -0.03349 0.08098 0.99615
vn -0.45301 0.12256 0.88304
vn -0.80034 0.12722 0.58589
vn 0.37201 -0.18580 -0.90944
vn 0.45918 -0.18987 -0.86781
vn 0.53018 -0.20905 -0.82171
vn -0.03929 0.07826 0.99616
vn -0.44878 0.10255 0.88774
vn -0.80179 0.08161 0.59200
vn 0.37007 -0.22427 -0.90153
vn 0.46251 -0.20262 -0.86315
vn 0.52813 -0.21398 -0.82176
vn -0.03510 0.13998 0.98953
vn -0.43626 0.17121 0.88338
vn -0.79772 0.13541 0.58763
vn 0.35351 -0.32432 -0.87741
vn 0.45514 -0.28861 -0.84235
vn 0.51705 -0.29395 -0.80390
vn -0.02734 0.12180 0.99218
vn -0.41384 0.19409 0.88942
vn -0.79207 0.17607 0.58448
vn 0.33522 -0.35968 -0.87078
vn 0.44983 -0.33879 -0.82636
vn 0.50041 -0.36408 -0.78551
vn 0.02028 -0.02642 0.99945
vn -0.36824 0.09182 0.92519
vn -0.79544 0.08846 0.59955
vn 0.29011 -0.32891 -0.89869
vn 0.46117 -0.28848 -0.83910
vn 0.49903 -0.31859 -0.80590
vn 0.53945 -0.44967 0.71189
vn -0.17578 -0.07752 0.98137
vn -0.80576 -0.06624 0.58853
vn -0.49363 -0.51052 -0.70406
vn 0.47256 -0.20046 -0.85820
vn 0.49357 -0.20929 -0.84415
vn 0.42782 0.49654 -0.75526
vn -0.06460 -0.99545 0.07006
vn 0.08429 0.79156 0.60525
vn -0.23580 0.97061 -0.04814
vn -0.07651 0.77985 -0.62127
vn 0.47008 -0.81010 -0.35038
vn 0.51242 -0.81520 -0.26994
vn 0.79787 -0.60099 -0.04707
vn -0.28021 0.59658 0.75205
vn -0.56236 0.75129 0.34541
vn -0.56113 0.76506 -0.31594
vn 0.58557 -0.65243 -0.48108
vn 0.59704 -0.72187 -0.34993
vn 0.65406 -0.72735 -0.20778
vn -0.54213 0.26851 0.79624
vn -0.80518 0.37580 0.45876
vn -0.87867 0.47705 -0.01901
vn 0.78230 -0.30253 -0.54451
vn 0.80466 -0.37785 -0.45798
vn 0.83592 -0.41280 -0.36171
vn -0.60623 0.06870 0.79232
vn -0.86883 0.12062 0.48019
vn -0.98678 0.14664 0.06896
vn 0.81908 -0.17756 -0.54551
vn 0.86163 -0.19300 -0.46941
vn 0.89069 -0.21734 -0.39929
vn -0.61319 0.11322 0.78178
vn -0.86815 0.13910 0.47640
vn -0.99085 0.11965 0.06243
vn 0.81028 -0.25205 -0.52907
vn 0.85976 -0.23416 -0.45386
vn 0.88601 -0.24957 -0.39078
vn -0.60008 0.21160 0.77144
vn -0.84552 0.25387 0.46973
vn -0.97370 0.22221 0.05020
vn 0.76825 -0.38938 -0.50811
vn 0.82774 -0.36070 -0.42983
vn 0.85231 -0.37025 -0.36944
vn -0.60313 0.19523 0.77338
vn -0.82951 0.28619 0.47959
vn -0.95885 0.28091 0.04123
vn 0.74952 -0.42606 -0.50665
vn 0.80972 -0.41833 -0.41153
vn 0.82005 -0.44947 -0.35425
vn -0.59374 0.01958 0.80442
vn -0.83373 0.16261 0.52769
vn -0.98314 0.17735 0.04462
vn 0.74721 -0.36956 -0.55236
vn 0.84177 -0.34895 -0.41189
vn 0.84694 -0.38485 -0.36686
vn -0.01725 -0.47928 0.87749
vn -0.73825 -0.05312 0.67243
vn -0.99960 -0.01547 0.02366
vn -0.01810 -0.49838 -0.86677
vn 0.87951 -0.22620 -0.41867
vn 0.88709 -0.23590 -0.39677
vn 0.79532 0.49268 -0.35317
vn -0.13907 -0.99026 -0.00584
vn -0.21629 0.75505 0.61897
vn -0.15314 0.97090 -0.18410
vn 0.26573 0.73824 -0.62000
vn 0.57777 -0.81276 -0.07482
vn 0.56943 -0.82157 0.02789
vn 0.68833 -0.60260 0.40383
vn -0.57313 0.59505 0.56341
vn -0.62501 0.78024 0.02422
vn -0.26874 0.75064 -0.60358
vn 0.71687 -0.68276 -0.14117
vn 0.66020 -0.75108 -0.00319
vn 0.64055 -0.74955 0.16697
vn -0.83425 0.29386 0.46655
vn -0.90177 0.43220 -0.00268
vn -0.68331 0.52722 -0.50510
vn 0.92915 -0.35758 -0.09392
vn 0.90216 -0.43132 0.00811
vn 0.87698 -0.46482 0.12189
vn -0.90106 0.06447 0.42887
vn -0.98894 0.14744 -0.01618
vn -0.85486 0.19208 -0.48199
vn 0.97364 -0.21400 -0.07899
vn 0.97189 -0.23419 0.02435
vn 0.95947 -0.25869 0.11182
vn -0.89895 0.12612 0.41950
vn -0.98565 0.16796 -0.01705
vn -0.85900 0.15076 -0.48928
vn 0.94814 -0.30945 -0.07256
vn 0.95819 -0.28425 0.03282
vn 0.94823 -0.29746 0.11124
vn -0.86850 0.25602 0.42445
vn -0.94439 0.32882 -0.00120
vn -0.82383 0.29525 -0.48388
vn 0.86867 -0.48752 -0.08798
vn 0.89016 -0.45487 0.02660
vn 0.87998 -0.46409 0.10128
vn -0.87222 0.24293 0.42452
vn -0.92617 0.37631 0.02453
vn -0.79416 0.37647 -0.47705
vn 0.83394 -0.54155 -0.10616
vn 0.84436 -0.53514 0.02612
vn 0.81757 -0.56922 0.08704
vn -0.89843 0.02505 0.43840
vn -0.97226 0.22595 0.06041
vn -0.83126 0.25880 -0.49196
vn 0.86280 -0.48216 -0.15196
vn 0.88407 -0.46511 0.04568
vn 0.85618 -0.50879 0.08993
vn -0.49617 -0.54407 0.67661
vn -0.97296 -0.06626 0.22125
vn -0.85060 0.00750 -0.52576
vn 0.34772 -0.54876 -0.76023
vn 0.94723 -0.31269 0.07051
vn 0.94035 -0.32652 0.09556
vn 0.87030 0.48092 0.10631
vn -0.16361 -0.97837 -0.12659
vn 0.86772 0.43669 -0.23741
vn 0.54182 0.70928 0.45095
vn -0.01839 0.81811 0.57477
vn -0.86601 -0.25424 -0.43056
vn -0.81552 -0.32120 -0.48141
vn -0.61457 -0.14874 -0.77472
vn 0.91781 0.38955 -0.07659
vn 0.76587 0.46945 0.43939
vn 0.25216 0.56187 0.78786
vn -0.85108 -0.35612 -0.38581
vn -0.78159 -0.43391 -0.44816
vn -0.71060 -0.42116 -0.56363
vn 0.97735 0.16526 0.13222
vn 0.80542 0.25157 0.53667
vn 0.40528 0.37537 0.83357
vn -0.85771 -0.11962 -0.50002
vn -0.79856 -0.25164 -0.54679
vn -0.73027 -0.35405 -0.58426
vn 0.97337 -0.06217 0.22063
vn 0.78759 -0.02197 0.61581
vn 0.44080 0.01490 0.89748
vn -0.83861 -0.03056 -0.54387
vn -0.78655 -0.04476 -0.61590
vn -0.73612 -0.08329 -0.67171
vn 0.97355 0.03382 0.22597
vn 0.78968 0.05475 0.61107
vn 0.42917 0.04674 0.90201
vn -0.82565 -0.19737 -0.52853
vn -0.77193 -0.16947 -0.61270
vn -0.72293 -0.18106 -0.66677
vn 0.96399 0.15160 0.21847
vn 0.78226 0.20652 0.58773
vn 0.42156 0.18516 0.88769
vn -0.78896 -0.37022 -0.49039
vn -0.73672 -0.34145 -0.58366
vn -0.68747 -0.35935 -0.63108
vn 0.96610 0.13094 0.22251
vn 0.78762 0.23486 0.56964
vn 0.41335 0.23466 0.87982
vn -0.77449 -0.42724 -0.46651
vn -0.71052 -0.41140 -0.57089
vn -0.65861 -0.44875 -0.60404
vn 0.97825 -0.05800 0.19914
vn 0.82848 0.10819 0.54946
vn 0.42320 0.12728 0.89705
vn -0.80631 -0.40180 -0.43407
vn -0.71815 -0.36106 -0.59489
vn -0.67521 -0.40326 -0.61763
vn 0.76642 -0.57548 -0.28536
vn 0.91131 -0.11711 0.39471
vn 0.39966 -0.07025 0.91397
vn -0.73749 -0.58584 0.33601
vn -0.73709 -0.25847 -0.62441
vn -0.71724 -0.27267 -0.64126
vn -0.22034 0.88749 -0.40473
vn 0.04002 -0.99010 0.13453
vn -0.23474 0.73799 0.63267
vn -0.78607 0.61547 0.05733
vn -0.69266 0.49799 -0.52176
vn 0.77540 -0.31844 -0.54529
vn 0.82410 -0.32432 -0.46440
vn 0.95794 0.01796 -0.28642
vn -0.34107 0.59064 0.73131
vn -0.76644 0.50446 0.39760
vn -0.91693 0.32715 -0.22850
vn 0.70876 -0.46693 -0.52880
vn 0.79267 -0.42292 -0.43910
vn 0.89059 -0.30358 -0.33866
vn -0.41803 0.27314 0.86640
vn -0.77856 0.26690 0.56799
vn -0.96551 0.25780 0.03633
vn 0.71936 -0.23248 -0.65458
vn 0.79317 -0.25989 -0.55077
vn 0.85628 -0.24769 -0.45324
vn -0.38779 0.02142 0.92150
vn -0.74963 -0.01937 0.66158
vn -0.96570 -0.08039 0.24688
vn 0.69944 -0.11855 -0.70479
vn 0.76805 -0.05212 -0.63826
vn 0.82449 -0.00618 -0.56585
vn -0.37175 0.10817 0.92201
vn -0.72898 0.06061 0.68184
vn -0.96155 -0.03215 0.27275
vn 0.66963 -0.27491 -0.68994
vn 0.75143 -0.18182 -0.63427
vn 0.80796 -0.12879 -0.57499
vn -0.35141 0.22607 0.90852
vn -0.70536 0.21789 0.67453
vn -0.95402 0.11814 0.27547
vn 0.61855 -0.43560 -0.65394
vn 0.71501 -0.35787 -0.60057
vn 0.77088 -0.32841 -0.54579
vn -0.32724 0.20779 0.92181
vn -0.67174 0.25200 0.69661
vn -0.94147 0.17005 0.29108
vn 0.57868 -0.48444 -0.65609
vn 0.68614 -0.42873 -0.58771
vn 0.72861 -0.43432 -0.52962
vn -0.26299 0.02311 0.96452
vn -0.62418 0.13288 0.76990
vn -0.93855 0.06086 0.33972
vn 0.53250 -0.46116 -0.70977
vn 0.68941 -0.37731 -0.61834
vn 0.71867 -0.39981 -0.56892
vn 0.29575 -0.45230 0.84140
vn -0.44151 -0.06366 0.89500
vn -0.92346 -0.14505 0.35523
vn -0.21188 -0.72347 -0.65704
vn 0.70194 -0.26867 -0.65962
vn 0.71957 -0.27709 -0.63674
vn 0.19320 0.85895 -0.47422
vn -0.01658 -0.98708 0.15939
vn 0.86478 0.46416 0.19160
vn 0.22720 0.63061 0.74210
vn -0.36438 0.66432 0.65261
vn -0.59057 -0.25138 -0.76683
vn -0.51061 -0.28682 -0.81056
vn -0.20813 -0.08943 -0.97400
vn 0.86186 0.39597 0.31687
vn 0.47874 0.43887 0.76040
vn -0.17628 0.43741 0.88181
vn -0.60080 -0.36451 -0.71146
vn -0.49865 -0.39870 -0.76967
vn -0.36697 -0.35472 -0.85994
vn 0.85508 0.20476 0.47635
vn 0.51992 0.25777 0.81439
vn -0.01389 0.32756 0.94473
vn -0.60353 -0.15349 -0.78243
vn -0.51127 -0.24273 -0.82443
vn -0.41301 -0.29855 -0.86040
vn 0.84547 -0.01078 0.53391
vn 0.51950 0.00464 0.85446
vn 0.06456 0.02409 0.99762
vn -0.59308 -0.02860 -0.80463
vn -0.51169 -0.03878 -0.85830
vn -0.43137 -0.05588 -0.90044
vn 0.84079 -0.04951 0.53909
vn 0.52349 -0.03784 0.85119
vn 0.07015 -0.03425 0.99695
vn -0.59136 -0.04910 -0.80491
vn -0.50655 -0.03892 -0.86133
vn -0.43228 -0.05337 -0.90016
vn 0.84021 0.05572 0.53939
vn 0.52780 0.05039 0.84787
vn 0.07251 0.01538 0.99725
vn -0.58270 -0.19514 -0.78891
vn -0.49931 -0.14721 -0.85382
vn -0.42862 -0.13331 -0.89360
vn 0.83025 0.21272 0.51520
vn 0.52370 0.23730 0.81819
vn 0.06839 0.18158 0.98099
vn -0.55626 -0.39285 -0.73229
vn -0.47411 -0.34408 -0.81045
vn -0.40831 -0.33443 -0.84938
vn 0.83461 0.22987 0.50059
vn 0.53648 0.31018 0.78484
vn 0.06305 0.27727 0.95872
vn -0.55277 -0.46334 -0.69265
vn -0.45234 -0.44236 -0.77441
vn -0.38837 -0.46209 -0.79728
vn 0.87703 0.06184 0.47644
vn 0.60086 0.20049 0.77380
vn 0.08153 0.18869 0.97865
vn -0.60923 -0.41637 -0.67489
vn -0.46302 -0.38812 -0.79685
vn -0.41073 -0.41988 -0.80932
vn 0.91258 -0.40471 -0.05843
vn 0.75519 -0.02352 0.65509
vn 0.07606 -0.02084 0.99689
vn -0.84696 -0.52897 0.05341
vn -0.48585 -0.25376 -0.83640
vn -0.46001 -0.26329 -0.84798
vn -0.13997 0.92763 -0.34629
vn 0.06142 -0.98899 0.13461
vn 0.76724 0.43021 0.47567
vn -0.08793 0.63090 0.77087
vn -0.61781 0.64473 0.45015
vn -0.26726 -0.24897 -0.93091
vn -0.16708 -0.28617 -0.94350
vn 0.21128 -0.09569 -0.97273
vn 0.71639 0.37167 0.59046
vn 0.15763 0.43692 0.88558
vn -0.53649 0.42954 0.72641
vn -0.30217 -0.36005 -0.88264
vn -0.17377 -0.39815 -0.90071
vn -0.00054 -0.35643 -0.93432
vn 0.64510 0.19341 0.73922
vn 0.17348 0.25679 0.95077
vn -0.41290 0.32401 0.85119
vn -0.27144 -0.15059 -0.95060
vn -0.16043 -0.24209 -0.95690
vn -0.04547 -0.29982 -0.95291
vn 0.61097 -0.01467 0.79152
vn 0.15332 0.00439 0.98817
vn -0.36316 0.02808 0.93130
vn -0.24970 -0.02680 -0.96795
vn -0.14393 -0.03862 -0.98883
vn -0.04407 -0.05724 -0.99739
vn 0.60340 -0.04917 0.79592
vn 0.15809 -0.03629 0.98676
vn -0.35882 -0.02840 0.93298
vn -0.24702 -0.05094 -0.96767
vn -0.13667 -0.04128 -0.98976
vn -0.04420 -0.05590 -0.99746
vn 0.60335 0.09704 0.79155
vn 0.16313 0.08913 0.98257
vn -0.35784 0.04351 0.93277
vn -0.24411 -0.24355 -0.93867
vn -0.13228 -0.18595 -0.97361
vn -0.04247 -0.16157 -0.98595
vn 0.60088 0.30097 0.74051
vn 0.16777 0.33915 0.92565
vn -0.35676 0.26464 0.89593
vn -0.23777 -0.48663 -0.84063
vn -0.12277 -0.43573 -0.89167
vn -0.03822 -0.41915 -0.90711
vn 0.61074 0.32790 0.72075
vn 0.19720 0.43053 0.88077
vn -0.35377 0.38410 0.85283
vn -0.25204 -0.56151 -0.78815
vn -0.11413 -0.54804 -0.82863
vn -0.03909 -0.56611 -0.82341
vn 0.66144 0.14204 0.73642
vn 0.27024 0.30545 0.91306
vn -0.34304 0.28847 0.89393
vn -0.32011 -0.49150 -0.80991
vn -0.11650 -0.48056 -0.86919
vn -0.05797 -0.51363 -0.85605
vn 0.88327 -0.34095 0.32186
vn 0.46568 0.03040 0.88443
vn -0.34755 0.03502 0.93701
vn -0.82118 -0.50871 -0.25862
vn -0.12456 -0.30396 -0.94451
vn -0.09344 -0.31333 -0.94504
vn 0.01652 0.92673 -0.37538
vn 0.00697 -0.97956 0.20105
vn 0.45526 0.49980 0.73684
vn -0.38595 0.54399 0.74506
vn -0.78536 0.53828 0.30571
vn 0.08899 -0.22341 -0.97065
vn 0.17537 -0.25502 -0.95090
vn 0.47476 -0.04552 -0.87894
vn 0.38887 0.41450 0.82278
vn -0.18099 0.40984 0.89402
vn -0.75027 0.34316 0.56510
vn 0.05348 -0.35311 -0.93405
vn 0.17281 -0.35587 -0.91842
vn 0.32725 -0.29608 -0.89735
vn 0.32129 0.20771 0.92392
vn -0.14969 0.23780 0.95971
vn -0.64174 0.27752 0.71495
vn 0.05579 -0.16154 -0.98529
vn 0.16286 -0.22276 -0.96117
vn 0.27079 -0.25139 -0.92923
vn 0.30745 0.00473 0.95155
vn -0.13917 0.00433 0.99026
vn -0.57847 0.00493 0.81569
vn 0.05288 -0.04143 -0.99774
vn 0.15156 -0.03639 -0.98778
vn 0.24278 -0.03622 -0.96941
vn 0.31199 -0.03226 0.94954
vn -0.12196 -0.03266 0.99200
vn -0.56020 -0.04353 0.82721
vn 0.04457 -0.05691 -0.99738
vn 0.14558 -0.03683 -0.98866
vn 0.22911 -0.03859 -0.97264
vn 0.31490 0.07683 0.94601
vn -0.11229 0.05984 0.99187
vn -0.55294 0.01208 0.83313
vn 0.03795 -0.20307 -0.97843
vn 0.14145 -0.14734 -0.97892
vn 0.22128 -0.12273 -0.96746
vn 0.32333 0.24034 0.91526
vn -0.09716 0.25304 0.96256
vn -0.54519 0.18663 0.81727
vn 0.02331 -0.40206 -0.91532
vn 0.13362 -0.34860 -0.92770
vn 0.20921 -0.33080 -0.92022
vn 0.34016 0.26155 0.90326
vn -0.06386 0.32994 0.94184
vn -0.53339 0.28672 0.79579
vn -0.00083 -0.46980 -0.88277
vn 0.12607 -0.44715 -0.88553
vn 0.19084 -0.46146 -0.86639
vn 0.39641 0.09824 0.91280
vn -0.00118 0.22338 0.97473
vn -0.52565 0.19963 0.82694
vn -0.05943 -0.41605 -0.90740
vn 0.12628 -0.38929 -0.91242
vn 0.17553 -0.41721 -0.89170
vn 0.78262 -0.35752 0.50960
vn 0.19705 0.00390 0.98039
vn -0.53548 -0.01208 0.84446
vn -0.70425 -0.52303 -0.48007
vn 0.12723 -0.24762 -0.96047
vn 0.15437 -0.25540 -0.95443
vn -0.00407 0.94361 -0.33104
vn -0.00895 -0.98835 0.15193
vn 0.21655 0.55946 0.80007
vn -0.61798 0.63339 0.46574
vn -0.80673 0.58077 -0.10908
vn 0.43450 -0.27883 -0.85642
vn 0.51390 -0.31692 -0.79716
vn 0.78908 -0.07635 -0.60953
vn 0.10861 0.45969 0.88141
vn -0.49380 0.47395 0.72906
vn -0.90889 0.38401 0.16264
vn 0.38272 -0.40523 -0.83025
vn 0.49693 -0.41526 -0.76199
vn 0.64730 -0.35224 -0.67596
vn -0.00393 0.23552 0.97186
vn -0.49625 0.27356 0.82395
vn -0.88022 0.30742 0.36153
vn 0.41263 -0.18477 -0.89196
vn 0.51251 -0.25662 -0.81944
vn 0.60798 -0.28878 -0.73957
vn -0.03330 0.00622 0.99943
vn -0.50521 0.00601 0.86298
vn -0.86779 0.00506 0.49691
vn 0.41891 -0.04754 -0.90678
vn 0.51586 -0.04218 -0.85563
vn 0.60188 -0.04281 -0.79744
vn -0.02868 -0.03426 0.99900
vn -0.48795 -0.03733 0.87207
vn -0.85608 -0.04976 0.51444
vn 0.41103 -0.07034 -0.90891
vn 0.51095 -0.04634 -0.85836
vn 0.58992 -0.04804 -0.80603
vn -0.02178 0.13410 0.99073
vn -0.47879 0.10864 0.87118
vn -0.85317 0.03917 0.52017
vn 0.38955 -0.28683 -0.87520
vn 0.49886 -0.21241 -0.84025
vn 0.57838 -0.17270 -0.79728
vn 0.01491 0.36394 0.93130
vn -0.43507 0.39139 0.81088
vn -0.82607 0.29345 0.48113
vn 0.32445 -0.54763 -0.77125
vn 0.44716 -0.48792 -0.74966
vn 0.52564 -0.46217 -0.71422
vn 0.04149 0.39484 0.91781
vn -0.37606 0.49032 0.78624
vn -0.79103 0.42317 0.44182
vn 0.27376 -0.62333 -0.73248
vn 0.40762 -0.60469 -0.68425
vn 0.46410 -0.61787 -0.63470
vn 0.07336 0.19668 0.97772
vn -0.33667 0.36107 0.86965
vn -0.80661 0.32297 0.49505
vn 0.23190 -0.55113 -0.80154
vn 0.42875 -0.53472 -0.72818
vn 0.46629 -0.56548 -0.68030
vn 0.49923 -0.32957 0.80135
vn -0.17096 0.06288 0.98327
vn -0.83412 0.04068 0.55008
vn -0.49908 -0.57268 -0.65035
vn 0.47063 -0.34038 -0.81403
vn 0.49538 -0.34909 -0.79544
vn 0.16137 0.91569 -0.36808
vn -0.10380 -0.97280 0.20710
vn -0.27304 0.93089 0.24268
vn 0.26290 0.96465 -0.01842
vn 0.63151 0.77533 0.00733
vn 0.04610 -0.91816 0.39353
vn 0.00547 -0.95963 0.28121
vn -0.08665 -0.90368 0.41934
vn -0.37326 0.91793 -0.13443
vn 0.02841 0.91553 -0.40124
vn 0.46796 0.72881 -0.49985
vn 0.07482 -0.86849 0.49003
vn -0.02020 -0.92113 0.38874
vn -0.09346 -0.95287 0.28863
vn -0.53689 0.67263 -0.50924
vn -0.12389 0.63810 -0.75992
vn 0.32919 0.49002 -0.80716
vn 0.24959 -0.53078 0.80992
vn 0.12733 -0.65043 0.74882
vn 0.01257 -0.75873 0.65128
vn -0.66377 0.36267 -0.65412
vn -0.29763 0.22815 -0.92702
vn 0.11693 0.04270 -0.99222
vn 0.36071 -0.21368 0.90787
vn 0.27993 -0.26881 0.92162
vn 0.20613 -0.34351 0.91625
vn -0.71948 0.20339 -0.66406
vn -0.37419 0.02916 -0.92689
vn 0.05538 -0.19194 -0.97984
vn 0.38393 -0.11483 0.91619
vn 0.32144 -0.09121 0.94253
vn 0.26059 -0.14595 0.95435
vn -0.75994 0.15269 -0.63180
vn -0.42881 -0.03603 -0.90268
vn 0.01032 -0.28130 -0.95956
vn 0.34832 -0.20847 0.91390
vn 0.31846 -0.09402 0.94326
vn 0.28533 -0.06612 0.95614
vn -0.80131 0.14239 -0.58106
vn -0.48943 -0.00565 -0.87202
vn -0.03423 -0.26539 -0.96353
vn 0.32365 -0.32223 0.88962
vn 0.29535 -0.18947 0.93641
vn 0.26825 -0.16085 0.94983
vn -0.88677 0.04966 -0.45954
vn -0.60598 -0.03007 -0.79491
vn -0.12986 -0.32217 -0.93773
vn 0.34862 -0.40991 0.84287
vn 0.31169 -0.21581 0.92535
vn 0.29475 -0.21649 0.93073
vn -0.95201 -0.22507 0.20742
vn -0.80403 -0.03518 -0.59354
vn -0.20341 -0.43996 -0.87468
vn 0.25683 -0.94195 0.21625
vn 0.33111 -0.18949 0.92437
vn 0.35557 -0.22066 0.90823
vn 0.35499 0.21626 0.90951
vn -0.47706 -0.85277 0.21260
vn -0.27061 0.86917 0.41389
vn 0.25266 0.95006 0.18318
vn 0.63209 0.76370 0.13126
vn 0.07811 -0.99603 0.04270
vn -0.02701 -0.99946 0.01860
vn -0.17109 -0.96493 0.19908
vn -0.38818 0.92041 0.04652
vn 0.00887 0.98288 -0.18404
vn 0.43859 0.84612 -0.30285
vn 0.14769 -0.96434 0.21963
vn -0.00277 -0.98863 0.15034
vn -0.14463 -0.98442 0.10004
vn -0.56747 0.74030 -0.36047
vn -0.18740 0.76736 -0.61322
vn 0.25249 0.66225 -0.70546
vn 0.35584 -0.68808 0.63240
vn 0.18582 -0.78101 0.59624
vn 0.01611 -0.84804 0.52969
vn -0.72249 0.41282 -0.55460
vn -0.39610 0.33530 -0.85480
vn 0.00323 0.19933 -0.97993
vn 0.51050 -0.32242 0.79714
vn 0.38056 -0.36843 0.84819
vn 0.25473 -0.41794 0.87203
vn -0.78902 0.22631 -0.57117
vn -0.49175 0.07725 -0.86730
vn -0.08872 -0.11779 -0.98907
vn 0.55827 -0.16174 0.81374
vn 0.45589 -0.11714 0.88229
vn 0.34724 -0.13236 0.92839
vn -0.82224 0.20079 -0.53255
vn -0.54643 0.00817 -0.83746
vn -0.14442 -0.23237 -0.96185
vn 0.53239 -0.24946 0.80891
vn 0.46558 -0.10960 0.87819
vn 0.38565 -0.03065 0.92214
vn -0.85802 0.20915 -0.46910
vn -0.60183 0.05594 -0.79666
vn -0.19434 -0.19872 -0.96059
vn 0.52438 -0.34592 0.77805
vn 0.45708 -0.20231 0.86611
vn 0.37970 -0.13312 0.91548
vn -0.93508 0.13252 -0.32873
vn -0.71550 0.02811 -0.69805
vn -0.30195 -0.25684 -0.91807
vn 0.57314 -0.40403 0.71293
vn 0.50340 -0.20946 0.83828
vn 0.43356 -0.16339 0.88619
vn -0.92766 -0.05287 0.36967
vn -0.87816 0.02770 -0.47756
vn -0.37873 -0.36961 -0.84850
vn 0.42518 -0.90114 0.08466
vn 0.55935 -0.18502 0.80802
vn 0.50442 -0.15010 0.85031
vn 0.38275 -0.06475 0.92158
vn -0.44222 -0.84228 0.30823
vn -0.10746 0.84952 0.51650
vn 0.32282 0.91806 0.23012
vn 0.66892 0.73875 0.08250
vn 0.06797 -0.98536 -0.15637
vn -0.09263 -0.99347 -0.06657
vn -0.22261 -0.95557 0.19323
vn -0.27480 0.93038 0.24266
vn 0.03997 0.99897 -0.02161
vn 0.39066 0.89226 -0.22638
vn 0.14418 -0.98820 -0.05172
vn -0.04322 -0.99892 -0.01690
vn -0.22393 -0.97339 0.04863
vn -0.60188 0.77792 -0.18051
vn -0.29070 0.84896 -0.44132
vn 0.10064 0.79462 -0.59871
vn 0.49842 -0.77366 0.39118
vn 0.28405 -0.86192 0.42001
vn 0.04534 -0.90492 0.42316
vn -0.85100 0.36197 -0.38049
vn -0.60323 0.37466 -0.70409
vn -0.26073 0.31855 -0.91134
vn 0.74529 -0.32558 0.58184
vn 0.59641 -0.38391 0.70492
vn 0.42620 -0.43826 0.79138
vn -0.91763 0.14621 -0.36955
vn -0.70776 0.05811 -0.70406
vn -0.37126 -0.07250 -0.92569
vn 0.79932 -0.15848 0.57963
vn 0.68943 -0.07680 0.72027
vn 0.55495 -0.03863 0.83098
vn -0.94463 0.13491 -0.29911
vn -0.75398 0.03443 -0.65599
vn -0.41240 -0.10791 -0.90459
vn 0.80865 -0.24344 0.53556
vn 0.71351 -0.11881 0.69050
vn 0.58886 -0.01943 0.80800
vn -0.96602 0.12967 -0.22359
vn -0.80565 0.06005 -0.58935
vn -0.47923 -0.07666 -0.87434
vn 0.83641 -0.28003 0.47117
vn 0.74544 -0.17115 0.64422
vn 0.62906 -0.10066 0.77081
vn -0.99358 0.05999 -0.09590
vn -0.87249 0.02388 -0.48804
vn -0.55218 -0.12010 -0.82503
vn 0.87816 -0.30028 0.37239
vn 0.78958 -0.16869 0.59001
vn 0.68330 -0.11785 0.72057
vn -0.80034 -0.10847 0.58965
vn -0.96103 -0.00858 -0.27630
vn -0.58754 -0.20438 -0.78296
vn 0.68677 -0.64330 -0.33838
vn 0.83954 -0.15227 0.52152
vn 0.72978 -0.09829 0.67658
vn 0.56932 -0.20655 0.79575
vn -0.19498 -0.95504 0.22333
vn -0.26662 0.93829 0.22029
vn 0.16290 0.98445 -0.06567
vn 0.50269 0.83704 -0.21604
vn 0.14150 -0.98937 0.03354
vn -0.04391 -0.99420 0.09822
vn -0.24043 -0.93781 0.25043
vn -0.47220 0.85786 -0.20275
vn -0.10692 0.90793 -0.40526
vn 0.31651 0.80139 -0.50754
vn 0.32674 -0.86279 0.38580
vn 0.10357 -0.91435 0.39146
vn -0.13712 -0.91629 0.37630
vn -0.72230 0.44127 -0.53251
vn -0.38715 0.46322 -0.79721
vn 0.02940 0.39954 -0.91624
vn 0.58535 -0.39408 0.70857
vn 0.38101 -0.46592 0.79859
vn 0.15692 -0.51671 0.84166
vn -0.82012 0.16469 -0.54798
vn -0.54066 0.05048 -0.83973
vn -0.14880 -0.08993 -0.98477
vn 0.67928 -0.13445 0.72146
vn 0.51933 -0.05765 0.85263
vn 0.34315 -0.01035 0.93922
vn -0.86193 0.15873 -0.48154
vn -0.60243 0.00665 -0.79814
vn -0.20271 -0.17551 -0.96338
vn 0.71388 -0.18209 0.67619
vn 0.56522 -0.05336 0.82321
vn 0.39272 0.05538 0.91799
vn -0.89415 0.17612 -0.41168
vn -0.66339 0.04998 -0.74660
vn -0.27128 -0.13047 -0.95362
vn 0.75259 -0.22481 0.61893
vn 0.60795 -0.10743 0.78667
vn 0.44477 -0.01863 0.89545
vn -0.94531 0.15735 -0.28570
vn -0.74104 0.04945 -0.66963
vn -0.34436 -0.13986 -0.92836
vn 0.81600 -0.24725 0.52251
vn 0.66177 -0.11391 0.74100
vn 0.50666 -0.03985 0.86122
vn -0.94561 0.14064 0.29333
vn -0.86455 0.05601 -0.49941
vn -0.35883 -0.20229 -0.91122
vn 0.87159 -0.48947 -0.02742
vn 0.72843 -0.10685 0.67674
vn 0.54986 -0.01687 0.83508
vn 0.50988 0.03490 0.85954
vn -0.28361 -0.92974 0.23483
vn -0.54465 0.82401 -0.15607
vn -0.02290 0.98903 0.14592
vn 0.23791 0.81425 0.52953
vn 0.02550 -0.94813 0.31685
vn -0.01256 -0.93620 0.35124
vn -0.26586 -0.85173 0.45153
vn -0.44595 0.67076 -0.59262
vn -0.04299 0.92327 -0.38175
vn 0.39504 0.91866 0.00016
vn 0.11216 -0.90769 0.40438
vn 0.01356 -0.91621 0.40047
vn -0.08982 -0.91671 0.38933
vn -0.25531 0.31171 -0.91523
vn 0.10728 0.65149 -0.75104
vn 0.46462 0.81581 -0.34436
vn -0.08259 -0.58144 0.80939
vn -0.13458 -0.64076 0.75586
vn -0.18703 -0.69587 0.69339
vn -0.10993 -0.07091 -0.99141
vn 0.27508 0.23609 -0.93198
vn 0.63541 0.44894 -0.62826
vn -0.20198 -0.25934 0.94443
vn -0.28493 -0.26082 0.92238
vn -0.34770 -0.28886 0.89200
vn -0.05680 -0.26133 -0.96358
vn 0.32630 -0.01743 -0.94510
vn 0.70062 0.23273 -0.67451
vn -0.23383 -0.10280 0.96683
vn -0.31017 -0.12254 0.94275
vn -0.35866 -0.14021 0.92288
vn -0.02253 -0.27980 -0.95979
vn 0.35925 -0.08208 -0.92962
vn 0.73948 0.12693 -0.66110
vn -0.24992 -0.09684 0.96341
vn -0.31663 -0.10762 0.94243
vn -0.33179 -0.14488 0.93216
vn 0.02889 -0.28992 -0.95661
vn 0.37500 -0.06172 -0.92497
vn 0.75010 0.15189 -0.64364
vn -0.23499 -0.16387 0.95809
vn -0.31130 -0.18078 0.93296
vn -0.28621 -0.24773 0.92559
vn 0.09270 -0.44161 -0.89241
vn 0.39190 -0.15602 -0.90668
vn 0.79089 0.10303 -0.60322
vn -0.17668 -0.21230 0.96110
vn -0.33847 -0.20674 0.91799
vn -0.29933 -0.26187 0.91751
vn -0.06471 -0.93006 -0.36167
vn 0.28326 -0.39368 -0.87452
vn 0.85043 0.00555 -0.52606
vn 0.63235 -0.31810 0.70636
vn -0.37156 -0.21332 0.90357
vn -0.32778 -0.20580 0.92207
vn -0.35499 0.21626 0.90951
vn 0.47706 -0.85277 0.21260
vn -0.52116 0.85295 0.02960
vn -0.01580 0.94685 0.32129
vn 0.28733 0.72648 0.62423
vn 0.09794 -0.99296 0.06655
vn -0.00624 -0.99919 0.03980
vn -0.28625 -0.95416 0.08744
vn -0.39647 0.81383 -0.42485
vn -0.01193 0.98966 -0.14294
vn 0.39530 0.89558 0.20415
vn 0.12629 -0.96107 0.24576
vn -0.00994 -0.98483 0.17323
vn -0.15612 -0.98455 0.07929
vn -0.17406 0.49586 -0.85078
vn 0.16211 0.78313 -0.60035
vn 0.48945 0.85418 -0.17555
vn -0.08825 -0.69255 0.71595
vn -0.19073 -0.77406 0.60369
vn -0.28559 -0.83062 0.47803
vn 0.00875 0.05902 -0.99822
vn 0.36393 0.34990 -0.86321
vn 0.67919 0.52079 -0.51719
vn -0.26250 -0.29912 0.91740
vn -0.38520 -0.35602 0.85139
vn -0.47865 -0.42350 0.76911
vn 0.08317 -0.19854 -0.97656
vn 0.44122 0.03740 -0.89662
vn 0.76524 0.26060 -0.58864
vn -0.32357 -0.07513 0.94322
vn -0.43853 -0.14223 0.88739
vn -0.52706 -0.19398 0.82739
vn 0.13268 -0.21993 -0.96645
vn 0.48552 -0.03024 -0.87370
vn 0.80553 0.16062 -0.57037
vn -0.35745 -0.06588 0.93161
vn -0.45763 -0.11273 0.88197
vn -0.51647 -0.17962 0.83725
vn 0.19400 -0.22575 -0.95467
vn 0.50721 0.00308 -0.86182
vn 0.80958 0.21330 -0.54689
vn -0.36080 -0.12314 0.92448
vn -0.45894 -0.18516 0.86896
vn -0.48046 -0.28197 0.83045
vn 0.25337 -0.36942 -0.89405
vn 0.54086 -0.09279 -0.83598
vn 0.85609 0.16217 -0.49073
vn -0.33448 -0.13242 0.93305
vn -0.50204 -0.18259 0.84535
vn -0.51846 -0.27193 0.81071
vn -0.05759 -0.87302 -0.48428
vn 0.45310 -0.32187 -0.83132
vn 0.91124 0.06826 -0.40618
vn 0.48670 -0.13347 0.86331
vn -0.52668 -0.15388 0.83602
vn -0.56582 -0.20523 0.79858
vn -0.38275 -0.06475 0.92158
vn 0.44222 -0.84228 0.30823
vn -0.52544 0.84966 0.04456
vn -0.13279 0.91583 0.37898
vn 0.11144 0.72075 0.68418
vn 0.17975 -0.98358 0.01626
vn 0.03623 -0.99401 -0.10309
vn -0.25384 -0.95543 -0.15071
vn -0.32327 0.89616 -0.30397
vn -0.03756 0.99889 0.02829
vn 0.26764 0.88836 0.37306
vn 0.17095 -0.97563 0.13760
vn 0.01941 -0.99981 -0.00181
vn -0.14589 -0.97553 -0.16447
vn 0.04277 0.63778 -0.76903
vn 0.27549 0.86358 -0.42229
vn 0.46326 0.88560 0.03335
vn -0.19402 -0.75746 0.62339
vn -0.29043 -0.85776 0.42415
vn -0.37438 -0.90575 0.19866
vn 0.29022 0.13142 -0.94789
vn 0.57863 0.38031 -0.72149
vn 0.78031 0.52004 -0.34738
vn -0.46245 -0.26565 0.84591
vn -0.59113 -0.38297 0.70986
vn -0.68321 -0.47807 0.55197
vn 0.35536 -0.11267 -0.92791
vn 0.66883 0.02420 -0.74302
vn 0.89954 0.15458 -0.40857
vn -0.53672 -0.02030 0.84352
vn -0.67080 -0.09647 0.73533
vn -0.77484 -0.15444 0.61300
vn 0.42328 -0.08571 -0.90194
vn 0.71428 0.02021 -0.69956
vn 0.92578 0.11281 -0.36084
vn -0.59597 -0.04266 0.80187
vn -0.70665 -0.10445 0.69981
vn -0.78171 -0.19249 0.59319
vn 0.47407 -0.09495 -0.87535
vn 0.74249 0.03519 -0.66893
vn 0.94046 0.13793 -0.31065
vn -0.61814 -0.09280 0.78057
vn -0.73369 -0.15044 0.66262
vn -0.79935 -0.24092 0.55045
vn 0.47786 -0.19869 -0.85567
vn 0.75103 -0.03308 -0.65943
vn 0.96181 0.08924 -0.25878
vn -0.60306 -0.09998 0.79140
vn -0.76204 -0.13842 0.63256
vn -0.82961 -0.22105 0.51272
vn -0.09532 -0.60994 -0.78669
vn 0.65061 -0.17849 -0.73814
vn 0.97953 0.01003 -0.20107
vn 0.17331 -0.15445 0.97268
vn -0.75408 -0.10315 0.64863
vn -0.85257 -0.16797 0.49488
vn -0.56932 -0.20655 0.79575
vn 0.19498 -0.95504 0.22333
vn -0.41642 0.88134 -0.22321
vn 0.03339 0.99617 0.08085
vn 0.37829 0.83898 0.39116
vn 0.17917 -0.96759 0.17795
vn -0.03763 -0.99597 0.08142
vn -0.36525 -0.93055 -0.02602
vn -0.23171 0.68764 -0.68808
vn 0.09879 0.91496 -0.39128
vn 0.42629 0.90429 0.02329
vn 0.06438 -0.81005 0.58281
vn -0.10274 -0.91504 0.39007
vn -0.27742 -0.94653 0.16470
vn 0.02374 0.17753 -0.98383
vn 0.36196 0.46658 -0.80702
vn 0.64130 0.62724 -0.44194
vn -0.21140 -0.29792 0.93089
vn -0.37312 -0.46707 0.80164
vn -0.50690 -0.59319 0.62544
vn 0.12571 -0.14990 -0.98068
vn 0.48489 0.02393 -0.87425
vn 0.78794 0.18058 -0.58868
vn -0.31631 0.03141 0.94813
vn -0.49612 -0.06623 0.86572
vn -0.64041 -0.14530 0.75417
vn 0.21016 -0.15754 -0.96489
vn 0.54766 -0.01874 -0.83649
vn 0.82985 0.12712 -0.54331
vn -0.39656 0.03644 0.91728
vn -0.55099 -0.03880 0.83361
vn -0.67044 -0.12945 0.73058
vn 0.25833 -0.14469 -0.95516
vn 0.57902 0.00948 -0.81526
vn 0.85275 0.16242 -0.49642
vn -0.42475 -0.00951 0.90526
vn -0.58511 -0.08712 0.80626
vn -0.69689 -0.17945 0.69437
vn 0.25238 -0.20835 -0.94493
vn 0.59142 -0.02730 -0.80590
vn 0.88201 0.14371 -0.44878
vn -0.41190 0.00183 0.91123
vn -0.61848 -0.08206 0.78151
vn -0.73096 -0.17468 0.65968
vn -0.18859 -0.48811 -0.85217
vn 0.49676 -0.14436 -0.85580
vn 0.92499 0.10634 -0.36480
vn 0.13658 0.08169 0.98726
vn -0.61157 -0.04042 0.79016
vn -0.76827 -0.13902 0.62484
vn -0.50988 0.03490 0.85954
vn 0.28361 -0.92974 0.23483
usemtl FluffyWolfCut
s 1
f 1/1/1 2/2/2 26/27/26 25/26/25
f 2/2/2 3/3/3 27/28/27 26/27/26
f 3/3/3 4/4/4 28/29/28 27/28/27
f 4/4/4 5/5/5 29/30/29 28/29/28
f 5/5/5 6/6/6 30/31/30 29/30/29
f 6/6/6 7/7/7 31/32/31 30/31/30
f 7/7/7 8/8/8 32/33/32 31/32/31
f 8/8/8 9/9/9 33/34/33 32/33/32
f 9/9/9 10/10/10 34/35/34 33/34/33
f 10/10/10 11/11/11 35/36/35 34/35/34
f 11/11/11 12/12/12 36/37/36 35/36/35
f 12/12/12 13/13/13 37/38/37 36/37/36
f 13/13/13 14/14/14 38/39/38 37/38/37
f 14/14/14 15/15/15 39/40/39 38/39/38
f 15/15/15 16/16/16 40/41/40 39/40/39
f 16/16/16 17/17/17 41/42/41 40/41/40
f 17/17/17 18/18/18 42/43/42 41/42/41
f 18/18/18 19/19/19 43/44/43 42/43/42
f 19/19/19 20/20/20 44/45/44 43/44/43
f 20/20/20 21/21/21 45/46/45 44/45/44
f 21/21/21 22/22/22 46/47/46 45/46/45
f 22/22/22 23/23/23 47/48/47 46/47/46
f 23/23/23 24/24/24 48/49/48 47/48/47
f 24/24/24 1/25/1 25/50/25 48/49/48
f 25/26/25 26/27/26 50/52/50 49/51/49
f 26/27/26 27/28/27 51/53/51 50/52/50
f 27/28/27 28/29/28 52/54/52 51/53/51
f 28/29/28 29/30/29 53/55/53 52/54/52
f 29/30/29 30/31/30 54/56/54 53/55/53
f 30/31/30 31/32/31 55/57/55 54/56/54
f 31/32/31 32/33/32 56/58/56 55/57/55
f 32/33/32 33/34/33 57/59/57 56/58/56
f 33/34/33 34/35/34 58/60/58 57/59/57
f 34/35/34 35/36/35 59/61/59 58/60/58
f 35/36/35 36/37/36 60/62/60 59/61/59
f 36/37/36 37/38/37 61/63/61 60/62/60
f 37/38/37 38/39/38 62/64/62 61/63/61
f 38/39/38 39/40/39 63/65/63 62/64/62
f 39/40/39 40/41/40 64/66/64 63/65/63
f 40/41/40 41/42/41 65/67/65 64/66/64
f 41/42/41 42/43/42 66/68/66 65/67/65
f 42/43/42 43/44/43 67/69/67 66/68/66
f 43/44/43 44/45/44 68/70/68 67/69/67
f 44/45/44 45/46/45 69/71/69 68/70/68
f 45/46/45 46/47/46 70/72/70 69/71/69
f 46/47/46 47/48/47 71/73/71 70/72/70
f 47/48/47 48/49/48 72/74/72 71/73/71
f 48/49/48 25/50/25 49/75/49 72/74/72
f 49/51/49 50/52/50 74/77/74 73/76/73
f 50/52/50 51/53/51 75/78/75 74/77/74
f 51/53/51 52/54/52 76/79/76 75/78/75
f 52/54/52 53/55/53 77/80/77 76/79/76
f 53/55/53 54/56/54 78/81/78 77/80/77
f 54/56/54 55/57/55 79/82/79 78/81/78
f 55/57/55 56/58/56 80/83/80 79/82/79
f 56/58/56 57/59/57 81/84/81 80/83/80
f 57/59/57 58/60/58 82/85/82 81/84/81
f 58/60/58 59/61/59 83/86/83 82/85/82
f 59/61/59 60/62/60 84/87/84 83/86/83
f 60/62/60 61/63/61 85/88/85 84/87/84
f 61/63/61 62/64/62 86/89/86 85/88/85
f 62/64/62 63/65/63 87/90/87 86/89/86
f 63/65/63 64/66/64 88/91/88 87/90/87
f 64/66/64 65/67/65 89/92/89 88/91/88
f 65/67/65 66/68/66 90/93/90 89/92/89
f 66/68/66 67/69/67 91/94/91 90/93/90
f 67/69/67 68/70/68 92/95/92 91/94/91
f 68/70/68 69/71/69 93/96/93 92/95/92
f 69/71/69 70/72/70 94/97/94 93/96/93
f 70/72/70 71/73/71 95/98/95 94/97/94
f 71/73/71 72/74/72 96/99/96 95/98/95
f 72/74/72 49/75/49 73/100/73 96/99/96
f 73/76/73 74/77/74 98/102/98 97/101/97
f 74/77/74 75/78/75 99/103/99 98/102/98
f 75/78/75 76/79/76 100/104/100 99/103/99
f 76/79/76 77/80/77 101/105/101 100/104/100
f 77/80/77 78/81/78 102/106/102 101/105/101
f 78/81/78 79/82/79 103/107/103 102/106/102
f 79/82/79 80/83/80 104/108/104 103/107/103
f 80/83/80 81/84/81 105/109/105 104/108/104
f 81/84/81 82/85/82 106/110/106 105/109/105
f 82/85/82 83/86/83 107/111/107 106/110/106
f 83/86/83 84/87/84 108/112/108 107/111/107
f 84/87/84 85/88/85 109/113/109 108/112/108
f 85/88/85 86/89/86 110/114/110 109/113/109
f 86/89/86 87/90/87 111/115/111 110/114/110
f 87/90/87 88/91/88 112/116/112 111/115/111
f 88/91/88 89/92/89 113/117/113 112/116/112
f 89/92/89 90/93/90 114/118/114 113/117/113
f 90/93/90 91/94/91 115/119/115 114/118/114
f 91/94/91 92/95/92 116/120/116 115/119/115
f 92/95/92 93/96/93 117/121/117 116/120/116
f 93/96/93 94/97/94 118/122/118 117/121/117
f 94/97/94 95/98/95 119/123/119 118/122/118
f 95/98/95 96/99/96 120/124/120 119/123/119
f 96/99/96 73/100/73 97/125/97 120/124/120
f 97/101/97 98/102/98 122/127/122 121/126/121
f 98/102/98 99/103/99 123/128/123 122/127/122
f 99/103/99 100/104/100 124/129/124 123/128/123
f 100/104/100 101/105/101 125/130/125 124/129/124
f 101/105/101 102/106/102 126/131/126 125/130/125
f 102/106/102 103/107/103 127/132/127 126/131/126
f 103/107/103 104/108/104 128/133/128 127/132/127
f 104/108/104 105/109/105 129/134/129 128/133/128
f 105/109/105 106/110/106 130/135/130 129/134/129
f 106/110/106 107/111/107 131/136/131 130/135/130
f 107/111/107 108/112/108 132/137/132 131/136/131
f 108/112/108 109/113/109 133/138/133 132/137/132
f 109/113/109 110/114/110 134/139/134 133/138/133
f 110/114/110 111/115/111 135/140/135 134/139/134
f 111/115/111 112/116/112 136/141/136 135/140/135
f 112/116/112 113/117/113 137/142/137 136/141/136
f 113/117/113 114/118/114 138/143/138 137/142/137
f 114/118/114 115/119/115 139/144/139 138/143/138
f 115/119/115 116/120/116 140/145/140 139/144/139
f 116/120/116 117/121/117 141/146/141 140/145/140
f 117/121/117 118/122/118 142/147/142 141/146/141
f 118/122/118 119/123/119 143/148/143 142/147/142
f 119/123/119 120/124/120 144/149/144 143/148/143
f 120/124/120 97/125/97 121/150/121 144/149/144
f 121/126/121 122/127/122 146/152/146 145/151/145
f 122/127/122 123/128/123 147/153/147 146/152/146
f 123/128/123 124/129/124 148/154/148 147/153/147
f 124/129/124 125/130/125 149/155/149 148/154/148
f 125/130/125 126/131/126 150/156/150 149/155/149
f 126/131/126 127/132/127 151/157/151 150/156/150
f 127/132/127 128/133/128 152/158/152 151/157/151
f 128/133/128 129/134/129 153/159/153 152/158/152
f 129/134/129 130/135/130 154/160/154 153/159/153
f 130/135/130 131/136/131 155/161/155 154/160/154
f 131/136/131 132/137/132 156/162/156 155/161/155
f 132/137/132 133/138/133 157/163/157 156/162/156
f 133/138/133 134/139/134 158/164/158 157/163/157
f 134/139/134 135/140/135 159/165/159 158/164/158
f 135/140/135 136/141/136 160/166/160 159/165/159
f 136/141/136 137/142/137 161/167/161 160/166/160
f 137/142/137 138/143/138 162/168/162 161/167/161
f 138/143/138 139/144/139 163/169/163 162/168/162
f 139/144/139 140/145/140 164/170/164 163/169/163
f 140/145/140 141/146/141 165/171/165 164/170/164
f 141/146/141 142/147/142 166/172/166 165/171/165
f 142/147/142 143/148/143 167/173/167 166/172/166
f 143/148/143 144/149/144 168/174/168 167/173/167
f 144/149/144 121/150/121 145/175/145 168/174/168
f 145/151/145 146/152/146 170/177/170 169/176/169
f 146/152/146 147/153/147 171/178/171 170/177/170
f 147/153/147 148/154/148 172/179/172 171/178/171
f 148/154/148 149/155/149 173/180/173 172/179/172
f 149/155/149 150/156/150 174/181/174 173/180/173
f 150/156/150 151/157/151 175/182/175 174/181/174
f 151/157/151 152/158/152 176/183/176 175/182/175
f 152/158/152 153/159/153 177/184/177 176/183/176
f 153/159/153 154/160/154 178/185/178 177/184/177
f 154/160/154 155/161/155 179/186/179 178/185/178
f 155/161/155 156/162/156 180/187/180 179/186/179
f 156/162/156 157/163/157 181/188/181 180/187/180
f 157/163/157 158/164/158 182/189/182 181/188/181
f 158/164/158 159/165/159 183/190/183 182/189/182
f 159/165/159 160/166/160 184/191/184 183/190/183
f 160/166/160 161/167/161 185/192/185 184/191/184
f 161/167/161 162/168/162 186/193/186 185/192/185
f 162/168/162 163/169/163 187/194/187 186/193/186
f 163/169/163 164/170/164 188/195/188 187/194/187
f 164/170/164 165/171/165 189/196/189 188/195/188
f 165/171/165 166/172/166 190/197/190 189/196/189
f 166/172/166 167/173/167 191/198/191 190/197/190
f 167/173/167 168/174/168 192/199/192 191/198/191
f 168/174/168 145/175/145 169/200/169 192/199/192
f 193/201/193 2/2/2 1/1/1
f 193/202/193 3/3/3 2/2/2
f 193/203/193 4/4/4 3/3/3
f 193/204/193 5/5/5 4/4/4
f 193/205/193 6/6/6 5/5/5
f 193/206/193 7/7/7 6/6/6
f 193/207/193 8/8/8 7/7/7
f 193/208/193 9/9/9 8/8/8
f 193/209/193 10/10/10 9/9/9
f 193/210/193 11/11/11 10/10/10
f 193/211/193 12/12/12 11/11/11
f 193/212/193 13/13/13 12/12/12
f 193/213/193 14/14/14 13/13/13
f 193/214/193 15/15/15 14/14/14
f 193/215/193 16/16/16 15/15/15
f 193/216/193 17/17/17 16/16/16
f 193/217/193 18/18/18 17/17/17
f 193/218/193 19/19/19 18/18/18
f 193/219/193 20/20/20 19/19/19
f 193/220/193 21/21/21 20/20/20
f 193/221/193 22/22/22 21/21/21
f 193/222/193 23/23/23 22/22/22
f 193/223/193 24/24/24 23/23/23
f 193/224/193 1/25/1 24/24/24
f 169/176/169 170/177/170 194/225/194
f 170/177/170 171/178/171 194/226/194
f 171/178/171 172/179/172 194/227/194
f 172/179/172 173/180/173 194/228/194
f 173/180/173 174/181/174 194/229/194
f 174/181/174 175/182/175 194/230/194
f 175/182/175 176/183/176 194/231/194
f 176/183/176 177/184/177 194/232/194
f 177/184/177 178/185/178 194/233/194
f 178/185/178 179/186/179 194/234/194
f 179/186/179 180/187/180 194/235/194
f 180/187/180 181/188/181 194/236/194
f 181/188/181 182/189/182 194/237/194
f 182/189/182 183/190/183 194/238/194
f 183/190/183 184/191/184 194/239/194
f 184/191/184 185/192/185 194/240/194
f 185/192/185 186/193/186 194/241/194
f 186/193/186 187/194/187 194/242/194
f 187/194/187 188/195/188 194/243/194
f 188/195/188 189/196/189 194/244/194
f 189/196/189 190/197/190 194/245/194
f 190/197/190 191/198/191 194/246/194
f 191/198/191 192/199/192 194/247/194
f 192/199/192 169/200/169 194/248/194
f 195/249/195 196/250/196 202/257/202 201/256/201
f 196/250/196 197/251/197 203/258/203 202/257/202
f 197/251/197 198/252/198 204/259/204 203/258/203
f 198/252/198 199/253/199 205/260/205 204/259/204
f 199/253/199 200/254/200 206/261/206 205/260/205
f 200/254/200 195/255/195 201/262/201 206/261/206
f 201/256/201 202/257/202 208/264/208 207/263/207
f 202/257/202 203/258/203 209/265/209 208/264/208
f 203/258/203 204/259/204 210/266/210 209/265/209
f 204/259/204 205/260/205 211/267/211 210/266/210
f 205/260/205 206/261/206 212/268/212 211/267/211
f 206/261/206 201/262/201 207/269/207 212/268/212
f 207/263/207 208/264/208 214/271/214 213/270/213
f 208/264/208 209/265/209 215/272/215 214/271/214
f 209/265/209 210/266/210 216/273/216 215/272/215
f 210/266/210 211/267/211 217/274/217 216/273/216
f 211/267/211 212/268/212 218/275/218 217/274/217
f 212/268/212 207/269/207 213/276/213 218/275/218
f 213/270/213 214/271/214 220/278/220 219/277/219
f 214/271/214 215/272/215 221/279/221 220/278/220
f 215/272/215 216/273/216 222/280/222 221/279/221
f 216/273/216 217/274/217 223/281/223 222/280/222
f 217/274/217 218/275/218 224/282/224 223/281/223
f 218/275/218 213/276/213 219/283/219 224/282/224
f 219/277/219 220/278/220 226/285/226 225/284/225
f 220/278/220 221/279/221 227/286/227 226/285/226
f 221/279/221 222/280/222 228/287/228 227/286/227
f 222/280/222 223/281/223 229/288/229 228/287/228
f 223/281/223 224/282/224 230/289/230 229/288/229
f 224/282/224 219/283/219 225/290/225 230/289/230
f 225/284/225 226/285/226 232/292/232 231/291/231
f 226/285/226 227/286/227 233/293/233 232/292/232
f 227/286/227 228/287/228 234/294/234 233/293/233
f 228/287/228 229/288/229 235/295/235 234/294/234
f 229/288/229 230/289/230 236/296/236 235/295/235
f 230/289/230 225/290/225 231/297/231 236/296/236
f 231/291/231 232/292/232 238/299/238 237/298/237
f 232/292/232 233/293/233 239/300/239 238/299/238
f 233/293/233 234/294/234 240/301/240 239/300/239
f 234/294/234 235/295/235 241/302/241 240/301/240
f 235/295/235 236/296/236 242/303/242 241/302/241
f 236/296/236 231/297/231 237/304/237 242/303/242
f 237/298/237 238/299/238 244/306/244 243/305/243
f 238/299/238 239/300/239 245/307/245 244/306/244
f 239/300/239 240/301/240 246/308/246 245/307/245
f 240/301/240 241/302/241 247/309/247 246/308/246
f 241/302/241 242/303/242 248/310/248 247/309/247
f 242/303/242 237/304/237 243/311/243 248/310/248
f 243/305/243 244/306/244 250/313/250 249/312/249
f 244/306/244 245/307/245 251/314/251 250/313/250
f 245/307/245 246/308/246 252/315/252 251/314/251
f 246/308/246 247/309/247 253/316/253 252/315/252
f 247/309/247 248/310/248 254/317/254 253/316/253
f 248/310/248 243/311/243 249/318/249 254/317/254
f 255/319/255 196/250/196 195/249/195
f 255/320/255 197/251/197 196/250/196
f 255/321/255 198/252/198 197/251/197
f 255/322/255 199/253/199 198/252/198
f 255/323/255 200/254/200 199/253/199
f 255/324/255 195/255/195 200/254/200
f 249/312/249 250/313/250 256/325/256
f 250/313/250 251/314/251 256/326/256
f 251/314/251 252/315/252 256/327/256
f 252/315/252 253/316/253 256/328/256
f 253/316/253 254/317/254 256/329/256
f 254/317/254 249/318/249 256/330/256
f 257/331/257 258/332/258 264/339/264 263/338/263
f 258/332/258 259/333/259 265/340/265 264/339/264
f 259/333/259 260/334/260 266/341/266 265/340/265
f 260/334/260 261/335/261 267/342/267 266/341/266
f 261/335/261 262/336/262 268/343/268 267/342/267
f 262/336/262 257/337/257 263/344/263 268/343/268
f 263/338/263 264/339/264 270/346/270 269/345/269
f 264/339/264 265/340/265 271/347/271 270/346/270
f 265/340/265 266/341/266 272/348/272 271/347/271
f 266/341/266 267/342/267 273/349/273 272/348/272
f 267/342/267 268/343/268 274/350/274 273/349/273
f 268/343/268 263/344/263 269/351/269 274/350/274
f 269/345/269 270/346/270 276/353/276 275/352/275
f 270/346/270 271/347/271 277/354/277 276/353/276
f 271/347/271 272/348/272 278/355/278 277/354/277
f 272/348/272 273/349/273 279/356/279 278/355/278
f 273/349/273 274/350/274 280/357/280 279/356/279
f 274/350/274 269/351/269 275/358/275 280/357/280
f 275/352/275 276/353/276 282/360/282 281/359/281
f 276/353/276 277/354/277 283/361/283 282/360/282
f 277/354/277 278/355/278 284/362/284 283/361/283
f 278/355/278 279/356/279 285/363/285 284/362/284
f 279/356/279 280/357/280 286/364/286 285/363/285
f 280/357/280 275/358/275 281/365/281 286/364/286
f 281/359/281 282/360/282 288/367/288 287/366/287
f 282/360/282 283/361/283 289/368/289 288/367/288
f 283/361/283 284/362/284 290/369/290 289/368/289
f 284/362/284 285/363/285 291/370/291 290/369/290
f 285/363/285 286/364/286 292/371/292 291/370/291
f 286/364/286 281/365/281 287/372/287 292/371/292
f 287/366/287 288/367/288 294/374/294 293/373/293
f 288/367/288 289/368/289 295/375/295 294/374/294
f 289/368/289 290/369/290 296/376/296 295/375/295
f 290/369/290 291/370/291 297/377/297 296/376/296
f 291/370/291 292/371/292 298/378/298 297/377/297
f 292/371/292 287/372/287 293/379/293 298/378/298
f 293/373/293 294/374/294 300/381/300 299/380/299
f 294/374/294 295/375/295 301/382/301 300/381/300
f 295/375/295 296/376/296 302/383/302 301/382/301
f 296/376/296 297/377/297 303/384/303 302/383/302
f 297/377/297 298/378/298 304/385/304 303/384/303
f 298/378/298 293/379/293 299/386/299 304/385/304
f 299/380/299 300/381/300 306/388/306 305/387/305
f 300/381/300 301/382/301 307/389/307 306/388/306
f 301/382/301 302/383/302 308/390/308 307/389/307
f 302/383/302 303/384/303 309/391/309 308/390/308
f 303/384/303 304/385/304 310/392/310 309/391/309
f 304/385/304 299/386/299 305/393/305 310/392/310
f 305/387/305 306/388/306 312/395/312 311/394/311
f 306/388/306 307/389/307 313/396/313 312/395/312
f 307/389/307 308/390/308 314/397/314 313/396/313
f 308/390/308 309/391/309 315/398/315 314/397/314
f 309/391/309 310/392/310 316/399/316 315/398/315
f 310/392/310 305/393/305 311/400/311 316/399/316
f 317/401/317 258/332/258 257/331/257
f 317/402/317 259/333/259 258/332/258
f 317/403/317 260/334/260 259/333/259
f 317/404/317 261/335/261 260/334/260
f 317/405/317 262/336/262 261/335/261
f 317/406/317 257/337/257 262/336/262
f 311/394/311 312/395/312 318/407/318
f 312/395/312 313/396/313 318/408/318
f 313/396/313 314/397/314 318/409/318
f 314/397/314 315/398/315 318/410/318
f 315/398/315 316/399/316 318/411/318
f 316/399/316 311/400/311 318/412/318
f 319/413/319 320/414/320 326/421/326 325/420/325
f 320/414/320 321/415/321 327/422/327 326/421/326
f 321/415/321 322/416/322 328/423/328 327/422/327
f 322/416/322 323/417/323 329/424/329 328/423/328
f 323/417/323 324/418/324 330/425/330 329/424/329
f 324/418/324 319/419/319 325/426/325 330/425/330
f 325/420/325 326/421/326 332/428/332 331/427/331
f 326/421/326 327/422/327 333/429/333 332/428/332
f 327/422/327 328/423/328 334/430/334 333/429/333
f 328/423/328 329/424/329 335/431/335 334/430/334
f 329/424/329 330/425/330 336/432/336 335/431/335
f 330/425/330 325/426/325 331/433/331 336/432/336
f 331/427/331 332/428/332 338/435/338 337/434/337
f 332/428/332 333/429/333 339/436/339 338/435/338
f 333/429/333 334/430/334 340/437/340 339/436/339
f 334/430/334 335/431/335 341/438/341 340/437/340
f 335/431/335 336/432/336 342/439/342 341/438/341
f 336/432/336 331/433/331 337/440/337 342/439/342
f 337/434/337 338/435/338 344/442/344 343/441/343
f 338/435/338 339/436/339 345/443/345 344/442/344
f 339/436/339 340/437/340 346/444/346 345/443/345
f 340/437/340 341/438/341 347/445/347 346/444/346
f 341/438/341 342/439/342 348/446/348 347/445/347
f 342/439/342 337/440/337 343/447/343 348/446/348
f 343/441/343 344/442/344 350/449/350 349/448/349
f 344/442/344 345/443/345 351/450/351 350/449/350
f 345/443/345 346/444/346 352/451/352 351/450/351
f 346/444/346 347/445/347 353/452/353 352/451/352
f 347/445/347 348/446/348 354/453/354 353/452/353
f 348/446/348 343/447/343 349/454/349 354/453/354
f 349/448/349 350/449/350 356/456/356 355/455/355
f 350/449/350 351/450/351 357/457/357 356/456/356
f 351/450/351 352/451/352 358/458/358 357/457/357
f 352/451/352 353/452/353 359/459/359 358/458/358
f 353/452/353 354/453/354 360/460/360 359/459/359
f 354/453/354 349/454/349 355/461/355 360/460/360
f 355/455/355 356/456/356 362/463/362 361/462/361
f 356/456/356 357/457/357 363/464/363 362/463/362
f 357/457/357 358/458/358 364/465/364 363/464/363
f 358/458/358 359/459/359 365/466/365 364/465/364
f 359/459/359 360/460/360 366/467/366 365/466/365
f 360/460/360 355/461/355 361/468/361 366/467/366
f 361/462/361 362/463/362 368/470/368 367/469/367
f 362/463/362 363/464/363 369/471/369 368/470/368
f 363/464/363 364/465/364 370/472/370 369/471/369
f 364/465/364 365/466/365 371/473/371 370/472/370
f 365/466/365 366/467/366 372/474/372 371/473/371
f 366/467/366 361/468/361 367/475/367 372/474/372
f 367/469/367 368/470/368 374/477/374 373/476/373
f 368/470/368 369/471/369 375/478/375 374/477/374
f 369/471/369 370/472/370 376/479/376 375/478/375
f 370/472/370 371/473/371 377/480/377 376/479/376
f 371/473/371 372/474/372 378/481/378 377/480/377
f 372/474/372 367/475/367 373/482/373 378/481/378
f 379/483/379 320/414/320 319/413/319
f 379/484/379 321/415/321 320/414/320
f 379/485/379 322/416/322 321/415/321
f 379/486/379 323/417/323 322/416/322
f 379/487/379 324/418/324 323/417/323
f 379/488/379 319/419/319 324/418/324
f 373/476/373 374/477/374 380/489/380
f 374/477/374 375/478/375 380/490/380
f 375/478/375 376/479/376 380/491/380
f 376/479/376 377/480/377 380/492/380
f 377/480/377 378/481/378 380/493/380
f 378/481/378 373/482/373 380/494/380
f 381/495/381 382/496/382 388/503/388 387/502/387
f 382/496/382 383/497/383 389/504/389 388/503/388
f 383/497/383 384/498/384 390/505/390 389/504/389
f 384/498/384 385/499/385 391/506/391 390/505/390
f 385/499/385 386/500/386 392/507/392 391/506/391
f 386/500/386 381/501/381 387/508/387 392/507/392
f 387/502/387 388/503/388 394/510/394 393/509/393
f 388/503/388 389/504/389 395/511/395 394/510/394
f 389/504/389 390/505/390 396/512/396 395/511/395
f 390/505/390 391/506/391 397/513/397 396/512/396
f 391/506/391 392/507/392 398/514/398 397/513/397
f 392/507/392 387/508/387 393/515/393 398/514/398
f 393/509/393 394/510/394 400/517/400 399/516/399
f 394/510/394 395/511/395 401/518/401 400/517/400
f 395/511/395 396/512/396 402/519/402 401/518/401
f 396/512/396 397/513/397 403/520/403 402/519/402
f 397/513/397 398/514/398 404/521/404 403/520/403
f 398/514/398 393/515/393 399/522/399 404/521/404
f 399/516/399 400/517/400 406/524/406 405/523/405
f 400/517/400 401/518/401 407/525/407 406/524/406
f 401/518/401 402/519/402 408/526/408 407/525/407
f 402/519/402 403/520/403 409/527/409 408/526/408
f 403/520/403 404/521/404 410/528/410 409/527/409
f 404/521/404 399/522/399 405/529/405 410/528/410
f 405/523/405 406/524/406 412/531/412 411/530/411
f 406/524/406 407/525/407 413/532/413 412/531/412
f 407/525/407 408/526/408 414/533/414 413/532/413
f 408/526/408 409/527/409 415/534/415 414/533/414
f 409/527/409 410/528/410 416/535/416 415/534/415
f 410/528/410 405/529/405 411/536/411 416/535/416
f 411/530/411 412/531/412 418/538/418 417/537/417
f 412/531/412 413/532/413 419/539/419 418/538/418
f 413/532/413 414/533/414 420/540/420 419/539/419
f 414/533/414 415/534/415 421/541/421 420/540/420
f 415/534/415 416/535/416 422/542/422 421/541/421
f 416/535/416 411/536/411 417/543/417 422/542/422
f 417/537/417 418/538/418 424/545/424 423/544/423
f 418/538/418 419/539/419 425/546/425 424/545/424
f 419/539/419 420/540/420 426/547/426 425/546/425
f 420/540/420 421/541/421 427/548/427 426/547/426
f 421/541/421 422/542/422 428/549/428 427/548/427
f 422/542/422 417/543/417 423/550/423 428/549/428
f 423/544/423 424/545/424 430/552/430 429/551/429
f 424/545/424 425/546/425 431/553/431 430/552/430
f 425/546/425 426/547/426 432/554/432 431/553/431
f 426/547/426 427/548/427 433/555/433 432/554/432
f 427/548/427 428/549/428 434/556/434 433/555/433
f 428/549/428 423/550/423 429/557/429 434/556/434
f 429/551/429 430/552/430 436/559/436 435/558/435
f 430/552/430 431/553/431 437/560/437 436/559/436
f 431/553/431 432/554/432 438/561/438 437/560/437
f 432/554/432 433/555/433 439/562/439 438/561/438
f 433/555/433 434/556/434 440/563/440 439/562/439
f 434/556/434 429/557/429 435/564/435 440/563/440
f 441/565/441 382/496/382 381/495/381
f 441/566/441 383/497/383 382/496/382
f 441/567/441 384/498/384 383/497/383
f 441/568/441 385/499/385 384/498/384
f 441/569/441 386/500/386 385/499/385
f 441/570/441 381/501/381 386/500/386
f 435/558/435 436/559/436 442/571/442
f 436/559/436 437/560/437 442/572/442
f 437/560/437 438/561/438 442/573/442
f 438/561/438 439/562/439 442/574/442
f 439/562/439 440/563/440 442/575/442
f 440/563/440 435/564/435 442/576/442
f 443/577/443 444/578/444 450/585/450 449/584/449
f 444/578/444 445/579/445 451/586/451 450/585/450
f 445/579/445 446/580/446 452/587/452 451/586/451
f 446/580/446 447/581/447 453/588/453 452/587/452
f 447/581/447 448/582/448 454/589/454 453/588/453
f 448/582/448 443/583/443 449/590/449 454/589/454
f 449/584/449 450/585/450 456/592/456 455/591/455
f 450/585/450 451/586/451 457/593/457 456/592/456
f 451/586/451 452/587/452 458/594/458 457/593/457
f 452/587/452 453/588/453 459/595/459 458/594/458
f 453/588/453 454/589/454 460/596/460 459/595/459
f 454/589/454 449/590/449 455/597/455 460/596/460
f 455/591/455 456/592/456 462/599/462 461/598/461
f 456/592/456 457/593/457 463/600/463 462/599/462
f 457/593/457 458/594/458 464/601/464 463/600/463
f 458/594/458 459/595/459 465/602/465 464/601/464
f 459/595/459 460/596/460 466/603/466 465/602/465
f 460/596/460 455/597/455 461/604/461 466/603/466
f 461/598/461 462/599/462 468/606/468 467/605/467
f 462/599/462 463/600/463 469/607/469 468/606/468
f 463/600/463 464/601/464 470/608/470 469/607/469
f 464/601/464 465/602/465 471/609/471 470/608/470
f 465/602/465 466/603/466 472/610/472 471/609/471
f 466/603/466 461/604/461 467/611/467 472/610/472
f 467/605/467 468/606/468 474/613/474 473/612/473
f 468/606/468 469/607/469 475/614/475 474/613/474
f 469/607/469 470/608/470 476/615/476 475/614/475
f 470/608/470 471/609/471 477/616/477 476/615/476
f 471/609/471 472/610/472 478/617/478 477/616/477
f 472/610/472 467/611/467 473/618/473 478/617/478
f 473/612/473 474/613/474 480/620/480 479/619/479
f 474/613/474 475/614/475 481/621/481 480/620/480
f 475/614/475 476/615/476 482/622/482 481/621/481
f 476/615/476 477/616/477 483/623/483 482/622/482
f 477/616/477 478/617/478 484/624/484 483/623/483
f 478/617/478 473/618/473 479/625/479 484/624/484
f 479/619/479 480/620/480 486/627/486 485/626/485
f 480/620/480 481/621/481 487/628/487 486/627/486
f 481/621/481 482/622/482 488/629/488 487/628/487
f 482/622/482 483/623/483 489/630/489 488/629/488
f 483/623/483 484/624/484 490/631/490 489/630/489
f 484/624/484 479/625/479 485/632/485 490/631/490
f 485/626/485 486/627/486 492/634/492 491/633/491
f 486/627/486 487/628/487 493/635/493 492/634/492
f 487/628/487 488/629/488 494/636/494 493/635/493
f 488/629/488 489/630/489 495/637/495 494/636/494
f 489/630/489 490/631/490 496/638/496 495/637/495
f 490/631/490 485/632/485 491/639/491 496/638/496
f 491/633/491 492/634/492 498/641/498 497/640/497
f 492/634/492 493/635/493 499/642/499 498/641/498
f 493/635/493 494/636/494 500/643/500 499/642/499
f 494/636/494 495/637/495 501/644/501 500/643/500
f 495/637/495 496/638/496 502/645/502 501/644/501
f 496/638/496 491/639/491 497/646/497 502/645/502
f 503/647/503 444/578/444 443/577/443
f 503/648/503 445/579/445 444/578/444
f 503/649/503 446/580/446 445/579/445
f 503/650/503 447/581/447 446/580/446
f 503/651/503 448/582/448 447/581/447
f 503/652/503 443/583/443 448/582/448
f 497/640/497 498/641/498 504/653/504
f 498/641/498 499/642/499 504/654/504
f 499/642/499 500/643/500 504/655/504
f 500/643/500 501/644/501 504/656/504
f 501/644/501 502/645/502 504/657/504
f 502/645/502 497/646/497 504/658/504
f 505/659/505 506/660/506 512/667/512 511/666/511
f 506/660/506 507/661/507 513/668/513 512/667/512
f 507/661/507 508/662/508 514/669/514 513/668/513
f 508/662/508 509/663/509 515/670/515 514/669/514
f 509/663/509 510/664/510 516/671/516 515/670/515
f 510/664/510 505/665/505 511/672/511 516/671/516
f 511/666/511 512/667/512 518/674/518 517/673/517
f 512/667/512 513/668/513 519/675/519 518/674/518
f 513/668/513 514/669/514 520/676/520 519/675/519
f 514/669/514 515/670/515 521/677/521 520/676/520
f 515/670/515 516/671/516 522/678/522 521/677/521
f 516/671/516 511/672/511 517/679/517 522/678/522
f 517/673/517 518/674/518 524/681/524 523/680/523
f 518/674/518 519/675/519 525/682/525 524/681/524
f 519/675/519 520/676/520 526/683/526 525/682/525
f 520/676/520 521/677/521 527/684/527 526/683/526
f 521/677/521 522/678/522 528/685/528 527/684/527
f 522/678/522 517/679/517 523/686/523 528/685/528
f 523/680/523 524/681/524 530/688/530 529/687/529
f 524/681/524 525/682/525 531/689/531 530/688/530
f 525/682/525 526/683/526 532/690/532 531/689/531
f 526/683/526 527/684/527 533/691/533 532/690/532
f 527/684/527 528/685/528 534/692/534 533/691/533
f 528/685/528 523/686/523 529/693/529 534/692/534
f 529/687/529 530/688/530 536/695/536 535/694/535
f 530/688/530 531/689/531 537/696/537 536/695/536
f 531/689/531 532/690/532 538/697/538 537/696/537
f 532/690/532 533/691/533 539/698/539 538/697/538
f 533/691/533 534/692/534 540/699/540 539/698/539
f 534/692/534 529/693/529 535/700/535 540/699/540
f 535/694/535 536/695/536 542/702/542 541/701/541
f 536/695/536 537/696/537 543/703/543 542/702/542
f 537/696/537 538/697/538 544/704/544 543/703/543
f 538/697/538 539/698/539 545/705/545 544/704/544
f 539/698/539 540/699/540 546/706/546 545/705/545
f 540/699/540 535/700/535 541/707/541 546/706/546
f 541/701/541 542/702/542 548/709/548 547/708/547
f 542/702/542 543/703/543 549/710/549 548/709/548
f 543/703/543 544/704/544 550/711/550 549/710/549
f 544/704/544 545/705/545 551/712/551 550/711/550
f 545/705/545 546/706/546 552/713/552 551/712/551
f 546/706/546 541/707/541 547/714/547 552/713/552
f 547/708/547 548/709/548 554/716/554 553/715/553
f 548/709/548 549/710/549 555/717/555 554/716/554
f 549/710/549 550/711/550 556/718/556 555/717/555
f 550/711/550 551/712/551 557/719/557 556/718/556
f 551/712/551 552/713/552 558/720/558 557/719/557
f 552/713/552 547/714/547 553/721/553 558/720/558
f 553/715/553 554/716/554 560/723/560 559/722/559
f 554/716/554 555/717/555 561/724/561 560/723/560
f 555/717/555 556/718/556 562/725/562 561/724/561
f 556/718/556 557/719/557 563/726/563 562/725/562
f 557/719/557 558/720/558 564/727/564 563/726/563
f 558/720/558 553/721/553 559/728/559 564/727/564
f 565/729/565 506/660/506 505/659/505
f 565/730/565 507/661/507 506/660/506
f 565/731/565 508/662/508 507/661/507
f 565/732/565 509/663/509 508/662/508
f 565/733/565 510/664/510 509/663/509
f 565/734/565 505/665/505 510/664/510
f 559/722/559 560/723/560 566/735/566
f 560/723/560 561/724/561 566/736/566
f 561/724/561 562/725/562 566/737/566
f 562/725/562 563/726/563 566/738/566
f 563/726/563 564/727/564 566/739/566
f 564/727/564 559/728/559 566/740/566
f 567/741/567 568/742/568 574/749/574 573/748/573
f 568/742/568 569/743/569 575/750/575 574/749/574
f 569/743/569 570/744/570 576/751/576 575/750/575
f 570/744/570 571/745/571 577/752/577 576/751/576
f 571/745/571 572/746/572 578/753/578 577/752/577
f 572/746/572 567/747/567 573/754/573 578/753/578
f 573/748/573 574/749/574 580/756/580 579/755/579
f 574/749/574 575/750/575 581/757/581 580/756/580
f 575/750/575 576/751/576 582/758/582 581/757/581
f 576/751/576 577/752/577 583/759/583 582/758/582
f 577/752/577 578/753/578 584/760/584 583/759/583
f 578/753/578 573/754/573 579/761/579 584/760/584
f 579/755/579 580/756/580 586/763/586 585/762/585
f 580/756/580 581/757/581 587/764/587 586/763/586
f 581/757/581 582/758/582 588/765/588 587/764/587
f 582/758/582 583/759/583 589/766/589 588/765/588
f 583/759/583 584/760/584 590/767/590 589/766/589
f 584/760/584 579/761/579 585/768/585 590/767/590
f 585/762/585 586/763/586 592/770/592 591/769/591
f 586/763/586 587/764/587 593/771/593 592/770/592
f 587/764/587 588/765/588 594/772/594 593/771/593
f 588/765/588 589/766/589 595/773/595 594/772/594
f 589/766/589 590/767/590 596/774/596 595/773/595
f 590/767/590 585/768/585 591/775/591 596/774/596
f 591/769/591 592/770/592 598/777/598 597/776/597
f 592/770/592 593/771/593 599/778/599 598/777/598
f 593/771/593 594/772/594 600/779/600 599/778/599
f 594/772/594 595/773/595 601/780/601 600/779/600
f 595/773/595 596/774/596 602/781/602 601/780/601
f 596/774/596 591/775/591 597/782/597 602/781/602
f 597/776/597 598/777/598 604/784/604 603/783/603
f 598/777/598 599/778/599 605/785/605 604/784/604
f 599/778/599 600/779/600 606/786/606 605/785/605
f 600/779/600 601/780/601 607/787/607 606/786/606
f 601/780/601 602/781/602 608/788/608 607/787/607
f 602/781/602 597/782/597 603/789/603 608/788/608
f 603/783/603 604/784/604 610/791/610 609/790/609
f 604/784/604 605/785/605 611/792/611 610/791/610
f 605/785/605 606/786/606 612/793/612 611/792/611
f 606/786/606 607/787/607 613/794/613 612/793/612
f 607/787/607 608/788/608 614/795/614 613/794/613
f 608/788/608 603/789/603 609/796/609 614/795/614
f 609/790/609 610/791/610 616/798/616 615/797/615
f 610/791/610 611/792/611 617/799/617 616/798/616
f 611/792/611 612/793/612 618/800/618 617/799/617
f 612/793/612 613/794/613 619/801/619 618/800/618
f 613/794/613 614/795/614 620/802/620 619/801/619
f 614/795/614 609/796/609 615/803/615 620/802/620
f 615/797/615 616/798/616 622/805/622 621/804/621
f 616/798/616 617/799/617 623/806/623 622/805/622
f 617/799/617 618/800/618 624/807/624 623/806/623
f 618/800/618 619/801/619 625/808/625 624/807/624
f 619/801/619 620/802/620 626/809/626 625/808/625
f 620/802/620 615/803/615 621/810/621 626/809/626
f 627/811/627 568/742/568 567/741/567
f 627/812/627 569/743/569 568/742/568
f 627/813/627 570/744/570 569/743/569
f 627/814/627 571/745/571 570/744/570
f 627/815/627 572/746/572 571/745/571
f 627/816/627 567/747/567 572/746/572
f 621/804/621 622/805/622 628/817/628
f 622/805/622 623/806/623 628/818/628
f 623/806/623 624/807/624 628/819/628
f 624/807/624 625/808/625 628/820/628
f 625/808/625 626/809/626 628/821/628
f 626/809/626 621/810/621 628/822/628
f 629/823/629 630/824/630 636/831/636 635/830/635
f 630/824/630 631/825/631 637/832/637 636/831/636
f 631/825/631 632/826/632 638/833/638 637/832/637
f 632/826/632 633/827/633 639/834/639 638/833/638
f 633/827/633 634/828/634 640/835/640 639/834/639
f 634/828/634 629/829/629 635/836/635 640/835/640
f 635/830/635 636/831/636 642/838/642 641/837/641
f 636/831/636 637/832/637 643/839/643 642/838/642
f 637/832/637 638/833/638 644/840/644 643/839/643
f 638/833/638 639/834/639 645/841/645 644/840/644
f 639/834/639 640/835/640 646/842/646 645/841/645
f 640/835/640 635/836/635 641/843/641 646/842/646
f 641/837/641 642/838/642 648/845/648 647/844/647
f 642/838/642 643/839/643 649/846/649 648/845/648
f 643/839/643 644/840/644 650/847/650 649/846/649
f 644/840/644 645/841/645 651/848/651 650/847/650
f 645/841/645 646/842/646 652/849/652 651/848/651
f 646/842/646 641/843/641 647/850/647 652/849/652
f 647/844/647 648/845/648 654/852/654 653/851/653
f 648/845/648 649/846/649 655/853/655 654/852/654
f 649/846/649 650/847/650 656/854/656 655/853/655
f 650/847/650 651/848/651 657/855/657 656/854/656
f 651/848/651 652/849/652 658/856/658 657/855/657
f 652/849/652 647/850/647 653/857/653 658/856/658
f 653/851/653 654/852/654 660/859/660 659/858/659
f 654/852/654 655/853/655 661/860/661 660/859/660
f 655/853/655 656/854/656 662/861/662 661/860/661
f 656/854/656 657/855/657 663/862/663 662/861/662
f 657/855/657 658/856/658 664/863/664 663/862/663
f 658/856/658 653/857/653 659/864/659 664/863/664
f 659/858/659 660/859/660 666/866/666 665/865/665
f 660/859/660 661/860/661 667/867/667 666/866/666
f 661/860/661 662/861/662 668/868/668 667/867/667
f 662/861/662 663/862/663 669/869/669 668/868/668
f 663/862/663 664/863/664 670/870/670 669/869/669
f 664/863/664 659/864/659 665/871/665 670/870/670
f 665/865/665 666/866/666 672/873/672 671/872/671
f 666/866/666 667/867/667 673/874/673 672/873/672
f 667/867/667 668/868/668 674/875/674 673/874/673
f 668/868/668 669/869/669 675/876/675 674/875/674
f 669/869/669 670/870/670 676/877/676 675/876/675
f 670/870/670 665/871/665 671/878/671 676/877/676
f 671/872/671 672/873/672 678/880/678 677/879/677
f 672/873/672 673/874/673 679/881/679 678/880/678
f 673/874/673 674/875/674 680/882/680 679/881/679
f 674/875/674 675/876/675 681/883/681 680/882/680
f 675/876/675 676/877/676 682/884/682 681/883/681
f 676/877/676 671/878/671 677/885/677 682/884/682
f 677/879/677 678/880/678 684/887/684 683/886/683
f 678/880/678 679/881/679 685/888/685 684/887/684
f 679/881/679 680/882/680 686/889/686 685/888/685
f 680/882/680 681/883/681 687/890/687 686/889/686
f 681/883/681 682/884/682 688/891/688 687/890/687
f 682/884/682 677/885/677 683/892/683 688/891/688
f 689/893/689 630/824/630 629/823/629
f 689/894/689 631/825/631 630/824/630
f 689/895/689 632/826/632 631/825/631
f 689/896/689 633/827/633 632/826/632
f 689/897/689 634/828/634 633/827/633
f 689/898/689 629/829/629 634/828/634
f 683/886/683 684/887/684 690/899/690
f 684/887/684 685/888/685 690/900/690
f 685/888/685 686/889/686 690/901/690
f 686/889/686 687/890/687 690/902/690
f 687/890/687 688/891/688 690/903/690
f 688/891/688 683/892/683 690/904/690
f 691/905/691 692/906/692 698/913/698 697/912/697
f 692/906/692 693/907/693 699/914/699 698/913/698
f 693/907/693 694/908/694 700/915/700 699/914/699
f 694/908/694 695/909/695 701/916/701 700/915/700
f 695/909/695 696/910/696 702/917/702 701/916/701
f 696/910/696 691/911/691 697/918/697 702/917/702
f 697/912/697 698/913/698 704/920/704 703/919/703
f 698/913/698 699/914/699 705/921/705 704/920/704
f 699/914/699 700/915/700 706/922/706 705/921/705
f 700/915/700 701/916/701 707/923/707 706/922/706
f 701/916/701 702/917/702 708/924/708 707/923/707
f 702/917/702 697/918/697 703/925/703 708/924/708
f 703/919/703 704/920/704 710/927/710 709/926/709
f 704/920/704 705/921/705 711/928/711 710/927/710
f 705/921/705 706/922/706 712/929/712 711/928/711
f 706/922/706 707/923/707 713/930/713 712/929/712
f 707/923/707 708/924/708 714/931/714 713/930/713
f 708/924/708 703/925/703 709/932/709 714/931/714
f 709/926/709 710/927/710 716/934/716 715/933/715
f 710/927/710 711/928/711 717/935/717 716/934/716
f 711/928/711 712/929/712 718/936/718 717/935/717
f 712/929/712 713/930/713 719/937/719 718/936/718
f 713/930/713 714/931/714 720/938/720 719/937/719
f 714/931/714 709/932/709 715/939/715 720/938/720
f 715/933/715 716/934/716 722/941/722 721/940/721
f 716/934/716 717/935/717 723/942/723 722/941/722
f 717/935/717 718/936/718 724/943/724 723/942/723
f 718/936/718 719/937/719 725/944/725 724/943/724
f 719/937/719 720/938/720 726/945/726 725/944/725
f 720/938/720 715/939/715 721/946/721 726/945/726
f 721/940/721 722/941/722 728/948/728 727/947/727
f 722/941/722 723/942/723 729/949/729 728/948/728
f 723/942/723 724/943/724 730/950/730 729/949/729
f 724/943/724 725/944/725 731/951/731 730/950/730
f 725/944/725 726/945/726 732/952/732 731/951/731
f 726/945/726 721/946/721 727/953/727 732/952/732
f 727/947/727 728/948/728 734/955/734 733/954/733
f 728/948/728 729/949/729 735/956/735 734/955/734
f 729/949/729 730/950/730 736/957/736 735/956/735
f 730/950/730 731/951/731 737/958/737 736/957/736
f 731/951/731 732/952/732 738/959/738 737/958/737
f 732/952/732 727/953/727 733/960/733 738/959/738
f 733/954/733 734/955/734 740/962/740 739/961/739
f 734/955/734 735/956/735 741/963/741 740/962/740
f 735/956/735 736/957/736 742/964/742 741/963/741
f 736/957/736 737/958/737 743/965/743 742/964/742
f 737/958/737 738/959/738 744/966/744 743/965/743
f 738/959/738 733/960/733 739/967/739 744/966/744
f 745/968/745 692/906/692 691/905/691
f 745/969/745 693/907/693 692/906/692
f 745/970/745 694/908/694 693/907/693
f 745/971/745 695/909/695 694/908/694
f 745/972/745 696/910/696 695/909/695
f 745/973/745 691/911/691 696/910/696
f 739/961/739 740/962/740 746/974/746
f 740/962/740 741/963/741 746/975/746
f 741/963/741 742/964/742 746/976/746
f 742/964/742 743/965/743 746/977/746
f 743/965/743 744/966/744 746/978/746
f 744/966/744 739/967/739 746/979/746
f 747/980/747 748/981/748 754/988/754 753/987/753
f 748/981/748 749/982/749 755/989/755 754/988/754
f 749/982/749 750/983/750 756/990/756 755/989/755
f 750/983/750 751/984/751 757/991/757 756/990/756
f 751/984/751 752/985/752 758/992/758 757/991/757
f 752/985/752 747/986/747 753/993/753 758/992/758
f 753/987/753 754/988/754 760/995/760 759/994/759
f 754/988/754 755/989/755 761/996/761 760/995/760
f 755/989/755 756/990/756 762/997/762 761/996/761
f 756/990/756 757/991/757 763/998/763 762/997/762
f 757/991/757 758/992/758 764/999/764 763/998/763
f 758/992/758 753/993/753 759/1000/759 764/999/764
f 759/994/759 760/995/760 766/1002/766 765/1001/765
f 760/995/760 761/996/761 767/1003/767 766/1002/766
f 761/996/761 762/997/762 768/1004/768 767/1003/767
f 762/997/762 763/998/763 769/1005/769 768/1004/768
f 763/998/763 764/999/764 770/1006/770 769/1005/769
f 764/999/764 759/1000/759 765/1007/765 770/1006/770
f 765/1001/765 766/1002/766 772/1009/772 771/1008/771
f 766/1002/766 767/1003/767 773/1010/773 772/1009/772
f 767/1003/767 768/1004/768 774/1011/774 773/1010/773
f 768/1004/768 769/1005/769 775/1012/775 774/1011/774
f 769/1005/769 770/1006/770 776/1013/776 775/1012/775
f 770/1006/770 765/1007/765 771/1014/771 776/1013/776
f 771/1008/771 772/1009/772 778/1016/778 777/1015/777
f 772/1009/772 773/1010/773 779/1017/779 778/1016/778
f 773/1010/773 774/1011/774 780/1018/780 779/1017/779
f 774/1011/774 775/1012/775 781/1019/781 780/1018/780
f 775/1012/775 776/1013/776 782/1020/782 781/1019/781
f 776/1013/776 771/1014/771 777/1021/777 782/1020/782
f 777/1015/777 778/1016/778 784/1023/784 783/1022/783
f 778/1016/778 779/1017/779 785/1024/785 784/1023/784
f 779/1017/779 780/1018/780 786/1025/786 785/1024/785
f 780/1018/780 781/1019/781 787/1026/787 786/1025/786
f 781/1019/781 782/1020/782 788/1027/788 787/1026/787
f 782/1020/782 777/1021/777 783/1028/783 788/1027/788
f 783/1022/783 784/1023/784 790/1030/790 789/1029/789
f 784/1023/784 785/1024/785 791/1031/791 790/1030/790
f 785/1024/785 786/1025/786 792/1032/792 791/1031/791
f 786/1025/786 787/1026/787 793/1033/793 792/1032/792
f 787/1026/787 788/1027/788 794/1034/794 793/1033/793
f 788/1027/788 783/1028/783 789/1035/789 794/1034/794
f 789/1029/789 790/1030/790 796/1037/796 795/1036/795
f 790/1030/790 791/1031/791 797/1038/797 796/1037/796
f 791/1031/791 792/1032/792 798/1039/798 797/1038/797
f 792/1032/792 793/1033/793 799/1040/799 798/1039/798
f 793/1033/793 794/1034/794 800/1041/800 799/1040/799
f 794/1034/794 789/1035/789 795/1042/795 800/1041/800
f 801/1043/801 748/981/748 747/980/747
f 801/1044/801 749/982/749 748/981/748
f 801/1045/801 750/983/750 749/982/749
f 801/1046/801 751/984/751 750/983/750
f 801/1047/801 752/985/752 751/984/751
f 801/1048/801 747/986/747 752/985/752
f 795/1036/795 796/1037/796 802/1049/802
f 796/1037/796 797/1038/797 802/1050/802
f 797/1038/797 798/1039/798 802/1051/802
f 798/1039/798 799/1040/799 802/1052/802
f 799/1040/799 800/1041/800 802/1053/802
f 800/1041/800 795/1042/795 802/1054/802
f 803/1055/803 804/1056/804 810/1063/810 809/1062/809
f 804/1056/804 805/1057/805 811/1064/811 810/1063/810
f 805/1057/805 806/1058/806 812/1065/812 811/1064/811
f 806/1058/806 807/1059/807 813/1066/813 812/1065/812
f 807/1059/807 808/1060/808 814/1067/814 813/1066/813
f 808/1060/808 803/1061/803 809/1068/809 814/1067/814
f 809/1062/809 810/1063/810 816/1070/816 815/1069/815
f 810/1063/810 811/1064/811 817/1071/817 816/1070/816
f 811/1064/811 812/1065/812 818/1072/818 817/1071/817
f 812/1065/812 813/1066/813 819/1073/819 818/1072/818
f 813/1066/813 814/1067/814 820/1074/820 819/1073/819
f 814/1067/814 809/1068/809 815/1075/815 820/1074/820
f 815/1069/815 816/1070/816 822/1077/822 821/1076/821
f 816/1070/816 817/1071/817 823/1078/823 822/1077/822
f 817/1071/817 818/1072/818 824/1079/824 823/1078/823
f 818/1072/818 819/1073/819 825/1080/825 824/1079/824
f 819/1073/819 820/1074/820 826/1081/826 825/1080/825
f 820/1074/820 815/1075/815 821/1082/821 826/1081/826
f 821/1076/821 822/1077/822 828/1084/828 827/1083/827
f 822/1077/822 823/1078/823 829/1085/829 828/1084/828
f 823/1078/823 824/1079/824 830/1086/830 829/1085/829
f 824/1079/824 825/1080/825 831/1087/831 830/1086/830
f 825/1080/825 826/1081/826 832/1088/832 831/1087/831
f 826/1081/826 821/1082/821 827/1089/827 832/1088/832
f 827/1083/827 828/1084/828 834/1091/834 833/1090/833
f 828/1084/828 829/1085/829 835/1092/835 834/1091/834
f 829/1085/829 830/1086/830 836/1093/836 835/1092/835
f 830/1086/830 831/1087/831 837/1094/837 836/1093/836
f 831/1087/831 832/1088/832 838/1095/838 837/1094/837
f 832/1088/832 827/1089/827 833/1096/833 838/1095/838
f 833/1090/833 834/1091/834 840/1098/840 839/1097/839
f 834/1091/834 835/1092/835 841/1099/841 840/1098/840
f 835/1092/835 836/1093/836 842/1100/842 841/1099/841
f 836/1093/836 837/1094/837 843/1101/843 842/1100/842
f 837/1094/837 838/1095/838 844/1102/844 843/1101/843
f 838/1095/838 833/1096/833 839/1103/839 844/1102/844
f 839/1097/839 840/1098/840 846/1105/846 845/1104/845
f 840/1098/840 841/1099/841 847/1106/847 846/1105/846
f 841/1099/841 842/1100/842 848/1107/848 847/1106/847
f 842/1100/842 843/1101/843 849/1108/849 848/1107/848
f 843/1101/843 844/1102/844 850/1109/850 849/1108/849
f 844/1102/844 839/1103/839 845/1110/845 850/1109/850
f 845/1104/845 846/1105/846 852/1112/852 851/1111/851
f 846/1105/846 847/1106/847 853/1113/853 852/1112/852
f 847/1106/847 848/1107/848 854/1114/854 853/1113/853
f 848/1107/848 849/1108/849 855/1115/855 854/1114/854
f 849/1108/849 850/1109/850 856/1116/856 855/1115/855
f 850/1109/850 845/1110/845 851/1117/851 856/1116/856
f 857/1118/857 804/1056/804 803/1055/803
f 857/1119/857 805/1057/805 804/1056/804
f 857/1120/857 806/1058/806 805/1057/805
f 857/1121/857 807/1059/807 806/1058/806
f 857/1122/857 808/1060/808 807/1059/807
f 857/1123/857 803/1061/803 808/1060/808
f 851/1111/851 852/1112/852 858/1124/858
f 852/1112/852 853/1113/853 858/1125/858
f 853/1113/853 854/1114/854 858/1126/858
f 854/1114/854 855/1115/855 858/1127/858
f 855/1115/855 856/1116/856 858/1128/858
f 856/1116/856 851/1117/851 858/1129/858
f 859/1130/859 860/1131/860 866/1138/866 865/1137/865
f 860/1131/860 861/1132/861 867/1139/867 866/1138/866
f 861/1132/861 862/1133/862 868/1140/868 867/1139/867
f 862/1133/862 863/1134/863 869/1141/869 868/1140/868
f 863/1134/863 864/1135/864 870/1142/870 869/1141/869
f 864/1135/864 859/1136/859 865/1143/865 870/1142/870
f 865/1137/865 866/1138/866 872/1145/872 871/1144/871
f 866/1138/866 867/1139/867 873/1146/873 872/1145/872
f 867/1139/867 868/1140/868 874/1147/874 873/1146/873
f 868/1140/868 869/1141/869 875/1148/875 874/1147/874
f 869/1141/869 870/1142/870 876/1149/876 875/1148/875
f 870/1142/870 865/1143/865 871/1150/871 876/1149/876
f 871/1144/871 872/1145/872 878/1152/878 877/1151/877
f 872/1145/872 873/1146/873 879/1153/879 878/1152/878
f 873/1146/873 874/1147/874 880/1154/880 879/1153/879
f 874/1147/874 875/1148/875 881/1155/881 880/1154/880
f 875/1148/875 876/1149/876 882/1156/882 881/1155/881
f 876/1149/876 871/1150/871 877/1157/877 882/1156/882
f 877/1151/877 878/1152/878 884/1159/884 883/1158/883
f 878/1152/878 879/1153/879 885/1160/885 884/1159/884
f 879/1153/879 880/1154/880 886/1161/886 885/1160/885
f 880/1154/880 881/1155/881 887/1162/887 886/1161/886
f 881/1155/881 882/1156/882 888/1163/888 887/1162/887
f 882/1156/882 877/1157/877 883/1164/883 888/1163/888
f 883/1158/883 884/1159/884 890/1166/890 889/1165/889
f 884/1159/884 885/1160/885 891/1167/891 890/1166/890
f 885/1160/885 886/1161/886 892/1168/892 891/1167/891
f 886/1161/886 887/1162/887 893/1169/893 892/1168/892
f 887/1162/887 888/1163/888 894/1170/894 893/1169/893
f 888/1163/888 883/1164/883 889/1171/889 894/1170/894
f 889/1165/889 890/1166/890 896/1173/896 895/1172/895
f 890/1166/890 891/1167/891 897/1174/897 896/1173/896
f 891/1167/891 892/1168/892 898/1175/898 897/1174/897
f 892/1168/892 893/1169/893 899/1176/899 898/1175/898
f 893/1169/893 894/1170/894 900/1177/900 899/1176/899
f 894/1170/894 889/1171/889 895/1178/895 900/1177/900
f 895/1172/895 896/1173/896 902/1180/902 901/1179/901
f 896/1173/896 897/1174/897 903/1181/903 902/1180/902
f 897/1174/897 898/1175/898 904/1182/904 903/1181/903
f 898/1175/898 899/1176/899 905/1183/905 904/1182/904
f 899/1176/899 900/1177/900 906/1184/906 905/1183/905
f 900/1177/900 895/1178/895 901/1185/901 906/1184/906
f 901/1179/901 902/1180/902 908/1187/908 907/1186/907
f 902/1180/902 903/1181/903 909/1188/909 908/1187/908
f 903/1181/903 904/1182/904 910/1189/910 909/1188/909
f 904/1182/904 905/1183/905 911/1190/911 910/1189/910
f 905/1183/905 906/1184/906 912/1191/912 911/1190/911
f 906/1184/906 901/1185/901 907/1192/907 912/1191/912
f 913/1193/913 860/1131/860 859/1130/859
f 913/1194/913 861/1132/861 860/1131/860
f 913/1195/913 862/1133/862 861/1132/861
f 913/1196/913 863/1134/863 862/1133/862
f 913/1197/913 864/1135/864 863/1134/863
f 913/1198/913 859/1136/859 864/1135/864
f 907/1186/907 908/1187/908 914/1199/914
f 908/1187/908 909/1188/909 914/1200/914
f 909/1188/909 910/1189/910 914/1201/914
f 910/1189/910 911/1190/911 914/1202/914
f 911/1190/911 912/1191/912 914/1203/914
f 912/1191/912 907/1192/907 914/1204/914
f 915/1205/915 916/1206/916 922/1213/922 921/1212/921
f 916/1206/916 917/1207/917 923/1214/923 922/1213/922
f 917/1207/917 918/1208/918 924/1215/924 923/1214/923
f 918/1208/918 919/1209/919 925/1216/925 924/1215/924
f 919/1209/919 920/1210/920 926/1217/926 925/1216/925
f 920/1210/920 915/1211/915 921/1218/921 926/1217/926
f 921/1212/921 922/1213/922 928/1220/928 927/1219/927
f 922/1213/922 923/1214/923 929/1221/929 928/1220/928
f 923/1214/923 924/1215/924 930/1222/930 929/1221/929
f 924/1215/924 925/1216/925 931/1223/931 930/1222/930
f 925/1216/925 926/1217/926 932/1224/932 931/1223/931
f 926/1217/926 921/1218/921 927/1225/927 932/1224/932
f 927/1219/927 928/1220/928 934/1227/934 933/1226/933
f 928/1220/928 929/1221/929 935/1228/935 934/1227/934
f 929/1221/929 930/1222/930 936/1229/936 935/1228/935
f 930/1222/930 931/1223/931 937/1230/937 936/1229/936
f 931/1223/931 932/1224/932 938/1231/938 937/1230/937
f 932/1224/932 927/1225/927 933/1232/933 938/1231/938
f 933/1226/933 934/1227/934 940/1234/940 939/1233/939
f 934/1227/934 935/1228/935 941/1235/941 940/1234/940
f 935/1228/935 936/1229/936 942/1236/942 941/1235/941
f 936/1229/936 937/1230/937 943/1237/943 942/1236/942
f 937/1230/937 938/1231/938 944/1238/944 943/1237/943
f 938/1231/938 933/1232/933 939/1239/939 944/1238/944
f 939/1233/939 940/1234/940 946/1241/946 945/1240/945
f 940/1234/940 941/1235/941 947/1242/947 946/1241/946
f 941/1235/941 942/1236/942 948/1243/948 947/1242/947
f 942/1236/942 943/1237/943 949/1244/949 948/1243/948
f 943/1237/943 944/1238/944 950/1245/950 949/1244/949
f 944/1238/944 939/1239/939 945/1246/945 950/1245/950
f 945/1240/945 946/1241/946 952/1248/952 951/1247/951
f 946/1241/946 947/1242/947 953/1249/953 952/1248/952
f 947/1242/947 948/1243/948 954/1250/954 953/1249/953
f 948/1243/948 949/1244/949 955/1251/955 954/1250/954
f 949/1244/949 950/1245/950 956/1252/956 955/1251/955
f 950/1245/950 945/1246/945 951/1253/951 956/1252/956
f 951/1247/951 952/1248/952 958/1255/958 957/1254/957
f 952/1248/952 953/1249/953 959/1256/959 958/1255/958
f 953/1249/953 954/1250/954 960/1257/960 959/1256/959
f 954/1250/954 955/1251/955 961/1258/961 960/1257/960
f 955/1251/955 956/1252/956 962/1259/962 961/1258/961
f 956/1252/956 951/1253/951 957/1260/957 962/1259/962
f 957/1254/957 958/1255/958 964/1262/964 963/1261/963
f 958/1255/958 959/1256/959 965/1263/965 964/1262/964
f 959/1256/959 960/1257/960 966/1264/966 965/1263/965
f 960/1257/960 961/1258/961 967/1265/967 966/1264/966
f 961/1258/961 962/1259/962 968/1266/968 967/1265/967
f 962/1259/962 957/1260/957 963/1267/963 968/1266/968
f 969/1268/969 916/1206/916 915/1205/915
f 969/1269/969 917/1207/917 916/1206/916
f 969/1270/969 918/1208/918 917/1207/917
f 969/1271/969 919/1209/919 918/1208/918
f 969/1272/969 920/1210/920 919/1209/919
f 969/1273/969 915/1211/915 920/1210/920
f 963/1261/963 964/1262/964 970/1274/970
f 964/1262/964 965/1263/965 970/1275/970
f 965/1263/965 966/1264/966 970/1276/970
f 966/1264/966 967/1265/967 970/1277/970
f 967/1265/967 968/1266/968 970/1278/970
f 968/1266/968 963/1267/963 970/1279/970
f 971/1280/971 972/1281/972 978/1288/978 977/1287/977
f 972/1281/972 973/1282/973 979/1289/979 978/1288/978
f 973/1282/973 974/1283/974 980/1290/980 979/1289/979
f 974/1283/974 975/1284/975 981/1291/981 980/1290/980
f 975/1284/975 976/1285/976 982/1292/982 981/1291/981
f 976/1285/976 971/1286/971 977/1293/977 982/1292/982
f 977/1287/977 978/1288/978 984/1295/984 983/1294/983
f 978/1288/978 979/1289/979 985/1296/985 984/1295/984
f 979/1289/979 980/1290/980 986/1297/986 985/1296/985
f 980/1290/980 981/1291/981 987/1298/987 986/1297/986
f 981/1291/981 982/1292/982 988/1299/988 987/1298/987
f 982/1292/982 977/1293/977 983/1300/983 988/1299/988
f 983/1294/983 984/1295/984 990/1302/990 989/1301/989
f 984/1295/984 985/1296/985 991/1303/991 990/1302/990
f 985/1296/985 986/1297/986 992/1304/992 991/1303/991
f 986/1297/986 987/1298/987 993/1305/993 992/1304/992
f 987/1298/987 988/1299/988 994/1306/994 993/1305/993
f 988/1299/988 983/1300/983 989/1307/989 994/1306/994
f 989/1301/989 990/1302/990 996/1309/996 995/1308/995
f 990/1302/990 991/1303/991 997/1310/997 996/1309/996
f 991/1303/991 992/1304/992 998/1311/998 997/1310/997
f 992/1304/992 993/1305/993 999/1312/999 998/1311/998
f 993/1305/993 994/1306/994 1000/1313/1000 999/1312/999
f 994/1306/994 989/1307/989 995/1314/995 1000/1313/1000
f 995/1308/995 996/1309/996 1002/1316/1002 1001/1315/1001
f 996/1309/996 997/1310/997 1003/1317/1003 1002/1316/1002
f 997/1310/997 998/1311/998 1004/1318/1004 1003/1317/1003
f 998/1311/998 999/1312/999 1005/1319/1005 1004/1318/1004
f 999/1312/999 1000/1313/1000 1006/1320/1006 1005/1319/1005
f 1000/1313/1000 995/1314/995 1001/1321/1001 1006/1320/1006
f 1001/1315/1001 1002/1316/1002 1008/1323/1008 1007/1322/1007
f 1002/1316/1002 1003/1317/1003 1009/1324/1009 1008/1323/1008
f 1003/1317/1003 1004/1318/1004 1010/1325/1010 1009/1324/1009
f 1004/1318/1004 1005/1319/1005 1011/1326/1011 1010/1325/1010
f 1005/1319/1005 1006/1320/1006 1012/1327/1012 1011/1326/1011
f 1006/1320/1006 1001/1321/1001 1007/1328/1007 1012/1327/1012
f 1007/1322/1007 1008/1323/1008 1014/1330/1014 1013/1329/1013
f 1008/1323/1008 1009/1324/1009 1015/1331/1015 1014/1330/1014
f 1009/1324/1009 1010/1325/1010 1016/1332/1016 1015/1331/1015
f 1010/1325/1010 1011/1326/1011 1017/1333/1017 1016/1332/1016
f 1011/1326/1011 1012/1327/1012 1018/1334/1018 1017/1333/1017
f 1012/1327/1012 1007/1328/1007 1013/1335/1013 1018/1334/1018
f 1013/1329/1013 1014/1330/1014 1020/1337/1020 1019/1336/1019
f 1014/1330/1014 1015/1331/1015 1021/1338/1021 1020/1337/1020
f 1015/1331/1015 1016/1332/1016 1022/1339/1022 1021/1338/1021
f 1016/1332/1016 1017/1333/1017 1023/1340/1023 1022/1339/1022
f 1017/1333/1017 1018/1334/1018 1024/1341/1024 1023/1340/1023
f 1018/1334/1018 1013/1335/1013 1019/1342/1019 1024/1341/1024
f 1025/1343/1025 972/1281/972 971/1280/971
f 1025/1344/1025 973/1282/973 972/1281/972
f 1025/1345/1025 974/1283/974 973/1282/973
f 1025/1346/1025 975/1284/975 974/1283/974
f 1025/1347/1025 976/1285/976 975/1284/975
f 1025/1348/1025 971/1286/971 976/1285/976
f 1019/1336/1019 1020/1337/1020 1026/1349/1026
f 1020/1337/1020 1021/1338/1021 1026/1350/1026
f 1021/1338/1021 1022/1339/1022 1026/1351/1026
f 1022/1339/1022 1023/1340/1023 1026/1352/1026
f 1023/1340/1023 1024/1341/1024 1026/1353/1026
f 1024/1341/1024 1019/1342/1019 1026/1354/1026
f 1027/1355/1027 1028/1356/1028 1034/1363/1034 1033/1362/1033
f 1028/1356/1028 1029/1357/1029 1035/1364/1035 1034/1363/1034
f 1029/1357/1029 1030/1358/1030 1036/1365/1036 1035/1364/1035
f 1030/1358/1030 1031/1359/1031 1037/1366/1037 1036/1365/1036
f 1031/1359/1031 1032/1360/1032 1038/1367/1038 1037/1366/1037
f 1032/1360/1032 1027/1361/1027 1033/1368/1033 1038/1367/1038
f 1033/1362/1033 1034/1363/1034 1040/1370/1040 1039/1369/1039
f 1034/1363/1034 1035/1364/1035 1041/1371/1041 1040/1370/1040
f 1035/1364/1035 1036/1365/1036 1042/1372/1042 1041/1371/1041
f 1036/1365/1036 1037/1366/1037 1043/1373/1043 1042/1372/1042
f 1037/1366/1037 1038/1367/1038 1044/1374/1044 1043/1373/1043
f 1038/1367/1038 1033/1368/1033 1039/1375/1039 1044/1374/1044
f 1039/1369/1039 1040/1370/1040 1046/1377/1046 1045/1376/1045
f 1040/1370/1040 1041/1371/1041 1047/1378/1047 1046/1377/1046
f 1041/1371/1041 1042/1372/1042 1048/1379/1048 1047/1378/1047
f 1042/1372/1042 1043/1373/1043 1049/1380/1049 1048/1379/1048
f 1043/1373/1043 1044/1374/1044 1050/1381/1050 1049/1380/1049
f 1044/1374/1044 1039/1375/1039 1045/1382/1045 1050/1381/1050
f 1045/1376/1045 1046/1377/1046 1052/1384/1052 1051/1383/1051
f 1046/1377/1046 1047/1378/1047 1053/1385/1053 1052/1384/1052
f 1047/1378/1047 1048/1379/1048 1054/1386/1054 1053/1385/1053
f 1048/1379/1048 1049/1380/1049 1055/1387/1055 1054/1386/1054
f 1049/1380/1049 1050/1381/1050 1056/1388/1056 1055/1387/1055
f 1050/1381/1050 1045/1382/1045 1051/1389/1051 1056/1388/1056
f 1051/1383/1051 1052/1384/1052 1058/1391/1058 1057/1390/1057
f 1052/1384/1052 1053/1385/1053 1059/1392/1059 1058/1391/1058
f 1053/1385/1053 1054/1386/1054 1060/1393/1060 1059/1392/1059
f 1054/1386/1054 1055/1387/1055 1061/1394/1061 1060/1393/1060
f 1055/1387/1055 1056/1388/1056 1062/1395/1062 1061/1394/1061
f 1056/1388/1056 1051/1389/1051 1057/1396/1057 1062/1395/1062
f 1057/1390/1057 1058/1391/1058 1064/1398/1064 1063/1397/1063
f 1058/1391/1058 1059/1392/1059 1065/1399/1065 1064/1398/1064
f 1059/1392/1059 1060/1393/1060 1066/1400/1066 1065/1399/1065
f 1060/1393/1060 1061/1394/1061 1067/1401/1067 1066/1400/1066
f 1061/1394/1061 1062/1395/1062 1068/1402/1068 1067/1401/1067
f 1062/1395/1062 1057/1396/1057 1063/1403/1063 1068/1402/1068
f 1063/1397/1063 1064/1398/1064 1070/1405/1070 1069/1404/1069
f 1064/1398/1064 1065/1399/1065 1071/1406/1071 1070/1405/1070
f 1065/1399/1065 1066/1400/1066 1072/1407/1072 1071/1406/1071
f 1066/1400/1066 1067/1401/1067 1073/1408/1073 1072/1407/1072
f 1067/1401/1067 1068/1402/1068 1074/1409/1074 1073/1408/1073
f 1068/1402/1068 1063/1403/1063 1069/1410/1069 1074/1409/1074
f 1069/1404/1069 1070/1405/1070 1076/1412/1076 1075/1411/1075
f 1070/1405/1070 1071/1406/1071 1077/1413/1077 1076/1412/1076
f 1071/1406/1071 1072/1407/1072 1078/1414/1078 1077/1413/1077
f 1072/1407/1072 1073/1408/1073 1079/1415/1079 1078/1414/1078
f 1073/1408/1073 1074/1409/1074 1080/1416/1080 1079/1415/1079
f 1074/1409/1074 1069/1410/1069 1075/1417/1075 1080/1416/1080
f 1081/1418/1081 1028/1356/1028 1027/1355/1027
f 1081/1419/1081 1029/1357/1029 1028/1356/1028
f 1081/1420/1081 1030/1358/1030 1029/1357/1029
f 1081/1421/1081 1031/1359/1031 1030/1358/1030
f 1081/1422/1081 1032/1360/1032 1031/1359/1031
f 1081/1423/1081 1027/1361/1027 1032/1360/1032
f 1075/1411/1075 1076/1412/1076 1082/1424/1082
f 1076/1412/1076 1077/1413/1077 1082/1425/1082
f 1077/1413/1077 1078/1414/1078 1082/1426/1082
f 1078/1414/1078 1079/1415/1079 1082/1427/1082
f 1079/1415/1079 1080/1416/1080 1082/1428/1082
f 1080/1416/1080 1075/1417/1075 1082/1429/1082
f 1083/1430/1083 1084/1431/1084 1090/1438/1090 1089/1437/1089
f 1084/1431/1084 1085/1432/1085 1091/1439/1091 1090/1438/1090
f 1085/1432/1085 1086/1433/1086 1092/1440/1092 1091/1439/1091
f 1086/1433/1086 1087/1434/1087 1093/1441/1093 1092/1440/1092
f 1087/1434/1087 1088/1435/1088 1094/1442/1094 1093/1441/1093
f 1088/1435/1088 1083/1436/1083 1089/1443/1089 1094/1442/1094
f 1089/1437/1089 1090/1438/1090 1096/1445/1096 1095/1444/1095
f 1090/1438/1090 1091/1439/1091 1097/1446/1097 1096/1445/1096
f 1091/1439/1091 1092/1440/1092 1098/1447/1098 1097/1446/1097
f 1092/1440/1092 1093/1441/1093 1099/1448/1099 1098/1447/1098
f 1093/1441/1093 1094/1442/1094 1100/1449/1100 1099/1448/1099
f 1094/1442/1094 1089/1443/1089 1095/1450/1095 1100/1449/1100
f 1095/1444/1095 1096/1445/1096 1102/1452/1102 1101/1451/1101
f 1096/1445/1096 1097/1446/1097 1103/1453/1103 1102/1452/1102
f 1097/1446/1097 1098/1447/1098 1104/1454/1104 1103/1453/1103
f 1098/1447/1098 1099/1448/1099 1105/1455/1105 1104/1454/1104
f 1099/1448/1099 1100/1449/1100 1106/1456/1106 1105/1455/1105
f 1100/1449/1100 1095/1450/1095 1101/1457/1101 1106/1456/1106
f 1101/1451/1101 1102/1452/1102 1108/1459/1108 1107/1458/1107
f 1102/1452/1102 1103/1453/1103 1109/1460/1109 1108/1459/1108
f 1103/1453/1103 1104/1454/1104 1110/1461/1110 1109/1460/1109
f 1104/1454/1104 1105/1455/1105 1111/1462/1111 1110/1461/1110
f 1105/1455/1105 1106/1456/1106 1112/1463/1112 1111/1462/1111
f 1106/1456/1106 1101/1457/1101 1107/1464/1107 1112/1463/1112
f 1107/1458/1107 1108/1459/1108 1114/1466/1114 1113/1465/1113
f 1108/1459/1108 1109/1460/1109 1115/1467/1115 1114/1466/1114
f 1109/1460/1109 1110/1461/1110 1116/1468/1116 1115/1467/1115
f 1110/1461/1110 1111/1462/1111 1117/1469/1117 1116/1468/1116
f 1111/1462/1111 1112/1463/1112 1118/1470/1118 1117/1469/1117
f 1112/1463/1112 1107/1464/1107 1113/1471/1113 1118/1470/1118
f 1113/1465/1113 1114/1466/1114 1120/1473/1120 1119/1472/1119
f 1114/1466/1114 1115/1467/1115 1121/1474/1121 1120/1473/1120
f 1115/1467/1115 1116/1468/1116 1122/1475/1122 1121/1474/1121
f 1116/1468/1116 1117/1469/1117 1123/1476/1123 1122/1475/1122
f 1117/1469/1117 1118/1470/1118 1124/1477/1124 1123/1476/1123
f 1118/1470/1118 1113/1471/1113 1119/1478/1119 1124/1477/1124
f 1119/1472/1119 1120/1473/1120 1126/1480/1126 1125/1479/1125
f 1120/1473/1120 1121/1474/1121 1127/1481/1127 1126/1480/1126
f 1121/1474/1121 1122/1475/1122 1128/1482/1128 1127/1481/1127
f 1122/1475/1122 1123/1476/1123 1129/1483/1129 1128/1482/1128
f 1123/1476/1123 1124/1477/1124 1130/1484/1130 1129/1483/1129
f 1124/1477/1124 1119/1478/1119 1125/1485/1125 1130/1484/1130
f 1125/1479/1125 1126/1480/1126 1132/1487/1132 1131/1486/1131
f 1126/1480/1126 1127/1481/1127 1133/1488/1133 1132/1487/1132
f 1127/1481/1127 1128/1482/1128 1134/1489/1134 1133/1488/1133
f 1128/1482/1128 1129/1483/1129 1135/1490/1135 1134/1489/1134
f 1129/1483/1129 1130/1484/1130 1136/1491/1136 1135/1490/1135
f 1130/1484/1130 1125/1485/1125 1131/1492/1131 1136/1491/1136
f 1137/1493/1137 1084/1431/1084 1083/1430/1083
f 1137/1494/1137 1085/1432/1085 1084/1431/1084
f 1137/1495/1137 1086/1433/1086 1085/1432/1085
f 1137/1496/1137 1087/1434/1087 1086/1433/1086
f 1137/1497/1137 1088/1435/1088 1087/1434/1087
f 1137/1498/1137 1083/1436/1083 1088/1435/1088
f 1131/1486/1131 1132/1487/1132 1138/1499/1138
f 1132/1487/1132 1133/1488/1133 1138/1500/1138
f 1133/1488/1133 1134/1489/1134 1138/1501/1138
f 1134/1489/1134 1135/1490/1135 1138/1502/1138
f 1135/1490/1135 1136/1491/1136 1138/1503/1138
f 1136/1491/1136 1131/1492/1131 1138/1504/1138
f 1139/1505/1139 1140/1506/1140 1146/1513/1146 1145/1512/1145
f 1140/1506/1140 1141/1507/1141 1147/1514/1147 1146/1513/1146
f 1141/1507/1141 1142/1508/1142 1148/1515/1148 1147/1514/1147
f 1142/1508/1142 1143/1509/1143 1149/1516/1149 1148/1515/1148
f 1143/1509/1143 1144/1510/1144 1150/1517/1150 1149/1516/1149
f 1144/1510/1144 1139/1511/1139 1145/1518/1145 1150/1517/1150
f 1145/1512/1145 1146/1513/1146 1152/1520/1152 1151/1519/1151
f 1146/1513/1146 1147/1514/1147 1153/1521/1153 1152/1520/1152
f 1147/1514/1147 1148/1515/1148 1154/1522/1154 1153/1521/1153
f 1148/1515/1148 1149/1516/1149 1155/1523/1155 1154/1522/1154
f 1149/1516/1149 1150/1517/1150 1156/1524/1156 1155/1523/1155
f 1150/1517/1150 1145/1518/1145 1151/1525/1151 1156/1524/1156
f 1151/1519/1151 1152/1520/1152 1158/1527/1158 1157/1526/1157
f 1152/1520/1152 1153/1521/1153 1159/1528/1159 1158/1527/1158
f 1153/1521/1153 1154/1522/1154 1160/1529/1160 1159/1528/1159
f 1154/1522/1154 1155/1523/1155 1161/1530/1161 1160/1529/1160
f 1155/1523/1155 1156/1524/1156 1162/1531/1162 1161/1530/1161
f 1156/1524/1156 1151/1525/1151 1157/1532/1157 1162/1531/1162
f 1157/1526/1157 1158/1527/1158 1164/1534/1164 1163/1533/1163
f 1158/1527/1158 1159/1528/1159 1165/1535/1165 1164/1534/1164
f 1159/1528/1159 1160/1529/1160 1166/1536/1166 1165/1535/1165
f 1160/1529/1160 1161/1530/1161 1167/1537/1167 1166/1536/1166
f 1161/1530/1161 1162/1531/1162 1168/1538/1168 1167/1537/1167
f 1162/1531/1162 1157/1532/1157 1163/1539/1163 1168/1538/1168
f 1163/1533/1163 1164/1534/1164 1170/1541/1170 1169/1540/1169
f 1164/1534/1164 1165/1535/1165 1171/1542/1171 1170/1541/1170
f 1165/1535/1165 1166/1536/1166 1172/1543/1172 1171/1542/1171
f 1166/1536/1166 1167/1537/1167 1173/1544/1173 1172/1543/1172
f 1167/1537/1167 1168/1538/1168 1174/1545/1174 1173/1544/1173
f 1168/1538/1168 1163/1539/1163 1169/1546/1169 1174/1545/1174
f 1169/1540/1169 1170/1541/1170 1176/1548/1176 1175/1547/1175
f 1170/1541/1170 1171/1542/1171 1177/1549/1177 1176/1548/1176
f 1171/1542/1171 1172/1543/1172 1178/1550/1178 1177/1549/1177
f 1172/1543/1172 1173/1544/1173 1179/1551/1179 1178/1550/1178
f 1173/1544/1173 1174/1545/1174 1180/1552/1180 1179/1551/1179
f 1174/1545/1174 1169/1546/1169 1175/1553/1175 1180/1552/1180
f 1175/1547/1175 1176/1548/1176 1182/1555/1182 1181/1554/1181
f 1176/1548/1176 1177/1549/1177 1183/1556/1183 1182/1555/1182
f 1177/1549/1177 1178/1550/1178 1184/1557/1184 1183/1556/1183
f 1178/1550/1178 1179/1551/1179 1185/1558/1185 1184/1557/1184
f 1179/1551/1179 1180/1552/1180 1186/1559/1186 1185/1558/1185
f 1180/1552/1180 1175/1553/1175 1181/1560/1181 1186/1559/1186
f 1181/1554/1181 1182/1555/1182 1188/1562/1188 1187/1561/1187
f 1182/1555/1182 1183/1556/1183 1189/1563/1189 1188/1562/1188
f 1183/1556/1183 1184/1557/1184 1190/1564/1190 1189/1563/1189
f 1184/1557/1184 1185/1558/1185 1191/1565/1191 1190/1564/1190
f 1185/1558/1185 1186/1559/1186 1192/1566/1192 1191/1565/1191
f 1186/1559/1186 1181/1560/1181 1187/1567/1187 1192/1566/1192
f 1193/1568/1193 1140/1506/1140 1139/1505/1139
f 1193/1569/1193 1141/1507/1141 1140/1506/1140
f 1193/1570/1193 1142/1508/1142 1141/1507/1141
f 1193/1571/1193 1143/1509/1143 1142/1508/1142
f 1193/1572/1193 1144/1510/1144 1143/1509/1143
f 1193/1573/1193 1139/1511/1139 1144/1510/1144
f 1187/1561/1187 1188/1562/1188 1194/1574/1194
f 1188/1562/1188 1189/1563/1189 1194/1575/1194
f 1189/1563/1189 1190/1564/1190 1194/1576/1194
f 1190/1564/1190 1191/1565/1191 1194/1577/1194
f 1191/1565/1191 1192/1566/1192 1194/1578/1194
f 1192/1566/1192 1187/1567/1187 1194/1579/1194
f 1195/1580/1195 1196/1581/1196 1202/1588/1202 1201/1587/1201
f 1196/1581/1196 1197/1582/1197 1203/1589/1203 1202/1588/1202
f 1197/1582/1197 1198/1583/1198 1204/1590/1204 1203/1589/1203
f 1198/1583/1198 1199/1584/1199 1205/1591/1205 1204/1590/1204
f 1199/1584/1199 1200/1585/1200 1206/1592/1206 1205/1591/1205
f 1200/1585/1200 1195/1586/1195 1201/1593/1201 1206/1592/1206
f 1201/1587/1201 1202/1588/1202 1208/1595/1208 1207/1594/1207
f 1202/1588/1202 1203/1589/1203 1209/1596/1209 1208/1595/1208
f 1203/1589/1203 1204/1590/1204 1210/1597/1210 1209/1596/1209
f 1204/1590/1204 1205/1591/1205 1211/1598/1211 1210/1597/1210
f 1205/1591/1205 1206/1592/1206 1212/1599/1212 1211/1598/1211
f 1206/1592/1206 1201/1593/1201 1207/1600/1207 1212/1599/1212
f 1207/1594/1207 1208/1595/1208 1214/1602/1214 1213/1601/1213
f 1208/1595/1208 1209/1596/1209 1215/1603/1215 1214/1602/1214
f 1209/1596/1209 1210/1597/1210 1216/1604/1216 1215/1603/1215
f 1210/1597/1210 1211/1598/1211 1217/1605/1217 1216/1604/1216
f 1211/1598/1211 1212/1599/1212 1218/1606/1218 1217/1605/1217
f 1212/1599/1212 1207/1600/1207 1213/1607/1213 1218/1606/1218
f 1213/1601/1213 1214/1602/1214 1220/1609/1220 1219/1608/1219
f 1214/1602/1214 1215/1603/1215 1221/1610/1221 1220/1609/1220
f 1215/1603/1215 1216/1604/1216 1222/1611/1222 1221/1610/1221
f 1216/1604/1216 1217/1605/1217 1223/1612/1223 1222/1611/1222
f 1217/1605/1217 1218/1606/1218 1224/1613/1224 1223/1612/1223
f 1218/1606/1218 1213/1607/1213 1219/1614/1219 1224/1613/1224
f 1219/1608/1219 1220/1609/1220 1226/1616/1226 1225/1615/1225
f 1220/1609/1220 1221/1610/1221 1227/1617/1227 1226/1616/1226
f 1221/1610/1221 1222/1611/1222 1228/1618/1228 1227/1617/1227
f 1222/1611/1222 1223/1612/1223 1229/1619/1229 1228/1618/1228
f 1223/1612/1223 1224/1613/1224 1230/1620/1230 1229/1619/1229
f 1224/1613/1224 1219/1614/1219 1225/1621/1225 1230/1620/1230
f 1225/1615/1225 1226/1616/1226 1232/1623/1232 1231/1622/1231
f 1226/1616/1226 1227/1617/1227 1233/1624/1233 1232/1623/1232
f 1227/1617/1227 1228/1618/1228 1234/1625/1234 1233/1624/1233
f 1228/1618/1228 1229/1619/1229 1235/1626/1235 1234/1625/1234
f 1229/1619/1229 1230/1620/1230 1236/1627/1236 1235/1626/1235
f 1230/1620/1230 1225/1621/1225 1231/1628/1231 1236/1627/1236
f 1231/1622/1231 1232/1623/1232 1238/1630/1238 1237/1629/1237
f 1232/1623/1232 1233/1624/1233 1239/1631/1239 1238/1630/1238
f 1233/1624/1233 1234/1625/1234 1240/1632/1240 1239/1631/1239
f 1234/1625/1234 1235/1626/1235 1241/1633/1241 1240/1632/1240
f 1235/1626/1235 1236/1627/1236 1242/1634/1242 1241/1633/1241
f 1236/1627/1236 1231/1628/1231 1237/1635/1237 1242/1634/1242
f 1237/1629/1237 1238/1630/1238 1244/1637/1244 1243/1636/1243
f 1238/1630/1238 1239/1631/1239 1245/1638/1245 1244/1637/1244
f 1239/1631/1239 1240/1632/1240 1246/1639/1246 1245/1638/1245
f 1240/1632/1240 1241/1633/1241 1247/1640/1247 1246/1639/1246
f 1241/1633/1241 1242/1634/1242 1248/1641/1248 1247/1640/1247
f 1242/1634/1242 1237/1635/1237 1243/1642/1243 1248/1641/1248
f 1249/1643/1249 1196/1581/1196 1195/1580/1195
f 1249/1644/1249 1197/1582/1197 1196/1581/1196
f 1249/1645/1249 1198/1583/1198 1197/1582/1197
f 1249/1646/1249 1199/1584/1199 1198/1583/1198
f 1249/1647/1249 1200/1585/1200 1199/1584/1199
f 1249/1648/1249 1195/1586/1195 1200/1585/1200
f 1243/1636/1243 1244/1637/1244 1250/1649/1250
f 1244/1637/1244 1245/1638/1245 1250/1650/1250
f 1245/1638/1245 1246/1639/1246 1250/1651/1250
f 1246/1639/1246 1247/1640/1247 1250/1652/1250
f 1247/1640/1247 1248/1641/1248 1250/1653/1250
f 1248/1641/1248 1243/1642/1243 1250/1654/1250
f 1251/1655/1251 1252/1656/1252 1258/1663/1258 1257/1662/1257
f 1252/1656/1252 1253/1657/1253 1259/1664/1259 1258/1663/1258
f 1253/1657/1253 1254/1658/1254 1260/1665/1260 1259/1664/1259
f 1254/1658/1254 1255/1659/1255 1261/1666/1261 1260/1665/1260
f 1255/1659/1255 1256/1660/1256 1262/1667/1262 1261/1666/1261
f 1256/1660/1256 1251/1661/1251 1257/1668/1257 1262/1667/1262
f 1257/1662/1257 1258/1663/1258 1264/1670/1264 1263/1669/1263
f 1258/1663/1258 1259/1664/1259 1265/1671/1265 1264/1670/1264
f 1259/1664/1259 1260/1665/1260 1266/1672/1266 1265/1671/1265
f 1260/1665/1260 1261/1666/1261 1267/1673/1267 1266/1672/1266
f 1261/1666/1261 1262/1667/1262 1268/1674/1268 1267/1673/1267
f 1262/1667/1262 1257/1668/1257 1263/1675/1263 1268/1674/1268
f 1263/1669/1263 1264/1670/1264 1270/1677/1270 1269/1676/1269
f 1264/1670/1264 1265/1671/1265 1271/1678/1271 1270/1677/1270
f 1265/1671/1265 1266/1672/1266 1272/1679/1272 1271/1678/1271
f 1266/1672/1266 1267/1673/1267 1273/1680/1273 1272/1679/1272
f 1267/1673/1267 1268/1674/1268 1274/1681/1274 1273/1680/1273
f 1268/1674/1268 1263/1675/1263 1269/1682/1269 1274/1681/1274
f 1269/1676/1269 1270/1677/1270 1276/1684/1276 1275/1683/1275
f 1270/1677/1270 1271/1678/1271 1277/1685/1277 1276/1684/1276
f 1271/1678/1271 1272/1679/1272 1278/1686/1278 1277/1685/1277
f 1272/1679/1272 1273/1680/1273 1279/1687/1279 1278/1686/1278
f 1273/1680/1273 1274/1681/1274 1280/1688/1280 1279/1687/1279
f 1274/1681/1274 1269/1682/1269 1275/1689/1275 1280/1688/1280
f 1275/1683/1275 1276/1684/1276 1282/1691/1282 1281/1690/1281
f 1276/1684/1276 1277/1685/1277 1283/1692/1283 1282/1691/1282
f 1277/1685/1277 1278/1686/1278 1284/1693/1284 1283/1692/1283
f 1278/1686/1278 1279/1687/1279 1285/1694/1285 1284/1693/1284
f 1279/1687/1279 1280/1688/1280 1286/1695/1286 1285/1694/1285
f 1280/1688/1280 1275/1689/1275 1281/1696/1281 1286/1695/1286
f 1281/1690/1281 1282/1691/1282 1288/1698/1288 1287/1697/1287
f 1282/1691/1282 1283/1692/1283 1289/1699/1289 1288/1698/1288
f 1283/1692/1283 1284/1693/1284 1290/1700/1290 1289/1699/1289
f 1284/1693/1284 1285/1694/1285 1291/1701/1291 1290/1700/1290
f 1285/1694/1285 1286/1695/1286 1292/1702/1292 1291/1701/1291
f 1286/1695/1286 1281/1696/1281 1287/1703/1287 1292/1702/1292
f 1287/1697/1287 1288/1698/1288 1294/1705/1294 1293/1704/1293
f 1288/1698/1288 1289/1699/1289 1295/1706/1295 1294/1705/1294
f 1289/1699/1289 1290/1700/1290 1296/1707/1296 1295/1706/1295
f 1290/1700/1290 1291/1701/1291 1297/1708/1297 1296/1707/1296
f 1291/1701/1291 1292/1702/1292 1298/1709/1298 1297/1708/1297
f 1292/1702/1292 1287/1703/1287 1293/1710/1293 1298/1709/1298
f 1293/1704/1293 1294/1705/1294 1300/1712/1300 1299/1711/1299
f 1294/1705/1294 1295/1706/1295 1301/1713/1301 1300/1712/1300
f 1295/1706/1295 1296/1707/1296 1302/1714/1302 1301/1713/1301
f 1296/1707/1296 1297/1708/1297 1303/1715/1303 1302/1714/1302
f 1297/1708/1297 1298/1709/1298 1304/1716/1304 1303/1715/1303
f 1298/1709/1298 1293/1710/1293 1299/1717/1299 1304/1716/1304
f 1305/1718/1305 1252/1656/1252 1251/1655/1251
f 1305/1719/1305 1253/1657/1253 1252/1656/1252
f 1305/1720/1305 1254/1658/1254 1253/1657/1253
f 1305/1721/1305 1255/1659/1255 1254/1658/1254
f 1305/1722/1305 1256/1660/1256 1255/1659/1255
f 1305/1723/1305 1251/1661/1251 1256/1660/1256
f 1299/1711/1299 1300/1712/1300 1306/1724/1306
f 1300/1712/1300 1301/1713/1301 1306/1725/1306
f 1301/1713/1301 1302/1714/1302 1306/1726/1306
f 1302/1714/1302 1303/1715/1303 1306/1727/1306
f 1303/1715/1303 1304/1716/1304 1306/1728/1306
f 1304/1716/1304 1299/1717/1299 1306/1729/1306
f 1307/1730/1307 1308/1731/1308 1314/1738/1314 1313/1737/1313
f 1308/1731/1308 1309/1732/1309 1315/1739/1315 1314/1738/1314
f 1309/1732/1309 1310/1733/1310 1316/1740/1316 1315/1739/1315
f 1310/1733/1310 1311/1734/1311 1317/1741/1317 1316/1740/1316
f 1311/1734/1311 1312/1735/1312 1318/1742/1318 1317/1741/1317
f 1312/1735/1312 1307/1736/1307 1313/1743/1313 1318/1742/1318
f 1313/1737/1313 1314/1738/1314 1320/1745/1320 1319/1744/1319
f 1314/1738/1314 1315/1739/1315 1321/1746/1321 1320/1745/1320
f 1315/1739/1315 1316/1740/1316 1322/1747/1322 1321/1746/1321
f 1316/1740/1316 1317/1741/1317 1323/1748/1323 1322/1747/1322
f 1317/1741/1317 1318/1742/1318 1324/1749/1324 1323/1748/1323
f 1318/1742/1318 1313/1743/1313 1319/1750/1319 1324/1749/1324
f 1319/1744/1319 1320/1745/1320 1326/1752/1326 1325/1751/1325
f 1320/1745/1320 1321/1746/1321 1327/1753/1327 1326/1752/1326
f 1321/1746/1321 1322/1747/1322 1328/1754/1328 1327/1753/1327
f 1322/1747/1322 1323/1748/1323 1329/1755/1329 1328/1754/1328
f 1323/1748/1323 1324/1749/1324 1330/1756/1330 1329/1755/1329
f 1324/1749/1324 1319/1750/1319 1325/1757/1325 1330/1756/1330
f 1325/1751/1325 1326/1752/1326 1332/1759/1332 1331/1758/1331
f 1326/1752/1326 1327/1753/1327 1333/1760/1333 1332/1759/1332
f 1327/1753/1327 1328/1754/1328 1334/1761/1334 1333/1760/1333
f 1328/1754/1328 1329/1755/1329 1335/1762/1335 1334/1761/1334
f 1329/1755/1329 1330/1756/1330 1336/1763/1336 1335/1762/1335
f 1330/1756/1330 1325/1757/1325 1331/1764/1331 1336/1763/1336
f 1331/1758/1331 1332/1759/1332 1338/1766/1338 1337/1765/1337
f 1332/1759/1332 1333/1760/1333 1339/1767/1339 1338/1766/1338
f 1333/1760/1333 1334/1761/1334 1340/1768/1340 1339/1767/1339
f 1334/1761/1334 1335/1762/1335 1341/1769/1341 1340/1768/1340
f 1335/1762/1335 1336/1763/1336 1342/1770/1342 1341/1769/1341
f 1336/1763/1336 1331/1764/1331 1337/1771/1337 1342/1770/1342
f 1337/1765/1337 1338/1766/1338 1344/1773/1344 1343/1772/1343
f 1338/1766/1338 1339/1767/1339 1345/1774/1345 1344/1773/1344
f 1339/1767/1339 1340/1768/1340 1346/1775/1346 1345/1774/1345
f 1340/1768/1340 1341/1769/1341 1347/1776/1347 1346/1775/1346
f 1341/1769/1341 1342/1770/1342 1348/1777/1348 1347/1776/1347
f 1342/1770/1342 1337/1771/1337 1343/1778/1343 1348/1777/1348
f 1343/1772/1343 1344/1773/1344 1350/1780/1350 1349/1779/1349
f 1344/1773/1344 1345/1774/1345 1351/1781/1351 1350/1780/1350
f 1345/1774/1345 1346/1775/1346 1352/1782/1352 1351/1781/1351
f 1346/1775/1346 1347/1776/1347 1353/1783/1353 1352/1782/1352
f 1347/1776/1347 1348/1777/1348 1354/1784/1354 1353/1783/1353
f 1348/1777/1348 1343/1778/1343 1349/1785/1349 1354/1784/1354
f 1349/1779/1349 1350/1780/1350 1356/1787/1356 1355/1786/1355
f 1350/1780/1350 1351/1781/1351 1357/1788/1357 1356/1787/1356
f 1351/1781/1351 1352/1782/1352 1358/1789/1358 1357/1788/1357
f 1352/1782/1352 1353/1783/1353 1359/1790/1359 1358/1789/1358
f 1353/1783/1353 1354/1784/1354 1360/1791/1360 1359/1790/1359
f 1354/1784/1354 1349/1785/1349 1355/1792/1355 1360/1791/1360
f 1361/1793/1361 1308/1731/1308 1307/1730/1307
f 1361/1794/1361 1309/1732/1309 1308/1731/1308
f 1361/1795/1361 1310/1733/1310 1309/1732/1309
f 1361/1796/1361 1311/1734/1311 1310/1733/1310
f 1361/1797/1361 1312/1735/1312 1311/1734/1311
f 1361/1798/1361 1307/1736/1307 1312/1735/1312
f 1355/1786/1355 1356/1787/1356 1362/1799/1362
f 1356/1787/1356 1357/1788/1357 1362/1800/1362
f 1357/1788/1357 1358/1789/1358 1362/1801/1362
f 1358/1789/1358 1359/1790/1359 1362/1802/1362
f 1359/1790/1359 1360/1791/1360 1362/1803/1362
f 1360/1791/1360 1355/1792/1355 1362/1804/1362
f 1363/1805/1363 1364/1806/1364 1370/1813/1370 1369/1812/1369
f 1364/1806/1364 1365/1807/1365 1371/1814/1371 1370/1813/1370
f 1365/1807/1365 1366/1808/1366 1372/1815/1372 1371/1814/1371
f 1366/1808/1366 1367/1809/1367 1373/1816/1373 1372/1815/1372
f 1367/1809/1367 1368/1810/1368 1374/1817/1374 1373/1816/1373
f 1368/1810/1368 1363/1811/1363 1369/1818/1369 1374/1817/1374
f 1369/1812/1369 1370/1813/1370 1376/1820/1376 1375/1819/1375
f 1370/1813/1370 1371/1814/1371 1377/1821/1377 1376/1820/1376
f 1371/1814/1371 1372/1815/1372 1378/1822/1378 1377/1821/1377
f 1372/1815/1372 1373/1816/1373 1379/1823/1379 1378/1822/1378
f 1373/1816/1373 1374/1817/1374 1380/1824/1380 1379/1823/1379
f 1374/1817/1374 1369/1818/1369 1375/1825/1375 1380/1824/1380
f 1375/1819/1375 1376/1820/1376 1382/1827/1382 1381/1826/1381
f 1376/1820/1376 1377/1821/1377 1383/1828/1383 1382/1827/1382
f 1377/1821/1377 1378/1822/1378 1384/1829/1384 1383/1828/1383
f 1378/1822/1378 1379/1823/1379 1385/1830/1385 1384/1829/1384
f 1379/1823/1379 1380/1824/1380 1386/1831/1386 1385/1830/1385
f 1380/1824/1380 1375/1825/1375 1381/1832/1381 1386/1831/1386
f 1381/1826/1381 1382/1827/1382 1388/1834/1388 1387/1833/1387
f 1382/1827/1382 1383/1828/1383 1389/1835/1389 1388/1834/1388
f 1383/1828/1383 1384/1829/1384 1390/1836/1390 1389/1835/1389
f 1384/1829/1384 1385/1830/1385 1391/1837/1391 1390/1836/1390
f 1385/1830/1385 1386/1831/1386 1392/1838/1392 1391/1837/1391
f 1386/1831/1386 1381/1832/1381 1387/1839/1387 1392/1838/1392
f 1387/1833/1387 1388/1834/1388 1394/1841/1394 1393/1840/1393
f 1388/1834/1388 1389/1835/1389 1395/1842/1395 1394/1841/1394
f 1389/1835/1389 1390/1836/1390 1396/1843/1396 1395/1842/1395
f 1390/1836/1390 1391/1837/1391 1397/1844/1397 1396/1843/1396
f 1391/1837/1391 1392/1838/1392 1398/1845/1398 1397/1844/1397
f 1392/1838/1392 1387/1839/1387 1393/1846/1393 1398/1845/1398
f 1393/1840/1393 1394/1841/1394 1400/1848/1400 1399/1847/1399
f 1394/1841/1394 1395/1842/1395 1401/1849/1401 1400/1848/1400
f 1395/1842/1395 1396/1843/1396 1402/1850/1402 1401/1849/1401
f 1396/1843/1396 1397/1844/1397 1403/1851/1403 1402/1850/1402
f 1397/1844/1397 1398/1845/1398 1404/1852/1404 1403/1851/1403
f 1398/1845/1398 1393/1846/1393 1399/1853/1399 1404/1852/1404
f 1399/1847/1399 1400/1848/1400 1406/1855/1406 1405/1854/1405
f 1400/1848/1400 1401/1849/1401 1407/1856/1407 1406/1855/1406
f 1401/1849/1401 1402/1850/1402 1408/1857/1408 1407/1856/1407
f 1402/1850/1402 1403/1851/1403 1409/1858/1409 1408/1857/1408
f 1403/1851/1403 1404/1852/1404 1410/1859/1410 1409/1858/1409
f 1404/1852/1404 1399/1853/1399 1405/1860/1405 1410/1859/1410
f 1405/1854/1405 1406/1855/1406 1412/1862/1412 1411/1861/1411
f 1406/1855/1406 1407/1856/1407 1413/1863/1413 1412/1862/1412
f 1407/1856/1407 1408/1857/1408 1414/1864/1414 1413/1863/1413
f 1408/1857/1408 1409/1858/1409 1415/1865/1415 1414/1864/1414
f 1409/1858/1409 1410/1859/1410 1416/1866/1416 1415/1865/1415
f 1410/1859/1410 1405/1860/1405 1411/1867/1411 1416/1866/1416
f 1411/1861/1411 1412/1862/1412 1418/1869/1418 1417/1868/1417
f 1412/1862/1412 1413/1863/1413 1419/1870/1419 1418/1869/1418
f 1413/1863/1413 1414/1864/1414 1420/1871/1420 1419/1870/1419
f 1414/1864/1414 1415/1865/1415 1421/1872/1421 1420/1871/1420
f 1415/1865/1415 1416/1866/1416 1422/1873/1422 1421/1872/1421
f 1416/1866/1416 1411/1867/1411 1417/1874/1417 1422/1873/1422
f 1423/1875/1423 1364/1806/1364 1363/1805/1363
f 1423/1876/1423 1365/1807/1365 1364/1806/1364
f 1423/1877/1423 1366/1808/1366 1365/1807/1365
f 1423/1878/1423 1367/1809/1367 1366/1808/1366
f 1423/1879/1423 1368/1810/1368 1367/1809/1367
f 1423/1880/1423 1363/1811/1363 1368/1810/1368
f 1417/1868/1417 1418/1869/1418 1424/1881/1424
f 1418/1869/1418 1419/1870/1419 1424/1882/1424
f 1419/1870/1419 1420/1871/1420 1424/1883/1424
f 1420/1871/1420 1421/1872/1421 1424/1884/1424
f 1421/1872/1421 1422/1873/1422 1424/1885/1424
f 1422/1873/1422 1417/1874/1417 1424/1886/1424
f 1425/1887/1425 1426/1888/1426 1432/1895/1432 1431/1894/1431
f 1426/1888/1426 1427/1889/1427 1433/1896/1433 1432/1895/1432
f 1427/1889/1427 1428/1890/1428 1434/1897/1434 1433/1896/1433
f 1428/1890/1428 1429/1891/1429 1435/1898/1435 1434/1897/1434
f 1429/1891/1429 1430/1892/1430 1436/1899/1436 1435/1898/1435
f 1430/1892/1430 1425/1893/1425 1431/1900/1431 1436/1899/1436
f 1431/1894/1431 1432/1895/1432 1438/1902/1438 1437/1901/1437
f 1432/1895/1432 1433/1896/1433 1439/1903/1439 1438/1902/1438
f 1433/1896/1433 1434/1897/1434 1440/1904/1440 1439/1903/1439
f 1434/1897/1434 1435/1898/1435 1441/1905/1441 1440/1904/1440
f 1435/1898/1435 1436/1899/1436 1442/1906/1442 1441/1905/1441
f 1436/1899/1436 1431/1900/1431 1437/1907/1437 1442/1906/1442
f 1437/1901/1437 1438/1902/1438 1444/1909/1444 1443/1908/1443
f 1438/1902/1438 1439/1903/1439 1445/1910/1445 1444/1909/1444
f 1439/1903/1439 1440/1904/1440 1446/1911/1446 1445/1910/1445
f 1440/1904/1440 1441/1905/1441 1447/1912/1447 1446/1911/1446
f 1441/1905/1441 1442/1906/1442 1448/1913/1448 1447/1912/1447
f 1442/1906/1442 1437/1907/1437 1443/1914/1443 1448/1913/1448
f 1443/1908/1443 1444/1909/1444 1450/1916/1450 1449/1915/1449
f 1444/1909/1444 1445/1910/1445 1451/1917/1451 1450/1916/1450
f 1445/1910/1445 1446/1911/1446 1452/1918/1452 1451/1917/1451
f 1446/1911/1446 1447/1912/1447 1453/1919/1453 1452/1918/1452
f 1447/1912/1447 1448/1913/1448 1454/1920/1454 1453/1919/1453
f 1448/1913/1448 1443/1914/1443 1449/1921/1449 1454/1920/1454
f 1449/1915/1449 1450/1916/1450 1456/1923/1456 1455/1922/1455
f 1450/1916/1450 1451/1917/1451 1457/1924/1457 1456/1923/1456
f 1451/1917/1451 1452/1918/1452 1458/1925/1458 1457/1924/1457
f 1452/1918/1452 1453/1919/1453 1459/1926/1459 1458/1925/1458
f 1453/1919/1453 1454/1920/1454 1460/1927/1460 1459/1926/1459
f 1454/1920/1454 1449/1921/1449 1455/1928/1455 1460/1927/1460
f 1455/1922/1455 1456/1923/1456 1462/1930/1462 1461/1929/1461
f 1456/1923/1456 1457/1924/1457 1463/1931/1463 1462/1930/1462
f 1457/1924/1457 1458/1925/1458 1464/1932/1464 1463/1931/1463
f 1458/1925/1458 1459/1926/1459 1465/1933/1465 1464/1932/1464
f 1459/1926/1459 1460/1927/1460 1466/1934/1466 1465/1933/1465
f 1460/1927/1460 1455/1928/1455 1461/1935/1461 1466/1934/1466
f 1461/1929/1461 1462/1930/1462 1468/1937/1468 1467/1936/1467
f 1462/1930/1462 1463/1931/1463 1469/1938/1469 1468/1937/1468
f 1463/1931/1463 1464/1932/1464 1470/1939/1470 1469/1938/1469
f 1464/1932/1464 1465/1933/1465 1471/1940/1471 1470/1939/1470
f 1465/1933/1465 1466/1934/1466 1472/1941/1472 1471/1940/1471
f 1466/1934/1466 1461/1935/1461 1467/1942/1467 1472/1941/1472
f 1467/1936/1467 1468/1937/1468 1474/1944/1474 1473/1943/1473
f 1468/1937/1468 1469/1938/1469 1475/1945/1475 1474/1944/1474
f 1469/1938/1469 1470/1939/1470 1476/1946/1476 1475/1945/1475
f 1470/1939/1470 1471/1940/1471 1477/1947/1477 1476/1946/1476
f 1471/1940/1471 1472/1941/1472 1478/1948/1478 1477/1947/1477
f 1472/1941/1472 1467/1942/1467 1473/1949/1473 1478/1948/1478
f 1473/1943/1473 1474/1944/1474 1480/1951/1480 1479/1950/1479
f 1474/1944/1474 1475/1945/1475 1481/1952/1481 1480/1951/1480
f 1475/1945/1475 1476/1946/1476 1482/1953/1482 1481/1952/1481
f 1476/1946/1476 1477/1947/1477 1483/1954/1483 1482/1953/1482
f 1477/1947/1477 1478/1948/1478 1484/1955/1484 1483/1954/1483
f 1478/1948/1478 1473/1949/1473 1479/1956/1479 1484/1955/1484
f 1485/1957/1485 1426/1888/1426 1425/1887/1425
f 1485/1958/1485 1427/1889/1427 1426/1888/1426
f 1485/1959/1485 1428/1890/1428 1427/1889/1427
f 1485/1960/1485 1429/1891/1429 1428/1890/1428
f 1485/1961/1485 1430/1892/1430 1429/1891/1429
f 1485/1962/1485 1425/1893/1425 1430/1892/1430
f 1479/1950/1479 1480/1951/1480 1486/1963/1486
f 1480/1951/1480 1481/1952/1481 1486/1964/1486
f 1481/1952/1481 1482/1953/1482 1486/1965/1486
f 1482/1953/1482 1483/1954/1483 1486/1966/1486
f 1483/1954/1483 1484/1955/1484 1486/1967/1486
f 1484/1955/1484 1479/1956/1479 1486/1968/1486
f 1487/1969/1487 1488/1970/1488 1494/1977/1494 1493/1976/1493
f 1488/1970/1488 1489/1971/1489 1495/1978/1495 1494/1977/1494
f 1489/1971/1489 1490/1972/1490 1496/1979/1496 1495/1978/1495
f 1490/1972/1490 1491/1973/1491 1497/1980/1497 1496/1979/1496
f 1491/1973/1491 1492/1974/1492 1498/1981/1498 1497/1980/1497
f 1492/1974/1492 1487/1975/1487 1493/1982/1493 1498/1981/1498
f 1493/1976/1493 1494/1977/1494 1500/1984/1500 1499/1983/1499
f 1494/1977/1494 1495/1978/1495 1501/1985/1501 1500/1984/1500
f 1495/1978/1495 1496/1979/1496 1502/1986/1502 1501/1985/1501
f 1496/1979/1496 1497/1980/1497 1503/1987/1503 1502/1986/1502
f 1497/1980/1497 1498/1981/1498 1504/1988/1504 1503/1987/1503
f 1498/1981/1498 1493/1982/1493 1499/1989/1499 1504/1988/1504
f 1499/1983/1499 1500/1984/1500 1506/1991/1506 1505/1990/1505
f 1500/1984/1500 1501/1985/1501 1507/1992/1507 1506/1991/1506
f 1501/1985/1501 1502/1986/1502 1508/1993/1508 1507/1992/1507
f 1502/1986/1502 1503/1987/1503 1509/1994/1509 1508/1993/1508
f 1503/1987/1503 1504/1988/1504 1510/1995/1510 1509/1994/1509
f 1504/1988/1504 1499/1989/1499 1505/1996/1505 1510/1995/1510
f 1505/1990/1505 1506/1991/1506 1512/1998/1512 1511/1997/1511
f 1506/1991/1506 1507/1992/1507 1513/1999/1513 1512/1998/1512
f 1507/1992/1507 1508/1993/1508 1514/2000/1514 1513/1999/1513
f 1508/1993/1508 1509/1994/1509 1515/2001/1515 1514/2000/1514
f 1509/1994/1509 1510/1995/1510 1516/2002/1516 1515/2001/1515
f 1510/1995/1510 1505/1996/1505 1511/2003/1511 1516/2002/1516
f 1511/1997/1511 1512/1998/1512 1518/2005/1518 1517/2004/1517
f 1512/1998/1512 1513/1999/1513 1519/2006/1519 1518/2005/1518
f 1513/1999/1513 1514/2000/1514 1520/2007/1520 1519/2006/1519
f 1514/2000/1514 1515/2001/1515 1521/2008/1521 1520/2007/1520
f 1515/2001/1515 1516/2002/1516 1522/2009/1522 1521/2008/1521
f 1516/2002/1516 1511/2003/1511 1517/2010/1517 1522/2009/1522
f 1517/2004/1517 1518/2005/1518 1524/2012/1524 1523/2011/1523
f 1518/2005/1518 1519/2006/1519 1525/2013/1525 1524/2012/1524
f 1519/2006/1519 1520/2007/1520 1526/2014/1526 1525/2013/1525
f 1520/2007/1520 1521/2008/1521 1527/2015/1527 1526/2014/1526
f 1521/2008/1521 1522/2009/1522 1528/2016/1528 1527/2015/1527
f 1522/2009/1522 1517/2010/1517 1523/2017/1523 1528/2016/1528
f 1523/2011/1523 1524/2012/1524 1530/2019/1530 1529/2018/1529
f 1524/2012/1524 1525/2013/1525 1531/2020/1531 1530/2019/1530
f 1525/2013/1525 1526/2014/1526 1532/2021/1532 1531/2020/1531
f 1526/2014/1526 1527/2015/1527 1533/2022/1533 1532/2021/1532
f 1527/2015/1527 1528/2016/1528 1534/2023/1534 1533/2022/1533
f 1528/2016/1528 1523/2017/1523 1529/2024/1529 1534/2023/1534
f 1529/2018/1529 1530/2019/1530 1536/2026/1536 1535/2025/1535
f 1530/2019/1530 1531/2020/1531 1537/2027/1537 1536/2026/1536
f 1531/2020/1531 1532/2021/1532 1538/2028/1538 1537/2027/1537
f 1532/2021/1532 1533/2022/1533 1539/2029/1539 1538/2028/1538
f 1533/2022/1533 1534/2023/1534 1540/2030/1540 1539/2029/1539
f 1534/2023/1534 1529/2024/1529 1535/2031/1535 1540/2030/1540
f 1535/2025/1535 1536/2026/1536 1542/2033/1542 1541/2032/1541
f 1536/2026/1536 1537/2027/1537 1543/2034/1543 1542/2033/1542
f 1537/2027/1537 1538/2028/1538 1544/2035/1544 1543/2034/1543
f 1538/2028/1538 1539/2029/1539 1545/2036/1545 1544/2035/1544
f 1539/2029/1539 1540/2030/1540 1546/2037/1546 1545/2036/1545
f 1540/2030/1540 1535/2031/1535 1541/2038/1541 1546/2037/1546
f 1547/2039/1547 1488/1970/1488 1487/1969/1487
f 1547/2040/1547 1489/1971/1489 1488/1970/1488
f 1547/2041/1547 1490/1972/1490 1489/1971/1489
f 1547/2042/1547 1491/1973/1491 1490/1972/1490
f 1547/2043/1547 1492/1974/1492 1491/1973/1491
f 1547/2044/1547 1487/1975/1487 1492/1974/1492
f 1541/2032/1541 1542/2033/1542 1548/2045/1548
f 1542/2033/1542 1543/2034/1543 1548/2046/1548
f 1543/2034/1543 1544/2035/1544 1548/2047/1548
f 1544/2035/1544 1545/2036/1545 1548/2048/1548
f 1545/2036/1545 1546/2037/1546 1548/2049/1548
f 1546/2037/1546 1541/2038/1541 1548/2050/1548
f 1549/2051/1549 1550/2052/1550 1556/2059/1556 1555/2058/1555
f 1550/2052/1550 1551/2053/1551 1557/2060/1557 1556/2059/1556
f 1551/2053/1551 1552/2054/1552 1558/2061/1558 1557/2060/1557
f 1552/2054/1552 1553/2055/1553 1559/2062/1559 1558/2061/1558
f 1553/2055/1553 1554/2056/1554 1560/2063/1560 1559/2062/1559
f 1554/2056/1554 1549/2057/1549 1555/2064/1555 1560/2063/1560
f 1555/2058/1555 1556/2059/1556 1562/2066/1562 1561/2065/1561
f 1556/2059/1556 1557/2060/1557 1563/2067/1563 1562/2066/1562
f 1557/2060/1557 1558/2061/1558 1564/2068/1564 1563/2067/1563
f 1558/2061/1558 1559/2062/1559 1565/2069/1565 1564/2068/1564
f 1559/2062/1559 1560/2063/1560 1566/2070/1566 1565/2069/1565
f 1560/2063/1560 1555/2064/1555 1561/2071/1561 1566/2070/1566
f 1561/2065/1561 1562/2066/1562 1568/2073/1568 1567/2072/1567
f 1562/2066/1562 1563/2067/1563 1569/2074/1569 1568/2073/1568
f 1563/2067/1563 1564/2068/1564 1570/2075/1570 1569/2074/1569
f 1564/2068/1564 1565/2069/1565 1571/2076/1571 1570/2075/1570
f 1565/2069/1565 1566/2070/1566 1572/2077/1572 1571/2076/1571
f 1566/2070/1566 1561/2071/1561 1567/2078/1567 1572/2077/1572
f 1567/2072/1567 1568/2073/1568 1574/2080/1574 1573/2079/1573
f 1568/2073/1568 1569/2074/1569 1575/2081/1575 1574/2080/1574
f 1569/2074/1569 1570/2075/1570 1576/2082/1576 1575/2081/1575
f 1570/2075/1570 1571/2076/1571 1577/2083/1577 1576/2082/1576
f 1571/2076/1571 1572/2077/1572 1578/2084/1578 1577/2083/1577
f 1572/2077/1572 1567/2078/1567 1573/2085/1573 1578/2084/1578
f 1573/2079/1573 1574/2080/1574 1580/2087/1580 1579/2086/1579
f 1574/2080/1574 1575/2081/1575 1581/2088/1581 1580/2087/1580
f 1575/2081/1575 1576/2082/1576 1582/2089/1582 1581/2088/1581
f 1576/2082/1576 1577/2083/1577 1583/2090/1583 1582/2089/1582
f 1577/2083/1577 1578/2084/1578 1584/2091/1584 1583/2090/1583
f 1578/2084/1578 1573/2085/1573 1579/2092/1579 1584/2091/1584
f 1579/2086/1579 1580/2087/1580 1586/2094/1586 1585/2093/1585
f 1580/2087/1580 1581/2088/1581 1587/2095/1587 1586/2094/1586
f 1581/2088/1581 1582/2089/1582 1588/2096/1588 1587/2095/1587
f 1582/2089/1582 1583/2090/1583 1589/2097/1589 1588/2096/1588
f 1583/2090/1583 1584/2091/1584 1590/2098/1590 1589/2097/1589
f 1584/2091/1584 1579/2092/1579 1585/2099/1585 1590/2098/1590
f 1585/2093/1585 1586/2094/1586 1592/2101/1592 1591/2100/1591
f 1586/2094/1586 1587/2095/1587 1593/2102/1593 1592/2101/1592
f 1587/2095/1587 1588/2096/1588 1594/2103/1594 1593/2102/1593
f 1588/2096/1588 1589/2097/1589 1595/2104/1595 1594/2103/1594
f 1589/2097/1589 1590/2098/1590 1596/2105/1596 1595/2104/1595
f 1590/2098/1590 1585/2099/1585 1591/2106/1591 1596/2105/1596
f 1591/2100/1591 1592/2101/1592 1598/2108/1598 1597/2107/1597
f 1592/2101/1592 1593/2102/1593 1599/2109/1599 1598/2108/1598
f 1593/2102/1593 1594/2103/1594 1600/2110/1600 1599/2109/1599
f 1594/2103/1594 1595/2104/1595 1601/2111/1601 1600/2110/1600
f 1595/2104/1595 1596/2105/1596 1602/2112/1602 1601/2111/1601
f 1596/2105/1596 1591/2106/1591 1597/2113/1597 1602/2112/1602
f 1597/2107/1597 1598/2108/1598 1604/2115/1604 1603/2114/1603
f 1598/2108/1598 1599/2109/1599 1605/2116/1605 1604/2115/1604
f 1599/2109/1599 1600/2110/1600 1606/2117/1606 1605/2116/1605
f 1600/2110/1600 1601/2111/1601 1607/2118/1607 1606/2117/1606
f 1601/2111/1601 1602/2112/1602 1608/2119/1608 1607/2118/1607
f 1602/2112/1602 1597/2113/1597 1603/2120/1603 1608/2119/1608
f 1609/2121/1609 1550/2052/1550 1549/2051/1549
f 1609/2122/1609 1551/2053/1551 1550/2052/1550
f 1609/2123/1609 1552/2054/1552 1551/2053/1551
f 1609/2124/1609 1553/2055/1553 1552/2054/1552
f 1609/2125/1609 1554/2056/1554 1553/2055/1553
f 1609/2126/1609 1549/2057/1549 1554/2056/1554
f 1603/2114/1603 1604/2115/1604 1610/2127/1610
f 1604/2115/1604 1605/2116/1605 1610/2128/1610
f 1605/2116/1605 1606/2117/1606 1610/2129/1610
f 1606/2117/1606 1607/2118/1607 1610/2130/1610
f 1607/2118/1607 1608/2119/1608 1610/2131/1610
f 1608/2119/1608 1603/2120/1603 1610/2132/1610
f 1611/2133/1611 1612/2134/1612 1618/2141/1618 1617/2140/1617
f 1612/2134/1612 1613/2135/1613 1619/2142/1619 1618/2141/1618
f 1613/2135/1613 1614/2136/1614 1620/2143/1620 1619/2142/1619
f 1614/2136/1614 1615/2137/1615 1621/2144/1621 1620/2143/1620
f 1615/2137/1615 1616/2138/1616 1622/2145/1622 1621/2144/1621
f 1616/2138/1616 1611/2139/1611 1617/2146/1617 1622/2145/1622
f 1617/2140/1617 1618/2141/1618 1624/2148/1624 1623/2147/1623
f 1618/2141/1618 1619/2142/1619 1625/2149/1625 1624/2148/1624
f 1619/2142/1619 1620/2143/1620 1626/2150/1626 1625/2149/1625
f 1620/2143/1620 1621/2144/1621 1627/2151/1627 1626/2150/1626
f 1621/2144/1621 1622/2145/1622 1628/2152/1628 1627/2151/1627
f 1622/2145/1622 1617/2146/1617 1623/2153/1623 1628/2152/1628
f 1623/2147/1623 1624/2148/1624 1630/2155/1630 1629/2154/1629
f 1624/2148/1624 1625/2149/1625 1631/2156/1631 1630/2155/1630
f 1625/2149/1625 1626/2150/1626 1632/2157/1632 1631/2156/1631
f 1626/2150/1626 1627/2151/1627 1633/2158/1633 1632/2157/1632
f 1627/2151/1627 1628/2152/1628 1634/2159/1634 1633/2158/1633
f 1628/2152/1628 1623/2153/1623 1629/2160/1629 1634/2159/1634
f 1629/2154/1629 1630/2155/1630 1636/2162/1636 1635/2161/1635
f 1630/2155/1630 1631/2156/1631 1637/2163/1637 1636/2162/1636
f 1631/2156/1631 1632/2157/1632 1638/2164/1638 1637/2163/1637
f 1632/2157/1632 1633/2158/1633 1639/2165/1639 1638/2164/1638
f 1633/2158/1633 1634/2159/1634 1640/2166/1640 1639/2165/1639
f 1634/2159/1634 1629/2160/1629 1635/2167/1635 1640/2166/1640
f 1635/2161/1635 1636/2162/1636 1642/2169/1642 1641/2168/1641
f 1636/2162/1636 1637/2163/1637 1643/2170/1643 1642/2169/1642
f 1637/2163/1637 1638/2164/1638 1644/2171/1644 1643/2170/1643
f 1638/2164/1638 1639/2165/1639 1645/2172/1645 1644/2171/1644
f 1639/2165/1639 1640/2166/1640 1646/2173/1646 1645/2172/1645
f 1640/2166/1640 1635/2167/1635 1641/2174/1641 1646/2173/1646
f 1641/2168/1641 1642/2169/1642 1648/2176/1648 1647/2175/1647
f 1642/2169/1642 1643/2170/1643 1649/2177/1649 1648/2176/1648
f 1643/2170/1643 1644/2171/1644 1650/2178/1650 1649/2177/1649
f 1644/2171/1644 1645/2172/1645 1651/2179/1651 1650/2178/1650
f 1645/2172/1645 1646/2173/1646 1652/2180/1652 1651/2179/1651
f 1646/2173/1646 1641/2174/1641 1647/2181/1647 1652/2180/1652
f 1647/2175/1647 1648/2176/1648 1654/2183/1654 1653/2182/1653
f 1648/2176/1648 1649/2177/1649 1655/2184/1655 1654/2183/1654
f 1649/2177/1649 1650/2178/1650 1656/2185/1656 1655/2184/1655
f 1650/2178/1650 1651/2179/1651 1657/2186/1657 1656/2185/1656
f 1651/2179/1651 1652/2180/1652 1658/2187/1658 1657/2186/1657
f 1652/2180/1652 1647/2181/1647 1653/2188/1653 1658/2187/1658
f 1653/2182/1653 1654/2183/1654 1660/2190/1660 1659/2189/1659
f 1654/2183/1654 1655/2184/1655 1661/2191/1661 1660/2190/1660
f 1655/2184/1655 1656/2185/1656 1662/2192/1662 1661/2191/1661
f 1656/2185/1656 1657/2186/1657 1663/2193/1663 1662/2192/1662
f 1657/2186/1657 1658/2187/1658 1664/2194/1664 1663/2193/1663
f 1658/2187/1658 1653/2188/1653 1659/2195/1659 1664/2194/1664
f 1665/2196/1665 1612/2134/1612 1611/2133/1611
f 1665/2197/1665 1613/2135/1613 1612/2134/1612
f 1665/2198/1665 1614/2136/1614 1613/2135/1613
f 1665/2199/1665 1615/2137/1615 1614/2136/1614
f 1665/2200/1665 1616/2138/1616 1615/2137/1615
f 1665/2201/1665 1611/2139/1611 1616/2138/1616
f 1659/2189/1659 1660/2190/1660 1666/2202/1666
f 1660/2190/1660 1661/2191/1661 1666/2203/1666
f 1661/2191/1661 1662/2192/1662 1666/2204/1666
f 1662/2192/1662 1663/2193/1663 1666/2205/1666
f 1663/2193/1663 1664/2194/1664 1666/2206/1666
f 1664/2194/1664 1659/2195/1659 1666/2207/1666
f 1667/2208/1667 1668/2209/1668 1674/2216/1674 1673/2215/1673
f 1668/2209/1668 1669/2210/1669 1675/2217/1675 1674/2216/1674
f 1669/2210/1669 1670/2211/1670 1676/2218/1676 1675/2217/1675
f 1670/2211/1670 1671/2212/1671 1677/2219/1677 1676/2218/1676
f 1671/2212/1671 1672/2213/1672 1678/2220/1678 1677/2219/1677
f 1672/2213/1672 1667/2214/1667 1673/2221/1673 1678/2220/1678
f 1673/2215/1673 1674/2216/1674 1680/2223/1680 1679/2222/1679
f 1674/2216/1674 1675/2217/1675 1681/2224/1681 1680/2223/1680
f 1675/2217/1675 1676/2218/1676 1682/2225/1682 1681/2224/1681
f 1676/2218/1676 1677/2219/1677 1683/2226/1683 1682/2225/1682
f 1677/2219/1677 1678/2220/1678 1684/2227/1684 1683/2226/1683
f 1678/2220/1678 1673/2221/1673 1679/2228/1679 1684/2227/1684
f 1679/2222/1679 1680/2223/1680 1686/2230/1686 1685/2229/1685
f 1680/2223/1680 1681/2224/1681 1687/2231/1687 1686/2230/1686
f 1681/2224/1681 1682/2225/1682 1688/2232/1688 1687/2231/1687
f 1682/2225/1682 1683/2226/1683 1689/2233/1689 1688/2232/1688
f 1683/2226/1683 1684/2227/1684 1690/2234/1690 1689/2233/1689
f 1684/2227/1684 1679/2228/1679 1685/2235/1685 1690/2234/1690
f 1685/2229/1685 1686/2230/1686 1692/2237/1692 1691/2236/1691
f 1686/2230/1686 1687/2231/1687 1693/2238/1693 1692/2237/1692
f 1687/2231/1687 1688/2232/1688 1694/2239/1694 1693/2238/1693
f 1688/2232/1688 1689/2233/1689 1695/2240/1695 1694/2239/1694
f 1689/2233/1689 1690/2234/1690 1696/2241/1696 1695/2240/1695
f 1690/2234/1690 1685/2235/1685 1691/2242/1691 1696/2241/1696
f 1691/2236/1691 1692/2237/1692 1698/2244/1698 1697/2243/1697
f 1692/2237/1692 1693/2238/1693 1699/2245/1699 1698/2244/1698
f 1693/2238/1693 1694/2239/1694 1700/2246/1700 1699/2245/1699
f 1694/2239/1694 1695/2240/1695 1701/2247/1701 1700/2246/1700
f 1695/2240/1695 1696/2241/1696 1702/2248/1702 1701/2247/1701
f 1696/2241/1696 1691/2242/1691 1697/2249/1697 1702/2248/1702
f 1697/2243/1697 1698/2244/1698 1704/2251/1704 1703/2250/1703
f 1698/2244/1698 1699/2245/1699 1705/2252/1705 1704/2251/1704
f 1699/2245/1699 1700/2246/1700 1706/2253/1706 1705/2252/1705
f 1700/2246/1700 1701/2247/1701 1707/2254/1707 1706/2253/1706
f 1701/2247/1701 1702/2248/1702 1708/2255/1708 1707/2254/1707
f 1702/2248/1702 1697/2249/1697 1703/2256/1703 1708/2255/1708
f 1703/2250/1703 1704/2251/1704 1710/2258/1710 1709/2257/1709
f 1704/2251/1704 1705/2252/1705 1711/2259/1711 1710/2258/1710
f 1705/2252/1705 1706/2253/1706 1712/2260/1712 1711/2259/1711
f 1706/2253/1706 1707/2254/1707 1713/2261/1713 1712/2260/1712
f 1707/2254/1707 1708/2255/1708 1714/2262/1714 1713/2261/1713
f 1708/2255/1708 1703/2256/1703 1709/2263/1709 1714/2262/1714
f 1709/2257/1709 1710/2258/1710 1716/2265/1716 1715/2264/1715
f 1710/2258/1710 1711/2259/1711 1717/2266/1717 1716/2265/1716
f 1711/2259/1711 1712/2260/1712 1718/2267/1718 1717/2266/1717
f 1712/2260/1712 1713/2261/1713 1719/2268/1719 1718/2267/1718
f 1713/2261/1713 1714/2262/1714 1720/2269/1720 1719/2268/1719
f 1714/2262/1714 1709/2263/1709 1715/2270/1715 1720/2269/1720
f 1721/2271/1721 1668/2209/1668 1667/2208/1667
f 1721/2272/1721 1669/2210/1669 1668/2209/1668
f 1721/2273/1721 1670/2211/1670 1669/2210/1669
f 1721/2274/1721 1671/2212/1671 1670/2211/1670
f 1721/2275/1721 1672/2213/1672 1671/2212/1671
f 1721/2276/1721 1667/2214/1667 1672/2213/1672
f 1715/2264/1715 1716/2265/1716 1722/2277/1722
f 1716/2265/1716 1717/2266/1717 1722/2278/1722
f 1717/2266/1717 1718/2267/1718 1722/2279/1722
f 1718/2267/1718 1719/2268/1719 1722/2280/1722
f 1719/2268/1719 1720/2269/1720 1722/2281/1722
f 1720/2269/1720 1715/2270/1715 1722/2282/1722
f 1723/2283/1723 1724/2284/1724 1730/2291/1730 1729/2290/1729
f 1724/2284/1724 1725/2285/1725 1731/2292/1731 1730/2291/1730
f 1725/2285/1725 1726/2286/1726 1732/2293/1732 1731/2292/1731
f 1726/2286/1726 1727/2287/1727 1733/2294/1733 1732/2293/1732
f 1727/2287/1727 1728/2288/1728 1734/2295/1734 1733/2294/1733
f 1728/2288/1728 1723/2289/1723 1729/2296/1729 1734/2295/1734
f 1729/2290/1729 1730/2291/1730 1736/2298/1736 1735/2297/1735
f 1730/2291/1730 1731/2292/1731 1737/2299/1737 1736/2298/1736
f 1731/2292/1731 1732/2293/1732 1738/2300/1738 1737/2299/1737
f 1732/2293/1732 1733/2294/1733 1739/2301/1739 1738/2300/1738
f 1733/2294/1733 1734/2295/1734 1740/2302/1740 1739/2301/1739
f 1734/2295/1734 1729/2296/1729 1735/2303/1735 1740/2302/1740
f 1735/2297/1735 1736/2298/1736 1742/2305/1742 1741/2304/1741
f 1736/2298/1736 1737/2299/1737 1743/2306/1743 1742/2305/1742
f 1737/2299/1737 1738/2300/1738 1744/2307/1744 1743/2306/1743
f 1738/2300/1738 1739/2301/1739 1745/2308/1745 1744/2307/1744
f 1739/2301/1739 1740/2302/1740 1746/2309/1746 1745/2308/1745
f 1740/2302/1740 1735/2303/1735 1741/2310/1741 1746/2309/1746
f 1741/2304/1741 1742/2305/1742 1748/2312/1748 1747/2311/1747
f 1742/2305/1742 1743/2306/1743 1749/2313/1749 1748/2312/1748
f 1743/2306/1743 1744/2307/1744 1750/2314/1750 1749/2313/1749
f 1744/2307/1744 1745/2308/1745 1751/2315/1751 1750/2314/1750
f 1745/2308/1745 1746/2309/1746 1752/2316/1752 1751/2315/1751
f 1746/2309/1746 1741/2310/1741 1747/2317/1747 1752/2316/1752
f 1747/2311/1747 1748/2312/1748 1754/2319/1754 1753/2318/1753
f 1748/2312/1748 1749/2313/1749 1755/2320/1755 1754/2319/1754
f 1749/2313/1749 1750/2314/1750 1756/2321/1756 1755/2320/1755
f 1750/2314/1750 1751/2315/1751 1757/2322/1757 1756/2321/1756
f 1751/2315/1751 1752/2316/1752 1758/2323/1758 1757/2322/1757
f 1752/2316/1752 1747/2317/1747 1753/2324/1753 1758/2323/1758
f 1753/2318/1753 1754/2319/1754 1760/2326/1760 1759/2325/1759
f 1754/2319/1754 1755/2320/1755 1761/2327/1761 1760/2326/1760
f 1755/2320/1755 1756/2321/1756 1762/2328/1762 1761/2327/1761
f 1756/2321/1756 1757/2322/1757 1763/2329/1763 1762/2328/1762
f 1757/2322/1757 1758/2323/1758 1764/2330/1764 1763/2329/1763
f 1758/2323/1758 1753/2324/1753 1759/2331/1759 1764/2330/1764
f 1759/2325/1759 1760/2326/1760 1766/2333/1766 1765/2332/1765
f 1760/2326/1760 1761/2327/1761 1767/2334/1767 1766/2333/1766
f 1761/2327/1761 1762/2328/1762 1768/2335/1768 1767/2334/1767
f 1762/2328/1762 1763/2329/1763 1769/2336/1769 1768/2335/1768
f 1763/2329/1763 1764/2330/1764 1770/2337/1770 1769/2336/1769
f 1764/2330/1764 1759/2331/1759 1765/2338/1765 1770/2337/1770
f 1765/2332/1765 1766/2333/1766 1772/2340/1772 1771/2339/1771
f 1766/2333/1766 1767/2334/1767 1773/2341/1773 1772/2340/1772
f 1767/2334/1767 1768/2335/1768 1774/2342/1774 1773/2341/1773
f 1768/2335/1768 1769/2336/1769 1775/2343/1775 1774/2342/1774
f 1769/2336/1769 1770/2337/1770 1776/2344/1776 1775/2343/1775
f 1770/2337/1770 1765/2338/1765 1771/2345/1771 1776/2344/1776
f 1777/2346/1777 1724/2284/1724 1723/2283/1723
f 1777/2347/1777 1725/2285/1725 1724/2284/1724
f 1777/2348/1777 1726/2286/1726 1725/2285/1725
f 1777/2349/1777 1727/2287/1727 1726/2286/1726
f 1777/2350/1777 1728/2288/1728 1727/2287/1727
f 1777/2351/1777 1723/2289/1723 1728/2288/1728
f 1771/2339/1771 1772/2340/1772 1778/2352/1778
f 1772/2340/1772 1773/2341/1773 1778/2353/1778
f 1773/2341/1773 1774/2342/1774 1778/2354/1778
f 1774/2342/1774 1775/2343/1775 1778/2355/1778
f 1775/2343/1775 1776/2344/1776 1778/2356/1778
f 1776/2344/1776 1771/2345/1771 1778/2357/1778
f 1779/2358/1779 1780/2359/1780 1786/2366/1786 1785/2365/1785
f 1780/2359/1780 1781/2360/1781 1787/2367/1787 1786/2366/1786
f 1781/2360/1781 1782/2361/1782 1788/2368/1788 1787/2367/1787
f 1782/2361/1782 1783/2362/1783 1789/2369/1789 1788/2368/1788
f 1783/2362/1783 1784/2363/1784 1790/2370/1790 1789/2369/1789
f 1784/2363/1784 1779/2364/1779 1785/2371/1785 1790/2370/1790
f 1785/2365/1785 1786/2366/1786 1792/2373/1792 1791/2372/1791
f 1786/2366/1786 1787/2367/1787 1793/2374/1793 1792/2373/1792
f 1787/2367/1787 1788/2368/1788 1794/2375/1794 1793/2374/1793
f 1788/2368/1788 1789/2369/1789 1795/2376/1795 1794/2375/1794
f 1789/2369/1789 1790/2370/1790 1796/2377/1796 1795/2376/1795
f 1790/2370/1790 1785/2371/1785 1791/2378/1791 1796/2377/1796
f 1791/2372/1791 1792/2373/1792 1798/2380/1798 1797/2379/1797
f 1792/2373/1792 1793/2374/1793 1799/2381/1799 1798/2380/1798
f 1793/2374/1793 1794/2375/1794 1800/2382/1800 1799/2381/1799
f 1794/2375/1794 1795/2376/1795 1801/2383/1801 1800/2382/1800
f 1795/2376/1795 1796/2377/1796 1802/2384/1802 1801/2383/1801
f 1796/2377/1796 1791/2378/1791 1797/2385/1797 1802/2384/1802
f 1797/2379/1797 1798/2380/1798 1804/2387/1804 1803/2386/1803
f 1798/2380/1798 1799/2381/1799 1805/2388/1805 1804/2387/1804
f 1799/2381/1799 1800/2382/1800 1806/2389/1806 1805/2388/1805
f 1800/2382/1800 1801/2383/1801 1807/2390/1807 1806/2389/1806
f 1801/2383/1801 1802/2384/1802 1808/2391/1808 1807/2390/1807
f 1802/2384/1802 1797/2385/1797 1803/2392/1803 1808/2391/1808
f 1803/2386/1803 1804/2387/1804 1810/2394/1810 1809/2393/1809
f 1804/2387/1804 1805/2388/1805 1811/2395/1811 1810/2394/1810
f 1805/2388/1805 1806/2389/1806 1812/2396/1812 1811/2395/1811
f 1806/2389/1806 1807/2390/1807 1813/2397/1813 1812/2396/1812
f 1807/2390/1807 1808/2391/1808 1814/2398/1814 1813/2397/1813
f 1808/2391/1808 1803/2392/1803 1809/2399/1809 1814/2398/1814
f 1809/2393/1809 1810/2394/1810 1816/2401/1816 1815/2400/1815
f 1810/2394/1810 1811/2395/1811 1817/2402/1817 1816/2401/1816
f 1811/2395/1811 1812/2396/1812 1818/2403/1818 1817/2402/1817
f 1812/2396/1812 1813/2397/1813 1819/2404/1819 1818/2403/1818
f 1813/2397/1813 1814/2398/1814 1820/2405/1820 1819/2404/1819
f 1814/2398/1814 1809/2399/1809 1815/2406/1815 1820/2405/1820
f 1815/2400/1815 1816/2401/1816 1822/2408/1822 1821/2407/1821
f 1816/2401/1816 1817/2402/1817 1823/2409/1823 1822/2408/1822
f 1817/2402/1817 1818/2403/1818 1824/2410/1824 1823/2409/1823
f 1818/2403/1818 1819/2404/1819 1825/2411/1825 1824/2410/1824
f 1819/2404/1819 1820/2405/1820 1826/2412/1826 1825/2411/1825
f 1820/2405/1820 1815/2406/1815 1821/2413/1821 1826/2412/1826
f 1827/2414/1827 1780/2359/1780 1779/2358/1779
f 1827/2415/1827 1781/2360/1781 1780/2359/1780
f 1827/2416/1827 1782/2361/1782 1781/2360/1781
f 1827/2417/1827 1783/2362/1783 1782/2361/1782
f 1827/2418/1827 1784/2363/1784 1783/2362/1783
f 1827/2419/1827 1779/2364/1779 1784/2363/1784
f 1821/2407/1821 1822/2408/1822 1828/2420/1828
f 1822/2408/1822 1823/2409/1823 1828/2421/1828
f 1823/2409/1823 1824/2410/1824 1828/2422/1828
f 1824/2410/1824 1825/2411/1825 1828/2423/1828
f 1825/2411/1825 1826/2412/1826 1828/2424/1828
f 1826/2412/1826 1821/2413/1821 1828/2425/1828
f 1829/2426/1829 1830/2427/1830 1836/2434/1836 1835/2433/1835
f 1830/2427/1830 1831/2428/1831 1837/2435/1837 1836/2434/1836
f 1831/2428/1831 1832/2429/1832 1838/2436/1838 1837/2435/1837
f 1832/2429/1832 1833/2430/1833 1839/2437/1839 1838/2436/1838
f 1833/2430/1833 1834/2431/1834 1840/2438/1840 1839/2437/1839
f 1834/2431/1834 1829/2432/1829 1835/2439/1835 1840/2438/1840
f 1835/2433/1835 1836/2434/1836 1842/2441/1842 1841/2440/1841
f 1836/2434/1836 1837/2435/1837 1843/2442/1843 1842/2441/1842
f 1837/2435/1837 1838/2436/1838 1844/2443/1844 1843/2442/1843
f 1838/2436/1838 1839/2437/1839 1845/2444/1845 1844/2443/1844
f 1839/2437/1839 1840/2438/1840 1846/2445/1846 1845/2444/1845
f 1840/2438/1840 1835/2439/1835 1841/2446/1841 1846/2445/1846
f 1841/2440/1841 1842/2441/1842 1848/2448/1848 1847/2447/1847
f 1842/2441/1842 1843/2442/1843 1849/2449/1849 1848/2448/1848
f 1843/2442/1843 1844/2443/1844 1850/2450/1850 1849/2449/1849
f 1844/2443/1844 1845/2444/1845 1851/2451/1851 1850/2450/1850
f 1845/2444/1845 1846/2445/1846 1852/2452/1852 1851/2451/1851
f 1846/2445/1846 1841/2446/1841 1847/2453/1847 1852/2452/1852
f 1847/2447/1847 1848/2448/1848 1854/2455/1854 1853/2454/1853
f 1848/2448/1848 1849/2449/1849 1855/2456/1855 1854/2455/1854
f 1849/2449/1849 1850/2450/1850 1856/2457/1856 1855/2456/1855
f 1850/2450/1850 1851/2451/1851 1857/2458/1857 1856/2457/1856
f 1851/2451/1851 1852/2452/1852 1858/2459/1858 1857/2458/1857
f 1852/2452/1852 1847/2453/1847 1853/2460/1853 1858/2459/1858
f 1853/2454/1853 1854/2455/1854 1860/2462/1860 1859/2461/1859
f 1854/2455/1854 1855/2456/1855 1861/2463/1861 1860/2462/1860
f 1855/2456/1855 1856/2457/1856 1862/2464/1862 1861/2463/1861
f 1856/2457/1856 1857/2458/1857 1863/2465/1863 1862/2464/1862
f 1857/2458/1857 1858/2459/1858 1864/2466/1864 1863/2465/1863
f 1858/2459/1858 1853/2460/1853 1859/2467/1859 1864/2466/1864
f 1859/2461/1859 1860/2462/1860 1866/2469/1866 1865/2468/1865
f 1860/2462/1860 1861/2463/1861 1867/2470/1867 1866/2469/1866
f 1861/2463/1861 1862/2464/1862 1868/2471/1868 1867/2470/1867
f 1862/2464/1862 1863/2465/1863 1869/2472/1869 1868/2471/1868
f 1863/2465/1863 1864/2466/1864 1870/2473/1870 1869/2472/1869
f 1864/2466/1864 1859/2467/1859 1865/2474/1865 1870/2473/1870
f 1865/2468/1865 1866/2469/1866 1872/2476/1872 1871/2475/1871
f 1866/2469/1866 1867/2470/1867 1873/2477/1873 1872/2476/1872
f 1867/2470/1867 1868/2471/1868 1874/2478/1874 1873/2477/1873
f 1868/2471/1868 1869/2472/1869 1875/2479/1875 1874/2478/1874
f 1869/2472/1869 1870/2473/1870 1876/2480/1876 1875/2479/1875
f 1870/2473/1870 1865/2474/1865 1871/2481/1871 1876/2480/1876
f 1871/2475/1871 1872/2476/1872 1878/2483/1878 1877/2482/1877
f 1872/2476/1872 1873/2477/1873 1879/2484/1879 1878/2483/1878
f 1873/2477/1873 1874/2478/1874 1880/2485/1880 1879/2484/1879
f 1874/2478/1874 1875/2479/1875 1881/2486/1881 1880/2485/1880
f 1875/2479/1875 1876/2480/1876 1882/2487/1882 1881/2486/1881
f 1876/2480/1876 1871/2481/1871 1877/2488/1877 1882/2487/1882
f 1883/2489/1883 1830/2427/1830 1829/2426/1829
f 1883/2490/1883 1831/2428/1831 1830/2427/1830
f 1883/2491/1883 1832/2429/1832 1831/2428/1831
f 1883/2492/1883 1833/2430/1833 1832/2429/1832
f 1883/2493/1883 1834/2431/1834 1833/2430/1833
f 1883/2494/1883 1829/2432/1829 1834/2431/1834
f 1877/2482/1877 1878/2483/1878 1884/2495/1884
f 1878/2483/1878 1879/2484/1879 1884/2496/1884
f 1879/2484/1879 1880/2485/1880 1884/2497/1884
f 1880/2485/1880 1881/2486/1881 1884/2498/1884
f 1881/2486/1881 1882/2487/1882 1884/2499/1884
f 1882/2487/1882 1877/2488/1877 1884/2500/1884
f 1885/2501/1885 1886/2502/1886 1892/2509/1892 1891/2508/1891
f 1886/2502/1886 1887/2503/1887 1893/2510/1893 1892/2509/1892
f 1887/2503/1887 1888/2504/1888 1894/2511/1894 1893/2510/1893
f 1888/2504/1888 1889/2505/1889 1895/2512/1895 1894/2511/1894
f 1889/2505/1889 1890/2506/1890 1896/2513/1896 1895/2512/1895
f 1890/2506/1890 1885/2507/1885 1891/2514/1891 1896/2513/1896
f 1891/2508/1891 1892/2509/1892 1898/2516/1898 1897/2515/1897
f 1892/2509/1892 1893/2510/1893 1899/2517/1899 1898/2516/1898
f 1893/2510/1893 1894/2511/1894 1900/2518/1900 1899/2517/1899
f 1894/2511/1894 1895/2512/1895 1901/2519/1901 1900/2518/1900
f 1895/2512/1895 1896/2513/1896 1902/2520/1902 1901/2519/1901
f 1896/2513/1896 1891/2514/1891 1897/2521/1897 1902/2520/1902
f 1897/2515/1897 1898/2516/1898 1904/2523/1904 1903/2522/1903
f 1898/2516/1898 1899/2517/1899 1905/2524/1905 1904/2523/1904
f 1899/2517/1899 1900/2518/1900 1906/2525/1906 1905/2524/1905
f 1900/2518/1900 1901/2519/1901 1907/2526/1907 1906/2525/1906
f 1901/2519/1901 1902/2520/1902 1908/2527/1908 1907/2526/1907
f 1902/2520/1902 1897/2521/1897 1903/2528/1903 1908/2527/1908
f 1903/2522/1903 1904/2523/1904 1910/2530/1910 1909/2529/1909
f 1904/2523/1904 1905/2524/1905 1911/2531/1911 1910/2530/1910
f 1905/2524/1905 1906/2525/1906 1912/2532/1912 1911/2531/1911
f 1906/2525/1906 1907/2526/1907 1913/2533/1913 1912/2532/1912
f 1907/2526/1907 1908/2527/1908 1914/2534/1914 1913/2533/1913
f 1908/2527/1908 1903/2528/1903 1909/2535/1909 1914/2534/1914
f 1909/2529/1909 1910/2530/1910 1916/2537/1916 1915/2536/1915
f 1910/2530/1910 1911/2531/1911 1917/2538/1917 1916/2537/1916
f 1911/2531/1911 1912/2532/1912 1918/2539/1918 1917/2538/1917
f 1912/2532/1912 1913/2533/1913 1919/2540/1919 1918/2539/1918
f 1913/2533/1913 1914/2534/1914 1920/2541/1920 1919/2540/1919
f 1914/2534/1914 1909/2535/1909 1915/2542/1915 1920/2541/1920
f 1915/2536/1915 1916/2537/1916 1922/2544/1922 1921/2543/1921
f 1916/2537/1916 1917/2538/1917 1923/2545/1923 1922/2544/1922
f 1917/2538/1917 1918/2539/1918 1924/2546/1924 1923/2545/1923
f 1918/2539/1918 1919/2540/1919 1925/2547/1925 1924/2546/1924
f 1919/2540/1919 1920/2541/1920 1926/2548/1926 1925/2547/1925
f 1920/2541/1920 1915/2542/1915 1921/2549/1921 1926/2548/1926
f 1921/2543/1921 1922/2544/1922 1928/2551/1928 1927/2550/1927
f 1922/2544/1922 1923/2545/1923 1929/2552/1929 1928/2551/1928
f 1923/2545/1923 1924/2546/1924 1930/2553/1930 1929/2552/1929
f 1924/2546/1924 1925/2547/1925 1931/2554/1931 1930/2553/1930
f 1925/2547/1925 1926/2548/1926 1932/2555/1932 1931/2554/1931
f 1926/2548/1926 1921/2549/1921 1927/2556/1927 1932/2555/1932
f 1927/2550/1927 1928/2551/1928 1934/2558/1934 1933/2557/1933
f 1928/2551/1928 1929/2552/1929 1935/2559/1935 1934/2558/1934
f 1929/2552/1929 1930/2553/1930 1936/2560/1936 1935/2559/1935
f 1930/2553/1930 1931/2554/1931 1937/2561/1937 1936/2560/1936
f 1931/2554/1931 1932/2555/1932 1938/2562/1938 1937/2561/1937
f 1932/2555/1932 1927/2556/1927 1933/2563/1933 1938/2562/1938
f 1939/2564/1939 1886/2502/1886 1885/2501/1885
f 1939/2565/1939 1887/2503/1887 1886/2502/1886
f 1939/2566/1939 1888/2504/1888 1887/2503/1887
f 1939/2567/1939 1889/2505/1889 1888/2504/1888
f 1939/2568/1939 1890/2506/1890 1889/2505/1889
f 1939/2569/1939 1885/2507/1885 1890/2506/1890
f 1933/2557/1933 1934/2558/1934 1940/2570/1940
f 1934/2558/1934 1935/2559/1935 1940/2571/1940
f 1935/2559/1935 1936/2560/1936 1940/2572/1940
f 1936/2560/1936 1937/2561/1937 1940/2573/1940
f 1937/2561/1937 1938/2562/1938 1940/2574/1940
f 1938/2562/1938 1933/2563/1933 1940/2575/1940
f 1941/2576/1941 1942/2577/1942 1948/2584/1948 1947/2583/1947
f 1942/2577/1942 1943/2578/1943 1949/2585/1949 1948/2584/1948
f 1943/2578/1943 1944/2579/1944 1950/2586/1950 1949/2585/1949
f 1944/2579/1944 1945/2580/1945 1951/2587/1951 1950/2586/1950
f 1945/2580/1945 1946/2581/1946 1952/2588/1952 1951/2587/1951
f 1946/2581/1946 1941/2582/1941 1947/2589/1947 1952/2588/1952
f 1947/2583/1947 1948/2584/1948 1954/2591/1954 1953/2590/1953
f 1948/2584/1948 1949/2585/1949 1955/2592/1955 1954/2591/1954
f 1949/2585/1949 1950/2586/1950 1956/2593/1956 1955/2592/1955
f 1950/2586/1950 1951/2587/1951 1957/2594/1957 1956/2593/1956
f 1951/2587/1951 1952/2588/1952 1958/2595/1958 1957/2594/1957
f 1952/2588/1952 1947/2589/1947 1953/2596/1953 1958/2595/1958
f 1953/2590/1953 1954/2591/1954 1960/2598/1960 1959/2597/1959
f 1954/2591/1954 1955/2592/1955 1961/2599/1961 1960/2598/1960
f 1955/2592/1955 1956/2593/1956 1962/2600/1962 1961/2599/1961
f 1956/2593/1956 1957/2594/1957 1963/2601/1963 1962/2600/1962
f 1957/2594/1957 1958/2595/1958 1964/2602/1964 1963/2601/1963
f 1958/2595/1958 1953/2596/1953 1959/2603/1959 1964/2602/1964
f 1959/2597/1959 1960/2598/1960 1966/2605/1966 1965/2604/1965
f 1960/2598/1960 1961/2599/1961 1967/2606/1967 1966/2605/1966
f 1961/2599/1961 1962/2600/1962 1968/2607/1968 1967/2606/1967
f 1962/2600/1962 1963/2601/1963 1969/2608/1969 1968/2607/1968
f 1963/2601/1963 1964/2602/1964 1970/2609/1970 1969/2608/1969
f 1964/2602/1964 1959/2603/1959 1965/2610/1965 1970/2609/1970
f 1965/2604/1965 1966/2605/1966 1972/2612/1972 1971/2611/1971
f 1966/2605/1966 1967/2606/1967 1973/2613/1973 1972/2612/1972
f 1967/2606/1967 1968/2607/1968 1974/2614/1974 1973/2613/1973
f 1968/2607/1968 1969/2608/1969 1975/2615/1975 1974/2614/1974
f 1969/2608/1969 1970/2609/1970 1976/2616/1976 1975/2615/1975
f 1970/2609/1970 1965/2610/1965 1971/2617/1971 1976/2616/1976
f 1971/2611/1971 1972/2612/1972 1978/2619/1978 1977/2618/1977
f 1972/2612/1972 1973/2613/1973 1979/2620/1979 1978/2619/1978
f 1973/2613/1973 1974/2614/1974 1980/2621/1980 1979/2620/1979
f 1974/2614/1974 1975/2615/1975 1981/2622/1981 1980/2621/1980
f 1975/2615/1975 1976/2616/1976 1982/2623/1982 1981/2622/1981
f 1976/2616/1976 1971/2617/1971 1977/2624/1977 1982/2623/1982
f 1977/2618/1977 1978/2619/1978 1984/2626/1984 1983/2625/1983
f 1978/2619/1978 1979/2620/1979 1985/2627/1985 1984/2626/1984
f 1979/2620/1979 1980/2621/1980 1986/2628/1986 1985/2627/1985
f 1980/2621/1980 1981/2622/1981 1987/2629/1987 1986/2628/1986
f 1981/2622/1981 1982/2623/1982 1988/2630/1988 1987/2629/1987
f 1982/2623/1982 1977/2624/1977 1983/2631/1983 1988/2630/1988
f 1983/2625/1983 1984/2626/1984 1990/2633/1990 1989/2632/1989
f 1984/2626/1984 1985/2627/1985 1991/2634/1991 1990/2633/1990
f 1985/2627/1985 1986/2628/1986 1992/2635/1992 1991/2634/1991
f 1986/2628/1986 1987/2629/1987 1993/2636/1993 1992/2635/1992
f 1987/2629/1987 1988/2630/1988 1994/2637/1994 1993/2636/1993
f 1988/2630/1988 1983/2631/1983 1989/2638/1989 1994/2637/1994
f 1995/2639/1995 1942/2577/1942 1941/2576/1941
f 1995/2640/1995 1943/2578/1943 1942/2577/1942
f 1995/2641/1995 1944/2579/1944 1943/2578/1943
f 1995/2642/1995 1945/2580/1945 1944/2579/1944
f 1995/2643/1995 1946/2581/1946 1945/2580/1945
f 1995/2644/1995 1941/2582/1941 1946/2581/1946
f 1989/2632/1989 1990/2633/1990 1996/2645/1996
f 1990/2633/1990 1991/2634/1991 1996/2646/1996
f 1991/2634/1991 1992/2635/1992 1996/2647/1996
f 1992/2635/1992 1993/2636/1993 1996/2648/1996
f 1993/2636/1993 1994/2637/1994 1996/2649/1996
f 1994/2637/1994 1989/2638/1989 1996/2650/1996
f 1997/2651/1997 1998/2652/1998 2004/2659/2004 2003/2658/2003
f 1998/2652/1998 1999/2653/1999 2005/2660/2005 2004/2659/2004
f 1999/2653/1999 2000/2654/2000 2006/2661/2006 2005/2660/2005
f 2000/2654/2000 2001/2655/2001 2007/2662/2007 2006/2661/2006
f 2001/2655/2001 2002/2656/2002 2008/2663/2008 2007/2662/2007
f 2002/2656/2002 1997/2657/1997 2003/2664/2003 2008/2663/2008
f 2003/2658/2003 2004/2659/2004 2010/2666/2010 2009/2665/2009
f 2004/2659/2004 2005/2660/2005 2011/2667/2011 2010/2666/2010
f 2005/2660/2005 2006/2661/2006 2012/2668/2012 2011/2667/2011
f 2006/2661/2006 2007/2662/2007 2013/2669/2013 2012/2668/2012
f 2007/2662/2007 2008/2663/2008 2014/2670/2014 2013/2669/2013
f 2008/2663/2008 2003/2664/2003 2009/2671/2009 2014/2670/2014
f 2009/2665/2009 2010/2666/2010 2016/2673/2016 2015/2672/2015
f 2010/2666/2010 2011/2667/2011 2017/2674/2017 2016/2673/2016
f 2011/2667/2011 2012/2668/2012 2018/2675/2018 2017/2674/2017
f 2012/2668/2012 2013/2669/2013 2019/2676/2019 2018/2675/2018
f 2013/2669/2013 2014/2670/2014 2020/2677/2020 2019/2676/2019
f 2014/2670/2014 2009/2671/2009 2015/2678/2015 2020/2677/2020
f 2015/2672/2015 2016/2673/2016 2022/2680/2022 2021/2679/2021
f 2016/2673/2016 2017/2674/2017 2023/2681/2023 2022/2680/2022
f 2017/2674/2017 2018/2675/2018 2024/2682/2024 2023/2681/2023
f 2018/2675/2018 2019/2676/2019 2025/2683/2025 2024/2682/2024
f 2019/2676/2019 2020/2677/2020 2026/2684/2026 2025/2683/2025
f 2020/2677/2020 2015/2678/2015 2021/2685/2021 2026/2684/2026
f 2021/2679/2021 2022/2680/2022 2028/2687/2028 2027/2686/2027
f 2022/2680/2022 2023/2681/2023 2029/2688/2029 2028/2687/2028
f 2023/2681/2023 2024/2682/2024 2030/2689/2030 2029/2688/2029
f 2024/2682/2024 2025/2683/2025 2031/2690/2031 2030/2689/2030
f 2025/2683/2025 2026/2684/2026 2032/2691/2032 2031/2690/2031
f 2026/2684/2026 2021/2685/2021 2027/2692/2027 2032/2691/2032
f 2027/2686/2027 2028/2687/2028 2034/2694/2034 2033/2693/2033
f 2028/2687/2028 2029/2688/2029 2035/2695/2035 2034/2694/2034
f 2029/2688/2029 2030/2689/2030 2036/2696/2036 2035/2695/2035
f 2030/2689/2030 2031/2690/2031 2037/2697/2037 2036/2696/2036
f 2031/2690/2031 2032/2691/2032 2038/2698/2038 2037/2697/2037
f 2032/2691/2032 2027/2692/2027 2033/2699/2033 2038/2698/2038
f 2033/2693/2033 2034/2694/2034 2040/2701/2040 2039/2700/2039
f 2034/2694/2034 2035/2695/2035 2041/2702/2041 2040/2701/2040
f 2035/2695/2035 2036/2696/2036 2042/2703/2042 2041/2702/2041
f 2036/2696/2036 2037/2697/2037 2043/2704/2043 2042/2703/2042
f 2037/2697/2037 2038/2698/2038 2044/2705/2044 2043/2704/2043
f 2038/2698/2038 2033/2699/2033 2039/2706/2039 2044/2705/2044
f 2045/2707/2045 1998/2652/1998 1997/2651/1997
f 2045/2708/2045 1999/2653/1999 1998/2652/1998
f 2045/2709/2045 2000/2654/2000 1999/2653/1999
f 2045/2710/2045 2001/2655/2001 2000/2654/2000
f 2045/2711/2045 2002/2656/2002 2001/2655/2001
f 2045/2712/2045 1997/2657/1997 2002/2656/2002
f 2039/2700/2039 2040/2701/2040 2046/2713/2046
f 2040/2701/2040 2041/2702/2041 2046/2714/2046
f 2041/2702/2041 2042/2703/2042 2046/2715/2046
f 2042/2703/2042 2043/2704/2043 2046/2716/2046
f 2043/2704/2043 2044/2705/2044 2046/2717/2046
f 2044/2705/2044 2039/2706/2039 2046/2718/2046
